# Blender 3.6.5
# www.blender.org
mtllib dragon.mtl
o Mesh_0
v -0.000000 -0.178939 -0.252385
v -0.030129 -0.231343 -0.207311
v -0.025863 -0.207874 -0.182760
v -0.066358 -0.229634 -0.182448
v -0.083506 -0.185374 -0.144716
v -0.039928 -0.165822 -0.146331
v -0.076244 -0.384206 0.044553
v -0.056513 -0.384080 -0.013938
v -0.049024 -0.371517 -0.012993
v -0.073085 -0.361535 0.061493
v -0.159278 -0.220719 -0.060263
v -0.142327 -0.177737 -0.061263
v -0.117304 -0.219990 -0.140611
v -0.136808 -0.257878 -0.133207
v -0.182616 -0.331852 0.020376
v -0.158745 -0.344597 0.068025
v -0.150769 -0.300297 0.081094
v -0.171484 -0.272355 0.024547
v -0.125383 -0.389000 0.057579
v -0.124240 -0.349964 0.079706
v -0.163447 -0.387041 0.045860
v -0.117304 -0.219990 -0.140611
v -0.142327 -0.177737 -0.061263
v -0.101126 -0.135515 -0.062939
v -0.000000 -0.375995 -0.065196
v -0.000000 -0.372225 -0.012527
v -0.031048 -0.371498 -0.012348
v -0.030245 -0.373968 -0.068016
v -0.000000 -0.196734 -0.179239
v -0.158028 -0.222233 0.026671
v -0.172291 -0.271920 -0.059766
v -0.049024 -0.371517 -0.012993
v -0.033368 -0.374135 0.058602
v -0.073085 -0.361535 0.061493
v -0.105964 -0.339940 0.083386
v -0.000000 -0.157244 -0.145693
v -0.000000 -0.376685 0.056372
v -0.141584 -0.178482 0.024531
v -0.151042 -0.241470 0.067389
v -0.131740 -0.301875 0.095609
v -0.105964 -0.339940 0.083386
v -0.075387 -0.381496 0.142091
v -0.106029 -0.355966 0.148694
v -0.046307 -0.123022 -0.096275
v -0.236380 -0.524687 0.413281
v -0.245025 -0.512422 0.406811
v -0.190559 -0.512769 0.385173
v -0.189998 -0.524687 0.396142
v -0.035058 -0.391144 0.135255
v -0.258070 -0.524687 0.476075
v -0.268837 -0.511051 0.477254
v -0.139779 -0.243028 0.097547
v -0.129549 -0.313211 0.153651
v -0.131740 -0.301875 0.095609
v -0.245126 -0.465671 0.395876
v -0.190393 -0.465671 0.375802
v -0.141584 -0.178482 0.024531
v -0.100322 -0.124323 0.024459
v -0.137055 -0.189520 0.065581
v -0.268345 -0.466629 0.470873
v -0.000000 -0.394567 0.135551
v -0.000000 -0.133728 -0.121443
v -0.141727 -0.524687 0.405819
v -0.135734 -0.512945 0.396043
v -0.107514 -0.372016 0.217056
v -0.075564 -0.400079 0.216085
v -0.242667 -0.434678 0.388537
v -0.189231 -0.437852 0.370390
v -0.262405 -0.524687 0.520022
v -0.271879 -0.513032 0.523236
v -0.140746 -0.246819 0.154970
v -0.139779 -0.243028 0.097547
v -0.131689 -0.196358 0.097124
v -0.037212 -0.411756 0.214778
v -0.131986 -0.319732 0.219194
v -0.255495 -0.424819 0.456793
v -0.261391 -0.445256 0.463393
v -0.134394 -0.466507 0.389473
v -0.239116 -0.402815 0.373338
v -0.185584 -0.404051 0.347793
v -0.261867 -0.460332 0.520997
v -0.270569 -0.488535 0.525425
v -0.137055 -0.189520 0.065581
v -0.251956 -0.398629 0.442731
v -0.048954 -0.100762 -0.036752
v -0.000000 -0.413356 0.213490
v -0.234289 -0.373569 0.359346
v -0.181698 -0.375624 0.330114
v -0.109282 -0.380153 0.282287
v -0.075782 -0.410281 0.284965
v -0.131570 -0.439194 0.385488
v -0.225732 -0.342531 0.344412
v -0.175416 -0.347725 0.315703
v -0.141727 -0.524687 0.405819
v -0.135734 -0.512945 0.396043
v -0.108108 -0.512332 0.430106
v -0.117890 -0.524687 0.434656
v -0.247056 -0.371553 0.428985
v -0.147090 -0.251439 0.220613
v -0.039241 -0.423337 0.285147
v -0.133485 -0.199555 0.156772
v -0.131689 -0.196358 0.097124
v -0.255134 -0.439454 0.492729
v -0.140796 -0.318992 0.276752
v -0.128559 -0.408866 0.371632
v -0.239371 -0.334742 0.412405
v -0.000000 -0.019668 -0.112753
v -0.278402 -0.514425 0.550767
v -0.277614 -0.490094 0.567252
v -0.270569 -0.488535 0.525425
v -0.216566 -0.309289 0.328419
v -0.165337 -0.317042 0.300148
v -0.284520 -0.517519 0.604608
v -0.259671 -0.470550 0.534743
v -0.264551 -0.477849 0.576727
v -0.244713 -0.461467 0.547486
v -0.094175 -0.135212 0.099533
v -0.134394 -0.466507 0.389473
v -0.104638 -0.463699 0.427148
v -0.125149 -0.379820 0.361530
v -0.148761 -0.348823 0.322689
v -0.284520 -0.517519 0.604608
v -0.278402 -0.514425 0.550767
v -0.235769 -0.514634 0.580921
v -0.707836 0.525824 0.012411
v -0.658841 0.456318 0.031053
v -0.663768 0.458876 0.041336
v -0.000000 -0.424151 0.286336
v -0.155910 -0.258232 0.260513
v -0.642591 0.479575 0.020206
v -0.213609 -0.415575 0.516386
v -0.216264 -0.434076 0.542495
v -0.227374 -0.298944 0.396282
v -0.131570 -0.439194 0.385488
v -0.121427 -0.356534 0.321169
v -0.109551 -0.383979 0.353638
v -0.076285 -0.408561 0.360652
v -0.612683 0.416708 0.064314
v -0.619276 0.418096 0.077175
v -0.179940 -0.276273 0.292146
v -0.107739 -0.524687 0.486346
v -0.096869 -0.509013 0.486336
v -0.242984 -0.456492 0.546400
v -0.707836 0.525824 0.012411
v -0.663768 0.458876 0.041336
v -0.653999 0.484642 0.054558
v -0.138510 -0.198761 0.219407
v -0.212246 -0.394429 0.502380
v -0.577188 0.443266 0.053390
v -0.251399 -0.490222 0.585793
v -0.235769 -0.514634 0.580921
v -0.131163 -0.349483 0.328184
v -0.147320 -0.317564 0.299631
v -0.049905 -0.098113 0.028001
v -0.147320 -0.317564 0.299631
v -0.131163 -0.349483 0.328184
v -0.199353 -0.259932 0.316232
v -0.041558 -0.421197 0.364024
v -0.163548 -0.261842 0.277360
v -0.163548 -0.261842 0.277360
v -0.236380 -0.524687 0.413281
v -0.189998 -0.524687 0.396142
v -0.141727 -0.524687 0.405819
v -0.117890 -0.524687 0.434656
v -0.095265 -0.145328 0.160736
v -0.632293 0.509957 0.028850
v -0.209109 -0.365908 0.486997
v -0.619276 0.418096 0.077175
v -0.602414 0.447193 0.091416
v -0.661915 0.482670 0.066285
v -0.231463 -0.474368 0.564359
v -0.227330 -0.488527 0.571985
v -0.659424 0.495975 0.068357
v -0.050696 -0.109435 0.101589
v -0.119008 -0.369754 0.359594
v -0.174372 -0.233763 0.283260
v -0.204543 -0.330662 0.471674
v -0.096656 -0.429941 0.438640
v -0.186501 -0.204184 0.305113
v -0.128559 -0.408866 0.371632
v -0.098661 -0.408612 0.432724
v -0.160953 -0.218282 0.266870
v -0.174372 -0.233763 0.283260
v -0.094930 -0.468752 0.483184
v -0.218563 -0.456148 0.561024
v -0.206672 -0.250937 0.380144
v -0.000000 -0.092197 -0.005180
v -0.000000 -0.422188 0.365684
v -0.581538 0.385540 0.112352
v -0.568623 0.379413 0.095988
v -0.643798 0.515793 0.062134
v -0.000000 -0.092007 0.028665
v -0.633481 0.523835 0.047570
v -0.553643 0.486494 0.064514
v -0.529400 0.402402 0.087977
v -0.633481 0.523835 0.047570
v -0.209305 -0.480796 0.586259
v -0.218936 -0.488576 0.574551
v -0.211953 -0.515465 0.598367
v -0.125149 -0.379820 0.361530
v -0.098825 -0.386229 0.428393
v -0.114519 -0.524687 0.524155
v -0.103461 -0.513240 0.524611
v -0.206537 -0.469489 0.571555
v -0.581538 0.385540 0.112352
v -0.558402 0.413184 0.131095
v -0.606593 0.462343 0.106315
v -0.593657 0.460350 0.095453
v -0.197700 -0.294598 0.455394
v -0.119008 -0.369754 0.359594
v -0.095826 -0.376626 0.427138
v -0.095826 -0.376626 0.427138
v -0.089421 -0.378856 0.430586
v -0.186501 -0.204184 0.305113
v -0.164993 -0.170619 0.297903
v -0.098845 -0.145377 0.217360
v -0.107739 -0.524687 0.486346
v -0.258070 -0.524687 0.476075
v -0.095737 -0.448899 0.479268
v -0.201885 -0.491163 0.613075
v -0.543994 0.328046 0.152569
v -0.521996 0.325903 0.132532
v -0.072715 -0.390857 0.434521
v -0.607292 0.472955 0.113765
v -0.592940 0.454979 0.090919
v -0.156534 -0.415683 0.525078
v -0.185835 -0.519581 0.649618
v -0.479217 0.355652 0.118689
v -0.185835 -0.519581 0.649618
v -0.211953 -0.515465 0.598367
v -0.159718 -0.515465 0.598367
v -0.155536 -0.433908 0.545667
v -0.186013 -0.457745 0.567140
v -0.044162 -0.403755 0.440752
v -0.579345 0.497334 0.110766
v -0.156738 -0.394603 0.509183
v -0.185835 -0.465404 0.586876
v -0.186013 -0.457745 0.567140
v -0.195210 -0.186063 0.365077
v -0.101175 -0.491975 0.530163
v -0.104728 -0.461766 0.523163
v -0.185835 -0.480129 0.613522
v -0.558991 0.508743 0.094709
v -0.543994 0.328046 0.152569
v -0.521426 0.367376 0.176156
v -0.467765 0.244418 0.186195
v -0.488955 0.247107 0.215676
v -0.155105 -0.366387 0.496982
v -0.019639 -0.098466 0.081061
v -0.000000 -0.094467 0.074702
v -0.051040 -0.123072 0.164026
v -0.032685 -0.105706 0.102308
v -0.166029 -0.475672 0.585297
v -0.164867 -0.469001 0.570867
v -0.185527 -0.250239 0.437374
v -0.110744 -0.420165 0.497683
v -0.111424 -0.400696 0.488621
v -0.544434 0.416981 0.130399
v -0.493703 0.466215 0.104471
v -0.152671 -0.491659 0.573886
v -0.107136 -0.441386 0.513776
v -0.152414 -0.331591 0.484935
v -0.169784 -0.491163 0.613075
v -0.159718 -0.515465 0.598367
v -0.558991 0.508743 0.094709
v -0.111704 -0.377075 0.479285
v -0.000000 -0.406159 0.443788
v -0.121745 -0.139383 0.276225
v -0.195210 -0.186063 0.365077
v -0.178107 -0.151814 0.361166
v -0.145602 -0.492012 0.570845
v -0.118191 -0.488657 0.583392
v -0.137913 -0.473942 0.562367
v -0.124497 -0.459092 0.546913
v -0.087196 -0.513427 0.601115
v -0.132950 -0.512837 0.580541
v -0.094425 -0.512858 0.551435
v -0.110505 -0.354048 0.472627
v -0.104672 -0.349488 0.462005
v -0.412550 0.294693 0.161374
v -0.048107 -0.124360 0.215627
v -0.094571 -0.489489 0.565547
v -0.101175 -0.491975 0.530163
v -0.109151 -0.475819 0.537341
v -0.412800 0.187762 0.238862
v -0.436681 0.195141 0.270813
v -0.532810 0.445898 0.139774
v -0.104672 -0.349488 0.462005
v -0.097581 -0.356100 0.473401
v -0.028137 -0.112252 0.137921
v -0.148932 -0.295710 0.474220
v -0.106248 -0.479821 0.574215
v -0.123382 -0.466239 0.548985
v -0.132950 -0.512837 0.580541
v -0.087196 -0.513427 0.601115
v -0.488955 0.247107 0.215676
v -0.467968 0.301133 0.234002
v -0.541692 0.447509 0.155326
v -0.094425 -0.512858 0.551435
v -0.114519 -0.524687 0.524155
v -0.262405 -0.524687 0.520022
v -0.545114 0.458343 0.165757
v -0.117011 -0.326925 0.472880
v -0.503951 0.378540 0.168602
v -0.176513 -0.192285 0.425593
v -0.081028 -0.367414 0.494240
v -0.443006 0.399561 0.124315
v -0.000000 -0.040915 0.110339
v -0.049319 -0.378625 0.507785
v -0.145840 -0.249680 0.459125
v -0.349492 0.239787 0.205204
v -0.526738 0.481911 0.161941
v -0.124921 -0.298160 0.471409
v -0.087348 -0.125034 0.267018
v -0.000000 -0.115459 0.177310
v -0.000000 -0.112524 0.156653
v -0.109263 -0.326849 0.468141
v -0.114557 -0.299745 0.468838
v -0.500188 0.495477 0.140360
v -0.372358 0.164931 0.273922
v -0.399553 0.168000 0.308092
v -0.366934 0.361915 0.164820
v -0.436681 0.195141 0.270813
v -0.420651 0.249523 0.288518
v -0.135710 -0.112938 0.335929
v -0.100914 -0.325560 0.487137
v -0.482431 0.400201 0.170434
v -0.000000 -0.117601 0.215049
v -0.447160 0.315814 0.227580
v -0.109440 -0.301514 0.470288
v -0.109263 -0.326849 0.468141
v -0.000000 -0.380889 0.516992
v -0.087192 -0.337903 0.522732
v -0.159283 -0.156535 0.417868
v -0.176513 -0.192285 0.425593
v -0.307018 0.205142 0.237517
v -0.500188 0.495477 0.140360
v -0.151831 -0.524687 0.559934
v -0.216914 -0.524687 0.559531
v -0.124574 -0.251212 0.462253
v -0.086850 -0.103477 0.295693
v -0.478004 0.421329 0.185153
v -0.486775 0.423480 0.202170
v -0.105397 -0.300809 0.492110
v -0.109440 -0.301514 0.470288
v -0.112494 -0.249989 0.463446
v -0.048551 -0.114712 0.257903
v -0.270956 0.000275 0.346788
v -0.234449 -0.032585 0.345344
v -0.255623 -0.048971 0.391406
v -0.299484 -0.014353 0.396307
v -0.302297 0.046350 0.350396
v -0.326366 0.027411 0.405025
v -0.234449 -0.032585 0.345344
v -0.270956 0.000275 0.346788
v -0.220767 0.020310 0.291628
v -0.195374 -0.013807 0.298358
v -0.332782 0.145636 0.309009
v -0.356778 0.148790 0.349788
v -0.493844 0.436617 0.220166
v -0.399553 0.168000 0.308092
v -0.382924 0.216428 0.333904
v -0.112494 -0.249989 0.463446
v -0.105859 -0.241874 0.479002
v -0.051806 -0.346527 0.547183
v -0.141713 -0.121930 0.388791
v -0.302297 0.046350 0.350396
v -0.243677 0.068921 0.288162
v -0.264762 -0.067797 0.447942
v -0.314458 -0.028479 0.453322
v -0.172486 -0.063679 0.346871
v -0.195536 -0.078385 0.391670
v -0.172486 -0.063679 0.346871
v -0.293649 0.325678 0.205882
v -0.336514 0.011890 0.463527
v -0.396156 0.270083 0.282561
v -0.422745 0.449088 0.147670
v -0.000000 -0.110600 0.249776
v -0.047483 -0.097292 0.277263
v -0.121633 -0.212529 0.454817
v -0.136933 -0.203804 0.448969
v -0.194476 -0.092048 0.444249
v -0.136933 -0.203804 0.448969
v -0.321304 0.095867 0.360340
v -0.339715 0.075313 0.420853
v -0.156462 0.031160 0.263270
v -0.149310 -0.006351 0.278493
v -0.467475 0.476246 0.220536
v -0.424398 0.358925 0.235973
v -0.138569 -0.053125 0.318912
v -0.089030 -0.304435 0.529266
v -0.121314 -0.095939 0.345167
v -0.085131 -0.083938 0.307723
v -0.261716 0.120554 0.291005
v -0.321304 0.095867 0.360340
v -0.121633 -0.212529 0.454817
v -0.433919 0.492875 0.195120
v -0.416036 0.388039 0.252124
v -0.132549 -0.107923 0.389266
v -0.125437 -0.175848 0.444792
v -0.309522 -0.044617 0.514803
v -0.261154 -0.081048 0.499894
v -0.163336 0.087151 0.250388
v -0.122030 -0.080718 0.346419
v -0.346587 0.057820 0.477378
v -0.133619 -0.092836 0.391161
v -0.122030 -0.080718 0.346419
v -0.341692 0.438444 0.203075
v -0.000000 -0.350716 0.558916
v -0.333702 -0.004093 0.529700
v -0.112608 -0.227519 0.490116
v -0.092176 -0.259324 0.529675
v -0.305042 0.132101 0.329230
v -0.324991 0.133207 0.377185
v -0.122030 -0.080718 0.346419
v -0.085360 -0.066487 0.304640
v -0.089197 -0.043335 0.290670
v -0.350698 0.236762 0.333563
v -0.346146 0.182786 0.384618
v -0.356778 0.148790 0.349788
v -0.085360 -0.066487 0.304640
v -0.044579 -0.077352 0.288560
v -0.117257 -0.137602 0.436899
v -0.305042 0.132101 0.329230
v -0.000000 -0.094679 0.268637
v -0.175703 0.152687 0.247767
v -0.133619 -0.092836 0.391161
v -0.091273 -0.002171 0.264696
v -0.091878 0.035452 0.249634
v -0.125351 -0.106381 0.442147
v -0.255077 0.176461 0.276504
v -0.433919 0.492875 0.195120
v -0.237814 0.298092 0.238846
v -0.051005 -0.306559 0.557445
v -0.324991 0.133207 0.377185
v -0.335703 0.115703 0.438497
v -0.324991 0.133207 0.377185
v -0.043798 -0.060076 0.285301
v -0.427654 0.388941 0.267900
v -0.093376 -0.247272 0.534309
v -0.114526 -0.191934 0.489112
v -0.370683 0.327847 0.294858
v -0.000000 -0.074116 0.277876
v -0.255077 0.176461 0.276504
v -0.043798 -0.060076 0.285301
v -0.042865 -0.034940 0.272720
v -0.339619 0.038630 0.545459
v -0.436412 0.403375 0.292506
v -0.092639 0.099245 0.234508
v -0.118216 -0.120292 0.438743
v -0.291042 -0.058609 0.570894
v -0.239891 -0.091962 0.544511
v -0.041519 0.000124 0.255902
v -0.340383 0.097290 0.490777
v -0.151831 -0.524687 0.559934
v -0.148897 -0.512978 0.568612
v -0.151702 -0.513065 0.569553
v -0.170881 -0.106918 0.518024
v -0.104986 -0.153119 0.487072
v -0.125351 -0.106381 0.442147
v -0.271879 -0.513032 0.523236
v -0.221032 -0.513600 0.571040
v -0.313836 -0.019036 0.592739
v -0.000000 -0.059350 0.276616
v -0.095276 -0.207315 0.529384
v -0.324546 0.166452 0.418093
v -0.324991 0.133207 0.377185
v -0.050989 -0.266616 0.557532
v -0.028593 0.035795 0.244781
v -0.105515 -0.117850 0.497698
v -0.191573 0.275005 0.268977
v -0.093515 0.257785 0.247161
v -0.318796 0.304293 0.350125
v -0.000000 0.006805 0.185504
v -0.028187 -0.032280 0.267732
v -0.191573 0.275005 0.268977
v -0.403159 0.462560 0.299969
v -0.363803 0.362147 0.312618
v -0.103240 -0.132903 0.491295
v -0.000000 -0.310583 0.567968
v -0.339198 0.214781 0.387707
v -0.318234 0.232934 0.372709
v -0.000000 -0.043139 0.269133
v -0.053745 -0.255455 0.567241
v -0.093169 0.164941 0.236690
v -0.324546 0.166452 0.418093
v -0.105515 -0.117850 0.497698
v -0.334564 0.075018 0.558106
v -0.088537 -0.162629 0.520805
v -0.272598 0.421797 0.253636
v -0.316400 0.021380 0.612450
v -0.357629 0.484653 0.266279
v -0.261356 -0.069683 0.621070
v -0.215271 -0.098595 0.586531
v -0.308833 0.218683 0.435380
v -0.054498 -0.216457 0.563314
v -0.000000 0.045032 0.242287
v -0.376314 0.360081 0.326118
v -0.085888 -0.141807 0.525381
v -0.000000 -0.269238 0.567490
v -0.387090 0.374269 0.348060
v -0.147199 -0.111861 0.545399
v -0.317667 0.177127 0.467947
v -0.319686 0.157053 0.512200
v -0.285689 -0.023462 0.640626
v -0.085842 -0.126264 0.537281
v -0.357629 0.484653 0.266279
v -0.055367 -0.170319 0.546342
v -0.216914 -0.524687 0.559531
v -0.221032 -0.513600 0.571040
v -0.298210 0.256671 0.397059
v -0.000000 -0.258628 0.576275
v -0.000000 0.104651 0.230151
v -0.304842 0.048892 0.631685
v -0.085842 -0.126264 0.537281
v -0.097732 -0.118685 0.579353
v -0.187783 -0.101269 0.611352
v -0.314716 0.340961 0.376010
v -0.053871 -0.147032 0.550207
v -0.291545 0.009533 0.653583
v -0.303540 0.252873 0.414380
v -0.314785 0.135734 0.562407
v -0.308833 0.218683 0.435380
v -0.211654 -0.084748 0.659870
v -0.000000 -0.221242 0.572369
v -0.218487 0.401437 0.296457
v -0.354020 0.441469 0.358125
v -0.056355 -0.130988 0.557739
v -0.256482 -0.044199 0.662366
v -0.267563 -0.020549 0.667580
v -0.149565 -0.107976 0.638869
v -0.220786 -0.057817 0.686617
v -0.327988 0.334392 0.387332
v -0.000000 -0.171539 0.555175
v -0.334866 0.345952 0.400944
v -0.283691 0.037170 0.663398
v -0.056355 -0.130988 0.557739
v -0.061885 -0.123254 0.593118
v -0.163347 -0.092862 0.688663
v -0.301264 0.092392 0.615087
v -0.286141 0.067548 0.646946
v -0.274807 0.003796 0.673063
v -0.302730 0.229967 0.486693
v -0.299063 0.247333 0.444464
v -0.000000 0.195511 0.229034
v -0.037197 0.211210 0.232251
v -0.305865 0.125776 0.590529
v -0.299593 0.470243 0.320349
v -0.299063 0.247333 0.444464
v -0.000000 -0.150777 0.559405
v -0.284283 0.291938 0.410038
v -0.305275 0.211450 0.531254
v -0.173841 0.368096 0.326779
v -0.289045 0.289949 0.422002
v -0.048231 0.258019 0.240796
v -0.245470 -0.028243 0.684069
v -0.257361 -0.013742 0.681378
v -0.000000 -0.132146 0.569720
v -0.281363 0.294564 0.459233
v -0.219463 -0.037748 0.702635
v -0.298187 0.415194 0.420874
v -0.299593 0.470243 0.320349
v -0.263619 0.000424 0.683723
v -0.109673 -0.112109 0.656800
v -0.263919 0.028535 0.685632
v -0.300881 0.188073 0.578585
v -0.172139 -0.071597 0.716485
v -0.274817 0.330894 0.427864
v -0.268717 0.052181 0.671650
v -0.067527 -0.116792 0.667672
v -0.000000 -0.132146 0.569720
v -0.000000 -0.125986 0.603766
v -0.000000 0.249384 0.152694
v -0.293150 0.328337 0.428040
v -0.245455 -0.007481 0.689627
v -0.233636 -0.017264 0.697455
v -0.115469 -0.098114 0.715902
v -0.290522 0.118165 0.619190
v -0.285364 0.098547 0.636016
v -0.296215 0.338310 0.436632
v -0.257665 0.007585 0.692635
v -0.249451 -0.002220 0.689825
v -0.173841 0.368096 0.326779
v -0.085297 0.360796 0.297924
v -0.291044 0.171755 0.608166
v -0.275362 0.077635 0.656864
v -0.282792 0.279393 0.501605
v -0.281363 0.294564 0.459233
v -0.246135 -0.001927 0.692953
v -0.213386 -0.023357 0.712300
v -0.236674 -0.003448 0.681845
v -0.234371 -0.006361 0.683407
v -0.255565 0.040995 0.689783
v -0.234774 -0.002393 0.684317
v -0.224206 -0.013535 0.690469
v -0.174702 -0.046406 0.734743
v -0.261248 0.062079 0.676810
v -0.280990 0.159769 0.628981
v -0.190828 -0.022350 0.666929
v -0.236674 -0.003448 0.681845
v -0.234371 -0.006361 0.683407
v -0.232622 -0.012566 0.700008
v -0.224531 -0.010622 0.688006
v -0.224206 -0.013535 0.690469
v -0.236792 -0.004493 0.707108
v -0.221032 -0.513600 0.571040
v -0.151702 -0.513065 0.569553
v -0.245163 0.441734 0.375064
v -0.186545 -0.009703 0.673744
v -0.234774 -0.002393 0.684317
v -0.285596 0.261268 0.549357
v -0.205252 -0.017720 0.704476
v -0.275360 0.115860 0.643972
v -0.271779 0.103571 0.652647
v -0.236993 0.012492 0.710033
v -0.037509 0.297843 0.252159
v -0.224531 -0.010622 0.688006
v -0.264153 0.088168 0.667235
v -0.205252 -0.017720 0.704476
v -0.204841 -0.016351 0.703320
v -0.211475 -0.018389 0.715699
v -0.248593 0.049550 0.693741
v -0.213775 -0.010610 0.724753
v -0.231233 0.028657 0.712160
v -0.122231 -0.076832 0.750159
v -0.204841 -0.016351 0.703320
v -0.252109 0.074964 0.684286
v -0.032376 -0.119617 0.675285
v -0.074003 -0.101448 0.736034
v -0.269751 0.149357 0.658477
v -0.171453 -0.027489 0.743612
v -0.126454 -0.016379 0.655121
v -0.118181 -0.036887 0.642120
v -0.282901 0.238485 0.595318
v -0.209944 0.003436 0.729921
v -0.167830 -0.035187 0.717615
v -0.245163 0.441734 0.375064
v -0.238997 0.063168 0.700949
v -0.224464 0.037808 0.715774
v -0.260486 0.337397 0.466833
v -0.151831 -0.524687 0.559934
v -0.216914 -0.524687 0.559531
v -0.164025 -0.018987 0.738766
v -0.000000 0.315118 0.257491
v -0.155731 -0.015294 0.714559
v -0.260486 0.337397 0.466833
v -0.203241 0.021134 0.733033
v -0.273732 0.217368 0.630898
v -0.164133 -0.018367 0.737932
v -0.171012 -0.017849 0.748240
v -0.081170 -0.010785 0.696391
v -0.126589 -0.053140 0.768536
v -0.173747 -0.009993 0.754230
v -0.217540 0.052748 0.721688
v -0.062258 -0.052522 0.659176
v -0.164025 -0.018987 0.738766
v -0.058434 -0.040911 0.622573
v -0.265899 0.200255 0.648241
v -0.174001 0.392681 0.375256
v -0.000000 -0.121417 0.681693
v -0.051274 -0.019736 0.640767
v -0.034400 -0.103748 0.752184
v -0.164133 -0.018367 0.737932
v -0.198006 0.032860 0.733658
v -0.172353 0.000352 0.754618
v -0.078969 -0.081820 0.775664
v -0.258690 0.179779 0.676347
v -0.148604 0.121947 0.683893
v -0.275360 0.115860 0.643972
v -0.271779 0.103571 0.652647
v -0.264153 0.088168 0.667235
v -0.128077 -0.031185 0.774880
v -0.193351 0.047546 0.737884
v -0.252109 0.074964 0.684286
v -0.000000 -0.040289 0.615272
v -0.000000 -0.056098 0.671317
v -0.170320 0.017197 0.751864
v -0.245753 0.319556 0.572229
v -0.238930 0.343344 0.525865
v -0.269751 0.149357 0.658477
v -0.000000 -0.019178 0.637832
v -0.231737 0.366192 0.476146
v -0.238997 0.063168 0.700949
v -0.125558 -0.022073 0.770274
v -0.000000 -0.104851 0.757651
v -0.168854 0.030462 0.746581
v -0.125558 -0.022073 0.770274
v -0.116696 -0.018375 0.751522
v -0.124667 -0.021155 0.769999
v -0.249595 0.286148 0.627947
v -0.217540 0.052748 0.721688
v -0.054432 -0.046552 0.774017
v -0.195160 0.396487 0.437211
v -0.124667 -0.021155 0.769999
v -0.129778 -0.019466 0.780236
v -0.000000 0.359095 0.289301
v -0.082554 -0.059470 0.794343
v -0.168165 0.045083 0.748758
v -0.132723 -0.010523 0.782867
v -0.231737 0.366192 0.476146
v -0.245937 0.250660 0.665592
v -0.258690 0.179779 0.676347
v -0.134001 0.000105 0.778273
v -0.037127 -0.086212 0.789977
v -0.193351 0.047546 0.737884
v -0.237518 0.232862 0.678972
v -0.135867 0.016285 0.768594
v -0.152869 0.407310 0.424062
v -0.174001 0.392681 0.375256
v -0.195160 0.396487 0.437211
v -0.000000 -0.055445 0.790292
v -0.236181 0.208405 0.698436
v -0.138524 0.030186 0.757423
v -0.000000 -0.012229 0.688174
v -0.168165 0.045083 0.748758
v -0.083069 -0.039327 0.801360
v -0.067170 0.423776 0.411609
v -0.141445 0.045230 0.755752
v -0.037591 0.393253 0.328454
v -0.000000 0.386562 0.305361
v -0.236181 0.208405 0.698436
v -0.197722 0.383593 0.502109
v -0.079554 -0.029433 0.795301
v -0.195160 0.396487 0.437211
v -0.082312 -0.027906 0.798960
v -0.052515 -0.016287 0.790857
v -0.041151 -0.066687 0.812237
v -0.141445 0.045230 0.755752
v -0.000000 -0.090266 0.790562
v -0.082312 -0.027906 0.798960
v -0.087596 -0.024203 0.808408
v -0.093106 -0.011483 0.808885
v -0.079554 -0.029433 0.795301
v -0.097950 0.002396 0.799786
v -0.103244 0.016817 0.784133
v -0.107050 0.034008 0.768843
v -0.152869 0.407310 0.424062
v -0.174408 0.395521 0.519904
v -0.130384 0.413220 0.524130
v -0.193723 0.379299 0.544592
v -0.179778 0.371780 0.594689
v -0.112559 0.048006 0.760086
v -0.112559 0.048006 0.760086
v -0.037725 0.420167 0.382949
v -0.044475 -0.050037 0.819654
v -0.207363 0.227796 0.721719
v -0.000000 -0.020801 0.799757
v -0.187801 0.353501 0.617647
v -0.204788 0.312901 0.666267
v -0.043346 -0.038573 0.808361
v -0.207387 0.249166 0.708057
v -0.207363 0.227796 0.721719
v -0.086919 0.061155 0.759900
v -0.043346 -0.038573 0.808361
v -0.210969 0.274285 0.699764
v -0.000000 -0.072090 0.813243
v -0.082899 0.054680 0.768818
v -0.047208 -0.032262 0.826872
v -0.041954 -0.034621 0.817104
v -0.000000 -0.048087 0.815155
v -0.041954 -0.034621 0.817104
v -0.070713 0.041872 0.790153
v -0.079545 0.074131 0.773518
v -0.050926 -0.016630 0.831897
v -0.082899 0.054680 0.768818
v -0.061720 0.027589 0.807328
v -0.056217 0.005049 0.824762
v -0.000000 0.477779 0.316358
v -0.174584 0.232295 0.742744
v -0.000000 -0.059348 0.823290
v -0.231463 -0.474368 0.564359
v -0.227330 -0.488527 0.571985
v -0.218936 -0.488576 0.574551
v -0.000000 -0.048087 0.815155
v -0.174408 0.395521 0.519904
v -0.193723 0.379299 0.544592
v -0.223065 0.430917 0.550013
v -0.193631 0.451856 0.514456
v -0.084319 0.108348 0.780210
v -0.019413 -0.037193 0.825053
v -0.020179 -0.034535 0.835651
v -0.019413 -0.037193 0.825053
v -0.149041 0.225229 0.758624
v -0.092950 0.144334 0.782288
v -0.063583 0.068607 0.788030
v -0.173782 0.252841 0.734316
v -0.174584 0.232295 0.742744
v -0.068166 0.427978 0.500638
v -0.067170 0.423776 0.411609
v -0.079545 0.074131 0.773518
v -0.209393 0.427577 0.610718
v -0.223065 0.430917 0.550013
v -0.193723 0.379299 0.544592
v -0.179778 0.371780 0.594689
v -0.130384 0.413220 0.524130
v -0.143835 0.469471 0.520487
v -0.231936 0.477000 0.553131
v -0.204572 0.490755 0.523095
v -0.021844 -0.018514 0.841890
v -0.127772 0.207595 0.769832
v -0.106487 0.176525 0.779399
v -0.000000 -0.036664 0.827673
v -0.170905 0.284767 0.728144
v -0.000000 -0.036664 0.827673
v -0.000000 -0.034404 0.838570
v -0.049815 0.065501 0.802669
v -0.000000 0.430436 0.403243
v -0.024336 0.006719 0.840687
v -0.162110 0.320406 0.701861
v -0.066897 0.106344 0.787391
v -0.027052 0.038642 0.831781
v -0.084319 0.108348 0.780210
v -0.216393 0.472629 0.610633
v -0.231936 0.477000 0.553131
v -0.000000 -0.020048 0.844990
v -0.147655 0.384712 0.616341
v -0.142236 0.368469 0.644007
v -0.027580 0.068122 0.821896
v -0.218065 0.501920 0.563053
v -0.201560 0.510988 0.545670
v -0.160284 0.504467 0.526759
v -0.147655 0.384712 0.616341
v -0.161784 0.442159 0.630491
v -0.140227 0.244120 0.757843
v -0.149041 0.225229 0.758624
v -0.050187 0.104710 0.801726
v -0.000000 0.008363 0.845695
v -0.077733 0.148262 0.789797
v -0.092950 0.144334 0.782288
v -0.218065 0.501920 0.563053
v -0.211471 0.501953 0.602438
v -0.122254 0.276488 0.764220
v -0.000000 0.042924 0.837379
v -0.175858 0.519767 0.550476
v -0.000000 0.432802 0.495952
v -0.000000 0.430436 0.403243
v -0.104905 0.418472 0.553078
v -0.028280 0.104321 0.818487
v -0.106487 0.176525 0.779399
v -0.088578 0.186299 0.788867
v -0.127772 0.207595 0.769832
v -0.118294 0.227984 0.772079
v -0.112305 0.475242 0.554334
v -0.104905 0.418472 0.553078
v -0.057643 0.152173 0.802568
v -0.000000 0.069744 0.828067
v -0.176084 0.484687 0.627574
v -0.190483 0.520730 0.577652
v -0.077157 0.305683 0.765758
v -0.106338 0.408923 0.598550
v -0.070955 0.411553 0.603449
v -0.190483 0.520730 0.577652
v -0.070893 0.199250 0.798871
v -0.133737 0.512280 0.558225
v -0.000000 0.105207 0.825101
v -0.093386 0.248863 0.786373
v -0.106338 0.408923 0.598550
v -0.115139 0.463915 0.609893
v -0.186269 0.512945 0.609046
v -0.034574 0.154389 0.819031
v -0.162297 0.523872 0.568910
v -0.072582 0.377557 0.673334
v -0.115139 0.463915 0.609893
v -0.106338 0.408923 0.598550
v -0.034834 0.428623 0.559958
v -0.000000 0.431935 0.545329
v -0.050392 0.415941 0.603035
v -0.163411 0.523649 0.592739
v -0.163411 0.523649 0.592739
v -0.046676 0.209227 0.810559
v -0.133593 0.503922 0.607096
v -0.000000 0.155241 0.827308
v -0.133593 0.503922 0.607096
v -0.061303 0.257778 0.794654
v -0.033789 0.405335 0.641577
v -0.000000 0.214830 0.823764
v -0.023315 0.476514 0.594458
v -0.022051 0.229349 0.816328
v -0.021874 0.258829 0.805359
v -0.000000 0.478093 0.584068
v -0.030426 0.360740 0.722980
v -0.031997 0.331885 0.754617
v -0.029774 0.471189 0.627026
v -0.000000 0.382225 0.686370
v -0.000000 0.400395 0.653597
v -0.148897 -0.512978 0.568612
v -0.103461 -0.513240 0.524611
v -0.000000 0.371045 0.710578
v -0.000000 0.247875 0.856895
v -0.000000 0.463869 0.645770
v -0.000000 0.321376 0.766826
v -0.000000 0.269290 0.803928
v -0.000000 0.523395 0.630057
v -0.000000 0.393568 0.782616
v -0.109151 -0.475819 0.537341
v -0.047713 -0.372533 -0.072677
v -0.079981 -0.421056 0.021019
v -0.063166 -0.420557 -0.013668
v -0.059455 -0.251884 -0.198251
v -0.033415 -0.516668 0.103181
v -0.049242 -0.485708 0.081403
v -0.062877 -0.491949 0.088356
v -0.042305 -0.493399 0.068830
v -0.089455 -0.267238 -0.174823
v -0.126841 -0.422531 0.032387
v -0.061303 -0.474788 0.065856
v -0.052578 -0.484525 0.047753
v -0.022811 -0.252540 -0.224101
v -0.075174 -0.480698 0.075490
v -0.049024 -0.371517 -0.012993
v -0.056513 -0.384080 -0.013938
v -0.060252 -0.382299 -0.071172
v -0.047713 -0.372533 -0.072677
v -0.182804 -0.334357 -0.057816
v -0.043438 -0.515983 0.055214
v -0.000000 -0.384566 -0.120200
v -0.076920 -0.514214 0.086016
v -0.000000 -0.257675 -0.235348
v -0.186280 -0.378084 0.009906
v -0.083350 -0.475023 0.066140
v -0.088574 -0.493109 0.078379
v -0.073884 -0.467500 0.050889
v -0.060655 -0.476624 0.040701
v -0.043438 -0.515983 0.055214
v -0.033415 -0.516668 0.103181
v -0.076920 -0.514214 0.086016
v -0.118609 -0.521704 0.152218
v -0.105803 -0.495402 0.117693
v -0.120407 -0.483627 0.119239
v -0.100559 -0.485450 0.092666
v -0.122405 -0.469227 0.094895
v -0.051801 -0.494304 0.032457
v -0.148228 -0.302283 -0.122239
v -0.169525 -0.422179 0.020599
v -0.074523 -0.452016 0.032550
v -0.073884 -0.467500 0.050889
v -0.060655 -0.476624 0.040701
v -0.135364 -0.494999 0.119973
v -0.102820 -0.473672 0.075704
v -0.083350 -0.475023 0.066140
v -0.125104 -0.461147 0.071102
v -0.097801 -0.519013 0.103542
v -0.078821 -0.437195 0.021074
v -0.061797 -0.437208 -0.011660
v -0.102820 -0.473672 0.075704
v -0.092272 -0.492767 0.079838
v -0.088574 -0.493109 0.078379
v -0.092272 -0.492767 0.079838
v -0.126789 -0.435794 0.033915
v -0.125866 -0.447200 0.053495
v -0.044941 -0.371728 -0.123358
v -0.063166 -0.420557 -0.013668
v -0.069580 -0.422480 -0.063823
v -0.059595 -0.452003 -0.008319
v -0.125104 -0.461147 0.071102
v -0.143784 -0.484861 0.095999
v -0.079515 -0.281604 -0.185357
v -0.053068 -0.478850 -0.002273
v -0.092777 -0.517141 0.079088
v -0.068003 -0.517581 0.059888
v -0.089455 -0.267238 -0.174823
v -0.103912 -0.297380 -0.162306
v -0.090669 -0.516523 0.077455
v -0.090669 -0.516523 0.077455
v -0.092777 -0.517141 0.079088
v -0.051801 -0.494304 0.032457
v -0.145958 -0.474290 0.080346
v -0.145903 -0.518357 0.107252
v -0.097801 -0.519013 0.103542
v -0.118609 -0.521704 0.152218
v -0.145903 -0.518357 0.107252
v -0.053430 -0.516906 0.028518
v -0.090669 -0.516523 0.077455
v -0.043300 -0.285692 -0.241350
v -0.053430 -0.516906 0.028518
v -0.061797 -0.437208 -0.011660
v -0.070811 -0.436826 -0.061202
v -0.000000 -0.389279 -0.144657
v -0.044662 -0.375033 -0.150553
v -0.000000 -0.270183 -0.247633
v -0.085997 -0.374053 -0.125978
v -0.076134 -0.355402 -0.132208
v -0.076134 -0.355402 -0.132208
v -0.092777 -0.517141 0.079088
v -0.155298 -0.517507 0.085283
v -0.075573 -0.525069 0.053052
v -0.068003 -0.517581 0.059888
v -0.095409 -0.525048 0.070280
v -0.048161 -0.517781 0.005056
v -0.053430 -0.516906 0.028518
v -0.059595 -0.452003 -0.008319
v -0.069257 -0.454119 -0.057605
v -0.170587 -0.436516 0.020390
v -0.177262 -0.465506 0.059775
v -0.173003 -0.450478 0.042659
v -0.185926 -0.377518 -0.056351
v -0.063569 -0.327040 -0.235961
v -0.192293 -0.421192 -0.004929
v -0.145958 -0.474290 0.080346
v -0.165350 -0.474830 0.073089
v -0.155155 -0.496205 0.085620
v -0.092161 -0.302561 -0.166325
v -0.083769 -0.314521 -0.172187
v -0.057301 -0.525077 0.005182
v -0.158764 -0.348669 -0.112892
v -0.053068 -0.478850 -0.002273
v -0.063475 -0.481456 -0.053042
v -0.155298 -0.517507 0.085283
v -0.092161 -0.302561 -0.166325
v -0.113075 -0.334467 -0.147996
v -0.155298 -0.517507 0.085283
v -0.154702 -0.525077 0.075256
v -0.089802 -0.398999 -0.114211
v -0.159114 -0.496305 0.084108
v -0.155155 -0.496205 0.085620
v -0.086127 -0.339123 -0.147305
v -0.086127 -0.339123 -0.147305
v -0.073650 -0.345386 -0.157523
v -0.000000 -0.306960 -0.319862
v -0.030761 -0.323239 -0.319772
v -0.182974 -0.494243 0.099494
v -0.159114 -0.496305 0.084108
v -0.165350 -0.474830 0.073089
v -0.048161 -0.517781 0.005056
v -0.058934 -0.517639 -0.044758
v -0.158272 -0.517540 0.085174
v -0.195536 -0.482107 0.091179
v -0.183426 -0.469645 0.071043
v -0.177262 -0.465506 0.059775
v -0.176872 -0.525077 0.061624
v -0.075573 -0.525069 0.053052
v -0.095409 -0.525048 0.070280
v -0.174881 -0.518037 0.099302
v -0.093929 -0.438577 -0.098073
v -0.092335 -0.424107 -0.102250
v -0.158272 -0.517540 0.085174
v -0.039125 -0.391633 -0.229744
v -0.000000 -0.407040 -0.227518
v -0.057301 -0.525077 0.005182
v -0.067476 -0.524988 -0.038237
v -0.197308 -0.439718 -0.008594
v -0.212559 -0.520234 0.119991
v -0.193154 -0.474364 0.047238
v -0.202884 -0.454806 -0.004745
v -0.193154 -0.474364 0.047238
v -0.119340 -0.366325 -0.136063
v -0.093173 -0.454823 -0.094697
v -0.194255 -0.420824 -0.054918
v -0.154702 -0.525077 0.075256
v -0.201780 -0.484042 0.059054
v -0.059866 -0.362401 -0.232407
v -0.163041 -0.386155 -0.104791
v -0.208372 -0.493773 0.083476
v -0.174881 -0.518037 0.099302
v -0.182090 -0.521733 0.066701
v -0.158272 -0.517540 0.085174
v -0.123675 -0.393057 -0.124059
v -0.182090 -0.521733 0.066701
v -0.176872 -0.525077 0.061624
v -0.091332 -0.482040 -0.090669
v -0.197720 -0.525177 0.001845
v -0.057301 -0.525077 0.005182
v -0.196014 -0.525077 0.040207
v -0.212559 -0.520234 0.119991
v -0.212366 -0.517272 0.075188
v -0.046050 -0.350310 -0.319260
v -0.127398 -0.424767 -0.110251
v -0.212366 -0.517272 0.075188
v -0.203374 -0.490643 0.042919
v -0.128801 -0.439831 -0.105952
v -0.089026 -0.517973 -0.085662
v -0.206847 -0.517751 0.042087
v -0.067476 -0.524988 -0.038237
v -0.191365 -0.525539 -0.040993
v -0.203374 -0.490643 0.042919
v -0.198639 -0.439979 -0.054959
v -0.093879 -0.525077 -0.072965
v -0.166386 -0.423258 -0.097621
v -0.196014 -0.525077 0.040207
v -0.206847 -0.517751 0.042087
v -0.130062 -0.455608 -0.102682
v -0.206847 -0.517751 0.042087
v -0.000000 -0.317854 -0.364887
v -0.027086 -0.333715 -0.364949
v -0.045701 -0.379567 -0.319015
v -0.211283 -0.486521 -0.001760
v -0.202411 -0.455770 -0.054789
v -0.129822 -0.484295 -0.100196
v -0.168048 -0.439957 -0.094243
v -0.031523 -0.404173 -0.318833
v -0.000000 -0.417629 -0.318767
v -0.209824 -0.517926 0.001728
v -0.170427 -0.455745 -0.092056
v -0.093879 -0.525077 -0.072965
v -0.164862 -0.525824 -0.074887
v -0.197720 -0.525177 0.001845
v -0.127778 -0.518307 -0.095653
v -0.204229 -0.483550 -0.052223
v -0.039346 -0.356751 -0.364960
v -0.127299 -0.525470 -0.081808
v -0.172387 -0.484540 -0.089528
v -0.035787 -0.178942 -0.544574
v -0.000000 -0.180247 -0.532205
v -0.000000 -0.134237 -0.556216
v -0.028027 -0.325018 -0.421460
v -0.000000 -0.308727 -0.421460
v -0.127299 -0.525470 -0.081808
v -0.201839 -0.518313 -0.047634
v -0.191365 -0.525539 -0.040993
v -0.040095 -0.383571 -0.364520
v -0.171619 -0.518582 -0.087036
v -0.164862 -0.525824 -0.074887
v -0.000000 -0.257582 -0.486054
v -0.061926 -0.220344 -0.533803
v -0.048509 -0.276277 -0.492009
v -0.028669 -0.406435 -0.363986
v -0.000000 -0.420403 -0.363663
v -0.041928 -0.350934 -0.421460
v -0.000000 -0.330328 -0.539852
v -0.035787 -0.178942 -0.544574
v -0.000000 -0.134237 -0.556216
v -0.043151 -0.379439 -0.421460
v -0.000000 -0.418197 -0.421460
v -0.031403 -0.403619 -0.421460
v -0.061926 -0.220344 -0.533803
v -0.075471 -0.317465 -0.501488
v -0.135639 -0.237856 -0.582526
v -0.118386 -0.205139 -0.584137
v -0.074870 -0.358418 -0.512518
v -0.047557 -0.396226 -0.523132
v -0.000000 -0.413578 -0.533263
v -0.118386 -0.205139 -0.584137
v -0.152296 -0.192834 -0.629699
v -0.152296 -0.192834 -0.629699
v -0.145570 -0.256460 -0.602938
v -0.118081 -0.331046 -0.587834
v -0.118081 -0.331046 -0.587834
v -0.145570 -0.256460 -0.602938
v -0.096546 -0.376156 -0.620047
v -0.060125 -0.404615 -0.631237
v -0.000000 -0.418409 -0.648280
v -0.131090 -0.347946 -0.641670
v -0.096546 -0.376156 -0.620047
v -0.088317 -0.394257 -0.653315
v -0.069104 -0.410610 -0.708488
v -0.000000 -0.418409 -0.648280
v -0.131090 -0.347946 -0.641670
v -0.088317 -0.394257 -0.653315
v -0.069104 -0.410610 -0.708488
v -0.164867 -0.469001 0.570867
v -0.151051 -0.456915 0.561943
v -0.145602 -0.492012 0.570845
v -0.152671 -0.491659 0.573886
v -0.137913 -0.473942 0.562367
v -0.123382 -0.466239 0.548985
v -0.259671 -0.470550 0.534743
v -0.244713 -0.461467 0.547486
v -0.221032 -0.513600 0.571040
v -0.221032 -0.513600 0.571040
v -0.221032 -0.513600 0.571040
v -0.151702 -0.513065 0.569553
v -0.206537 -0.469489 0.571555
v -0.103461 -0.513240 0.524611
v -0.148897 -0.512978 0.568612
v -0.271879 -0.513032 0.523236
v -0.119008 -0.369754 0.359594
v -0.000000 -0.059350 0.276616
v -0.195160 0.396487 0.437211
v -0.000000 -0.178939 -0.252385
v 0.030129 -0.231343 -0.207311
v 0.025863 -0.207874 -0.182760
v 0.066358 -0.229634 -0.182448
v 0.083506 -0.185374 -0.144716
v 0.039928 -0.165822 -0.146331
v 0.076244 -0.384206 0.044553
v 0.056513 -0.384080 -0.013938
v 0.049024 -0.371517 -0.012993
v 0.073085 -0.361535 0.061493
v 0.159278 -0.220719 -0.060263
v 0.142327 -0.177737 -0.061263
v 0.117303 -0.219990 -0.140611
v 0.136808 -0.257878 -0.133207
v 0.182615 -0.331852 0.020376
v 0.158745 -0.344597 0.068025
v 0.150769 -0.300297 0.081094
v 0.171484 -0.272355 0.024547
v 0.125383 -0.389000 0.057579
v 0.124240 -0.349964 0.079706
v 0.163447 -0.387041 0.045860
v 0.117303 -0.219990 -0.140611
v 0.142327 -0.177737 -0.061263
v 0.101126 -0.135515 -0.062939
v -0.000000 -0.375995 -0.065196
v -0.000000 -0.372225 -0.012527
v 0.031048 -0.371498 -0.012348
v 0.030245 -0.373968 -0.068016
v -0.000000 -0.196734 -0.179239
v 0.158028 -0.222233 0.026671
v 0.172291 -0.271920 -0.059766
v 0.049024 -0.371517 -0.012993
v 0.033368 -0.374135 0.058602
v 0.073085 -0.361535 0.061493
v 0.105964 -0.339940 0.083386
v -0.000000 -0.157244 -0.145693
v -0.000000 -0.376685 0.056372
v 0.141584 -0.178482 0.024531
v 0.151042 -0.241470 0.067389
v 0.131740 -0.301875 0.095609
v 0.105964 -0.339940 0.083386
v 0.075387 -0.381496 0.142091
v 0.106029 -0.355966 0.148694
v 0.046307 -0.123022 -0.096275
v 0.236380 -0.524687 0.413281
v 0.245025 -0.512422 0.406811
v 0.190559 -0.512769 0.385173
v 0.189998 -0.524687 0.396142
v 0.035058 -0.391144 0.135255
v 0.258070 -0.524687 0.476075
v 0.268837 -0.511051 0.477254
v 0.139779 -0.243028 0.097547
v 0.129549 -0.313211 0.153651
v 0.131740 -0.301875 0.095609
v 0.245126 -0.465671 0.395876
v 0.190393 -0.465671 0.375802
v 0.141584 -0.178482 0.024531
v 0.100322 -0.124323 0.024459
v 0.137055 -0.189520 0.065581
v 0.268345 -0.466629 0.470873
v -0.000000 -0.394567 0.135551
v -0.000000 -0.133728 -0.121443
v 0.141727 -0.524687 0.405819
v 0.135734 -0.512945 0.396043
v 0.107514 -0.372016 0.217056
v 0.075564 -0.400079 0.216085
v 0.242667 -0.434677 0.388537
v 0.189231 -0.437852 0.370390
v 0.262405 -0.524687 0.520022
v 0.271879 -0.513032 0.523236
v 0.140746 -0.246819 0.154970
v 0.139779 -0.243028 0.097547
v 0.131688 -0.196358 0.097124
v 0.037212 -0.411756 0.214778
v 0.131986 -0.319731 0.219194
v 0.255495 -0.424819 0.456793
v 0.261391 -0.445256 0.463393
v 0.134385 -0.466507 0.389473
v 0.239116 -0.402815 0.373338
v 0.185584 -0.404051 0.347793
v 0.261867 -0.460332 0.520997
v 0.270569 -0.488534 0.525425
v 0.137055 -0.189520 0.065581
v 0.251956 -0.398629 0.442731
v 0.048954 -0.100762 -0.036752
v -0.000000 -0.413356 0.213490
v 0.234289 -0.373569 0.359346
v 0.181698 -0.375624 0.330114
v 0.109282 -0.380153 0.282287
v 0.075782 -0.410281 0.284965
v 0.131412 -0.439194 0.385488
v 0.225731 -0.342531 0.344412
v 0.175416 -0.347725 0.315703
v 0.141727 -0.524687 0.405819
v 0.135734 -0.512945 0.396043
v 0.108108 -0.512332 0.430106
v 0.117890 -0.524687 0.434656
v 0.247056 -0.371553 0.428985
v 0.147090 -0.251439 0.220613
v 0.039241 -0.423337 0.285147
v 0.133485 -0.199555 0.156772
v 0.131688 -0.196358 0.097124
v 0.255134 -0.439453 0.492729
v 0.140796 -0.318992 0.276752
v 0.128123 -0.408866 0.371632
v 0.239371 -0.334742 0.412405
v -0.000000 -0.019668 -0.112753
v 0.278402 -0.514425 0.550767
v 0.277614 -0.490094 0.567252
v 0.270569 -0.488534 0.525425
v 0.216566 -0.309289 0.328419
v 0.165337 -0.317042 0.300148
v 0.284520 -0.517519 0.604608
v 0.259671 -0.470550 0.534743
v 0.264551 -0.477849 0.576727
v 0.244713 -0.461466 0.547486
v 0.094175 -0.135212 0.099533
v 0.134385 -0.466507 0.389473
v 0.104671 -0.463699 0.427148
v 0.124660 -0.379820 0.361530
v 0.148761 -0.348823 0.322689
v 0.284520 -0.517519 0.604608
v 0.278402 -0.514425 0.550767
v 0.235769 -0.514634 0.580921
v 0.707836 0.525824 0.012411
v 0.658841 0.456318 0.031053
v 0.663768 0.458876 0.041336
v -0.000000 -0.424151 0.286336
v 0.155910 -0.258232 0.260513
v 0.642591 0.479575 0.020206
v 0.213609 -0.415575 0.516386
v 0.216264 -0.434076 0.542495
v 0.227374 -0.298944 0.396282
v 0.131412 -0.439194 0.385488
v 0.121426 -0.356534 0.321169
v 0.109293 -0.383979 0.353638
v 0.076284 -0.408561 0.360652
v 0.612683 0.416708 0.064314
v 0.619276 0.418096 0.077175
v 0.179940 -0.276273 0.292146
v 0.107739 -0.524687 0.486346
v 0.096869 -0.509013 0.486336
v 0.242984 -0.456492 0.546400
v 0.707836 0.525824 0.012411
v 0.663768 0.458876 0.041336
v 0.653999 0.484642 0.054558
v 0.138510 -0.198761 0.219407
v 0.212246 -0.394429 0.502380
v 0.577188 0.443266 0.053390
v 0.251399 -0.490222 0.585793
v 0.235769 -0.514634 0.580921
v 0.131163 -0.349483 0.328184
v 0.147320 -0.317564 0.299631
v 0.049905 -0.098113 0.028001
v 0.147320 -0.317564 0.299631
v 0.131163 -0.349483 0.328184
v 0.199353 -0.259931 0.316232
v 0.041558 -0.421197 0.364024
v 0.163548 -0.261842 0.277360
v 0.163548 -0.261842 0.277360
v 0.236380 -0.524687 0.413281
v 0.189998 -0.524687 0.396142
v 0.141727 -0.524687 0.405819
v 0.117890 -0.524687 0.434656
v 0.095265 -0.145328 0.160736
v 0.632293 0.509957 0.028850
v 0.209109 -0.365908 0.486997
v 0.619276 0.418096 0.077175
v 0.602414 0.447193 0.091416
v 0.661915 0.482670 0.066285
v 0.231463 -0.474368 0.564359
v 0.227330 -0.488527 0.571985
v 0.659424 0.495975 0.068357
v 0.050696 -0.109435 0.101589
v 0.118566 -0.369754 0.359594
v 0.174372 -0.233763 0.283260
v 0.204543 -0.330662 0.471674
v 0.096902 -0.429940 0.438640
v 0.186501 -0.204184 0.305113
v 0.128123 -0.408866 0.371632
v 0.098827 -0.408612 0.432724
v 0.160953 -0.218282 0.266870
v 0.174372 -0.233763 0.283260
v 0.094933 -0.468752 0.483184
v 0.218563 -0.456148 0.561024
v 0.206672 -0.250936 0.380144
v -0.000000 -0.092197 -0.005180
v -0.000000 -0.422188 0.365684
v 0.581537 0.385540 0.112352
v 0.568623 0.379414 0.095988
v 0.643798 0.515793 0.062134
v -0.000000 -0.092007 0.028665
v 0.633481 0.523835 0.047570
v 0.553643 0.486494 0.064514
v 0.529399 0.402402 0.087977
v 0.633481 0.523835 0.047570
v 0.209305 -0.480796 0.586259
v 0.218936 -0.488576 0.574551
v 0.211953 -0.515465 0.598367
v 0.124660 -0.379820 0.361530
v 0.098752 -0.386229 0.428393
v 0.114519 -0.524687 0.524155
v 0.103461 -0.513240 0.524611
v 0.206537 -0.469489 0.571555
v 0.581537 0.385540 0.112352
v 0.558401 0.413184 0.131095
v 0.606593 0.462343 0.106315
v 0.593657 0.460350 0.095453
v 0.197700 -0.294598 0.455394
v 0.118566 -0.369754 0.359594
v 0.095690 -0.376626 0.427138
v 0.095690 -0.376626 0.427138
v 0.089555 -0.378856 0.430586
v 0.186501 -0.204184 0.305113
v 0.164993 -0.170619 0.297903
v 0.098845 -0.145377 0.217360
v 0.107739 -0.524687 0.486346
v 0.258070 -0.524687 0.476075
v 0.095802 -0.448899 0.479268
v 0.201885 -0.491163 0.613075
v 0.543994 0.328046 0.152569
v 0.521995 0.325903 0.132532
v 0.073212 -0.390857 0.434521
v 0.607291 0.472955 0.113765
v 0.592940 0.454979 0.090919
v 0.156534 -0.415683 0.525078
v 0.185835 -0.519581 0.649618
v 0.479217 0.355652 0.118689
v 0.185835 -0.519581 0.649618
v 0.211953 -0.515465 0.598367
v 0.159718 -0.515465 0.598367
v 0.155536 -0.433908 0.545667
v 0.186013 -0.457745 0.567140
v 0.044474 -0.403755 0.440752
v 0.579345 0.497334 0.110766
v 0.156738 -0.394603 0.509183
v 0.185835 -0.465404 0.586876
v 0.186013 -0.457745 0.567140
v 0.195210 -0.186063 0.365077
v 0.101175 -0.491975 0.530163
v 0.104728 -0.461766 0.523163
v 0.185835 -0.480129 0.613522
v 0.558991 0.508743 0.094709
v 0.543994 0.328046 0.152569
v 0.521426 0.367376 0.176156
v 0.467765 0.244419 0.186195
v 0.488955 0.247107 0.215676
v 0.155081 -0.366387 0.496982
v 0.019639 -0.098466 0.081061
v -0.000000 -0.094467 0.074702
v 0.051040 -0.123072 0.164026
v 0.032685 -0.105706 0.102308
v 0.166029 -0.475672 0.585297
v 0.164867 -0.469001 0.570867
v 0.185527 -0.250239 0.437374
v 0.110877 -0.420165 0.497683
v 0.111683 -0.400696 0.488621
v 0.544434 0.416981 0.130399
v 0.493703 0.466215 0.104471
v 0.152671 -0.491659 0.573886
v 0.107135 -0.441386 0.513776
v 0.152368 -0.331591 0.484935
v 0.169784 -0.491163 0.613075
v 0.159718 -0.515465 0.598367
v 0.558991 0.508743 0.094709
v 0.111889 -0.377075 0.479285
v -0.000000 -0.406159 0.443788
v 0.121744 -0.139382 0.276225
v 0.195210 -0.186063 0.365077
v 0.178107 -0.151814 0.361166
v 0.145602 -0.492012 0.570845
v 0.118191 -0.488657 0.583392
v 0.137913 -0.473942 0.562367
v 0.124497 -0.459092 0.546913
v 0.087196 -0.513427 0.601115
v 0.132950 -0.512837 0.580541
v 0.094425 -0.512858 0.551435
v 0.110536 -0.354048 0.472627
v 0.104675 -0.349488 0.462005
v 0.412550 0.294693 0.161374
v 0.048107 -0.124360 0.215627
v 0.094571 -0.489489 0.565547
v 0.101175 -0.491975 0.530163
v 0.109151 -0.475819 0.537341
v 0.412800 0.187762 0.238862
v 0.436681 0.195141 0.270813
v 0.532810 0.445898 0.139774
v 0.104675 -0.349488 0.462005
v 0.097812 -0.356100 0.473401
v 0.028136 -0.112252 0.137921
v 0.148932 -0.295710 0.474220
v 0.106248 -0.479821 0.574215
v 0.123382 -0.466238 0.548985
v 0.132950 -0.512837 0.580541
v 0.087196 -0.513427 0.601115
v 0.488955 0.247107 0.215676
v 0.467968 0.301133 0.234002
v 0.541692 0.447509 0.155326
v 0.094425 -0.512858 0.551435
v 0.114519 -0.524687 0.524155
v 0.262405 -0.524687 0.520022
v 0.545114 0.458343 0.165757
v 0.116911 -0.326925 0.472880
v 0.503951 0.378540 0.168602
v 0.176513 -0.192285 0.425593
v 0.081336 -0.367414 0.494240
v 0.443006 0.399561 0.124315
v -0.000000 -0.040915 0.110339
v 0.049319 -0.378625 0.507785
v 0.145840 -0.249680 0.459125
v 0.349491 0.239788 0.205204
v 0.526737 0.481911 0.161941
v 0.124921 -0.298160 0.471409
v 0.087348 -0.125034 0.267018
v -0.000000 -0.115459 0.177310
v -0.000000 -0.112524 0.156653
v 0.109200 -0.326849 0.468141
v 0.114541 -0.299745 0.468838
v 0.500187 0.495477 0.140360
v 0.372358 0.164931 0.273922
v 0.399553 0.168000 0.308092
v 0.366934 0.361915 0.164820
v 0.436681 0.195141 0.270813
v 0.420651 0.249523 0.288518
v 0.135710 -0.112938 0.335929
v 0.100968 -0.325560 0.487137
v 0.482431 0.400201 0.170434
v -0.000000 -0.117601 0.215049
v 0.447160 0.315814 0.227580
v 0.109423 -0.301514 0.470288
v 0.109200 -0.326849 0.468141
v -0.000000 -0.380889 0.516992
v 0.087192 -0.337903 0.522732
v 0.159283 -0.156535 0.417868
v 0.176513 -0.192285 0.425593
v 0.307018 0.205142 0.237517
v 0.500187 0.495477 0.140360
v 0.151831 -0.524687 0.559934
v 0.216914 -0.524687 0.559531
v 0.124574 -0.251212 0.462253
v 0.086850 -0.103477 0.295693
v 0.478004 0.421329 0.185153
v 0.486775 0.423480 0.202170
v 0.105397 -0.300809 0.492110
v 0.109423 -0.301514 0.470288
v 0.112494 -0.249989 0.463446
v 0.048551 -0.114712 0.257903
v 0.270956 0.000275 0.346788
v 0.234449 -0.032585 0.345344
v 0.255622 -0.048971 0.391406
v 0.299484 -0.014353 0.396307
v 0.302297 0.046350 0.350396
v 0.326365 0.027411 0.405025
v 0.234449 -0.032585 0.345344
v 0.270956 0.000275 0.346788
v 0.220767 0.020310 0.291628
v 0.195373 -0.013807 0.298358
v 0.332782 0.145636 0.309009
v 0.356778 0.148790 0.349788
v 0.493843 0.436617 0.220166
v 0.399553 0.168000 0.308092
v 0.382924 0.216428 0.333904
v 0.112494 -0.249989 0.463446
v 0.105859 -0.241874 0.479002
v 0.051806 -0.346527 0.547183
v 0.141713 -0.121930 0.388791
v 0.302297 0.046350 0.350396
v 0.243676 0.068921 0.288162
v 0.264762 -0.067797 0.447942
v 0.314458 -0.028479 0.453322
v 0.172485 -0.063679 0.346871
v 0.195536 -0.078385 0.391670
v 0.172485 -0.063679 0.346871
v 0.293649 0.325678 0.205882
v 0.336514 0.011890 0.463527
v 0.396156 0.270083 0.282561
v 0.422745 0.449088 0.147670
v -0.000000 -0.110600 0.249776
v 0.047483 -0.097292 0.277263
v 0.121633 -0.212529 0.454817
v 0.136933 -0.203804 0.448969
v 0.194476 -0.092048 0.444249
v 0.136933 -0.203804 0.448969
v 0.321304 0.095867 0.360340
v 0.339714 0.075314 0.420853
v 0.156462 0.031160 0.263270
v 0.149309 -0.006351 0.278493
v 0.467475 0.476247 0.220536
v 0.424398 0.358925 0.235973
v 0.138569 -0.053125 0.318912
v 0.089030 -0.304435 0.529266
v 0.121314 -0.095939 0.345167
v 0.085131 -0.083938 0.307723
v 0.261716 0.120554 0.291005
v 0.321304 0.095867 0.360340
v 0.121633 -0.212529 0.454817
v 0.433919 0.492875 0.195120
v 0.416035 0.388039 0.252124
v 0.132549 -0.107923 0.389266
v 0.125436 -0.175848 0.444792
v 0.309522 -0.044616 0.514803
v 0.261154 -0.081047 0.499894
v 0.163335 0.087151 0.250388
v 0.122030 -0.080718 0.346419
v 0.346586 0.057820 0.477378
v 0.133619 -0.092836 0.391161
v 0.122030 -0.080718 0.346419
v 0.341692 0.438444 0.203075
v -0.000000 -0.350716 0.558916
v 0.333702 -0.004093 0.529700
v 0.112608 -0.227519 0.490116
v 0.092176 -0.259324 0.529675
v 0.305042 0.132102 0.329230
v 0.324991 0.133207 0.377185
v 0.122030 -0.080718 0.346419
v 0.085360 -0.066487 0.304640
v 0.089197 -0.043335 0.290670
v 0.350698 0.236762 0.333563
v 0.346146 0.182786 0.384618
v 0.356778 0.148790 0.349788
v 0.085360 -0.066487 0.304640
v 0.044578 -0.077352 0.288560
v 0.117256 -0.137601 0.436899
v 0.305042 0.132102 0.329230
v -0.000000 -0.094679 0.268637
v 0.175703 0.152687 0.247767
v 0.133619 -0.092836 0.391161
v 0.091273 -0.002171 0.264696
v 0.091878 0.035452 0.249634
v 0.125351 -0.106381 0.442147
v 0.255077 0.176462 0.276504
v 0.433919 0.492875 0.195120
v 0.237814 0.298093 0.238846
v 0.051005 -0.306559 0.557445
v 0.324991 0.133207 0.377185
v 0.335703 0.115703 0.438497
v 0.324991 0.133207 0.377185
v 0.043797 -0.060076 0.285301
v 0.427653 0.388941 0.267900
v 0.093376 -0.247272 0.534309
v 0.114526 -0.191934 0.489112
v 0.370682 0.327847 0.294858
v -0.000000 -0.074116 0.277876
v 0.255077 0.176462 0.276504
v 0.043797 -0.060076 0.285301
v 0.042865 -0.034940 0.272720
v 0.339619 0.038631 0.545459
v 0.436412 0.403376 0.292506
v 0.092639 0.099245 0.234508
v 0.118216 -0.120292 0.438743
v 0.291042 -0.058609 0.570894
v 0.239891 -0.091962 0.544511
v 0.041518 0.000124 0.255902
v 0.340383 0.097291 0.490777
v 0.151831 -0.524687 0.559934
v 0.148897 -0.512978 0.568612
v 0.151702 -0.513065 0.569553
v 0.170881 -0.106918 0.518024
v 0.104986 -0.153119 0.487072
v 0.125351 -0.106381 0.442147
v 0.271879 -0.513032 0.523236
v 0.221032 -0.513599 0.571040
v 0.313836 -0.019036 0.592739
v -0.000000 -0.059350 0.276616
v 0.095276 -0.207315 0.529384
v 0.324546 0.166452 0.418093
v 0.324991 0.133207 0.377185
v 0.050989 -0.266616 0.557532
v 0.028592 0.035795 0.244781
v 0.105515 -0.117850 0.497698
v 0.191572 0.275005 0.268977
v 0.093515 0.257785 0.247161
v 0.318796 0.304294 0.350125
v -0.000000 0.006805 0.185504
v 0.028187 -0.032280 0.267732
v 0.191572 0.275005 0.268977
v 0.403158 0.462560 0.299969
v 0.363802 0.362148 0.312618
v 0.103240 -0.132903 0.491295
v -0.000000 -0.310583 0.567968
v 0.339197 0.214781 0.387707
v 0.318234 0.232935 0.372709
v -0.000000 -0.043139 0.269133
v 0.053745 -0.255455 0.567241
v 0.093169 0.164941 0.236690
v 0.324546 0.166452 0.418093
v 0.105515 -0.117850 0.497698
v 0.334564 0.075018 0.558106
v 0.088537 -0.162629 0.520805
v 0.272598 0.421798 0.253636
v 0.316399 0.021380 0.612450
v 0.357629 0.484653 0.266279
v 0.261356 -0.069683 0.621070
v 0.215270 -0.098595 0.586531
v 0.308833 0.218684 0.435380
v 0.054498 -0.216457 0.563314
v -0.000000 0.045032 0.242287
v 0.376314 0.360081 0.326118
v 0.085888 -0.141807 0.525381
v -0.000000 -0.269238 0.567490
v 0.387090 0.374269 0.348060
v 0.147199 -0.111861 0.545399
v 0.317667 0.177128 0.467947
v 0.319686 0.157054 0.512200
v 0.285689 -0.023462 0.640626
v 0.085842 -0.126264 0.537281
v 0.357629 0.484653 0.266279
v 0.055367 -0.170318 0.546342
v 0.216914 -0.524687 0.559531
v 0.221032 -0.513599 0.571040
v 0.298210 0.256672 0.397059
v -0.000000 -0.258628 0.576275
v -0.000000 0.104651 0.230151
v 0.304841 0.048892 0.631685
v 0.085842 -0.126264 0.537281
v 0.097732 -0.118685 0.579353
v 0.187783 -0.101269 0.611352
v 0.314716 0.340961 0.376010
v 0.053871 -0.147032 0.550207
v 0.291545 0.009533 0.653583
v 0.303540 0.252874 0.414380
v 0.314785 0.135734 0.562407
v 0.308833 0.218684 0.435380
v 0.211653 -0.084748 0.659870
v -0.000000 -0.221242 0.572369
v 0.218487 0.401437 0.296457
v 0.354019 0.441469 0.358125
v 0.056355 -0.130988 0.557739
v 0.256482 -0.044199 0.662366
v 0.267563 -0.020549 0.667580
v 0.149565 -0.107976 0.638869
v 0.220786 -0.057817 0.686617
v 0.327987 0.334392 0.387332
v -0.000000 -0.171539 0.555175
v 0.334866 0.345953 0.400944
v 0.283691 0.037170 0.663398
v 0.056355 -0.130988 0.557739
v 0.061885 -0.123254 0.593118
v 0.163347 -0.092862 0.688663
v 0.301263 0.092392 0.615087
v 0.286141 0.067548 0.646946
v 0.274807 0.003796 0.673063
v 0.302730 0.229967 0.486693
v 0.299063 0.247333 0.444464
v -0.000000 0.195511 0.229034
v 0.037197 0.211210 0.232251
v 0.305865 0.125776 0.590529
v 0.299592 0.470244 0.320349
v 0.299063 0.247333 0.444464
v -0.000000 -0.150777 0.559405
v 0.284282 0.291938 0.410038
v 0.305275 0.211450 0.531254
v 0.173841 0.368096 0.326779
v 0.289045 0.289949 0.422002
v 0.048230 0.258019 0.240796
v 0.245470 -0.028243 0.684069
v 0.257361 -0.013742 0.681378
v -0.000000 -0.132146 0.569720
v 0.281363 0.294564 0.459233
v 0.219463 -0.037748 0.702635
v 0.298187 0.415194 0.420874
v 0.299592 0.470244 0.320349
v 0.263618 0.000424 0.683723
v 0.109673 -0.112109 0.656800
v 0.263919 0.028535 0.685632
v 0.300880 0.188073 0.578585
v 0.172139 -0.071597 0.716485
v 0.274817 0.330894 0.427864
v 0.268717 0.052181 0.671650
v 0.067527 -0.116792 0.667672
v -0.000000 -0.132146 0.569720
v -0.000000 -0.125986 0.603766
v -0.000000 0.249384 0.152694
v 0.293150 0.328337 0.428040
v 0.245455 -0.007481 0.689627
v 0.233635 -0.017264 0.697455
v 0.115469 -0.098114 0.715902
v 0.290521 0.118166 0.619190
v 0.285364 0.098547 0.636016
v 0.296215 0.338310 0.436632
v 0.257665 0.007585 0.692635
v 0.249451 -0.002220 0.689825
v 0.173841 0.368096 0.326779
v 0.085297 0.360796 0.297924
v 0.291043 0.171755 0.608166
v 0.275362 0.077636 0.656864
v 0.282792 0.279393 0.501605
v 0.281363 0.294564 0.459233
v 0.246134 -0.001926 0.692953
v 0.213386 -0.023357 0.712300
v 0.236674 -0.003447 0.681845
v 0.234371 -0.006361 0.683407
v 0.255565 0.040995 0.689783
v 0.234774 -0.002393 0.684317
v 0.224206 -0.013535 0.690469
v 0.174702 -0.046406 0.734743
v 0.261248 0.062080 0.676810
v 0.280990 0.159769 0.628981
v 0.190828 -0.022350 0.666929
v 0.236674 -0.003447 0.681845
v 0.234371 -0.006361 0.683407
v 0.232622 -0.012566 0.700008
v 0.224530 -0.010622 0.688006
v 0.224206 -0.013535 0.690469
v 0.236792 -0.004493 0.707108
v 0.221032 -0.513599 0.571040
v 0.151702 -0.513065 0.569553
v 0.245163 0.441734 0.375064
v 0.186545 -0.009703 0.673744
v 0.234774 -0.002393 0.684317
v 0.285595 0.261268 0.549357
v 0.205252 -0.017720 0.704476
v 0.275360 0.115860 0.643972
v 0.271778 0.103571 0.652647
v 0.236993 0.012492 0.710033
v 0.037508 0.297843 0.252159
v 0.224530 -0.010622 0.688006
v 0.264153 0.088168 0.667235
v 0.205252 -0.017720 0.704476
v 0.204841 -0.016351 0.703320
v 0.211474 -0.018389 0.715699
v 0.248592 0.049550 0.693741
v 0.213775 -0.010610 0.724753
v 0.231232 0.028657 0.712160
v 0.122231 -0.076832 0.750159
v 0.204841 -0.016351 0.703320
v 0.252109 0.074964 0.684286
v 0.032376 -0.119617 0.675285
v 0.074003 -0.101448 0.736034
v 0.269751 0.149357 0.658477
v 0.171453 -0.027489 0.743612
v 0.126454 -0.016379 0.655121
v 0.118181 -0.036887 0.642120
v 0.282901 0.238485 0.595318
v 0.209944 0.003436 0.729921
v 0.167830 -0.035187 0.717615
v 0.245163 0.441734 0.375064
v 0.238997 0.063169 0.700949
v 0.224464 0.037808 0.715774
v 0.260486 0.337397 0.466833
v 0.151831 -0.524687 0.559934
v 0.216914 -0.524687 0.559531
v 0.164025 -0.018987 0.738766
v -0.000000 0.315118 0.257491
v 0.155731 -0.015294 0.714559
v 0.260486 0.337397 0.466833
v 0.203241 0.021134 0.733033
v 0.273732 0.217368 0.630898
v 0.164133 -0.018367 0.737932
v 0.171012 -0.017849 0.748240
v 0.081170 -0.010785 0.696391
v 0.126589 -0.053139 0.768536
v 0.173747 -0.009993 0.754230
v 0.217539 0.052748 0.721688
v 0.062258 -0.052522 0.659176
v 0.164025 -0.018987 0.738766
v 0.058434 -0.040911 0.622573
v 0.265899 0.200255 0.648241
v 0.174001 0.392681 0.375256
v -0.000000 -0.121417 0.681693
v 0.051274 -0.019736 0.640767
v 0.034400 -0.103748 0.752184
v 0.164133 -0.018367 0.737932
v 0.198005 0.032860 0.733658
v 0.172353 0.000352 0.754618
v 0.078969 -0.081820 0.775664
v 0.258690 0.179779 0.676347
v 0.148603 0.121947 0.683893
v 0.275360 0.115860 0.643972
v 0.271778 0.103571 0.652647
v 0.264153 0.088168 0.667235
v 0.128077 -0.031185 0.774880
v 0.193351 0.047546 0.737884
v 0.252109 0.074964 0.684286
v -0.000000 -0.040289 0.615272
v -0.000000 -0.056098 0.671317
v 0.170320 0.017197 0.751864
v 0.245753 0.319556 0.572229
v 0.238929 0.343344 0.525865
v 0.269751 0.149357 0.658477
v -0.000000 -0.019178 0.637832
v 0.231737 0.366192 0.476146
v 0.238997 0.063169 0.700949
v 0.125558 -0.022073 0.770274
v -0.000000 -0.104851 0.757651
v 0.168853 0.030462 0.746581
v 0.125558 -0.022073 0.770274
v 0.116696 -0.018375 0.751522
v 0.124667 -0.021154 0.769999
v 0.249595 0.286148 0.627947
v 0.217539 0.052748 0.721688
v 0.054432 -0.046551 0.774017
v 0.195159 0.396487 0.437211
v 0.124667 -0.021154 0.769999
v 0.129778 -0.019466 0.780236
v -0.000000 0.359095 0.289301
v 0.082554 -0.059470 0.794343
v 0.168165 0.045083 0.748758
v 0.132723 -0.010523 0.782867
v 0.231737 0.366192 0.476146
v 0.245937 0.250660 0.665592
v 0.258690 0.179779 0.676347
v 0.134001 0.000105 0.778273
v 0.037127 -0.086212 0.789977
v 0.193351 0.047546 0.737884
v 0.237518 0.232863 0.678972
v 0.135867 0.016285 0.768594
v 0.152869 0.407310 0.424062
v 0.174001 0.392681 0.375256
v 0.195159 0.396487 0.437211
v -0.000000 -0.055445 0.790292
v 0.236181 0.208406 0.698436
v 0.138524 0.030186 0.757423
v -0.000000 -0.012229 0.688174
v 0.168165 0.045083 0.748758
v 0.083069 -0.039327 0.801360
v 0.067170 0.423776 0.411609
v 0.141445 0.045230 0.755752
v 0.037591 0.393253 0.328454
v -0.000000 0.386562 0.305361
v 0.236181 0.208406 0.698436
v 0.197721 0.383593 0.502109
v 0.079554 -0.029433 0.795301
v 0.195159 0.396487 0.437211
v 0.082312 -0.027906 0.798960
v 0.052514 -0.016287 0.790857
v 0.041150 -0.066687 0.812237
v 0.141445 0.045230 0.755752
v -0.000000 -0.090266 0.790562
v 0.082312 -0.027906 0.798960
v 0.087596 -0.024203 0.808408
v 0.093105 -0.011483 0.808885
v 0.079554 -0.029433 0.795301
v 0.097950 0.002396 0.799786
v 0.103244 0.016817 0.784133
v 0.107050 0.034008 0.768843
v 0.152869 0.407310 0.424062
v 0.174408 0.395521 0.519904
v 0.130384 0.413220 0.524130
v 0.193723 0.379299 0.544592
v 0.179778 0.371780 0.594689
v 0.112559 0.048006 0.760086
v 0.112559 0.048006 0.760086
v 0.037725 0.420167 0.382949
v 0.044474 -0.050037 0.819654
v 0.207363 0.227796 0.721719
v -0.000000 -0.020801 0.799757
v 0.187800 0.353501 0.617647
v 0.204787 0.312902 0.666267
v 0.043346 -0.038573 0.808361
v 0.207387 0.249166 0.708057
v 0.207363 0.227796 0.721719
v 0.086919 0.061155 0.759900
v 0.043346 -0.038573 0.808361
v 0.210969 0.274285 0.699764
v -0.000000 -0.072090 0.813243
v 0.082899 0.054680 0.768818
v 0.047208 -0.032262 0.826872
v 0.041954 -0.034621 0.817104
v -0.000000 -0.048087 0.815155
v 0.041954 -0.034621 0.817104
v 0.070713 0.041872 0.790153
v 0.079545 0.074131 0.773518
v 0.050926 -0.016630 0.831897
v 0.082899 0.054680 0.768818
v 0.061719 0.027589 0.807328
v 0.056216 0.005049 0.824762
v -0.000000 0.477779 0.316358
v 0.174584 0.232296 0.742744
v -0.000000 -0.059348 0.823290
v 0.231463 -0.474368 0.564359
v 0.227330 -0.488527 0.571985
v 0.218936 -0.488576 0.574551
v -0.000000 -0.048087 0.815155
v 0.174408 0.395521 0.519904
v 0.193723 0.379299 0.544592
v 0.223065 0.430917 0.550013
v 0.193631 0.451856 0.514456
v 0.084318 0.108348 0.780210
v 0.019412 -0.037193 0.825053
v 0.020178 -0.034535 0.835651
v 0.019412 -0.037193 0.825053
v 0.149040 0.225229 0.758624
v 0.092950 0.144334 0.782288
v 0.063583 0.068607 0.788030
v 0.173782 0.252842 0.734316
v 0.174584 0.232296 0.742744
v 0.068166 0.427978 0.500638
v 0.067170 0.423776 0.411609
v 0.079545 0.074131 0.773518
v 0.209393 0.427577 0.610718
v 0.223065 0.430917 0.550013
v 0.193723 0.379299 0.544592
v 0.179778 0.371780 0.594689
v 0.130384 0.413220 0.524130
v 0.143835 0.469471 0.520487
v 0.231936 0.477000 0.553131
v 0.204572 0.490755 0.523095
v 0.021844 -0.018514 0.841890
v 0.127772 0.207595 0.769832
v 0.106487 0.176525 0.779399
v -0.000000 -0.036664 0.827673
v 0.170905 0.284767 0.728144
v -0.000000 -0.036664 0.827673
v -0.000000 -0.034404 0.838570
v 0.049815 0.065501 0.802669
v -0.000000 0.430436 0.403243
v 0.024336 0.006719 0.840687
v 0.162110 0.320406 0.701861
v 0.066897 0.106345 0.787391
v 0.027052 0.038642 0.831781
v 0.084318 0.108348 0.780210
v 0.216393 0.472629 0.610633
v 0.231936 0.477000 0.553131
v -0.000000 -0.020048 0.844990
v 0.147655 0.384712 0.616341
v 0.142236 0.368469 0.644007
v 0.027580 0.068122 0.821896
v 0.218065 0.501920 0.563053
v 0.201560 0.510988 0.545670
v 0.160284 0.504467 0.526759
v 0.147655 0.384712 0.616341
v 0.161783 0.442160 0.630491
v 0.140227 0.244120 0.757843
v 0.149040 0.225229 0.758624
v 0.050186 0.104710 0.801726
v -0.000000 0.008363 0.845695
v 0.077733 0.148262 0.789797
v 0.092950 0.144334 0.782288
v 0.218065 0.501920 0.563053
v 0.211471 0.501953 0.602438
v 0.122254 0.276488 0.764220
v -0.000000 0.042924 0.837379
v 0.175858 0.519767 0.550476
v -0.000000 0.432802 0.495952
v -0.000000 0.430436 0.403243
v 0.104905 0.418472 0.553078
v 0.028280 0.104321 0.818487
v 0.106487 0.176525 0.779399
v 0.088577 0.186299 0.788867
v 0.127772 0.207595 0.769832
v 0.118294 0.227984 0.772079
v 0.112305 0.475242 0.554334
v 0.104905 0.418472 0.553078
v 0.057643 0.152173 0.802568
v -0.000000 0.069744 0.828067
v 0.176083 0.484687 0.627574
v 0.190482 0.520730 0.577652
v 0.077157 0.305683 0.765758
v 0.106338 0.408923 0.598550
v 0.070954 0.411553 0.603449
v 0.190482 0.520730 0.577652
v 0.070893 0.199250 0.798871
v 0.133736 0.512280 0.558225
v -0.000000 0.105207 0.825101
v 0.093386 0.248863 0.786373
v 0.106338 0.408923 0.598550
v 0.115139 0.463915 0.609893
v 0.186268 0.512945 0.609046
v 0.034574 0.154389 0.819031
v 0.162296 0.523873 0.568910
v 0.072581 0.377557 0.673334
v 0.115139 0.463915 0.609893
v 0.106338 0.408923 0.598550
v 0.034834 0.428623 0.559958
v -0.000000 0.431935 0.545329
v 0.050392 0.415941 0.603035
v 0.163410 0.523649 0.592739
v 0.163410 0.523649 0.592739
v 0.046676 0.209227 0.810559
v 0.133593 0.503922 0.607096
v -0.000000 0.155241 0.827308
v 0.133593 0.503922 0.607096
v 0.061303 0.257779 0.794654
v 0.033789 0.405335 0.641577
v -0.000000 0.214830 0.823764
v 0.023315 0.476514 0.594458
v 0.022051 0.229349 0.816328
v 0.021874 0.258829 0.805359
v -0.000000 0.478093 0.584068
v 0.030426 0.360740 0.722980
v 0.031997 0.331885 0.754617
v 0.029774 0.471189 0.627026
v -0.000000 0.382225 0.686370
v -0.000000 0.400395 0.653597
v 0.148897 -0.512978 0.568612
v 0.103461 -0.513240 0.524611
v -0.000000 0.371045 0.710578
v -0.000000 0.247875 0.856895
v -0.000000 0.463869 0.645770
v -0.000000 0.321376 0.766826
v -0.000000 0.269290 0.803928
v -0.000000 0.523395 0.630057
v -0.000000 0.393568 0.782616
v 0.109151 -0.475819 0.537341
v 0.047713 -0.372533 -0.072677
v 0.079981 -0.421056 0.021019
v 0.063166 -0.420557 -0.013668
v 0.059455 -0.251884 -0.198251
v 0.033415 -0.516668 0.103181
v 0.049242 -0.485708 0.081403
v 0.062877 -0.491949 0.088356
v 0.042305 -0.493399 0.068830
v 0.089455 -0.267238 -0.174823
v 0.126841 -0.422531 0.032387
v 0.061303 -0.474788 0.065856
v 0.052578 -0.484524 0.047753
v 0.022811 -0.252540 -0.224101
v 0.075174 -0.480698 0.075490
v 0.049024 -0.371517 -0.012993
v 0.056513 -0.384080 -0.013938
v 0.060252 -0.382299 -0.071172
v 0.047713 -0.372533 -0.072677
v 0.182804 -0.334357 -0.057816
v 0.043438 -0.515983 0.055214
v -0.000000 -0.384566 -0.120200
v 0.076920 -0.514214 0.086016
v -0.000000 -0.257675 -0.235348
v 0.186280 -0.378084 0.009906
v 0.083350 -0.475023 0.066140
v 0.088574 -0.493109 0.078379
v 0.073884 -0.467500 0.050889
v 0.060655 -0.476624 0.040701
v 0.043438 -0.515983 0.055214
v 0.033415 -0.516668 0.103181
v 0.076920 -0.514214 0.086016
v 0.118609 -0.521704 0.152218
v 0.105803 -0.495402 0.117693
v 0.120407 -0.483627 0.119239
v 0.100558 -0.485450 0.092666
v 0.122405 -0.469227 0.094895
v 0.051801 -0.494304 0.032457
v 0.148228 -0.302283 -0.122239
v 0.169525 -0.422179 0.020599
v 0.074522 -0.452016 0.032550
v 0.073884 -0.467500 0.050889
v 0.060655 -0.476624 0.040701
v 0.135364 -0.494999 0.119973
v 0.102820 -0.473672 0.075704
v 0.083350 -0.475023 0.066140
v 0.125104 -0.461147 0.071102
v 0.097801 -0.519013 0.103542
v 0.078821 -0.437195 0.021074
v 0.061797 -0.437208 -0.011660
v 0.102820 -0.473672 0.075704
v 0.092272 -0.492767 0.079838
v 0.088574 -0.493109 0.078379
v 0.092272 -0.492767 0.079838
v 0.126789 -0.435794 0.033915
v 0.125866 -0.447200 0.053495
v 0.044941 -0.371728 -0.123358
v 0.063166 -0.420557 -0.013668
v 0.069580 -0.422480 -0.063823
v 0.059595 -0.452003 -0.008319
v 0.125104 -0.461147 0.071102
v 0.143783 -0.484861 0.095999
v 0.079515 -0.281604 -0.185357
v 0.053068 -0.478850 -0.002273
v 0.092777 -0.517141 0.079088
v 0.068003 -0.517581 0.059888
v 0.089455 -0.267238 -0.174823
v 0.103912 -0.297380 -0.162306
v 0.090669 -0.516523 0.077455
v 0.090669 -0.516523 0.077455
v 0.092777 -0.517141 0.079088
v 0.051801 -0.494304 0.032457
v 0.145958 -0.474290 0.080346
v 0.145903 -0.518357 0.107252
v 0.097801 -0.519013 0.103542
v 0.118609 -0.521704 0.152218
v 0.145903 -0.518357 0.107252
v 0.053430 -0.516906 0.028518
v 0.090669 -0.516523 0.077455
v 0.043300 -0.285692 -0.241350
v 0.053430 -0.516906 0.028518
v 0.061797 -0.437208 -0.011660
v 0.070811 -0.436826 -0.061202
v -0.000000 -0.389279 -0.144657
v 0.044662 -0.375033 -0.150553
v -0.000000 -0.270183 -0.247633
v 0.085997 -0.374053 -0.125978
v 0.076133 -0.355402 -0.132208
v 0.076133 -0.355402 -0.132208
v 0.092777 -0.517141 0.079088
v 0.155298 -0.517507 0.085283
v 0.075573 -0.525069 0.053052
v 0.068003 -0.517581 0.059888
v 0.095409 -0.525048 0.070280
v 0.048161 -0.517781 0.005056
v 0.053430 -0.516906 0.028518
v 0.059595 -0.452003 -0.008319
v 0.069257 -0.454119 -0.057605
v 0.170587 -0.436516 0.020390
v 0.177262 -0.465506 0.059775
v 0.173003 -0.450477 0.042659
v 0.185926 -0.377518 -0.056351
v 0.063569 -0.327040 -0.235961
v 0.192293 -0.421192 -0.004929
v 0.145958 -0.474290 0.080346
v 0.165350 -0.474830 0.073089
v 0.155155 -0.496205 0.085620
v 0.092161 -0.302561 -0.166325
v 0.083769 -0.314521 -0.172187
v 0.057301 -0.525077 0.005182
v 0.158764 -0.348669 -0.112892
v 0.053068 -0.478850 -0.002273
v 0.063475 -0.481456 -0.053042
v 0.155298 -0.517507 0.085283
v 0.092161 -0.302561 -0.166325
v 0.113075 -0.334467 -0.147996
v 0.155298 -0.517507 0.085283
v 0.154702 -0.525077 0.075256
v 0.089802 -0.398999 -0.114211
v 0.159114 -0.496305 0.084108
v 0.155155 -0.496205 0.085620
v 0.086127 -0.339123 -0.147305
v 0.086127 -0.339123 -0.147305
v 0.073650 -0.345386 -0.157523
v -0.000000 -0.306960 -0.319862
v 0.030761 -0.323239 -0.319772
v 0.182974 -0.494243 0.099494
v 0.159114 -0.496305 0.084108
v 0.165350 -0.474830 0.073089
v 0.048161 -0.517781 0.005056
v 0.058934 -0.517639 -0.044758
v 0.158272 -0.517539 0.085174
v 0.195536 -0.482107 0.091179
v 0.183426 -0.469645 0.071043
v 0.177262 -0.465506 0.059775
v 0.176872 -0.525077 0.061624
v 0.075573 -0.525069 0.053052
v 0.095409 -0.525048 0.070280
v 0.174881 -0.518037 0.099302
v 0.093929 -0.438577 -0.098073
v 0.092335 -0.424107 -0.102250
v 0.158272 -0.517539 0.085174
v 0.039125 -0.391633 -0.229744
v -0.000000 -0.407040 -0.227518
v 0.057301 -0.525077 0.005182
v 0.067476 -0.524988 -0.038237
v 0.197308 -0.439718 -0.008594
v 0.212559 -0.520234 0.119991
v 0.193154 -0.474364 0.047238
v 0.202884 -0.454806 -0.004745
v 0.193154 -0.474364 0.047238
v 0.119340 -0.366325 -0.136063
v 0.093173 -0.454822 -0.094697
v 0.194255 -0.420823 -0.054918
v 0.154702 -0.525077 0.075256
v 0.201780 -0.484042 0.059054
v 0.059866 -0.362401 -0.232407
v 0.163040 -0.386155 -0.104791
v 0.208372 -0.493773 0.083476
v 0.174881 -0.518037 0.099302
v 0.182090 -0.521733 0.066701
v 0.158272 -0.517539 0.085174
v 0.123675 -0.393057 -0.124059
v 0.182090 -0.521733 0.066701
v 0.176872 -0.525077 0.061624
v 0.091332 -0.482040 -0.090669
v 0.197720 -0.525177 0.001845
v 0.057301 -0.525077 0.005182
v 0.196014 -0.525077 0.040207
v 0.212559 -0.520234 0.119991
v 0.212366 -0.517272 0.075188
v 0.046050 -0.350310 -0.319260
v 0.127398 -0.424767 -0.110251
v 0.212366 -0.517272 0.075188
v 0.203374 -0.490643 0.042919
v 0.128801 -0.439831 -0.105952
v 0.089026 -0.517973 -0.085662
v 0.206847 -0.517751 0.042087
v 0.067476 -0.524988 -0.038237
v 0.191365 -0.525539 -0.040993
v 0.203374 -0.490643 0.042919
v 0.198639 -0.439979 -0.054959
v 0.093879 -0.525077 -0.072965
v 0.166386 -0.423258 -0.097621
v 0.196014 -0.525077 0.040207
v 0.206847 -0.517751 0.042087
v 0.130062 -0.455608 -0.102682
v 0.206847 -0.517751 0.042087
v -0.000000 -0.317854 -0.364887
v 0.027086 -0.333715 -0.364949
v 0.045701 -0.379567 -0.319015
v 0.211283 -0.486521 -0.001760
v 0.202411 -0.455770 -0.054789
v 0.129822 -0.484295 -0.100196
v 0.168047 -0.439957 -0.094243
v 0.031523 -0.404173 -0.318833
v -0.000000 -0.417629 -0.318767
v 0.209824 -0.517926 0.001728
v 0.170427 -0.455745 -0.092056
v 0.093879 -0.525077 -0.072965
v 0.164862 -0.525824 -0.074887
v 0.197720 -0.525177 0.001845
v 0.127778 -0.518307 -0.095653
v 0.204229 -0.483550 -0.052223
v 0.039346 -0.356751 -0.364960
v 0.127299 -0.525470 -0.081808
v 0.172387 -0.484540 -0.089528
v 0.035786 -0.178942 -0.544574
v -0.000000 -0.180247 -0.532205
v -0.000000 -0.134237 -0.556216
v 0.028027 -0.325018 -0.421460
v -0.000000 -0.308727 -0.421460
v 0.127299 -0.525470 -0.081808
v 0.201839 -0.518313 -0.047634
v 0.191365 -0.525539 -0.040993
v 0.040095 -0.383571 -0.364520
v 0.171619 -0.518582 -0.087036
v 0.164862 -0.525824 -0.074887
v -0.000000 -0.257582 -0.486054
v 0.061926 -0.220344 -0.533803
v 0.048509 -0.276277 -0.492009
v 0.028669 -0.406435 -0.363986
v -0.000000 -0.420403 -0.363663
v 0.041928 -0.350934 -0.421460
v -0.000000 -0.330328 -0.539852
v 0.035786 -0.178942 -0.544574
v -0.000000 -0.134237 -0.556216
v 0.043151 -0.379439 -0.421460
v -0.000000 -0.418197 -0.421460
v 0.031403 -0.403619 -0.421460
v 0.061926 -0.220344 -0.533803
v 0.075471 -0.317465 -0.501488
v 0.135639 -0.237856 -0.582526
v 0.118386 -0.205139 -0.584137
v 0.074870 -0.358418 -0.512518
v 0.047557 -0.396226 -0.523132
v -0.000000 -0.413578 -0.533263
v 0.118386 -0.205139 -0.584137
v 0.152296 -0.192834 -0.629699
v 0.152296 -0.192834 -0.629699
v 0.145570 -0.256460 -0.602938
v 0.118081 -0.331046 -0.587834
v 0.118081 -0.331046 -0.587834
v 0.145570 -0.256460 -0.602938
v 0.096546 -0.376156 -0.620047
v 0.060125 -0.404615 -0.631237
v -0.000000 -0.418409 -0.648280
v 0.131090 -0.347946 -0.641670
v 0.096546 -0.376156 -0.620047
v 0.088317 -0.394257 -0.653315
v 0.069104 -0.410610 -0.708488
v -0.000000 -0.418409 -0.648280
v 0.131090 -0.347946 -0.641670
v 0.088317 -0.394257 -0.653315
v 0.069104 -0.410610 -0.708488
v 0.164867 -0.469001 0.570867
v 0.151051 -0.456915 0.561943
v 0.145602 -0.492012 0.570845
v 0.152671 -0.491659 0.573886
v 0.137913 -0.473942 0.562367
v 0.123382 -0.466238 0.548985
v 0.259671 -0.470550 0.534743
v 0.244713 -0.461466 0.547486
v 0.221032 -0.513599 0.571040
v 0.221032 -0.513599 0.571040
v 0.221032 -0.513599 0.571040
v 0.151702 -0.513065 0.569553
v 0.206537 -0.469489 0.571555
v 0.103461 -0.513240 0.524611
v 0.148897 -0.512978 0.568612
v 0.271879 -0.513032 0.523236
v 0.118566 -0.369754 0.359594
v -0.000000 -0.059350 0.276616
v 0.195159 0.396487 0.437211
v -0.030129 -0.231343 -0.207311
v -0.025863 -0.207874 -0.182760
v -0.000000 -0.196734 -0.179239
v -0.046307 -0.123022 -0.096275
v -0.000000 -0.133728 -0.121443
v -0.048954 -0.100762 -0.036752
v -0.000000 -0.092197 -0.005180
v -0.019639 -0.098466 0.081061
v -0.000000 -0.094467 0.074702
v -0.032685 -0.105706 0.102308
v -0.028137 -0.112252 0.137921
v -0.000000 -0.112524 0.156653
v -0.022811 -0.252540 -0.224101
v -0.000000 -0.257675 -0.235348
v 0.030129 -0.231343 -0.207311
v 0.025863 -0.207874 -0.182760
v -0.000000 -0.196734 -0.179239
v 0.046307 -0.123022 -0.096275
v -0.000000 -0.133728 -0.121443
v 0.048954 -0.100762 -0.036752
v -0.000000 -0.092197 -0.005180
v 0.019639 -0.098466 0.081061
v -0.000000 -0.094467 0.074702
v 0.032685 -0.105706 0.102308
v 0.028136 -0.112252 0.137921
v -0.000000 -0.112524 0.156653
v 0.022811 -0.252540 -0.224101
v -0.000000 -0.257675 -0.235348
v -0.041519 0.000124 0.255902
v -0.028593 0.035795 0.244781
v -0.028187 -0.032280 0.267732
v -0.000000 -0.043139 0.269133
v -0.000000 0.045032 0.242287
v -0.000000 0.195511 0.229034
v -0.037197 0.211210 0.232251
v -0.048231 0.258019 0.240796
v -0.037509 0.297843 0.252159
v -0.000000 0.315118 0.257491
v -0.037591 0.393253 0.328454
v -0.000000 0.386562 0.305361
v -0.037725 0.420167 0.382949
v -0.000000 0.430436 0.403243
v 0.041518 0.000124 0.255902
v 0.028592 0.035795 0.244781
v 0.028187 -0.032280 0.267732
v -0.000000 -0.043139 0.269133
v -0.000000 0.045032 0.242287
v -0.000000 0.195511 0.229034
v 0.037197 0.211210 0.232251
v 0.048230 0.258019 0.240796
v 0.037508 0.297843 0.252159
v -0.000000 0.315118 0.257491
v 0.037591 0.393253 0.328454
v -0.000000 0.386562 0.305361
v 0.037725 0.420167 0.382949
v -0.000000 0.430436 0.403243
v -0.034834 0.428623 0.559958
v -0.000000 0.431935 0.545329
v -0.050392 0.415941 0.603035
v -0.033789 0.405335 0.641577
v -0.000000 0.214830 0.823764
v -0.022051 0.229349 0.816328
v -0.021874 0.258829 0.805359
v -0.030426 0.360740 0.722980
v -0.031997 0.331885 0.754617
v -0.000000 0.400395 0.653597
v -0.000000 0.371045 0.710578
v -0.000000 0.321376 0.766826
v -0.000000 0.269290 0.803928
v 0.034834 0.428623 0.559958
v -0.000000 0.431935 0.545329
v 0.050392 0.415941 0.603035
v 0.033789 0.405335 0.641577
v -0.000000 0.214830 0.823764
v 0.022051 0.229349 0.816328
v 0.021874 0.258829 0.805359
v 0.030426 0.360740 0.722980
v 0.031997 0.331885 0.754617
v -0.000000 0.400395 0.653597
v -0.000000 0.371045 0.710578
v -0.000000 0.321376 0.766826
v -0.000000 0.269290 0.803928
v 0.226378 0.216809 0.568672
v 0.244284 0.174025 0.560142
v 0.257888 0.172302 0.605344
v 0.240858 0.212993 0.613458
v 0.197784 0.251234 0.582589
v 0.213664 0.245733 0.626693
v 0.161302 0.273931 0.600526
v 0.178967 0.267319 0.643754
v 0.120500 0.282678 0.620731
v 0.140163 0.275637 0.662969
v 0.079375 0.276617 0.641225
v 0.101050 0.269873 0.682459
v 0.041952 0.256344 0.660001
v 0.065459 0.250593 0.700317
v 0.011893 0.223842 0.675222
v 0.036872 0.219681 0.714793
v -0.007858 0.182292 0.685397
v 0.018086 0.180164 0.724470
v -0.015370 0.135763 0.689531
v 0.010942 0.135912 0.728402
v -0.009906 0.088808 0.687219
v 0.016140 0.091255 0.726203
v 0.008000 0.046023 0.678688
v 0.033170 0.050566 0.718089
v 0.036594 0.011598 0.664773
v 0.060363 0.017825 0.704854
v 0.073077 -0.011099 0.646834
v 0.095060 -0.003761 0.687794
v 0.113877 -0.019844 0.626629
v 0.133864 -0.012079 0.668579
v 0.155003 -0.013785 0.606136
v 0.172976 -0.006316 0.649088
v 0.192426 0.006488 0.587359
v 0.208568 0.012966 0.631231
v 0.222484 0.038990 0.572139
v 0.237156 0.043877 0.616755
v 0.242236 0.080540 0.561964
v 0.255940 0.083393 0.607078
v 0.249748 0.127070 0.557830
v 0.263084 0.127645 0.603145
v 0.257719 0.166577 0.652342
v 0.243234 0.201190 0.659244
v 0.220100 0.229041 0.670503
v 0.190585 0.247403 0.685015
v 0.157577 0.254479 0.701362
v 0.124306 0.249577 0.717941
v 0.094029 0.233175 0.733131
v 0.069712 0.206879 0.745444
v 0.053732 0.173265 0.753677
v 0.047655 0.135622 0.757021
v 0.052077 0.097635 0.755152
v 0.066562 0.063022 0.748249
v 0.089695 0.035171 0.736991
v 0.119210 0.016809 0.722479
v 0.152218 0.009734 0.706132
v 0.185489 0.014636 0.689553
v 0.215766 0.031037 0.674363
v 0.240083 0.057333 0.662050
v 0.256063 0.090947 0.653817
v 0.262139 0.128590 0.650473
v 0.248108 0.159892 0.685803
v 0.236515 0.187593 0.691327
v 0.218003 0.209881 0.700337
v 0.194382 0.224576 0.711951
v 0.167965 0.230240 0.725032
v 0.141340 0.226316 0.738301
v 0.117110 0.213190 0.750457
v 0.097649 0.192146 0.760311
v 0.084860 0.165245 0.766899
v 0.079997 0.135120 0.769576
v 0.083535 0.104719 0.768080
v 0.095128 0.077018 0.762556
v 0.113641 0.054730 0.753546
v 0.137261 0.040036 0.741932
v 0.163677 0.034372 0.728851
v 0.190304 0.038296 0.715582
v 0.214533 0.051422 0.703426
v 0.233995 0.072466 0.693572
v 0.246783 0.099367 0.686984
v 0.251646 0.129491 0.684307
v 0.232050 0.151805 0.716204
v 0.223921 0.171229 0.720078
v 0.210940 0.186858 0.726395
v 0.194377 0.197162 0.734540
v 0.175853 0.201133 0.743712
v 0.157183 0.198382 0.753016
v 0.140193 0.189177 0.761540
v 0.126547 0.174422 0.768450
v 0.117581 0.155559 0.773069
v 0.114170 0.134435 0.774947
v 0.116651 0.113118 0.773898
v 0.124779 0.093694 0.770024
v 0.137762 0.078065 0.763707
v 0.154324 0.067761 0.755563
v 0.172847 0.063791 0.746389
v 0.191518 0.066542 0.737086
v 0.208507 0.075745 0.728562
v 0.222154 0.090502 0.721652
v 0.231121 0.109365 0.717032
v 0.234530 0.130489 0.715155
v 0.208957 0.142470 0.740939
v 0.204789 0.152426 0.742924
v 0.198134 0.160439 0.746163
v 0.189644 0.165721 0.750338
v 0.180149 0.167756 0.755040
v 0.170578 0.166345 0.759808
v 0.161869 0.161628 0.764179
v 0.154873 0.154063 0.767721
v 0.150276 0.144394 0.770089
v 0.148529 0.133566 0.771051
v 0.149800 0.122637 0.770513
v 0.153967 0.112681 0.768527
v 0.160621 0.104669 0.765289
v 0.169111 0.099387 0.761115
v 0.178607 0.097351 0.756412
v 0.188179 0.098761 0.751643
v 0.196888 0.103480 0.747273
v 0.203883 0.111044 0.743730
v 0.208480 0.120714 0.741362
v 0.210228 0.131542 0.740401
v 0.181343 0.132590 0.759897
v -0.226378 0.216809 0.568672
v -0.244284 0.174025 0.560142
v -0.257888 0.172302 0.605344
v -0.240858 0.212993 0.613458
v -0.197784 0.251234 0.582589
v -0.213664 0.245733 0.626693
v -0.161302 0.273931 0.600526
v -0.178967 0.267319 0.643754
v -0.120501 0.282678 0.620731
v -0.140163 0.275637 0.662969
v -0.079375 0.276617 0.641225
v -0.101050 0.269873 0.682459
v -0.041952 0.256344 0.660001
v -0.065459 0.250593 0.700317
v -0.011893 0.223842 0.675222
v -0.036872 0.219681 0.714793
v 0.007858 0.182292 0.685397
v -0.018086 0.180164 0.724470
v 0.015370 0.135763 0.689531
v -0.010942 0.135912 0.728402
v 0.009906 0.088808 0.687219
v -0.016140 0.091255 0.726203
v -0.008000 0.046023 0.678688
v -0.033170 0.050566 0.718089
v -0.036594 0.011598 0.664773
v -0.060363 0.017825 0.704854
v -0.073077 -0.011099 0.646834
v -0.095060 -0.003761 0.687794
v -0.113877 -0.019844 0.626629
v -0.133864 -0.012079 0.668579
v -0.155003 -0.013785 0.606136
v -0.172976 -0.006316 0.649088
v -0.192426 0.006489 0.587359
v -0.208569 0.012966 0.631231
v -0.222484 0.038990 0.572139
v -0.237156 0.043877 0.616755
v -0.242236 0.080540 0.561964
v -0.255940 0.083393 0.607078
v -0.249748 0.127070 0.557830
v -0.263084 0.127645 0.603145
v -0.257719 0.166577 0.652342
v -0.243234 0.201190 0.659244
v -0.220100 0.229041 0.670503
v -0.190585 0.247403 0.685015
v -0.157577 0.254479 0.701362
v -0.124306 0.249577 0.717941
v -0.094029 0.233175 0.733131
v -0.069712 0.206879 0.745444
v -0.053732 0.173265 0.753677
v -0.047655 0.135622 0.757021
v -0.052076 0.097635 0.755152
v -0.066562 0.063022 0.748249
v -0.089695 0.035171 0.736991
v -0.119210 0.016809 0.722479
v -0.152218 0.009734 0.706132
v -0.185489 0.014636 0.689553
v -0.215766 0.031037 0.674363
v -0.240083 0.057333 0.662050
v -0.256063 0.090947 0.653817
v -0.262139 0.128590 0.650473
v -0.248108 0.159892 0.685803
v -0.236515 0.187593 0.691327
v -0.218003 0.209882 0.700337
v -0.194382 0.224576 0.711951
v -0.167965 0.230240 0.725032
v -0.141340 0.226316 0.738301
v -0.117110 0.213190 0.750457
v -0.097649 0.192146 0.760311
v -0.084861 0.165245 0.766899
v -0.079997 0.135120 0.769576
v -0.083535 0.104719 0.768080
v -0.095128 0.077018 0.762556
v -0.113641 0.054730 0.753546
v -0.137261 0.040036 0.741932
v -0.163677 0.034372 0.728851
v -0.190304 0.038296 0.715582
v -0.214533 0.051422 0.703426
v -0.233995 0.072466 0.693572
v -0.246783 0.099367 0.686984
v -0.251646 0.129491 0.684307
v -0.232050 0.151805 0.716204
v -0.223921 0.171229 0.720078
v -0.210940 0.186858 0.726395
v -0.194377 0.197162 0.734540
v -0.175853 0.201133 0.743712
v -0.157183 0.198382 0.753016
v -0.140193 0.189177 0.761540
v -0.126547 0.174422 0.768450
v -0.117581 0.155559 0.773069
v -0.114170 0.134435 0.774947
v -0.116651 0.113118 0.773898
v -0.124779 0.093694 0.770024
v -0.137762 0.078065 0.763707
v -0.154324 0.067761 0.755563
v -0.172847 0.063791 0.746389
v -0.191518 0.066542 0.737086
v -0.208507 0.075745 0.728562
v -0.222154 0.090502 0.721652
v -0.231121 0.109365 0.717032
v -0.234530 0.130489 0.715155
v -0.208957 0.142470 0.740939
v -0.204789 0.152426 0.742924
v -0.198135 0.160439 0.746163
v -0.189644 0.165721 0.750338
v -0.180149 0.167756 0.755040
v -0.170578 0.166345 0.759808
v -0.161869 0.161628 0.764179
v -0.154873 0.154063 0.767721
v -0.150276 0.144394 0.770089
v -0.148529 0.133566 0.771051
v -0.149800 0.122637 0.770513
v -0.153967 0.112681 0.768527
v -0.160621 0.104669 0.765289
v -0.169111 0.099387 0.761115
v -0.178607 0.097351 0.756412
v -0.188179 0.098761 0.751643
v -0.196888 0.103480 0.747273
v -0.203883 0.111044 0.743730
v -0.208480 0.120714 0.741362
v -0.210228 0.131542 0.740401
v -0.181343 0.132590 0.759897
v -0.075163 -0.393493 -0.745091
v -0.088301 -0.331806 -0.812153
v -0.000000 -0.384423 -0.797101
v -0.075065 -0.246298 -0.843597
v -0.000000 -0.297904 -0.855000
v -0.143190 -0.335247 -0.723760
v -0.168446 -0.252155 -0.693214
v -0.143132 -0.248728 -0.781660
v -0.088553 -0.389993 -0.654077
v -0.075494 -0.345294 -0.574661
v -0.143384 -0.306917 -0.623583
v -0.000000 -0.420386 -0.699404
v -0.000000 -0.392055 -0.599227
v -0.000000 -0.193876 -0.850989
v -0.088404 -0.163483 -0.805662
v -0.143292 -0.166926 -0.717268
v -0.072630 -0.104759 -0.721546
v -0.143447 -0.202889 -0.619572
v -0.088811 -0.257634 -0.549887
v -0.075601 -0.168311 -0.567836
v -0.000000 -0.310252 -0.534835
v -0.000000 -0.109656 -0.773591
v -0.085531 -0.115173 -0.631937
v -0.000000 -0.206224 -0.530822
v -0.000000 -0.081598 -0.674375
v -0.000000 -0.117215 -0.577614
v 0.075162 -0.393493 -0.745091
v 0.088301 -0.331806 -0.812153
v -0.000000 -0.384423 -0.797101
v 0.075065 -0.246298 -0.843597
v -0.000000 -0.297904 -0.855000
v 0.143190 -0.335247 -0.723760
v 0.168446 -0.252155 -0.693214
v 0.143132 -0.248728 -0.781660
v 0.088553 -0.389993 -0.654077
v 0.075493 -0.345294 -0.574661
v 0.143384 -0.306917 -0.623583
v -0.000000 -0.420386 -0.699404
v -0.000000 -0.392055 -0.599227
v -0.000000 -0.193876 -0.850989
v 0.088404 -0.163483 -0.805662
v 0.143291 -0.166926 -0.717268
v 0.072630 -0.104759 -0.721546
v 0.143447 -0.202889 -0.619572
v 0.088811 -0.257634 -0.549887
v 0.075601 -0.168311 -0.567836
v -0.000000 -0.310252 -0.534835
v -0.000000 -0.109656 -0.773591
v 0.085531 -0.115173 -0.631937
v -0.000000 -0.206224 -0.530822
v -0.000000 -0.081598 -0.674375
v -0.000000 -0.117215 -0.577614
v -0.031275 -0.049599 0.756815
v -0.000000 -0.050742 0.767635
v -0.000000 -0.056345 0.756205
v -0.070915 -0.040692 0.662632
v -0.000000 -0.049955 0.661794
v -0.000000 -0.046917 0.582704
v -0.068854 -0.039061 0.583413
v -0.000000 -0.056849 0.727065
v -0.050939 -0.045848 0.728060
v -0.000000 -0.043381 0.757427
v -0.000000 -0.050742 0.767635
v -0.031275 -0.049599 0.756815
v -0.032678 -0.037149 0.729038
v -0.048467 -0.028342 0.584646
v -0.000000 -0.025665 0.584888
v -0.000000 -0.026260 0.664204
v -0.048467 -0.029874 0.663877
v -0.000000 -0.035273 0.729208
v -0.068854 -0.039061 0.583413
v -0.070915 -0.040692 0.662632
v -0.050939 -0.045848 0.728060
v 0.031275 -0.049599 0.756815
v -0.000000 -0.050742 0.767635
v -0.000000 -0.056345 0.756205
v 0.070915 -0.040692 0.662632
v -0.000000 -0.049955 0.661794
v -0.000000 -0.046917 0.582704
v 0.068854 -0.039061 0.583413
v -0.000000 -0.056849 0.727065
v 0.050939 -0.045848 0.728060
v -0.000000 -0.043381 0.757427
v -0.000000 -0.050742 0.767635
v 0.031275 -0.049599 0.756815
v 0.032678 -0.037149 0.729038
v 0.048467 -0.028342 0.584646
v -0.000000 -0.025665 0.584888
v -0.000000 -0.026260 0.664204
v 0.048467 -0.029874 0.663877
v -0.000000 -0.035273 0.729208
v 0.068854 -0.039061 0.583413
v 0.070915 -0.040692 0.662632
v 0.050939 -0.045848 0.728060
v -0.139938 -0.051872 0.711608
v -0.118760 -0.053471 0.734448
v -0.122012 -0.025594 0.719640
v -0.113645 -0.051184 0.711020
v -0.031468 -0.063178 0.782183
v -0.021733 -0.044056 0.778416
v -0.033528 -0.062216 0.767479
v -0.008406 -0.066097 0.786427
v -0.011471 -0.045517 0.780474
v -0.191170 -0.007827 0.674169
v -0.169239 -0.025297 0.678504
v -0.172712 -0.010078 0.697902
v -0.125396 -0.010864 0.733027
v -0.105759 -0.051492 0.733555
v -0.116245 -0.011317 0.749912
v -0.094766 -0.011813 0.755552
v -0.035738 -0.012769 0.789636
v -0.036166 -0.011369 0.771298
v -0.026285 -0.031641 0.782899
v -0.162182 -0.008130 0.674822
v -0.096619 -0.010882 0.727798
v -0.016455 -0.031839 0.785587
v -0.011742 -0.013606 0.796092
v -0.169781 -0.049221 0.683768
v -0.148601 -0.051097 0.706608
v -0.151854 -0.018404 0.691799
v -0.067140 -0.059892 0.767891
v -0.056583 -0.038968 0.766817
v -0.063045 -0.057626 0.751680
v -0.047692 -0.039257 0.771068
v -0.044181 -0.060533 0.778930
v -0.034459 -0.059842 0.767363
v -0.143487 -0.048413 0.683180
v -0.002213 -0.013120 0.780831
v -0.080315 -0.010845 0.765998
v -0.075252 -0.008973 0.747702
v -0.068898 -0.029879 0.764122
v -0.060330 -0.030273 0.770215
v -0.043605 -0.011737 0.769400
v -0.056333 -0.012213 0.782583
v -0.162950 -0.010325 0.707364
v -0.142038 -0.031034 0.707100
v -0.139096 -0.013282 0.728527
v -0.135434 -0.011842 0.702676
v -0.100064 -0.056669 0.742163
v -0.095919 -0.057847 0.758410
v -0.084446 -0.021058 0.750265
v -0.077684 -0.057853 0.761543
v -0.078106 -0.056210 0.740525
v -0.002948 -0.066888 0.773935
v -0.016455 -0.031839 0.785587
v -0.002213 -0.013120 0.780831
v -0.026285 -0.031641 0.782899
v -0.036166 -0.011369 0.771298
v -0.060330 -0.030273 0.770215
v -0.043605 -0.011737 0.769400
v -0.068898 -0.029879 0.764122
v -0.075252 -0.008973 0.747702
v -0.011471 -0.045517 0.780474
v -0.002948 -0.066888 0.773935
v -0.047692 -0.039257 0.771068
v -0.034459 -0.059842 0.767363
v -0.056583 -0.038968 0.766817
v -0.063045 -0.057626 0.751680
v -0.021733 -0.044056 0.778416
v -0.033528 -0.062216 0.767479
v -0.078106 -0.056210 0.740525
v -0.096619 -0.010882 0.727798
v -0.135434 -0.011842 0.702676
v -0.162182 -0.008130 0.674822
v -0.143487 -0.048413 0.683180
v -0.113645 -0.051184 0.711020
v 0.139938 -0.051872 0.711608
v 0.118759 -0.053471 0.734448
v 0.122012 -0.025594 0.719640
v 0.113644 -0.051184 0.711020
v 0.113644 -0.051184 0.711020
v 0.031383 -0.063336 0.782183
v 0.021875 -0.044100 0.778416
v 0.033455 -0.062398 0.767479
v 0.008289 -0.065983 0.786427
v 0.011596 -0.045441 0.780474
v 0.191170 -0.007827 0.674169
v 0.169239 -0.025297 0.678504
v 0.172712 -0.010078 0.697902
v 0.125396 -0.010864 0.733027
v 0.105758 -0.051492 0.733555
v 0.116245 -0.011316 0.749912
v 0.094766 -0.011813 0.755552
v 0.035738 -0.012769 0.789636
v 0.036166 -0.011369 0.771298
v 0.026285 -0.031641 0.782899
v 0.162181 -0.008130 0.674822
v 0.162181 -0.008130 0.674822
v 0.096618 -0.010882 0.727798
v 0.096618 -0.010882 0.727798
v 0.016455 -0.031839 0.785587
v 0.011742 -0.013606 0.796092
v 0.169781 -0.049221 0.683768
v 0.148601 -0.051097 0.706608
v 0.151854 -0.018404 0.691799
v 0.067140 -0.059892 0.767891
v 0.056583 -0.038968 0.766817
v 0.063045 -0.057626 0.751680
v 0.047692 -0.039257 0.771068
v 0.044180 -0.060533 0.778930
v 0.034458 -0.059842 0.767363
v 0.143487 -0.048413 0.683180
v 0.143487 -0.048413 0.683180
v 0.002213 -0.013120 0.780831
v 0.016455 -0.031839 0.785587
v 0.026285 -0.031641 0.782899
v 0.036166 -0.011369 0.771298
v 0.002213 -0.013120 0.780831
v 0.080315 -0.010845 0.765998
v 0.075252 -0.008973 0.747702
v 0.068898 -0.029879 0.764122
v 0.060330 -0.030273 0.770215
v 0.043605 -0.011737 0.769400
v 0.056333 -0.012213 0.782583
v 0.075252 -0.008973 0.747702
v 0.043605 -0.011737 0.769400
v 0.060330 -0.030273 0.770215
v 0.068898 -0.029879 0.764122
v 0.162950 -0.010325 0.707364
v 0.142038 -0.031034 0.707100
v 0.139096 -0.013282 0.728527
v 0.135434 -0.011842 0.702676
v 0.135434 -0.011842 0.702676
v 0.100064 -0.056669 0.742163
v 0.095919 -0.057847 0.758410
v 0.084446 -0.021058 0.750265
v 0.077684 -0.057853 0.761543
v 0.078106 -0.056210 0.740525
v 0.078106 -0.056210 0.740525
v 0.002822 -0.066710 0.773935
v 0.011596 -0.045441 0.780474
v 0.002822 -0.066710 0.773935
v 0.033455 -0.062398 0.767479
v 0.021875 -0.044100 0.778416
v 0.047692 -0.039257 0.771068
v 0.034458 -0.059842 0.767363
v 0.063045 -0.057626 0.751680
v 0.056583 -0.038968 0.766817
v 0.325823 -0.197109 0.177205
v 0.273848 -0.194316 0.201173
v 0.314905 -0.132818 0.236645
v 0.349699 -0.111850 0.231253
v 0.357876 -0.113052 0.226536
v 0.363505 -0.204279 0.157124
v 0.227739 -0.202097 0.217811
v 0.261179 -0.167521 0.241368
v 0.184319 -0.199206 0.224936
v 0.227739 -0.202097 0.217811
v 0.248632 -0.152812 0.216020
v 0.363505 -0.204279 0.157124
v 0.348150 -0.096063 0.205167
v 0.340816 -0.095526 0.207646
v 0.301589 -0.118674 0.210172
v 0.325823 -0.197109 0.177205
v 0.196597 -0.210108 0.247568
v 0.193760 -0.214368 0.229878
v 0.161148 -0.225097 0.238285
v 0.193760 -0.214368 0.229878
v 0.161148 -0.225097 0.238285
v 0.429009 -0.213510 0.130601
v 0.445497 -0.238975 0.111693
v 0.445497 -0.238975 0.111693
v 0.427133 -0.211197 0.126801
v 0.273848 -0.194316 0.201173
v 0.729894 -0.071315 0.138852
v 0.646272 -0.049957 0.178896
v 0.643876 -0.007205 0.192535
v 0.729665 -0.037809 0.148740
v 0.795904 -0.096974 0.101963
v 0.796880 -0.070507 0.108079
v 0.847718 -0.111532 0.070741
v 0.846939 -0.130399 0.066312
v 0.355749 -0.110092 0.237966
v 0.355044 -0.097351 0.254936
v 0.390597 -0.074573 0.252528
v 0.724822 -0.084418 0.116769
v 0.641859 -0.061943 0.155166
v 0.790158 -0.109564 0.083223
v 0.843561 -0.138776 0.055164
v 0.471948 -0.251762 0.109914
v 0.457237 -0.256415 0.107468
v 0.433431 -0.216533 0.138253
v 0.463244 -0.208120 0.140998
v 0.483694 -0.242221 0.099571
v 0.482570 -0.195102 0.125759
v 0.396112 -0.083822 0.243009
v 0.365828 -0.111333 0.231318
v 0.447208 -0.044854 0.248935
v 0.477887 -0.030230 0.243446
v 0.453345 -0.055634 0.227739
v 0.462990 0.019888 0.270941
v 0.428818 -0.011004 0.264947
v 0.477149 -0.302278 0.071165
v 0.465958 -0.051427 0.215014
v 0.545052 0.012009 0.237781
v 0.550938 -0.033572 0.217722
v 0.487640 -0.041998 0.215046
v 0.550148 -0.045179 0.196303
v 0.416167 0.009107 0.251626
v 0.455974 0.052549 0.259886
v 0.537995 0.040529 0.225133
v 0.639544 0.014712 0.179448
v 0.726033 -0.019170 0.138460
v 0.794436 -0.057134 0.100769
v 0.847511 -0.103020 0.064451
v 0.900000 -0.169644 0.017473
v 0.896740 -0.164176 0.029233
v 0.898737 -0.159733 0.023368
v 0.419910 -0.007579 0.193653
v 0.409275 0.010340 0.224984
v 0.369709 -0.029810 0.225104
v 0.372725 -0.040890 0.204650
v 0.227898 -0.106717 0.245251
v 0.230304 -0.118733 0.217034
v 0.292444 -0.090611 0.210903
v 0.291868 -0.080530 0.231998
v 0.719464 -0.046309 0.094400
v 0.723029 -0.018713 0.118865
v 0.634672 0.016319 0.154613
v 0.631121 -0.015390 0.126462
v 0.787262 -0.079262 0.067236
v 0.840586 -0.115294 0.041049
v 0.844775 -0.102571 0.054885
v 0.792274 -0.057215 0.086288
v 0.726033 -0.019170 0.138460
v 0.639544 0.014712 0.179448
v 0.794436 -0.057134 0.100769
v 0.847511 -0.103020 0.064451
v 0.900000 -0.169644 0.017473
v 0.898737 -0.159733 0.023368
v 0.895417 -0.158828 0.018649
v 0.236470 -0.113670 0.271067
v 0.297969 -0.086308 0.254141
v 0.416167 0.009107 0.251626
v 0.374752 -0.035235 0.245705
v 0.454802 -0.031488 0.183801
v 0.437100 -0.027234 0.185115
v 0.476579 -0.186734 0.110212
v 0.340925 -0.093372 0.204923
v 0.349232 -0.094371 0.202585
v 0.377795 -0.054635 0.198280
v 0.244820 -0.147438 0.211222
v 0.300373 -0.114350 0.207355
v 0.332884 -0.068765 0.209124
v 0.632830 -0.034835 0.124556
v 0.719660 -0.063214 0.093088
v 0.786503 -0.092916 0.065460
v 0.839246 -0.128688 0.040512
v 0.894949 -0.165629 0.012584
v 0.894692 -0.173667 0.011153
v 0.463828 -0.239989 0.090278
v 0.450070 -0.188704 0.111766
v 0.425437 -0.207547 0.120802
v 0.451833 -0.249175 0.095763
v 0.479746 -0.236579 0.089952
v 0.541740 -0.019276 0.156341
v 0.534882 0.003652 0.158728
v 0.456618 0.007139 0.185383
v 0.473190 -0.017286 0.179897
v 0.534190 0.038308 0.192749
v 0.447872 0.047865 0.225952
v 0.537995 0.040529 0.225133
v 0.445497 -0.238975 0.111693
v 0.429009 -0.213510 0.130601
v 0.477149 -0.302278 0.071165
v 0.452512 -0.252389 0.101615
v 0.483424 -0.239079 0.094215
v 0.483456 -0.210017 0.107032
v 0.479423 -0.189480 0.114742
v 0.898054 -0.173296 0.025403
v 0.894692 -0.173667 0.011153
v 0.864563 -0.153538 0.032472
v 0.896603 -0.178759 0.019558
v 0.160760 -0.149950 0.226243
v 0.177747 -0.187228 0.215693
v 0.260756 -0.158758 0.279077
v 0.263944 -0.169649 0.253010
v 0.200310 -0.216038 0.265266
v 0.197491 -0.199140 0.297858
v 0.183671 -0.158910 0.312137
v 0.249237 -0.132441 0.287537
v 0.236470 -0.113670 0.271067
v 0.168897 -0.134665 0.292413
v 0.168897 -0.134665 0.292413
v 0.159713 -0.128029 0.265514
v 0.119448 -0.191849 0.223052
v 0.128578 -0.221685 0.222387
v 0.161148 -0.225097 0.238285
v 0.184319 -0.199206 0.224936
v 0.150670 -0.249340 0.275162
v 0.157060 -0.219953 0.305878
v 0.142022 -0.172386 0.322018
v 0.118354 -0.152599 0.305930
v 0.118354 -0.152599 0.305930
v 0.115942 -0.143956 0.279509
v 0.113641 -0.159919 0.247066
v 0.316375 -0.123618 0.261469
v 0.315401 -0.134402 0.243217
v 0.308026 -0.102659 0.269421
v 0.297969 -0.086308 0.254141
v 0.347425 -0.075866 0.261754
v 0.383667 -0.052637 0.257700
v 0.333029 -0.058678 0.228238
v 0.339501 -0.064147 0.248148
v 0.339501 -0.064147 0.248148
v 0.374752 -0.035235 0.245705
v 0.455974 0.052549 0.259886
v 0.248632 -0.152812 0.216020
v 0.301589 -0.118674 0.210172
v 0.261179 -0.167521 0.241368
v 0.196597 -0.210108 0.247568
v 0.314905 -0.132818 0.236645
v 0.349699 -0.111850 0.231253
v 0.357876 -0.113052 0.226536
v 0.445497 -0.238975 0.111693
v 0.427133 -0.211197 0.126801
v 0.161148 -0.225097 0.238285
v 0.137554 -0.242967 0.241890
v 0.340816 -0.095526 0.207646
v 0.348150 -0.096063 0.205167
v 0.474171 -0.045197 0.216425
v 0.841799 -0.136446 0.049800
v 0.839234 -0.133050 0.042209
v 0.864563 -0.153538 0.032472
v 0.461703 -0.022587 0.182842
v 0.482157 -0.193037 0.120610
v 0.483456 -0.210017 0.107032
v 0.452512 -0.252389 0.101615
v 0.483424 -0.239079 0.094215
v 0.137554 -0.242967 0.241890
v 0.518922 -0.158045 0.119237
v 0.494663 -0.188394 0.114002
v 0.487640 -0.041998 0.215046
v 0.550148 -0.045179 0.196303
v 0.602518 -0.118016 0.111727
v 0.554187 -0.134276 0.118245
v 0.787413 -0.131868 0.057849
v 0.786503 -0.092916 0.065460
v 0.719660 -0.063214 0.093088
v 0.724339 -0.117263 0.079393
v 0.518922 -0.158045 0.119237
v 0.541740 -0.019276 0.156341
v 0.473190 -0.017286 0.179897
v 0.494663 -0.188394 0.114002
v 0.479423 -0.189480 0.114742
v 0.483456 -0.210017 0.107032
v 0.474171 -0.045197 0.216425
v 0.864563 -0.153538 0.032472
v 0.839234 -0.133050 0.042209
v 0.790158 -0.109564 0.083223
v 0.841799 -0.136446 0.049800
v 0.864563 -0.153538 0.032472
v 0.787413 -0.131868 0.057849
v 0.724339 -0.117263 0.079393
v 0.724822 -0.084418 0.116769
v 0.641859 -0.061943 0.155166
v 0.683270 -0.112090 0.093075
v 0.642036 -0.111420 0.103853
v 0.632830 -0.034835 0.124556
v 0.683270 -0.112090 0.093075
v 0.602518 -0.118016 0.111727
v 0.482157 -0.193037 0.120610
v 0.461703 -0.022587 0.182842
v 0.454802 -0.031488 0.183801
v 0.483456 -0.210017 0.107032
v 0.465958 -0.051427 0.215014
v 0.554187 -0.134276 0.118245
v 0.642036 -0.111420 0.103853
v 0.232264 -0.186720 0.245649
v 0.232264 -0.186720 0.245649
v -0.325823 -0.197109 0.177205
v -0.273848 -0.194316 0.201173
v -0.314905 -0.132818 0.236645
v -0.349699 -0.111850 0.231253
v -0.357876 -0.113052 0.226536
v -0.363505 -0.204279 0.157124
v -0.227739 -0.202097 0.217811
v -0.261179 -0.167521 0.241368
v -0.184319 -0.199206 0.224936
v -0.227739 -0.202097 0.217811
v -0.248632 -0.152812 0.216020
v -0.363505 -0.204279 0.157124
v -0.348150 -0.096063 0.205167
v -0.339945 -0.095536 0.207646
v -0.301589 -0.118674 0.210172
v -0.325823 -0.197109 0.177205
v -0.196597 -0.210108 0.247568
v -0.193760 -0.214368 0.229878
v -0.161148 -0.225097 0.238285
v -0.193760 -0.214368 0.229878
v -0.161148 -0.225097 0.238285
v -0.429009 -0.213510 0.130601
v -0.445497 -0.238975 0.111693
v -0.445497 -0.238975 0.111693
v -0.427133 -0.211197 0.126801
v -0.273848 -0.194316 0.201173
v -0.729894 -0.071315 0.138852
v -0.646272 -0.049957 0.178896
v -0.643876 -0.007205 0.192535
v -0.729665 -0.037809 0.148740
v -0.795904 -0.096974 0.101963
v -0.796880 -0.070507 0.108079
v -0.847718 -0.111532 0.070741
v -0.846939 -0.130399 0.066312
v -0.355749 -0.110092 0.237966
v -0.355044 -0.097350 0.254936
v -0.390597 -0.074572 0.252528
v -0.724822 -0.084418 0.116769
v -0.641859 -0.061943 0.155166
v -0.790158 -0.109564 0.083223
v -0.843561 -0.138776 0.055164
v -0.471948 -0.251762 0.109914
v -0.457237 -0.256415 0.107468
v -0.433431 -0.216533 0.138253
v -0.463244 -0.208120 0.140998
v -0.483694 -0.242221 0.099571
v -0.482570 -0.195102 0.125759
v -0.396112 -0.083822 0.243009
v -0.365828 -0.111333 0.231318
v -0.447208 -0.044854 0.248935
v -0.477887 -0.030230 0.243446
v -0.453345 -0.055634 0.227739
v -0.462990 0.019888 0.270942
v -0.428818 -0.011004 0.264947
v -0.477149 -0.302278 0.071165
v -0.465958 -0.051427 0.215014
v -0.545052 0.012010 0.237781
v -0.550938 -0.033572 0.217722
v -0.487640 -0.041998 0.215046
v -0.550148 -0.045179 0.196304
v -0.416167 0.009107 0.251626
v -0.455974 0.052549 0.259886
v -0.537995 0.040529 0.225133
v -0.639544 0.014712 0.179448
v -0.726033 -0.019170 0.138460
v -0.794436 -0.057133 0.100769
v -0.847511 -0.103020 0.064451
v -0.900000 -0.169644 0.017473
v -0.896740 -0.164176 0.029233
v -0.898737 -0.159733 0.023368
v -0.419910 -0.007578 0.193653
v -0.409275 0.010340 0.224984
v -0.369709 -0.029810 0.225104
v -0.372725 -0.040890 0.204650
v -0.227898 -0.106717 0.245251
v -0.230304 -0.118733 0.217034
v -0.292444 -0.090610 0.210903
v -0.291868 -0.080530 0.231998
v -0.719464 -0.046309 0.094400
v -0.723029 -0.018713 0.118865
v -0.634672 0.016319 0.154613
v -0.631121 -0.015390 0.126462
v -0.787262 -0.079262 0.067236
v -0.840586 -0.115294 0.041049
v -0.844775 -0.102571 0.054885
v -0.792274 -0.057215 0.086288
v -0.726033 -0.019170 0.138460
v -0.639544 0.014712 0.179448
v -0.794436 -0.057133 0.100769
v -0.847511 -0.103020 0.064451
v -0.900000 -0.169644 0.017473
v -0.898737 -0.159733 0.023368
v -0.895417 -0.158828 0.018649
v -0.236470 -0.113670 0.271067
v -0.297969 -0.086308 0.254141
v -0.416167 0.009107 0.251626
v -0.374752 -0.035235 0.245705
v -0.454802 -0.031488 0.183801
v -0.437100 -0.027234 0.185115
v -0.476579 -0.186734 0.110212
v -0.340925 -0.093372 0.204923
v -0.349232 -0.094371 0.202585
v -0.377795 -0.054635 0.198280
v -0.244820 -0.147438 0.211222
v -0.300373 -0.114350 0.207355
v -0.332884 -0.068765 0.209124
v -0.632830 -0.034835 0.124556
v -0.719660 -0.063214 0.093088
v -0.786503 -0.092916 0.065460
v -0.839246 -0.128688 0.040512
v -0.894949 -0.165629 0.012584
v -0.894692 -0.173667 0.011153
v -0.463828 -0.239989 0.090278
v -0.450070 -0.188704 0.111766
v -0.425437 -0.207547 0.120802
v -0.451833 -0.249175 0.095763
v -0.479746 -0.236579 0.089952
v -0.541740 -0.019276 0.156341
v -0.534882 0.003652 0.158728
v -0.456618 0.007139 0.185383
v -0.473190 -0.017286 0.179897
v -0.534190 0.038308 0.192749
v -0.447872 0.047865 0.225952
v -0.537995 0.040529 0.225133
v -0.445497 -0.238975 0.111693
v -0.429009 -0.213510 0.130601
v -0.477149 -0.302278 0.071165
v -0.452512 -0.252389 0.101615
v -0.483424 -0.239079 0.094215
v -0.483456 -0.210017 0.107032
v -0.479423 -0.189480 0.114742
v -0.898054 -0.173296 0.025403
v -0.894692 -0.173667 0.011153
v -0.864563 -0.153538 0.032472
v -0.896603 -0.178759 0.019558
v -0.160760 -0.149950 0.226243
v -0.177747 -0.187228 0.215693
v -0.260756 -0.158758 0.279077
v -0.263944 -0.169649 0.253010
v -0.200310 -0.216038 0.265266
v -0.197491 -0.199140 0.297858
v -0.183671 -0.158910 0.312137
v -0.249237 -0.132441 0.287537
v -0.236470 -0.113670 0.271067
v -0.168897 -0.134665 0.292413
v -0.168897 -0.134665 0.292413
v -0.159713 -0.128029 0.265514
v -0.119448 -0.191849 0.223052
v -0.128578 -0.221685 0.222388
v -0.161148 -0.225097 0.238285
v -0.184319 -0.199206 0.224936
v -0.150670 -0.249340 0.275162
v -0.157060 -0.219953 0.305878
v -0.142022 -0.172386 0.322018
v -0.118354 -0.152599 0.305930
v -0.118354 -0.152599 0.305930
v -0.115942 -0.143956 0.279509
v -0.113641 -0.159919 0.247066
v -0.316375 -0.123618 0.261469
v -0.315401 -0.134401 0.243217
v -0.308026 -0.102659 0.269421
v -0.297969 -0.086308 0.254141
v -0.347425 -0.075866 0.261754
v -0.383667 -0.052637 0.257700
v -0.333029 -0.058678 0.228238
v -0.339501 -0.064147 0.248148
v -0.339501 -0.064147 0.248148
v -0.374752 -0.035235 0.245705
v -0.455974 0.052549 0.259886
v -0.248632 -0.152812 0.216020
v -0.301589 -0.118674 0.210172
v -0.261179 -0.167521 0.241368
v -0.196597 -0.210108 0.247568
v -0.314905 -0.132818 0.236645
v -0.349699 -0.111850 0.231253
v -0.357876 -0.113052 0.226536
v -0.445497 -0.238975 0.111693
v -0.427133 -0.211197 0.126801
v -0.161148 -0.225097 0.238285
v -0.137554 -0.242967 0.241890
v -0.339945 -0.095536 0.207646
v -0.348150 -0.096063 0.205167
v -0.474171 -0.045197 0.216425
v -0.841799 -0.136446 0.049800
v -0.839234 -0.133050 0.042209
v -0.864563 -0.153538 0.032472
v -0.461703 -0.022587 0.182842
v -0.482157 -0.193037 0.120610
v -0.483456 -0.210017 0.107032
v -0.452512 -0.252389 0.101615
v -0.483424 -0.239079 0.094215
v -0.137554 -0.242967 0.241890
v -0.518922 -0.158045 0.119237
v -0.494663 -0.188393 0.114002
v -0.487640 -0.041998 0.215046
v -0.550148 -0.045179 0.196304
v -0.602518 -0.118016 0.111727
v -0.554187 -0.134276 0.118245
v -0.787413 -0.131868 0.057849
v -0.786503 -0.092916 0.065460
v -0.719660 -0.063214 0.093088
v -0.724339 -0.117263 0.079393
v -0.518922 -0.158045 0.119237
v -0.541740 -0.019276 0.156341
v -0.473190 -0.017286 0.179897
v -0.494663 -0.188393 0.114002
v -0.479423 -0.189480 0.114742
v -0.483456 -0.210017 0.107032
v -0.474171 -0.045197 0.216425
v -0.864563 -0.153538 0.032472
v -0.839234 -0.133050 0.042209
v -0.790158 -0.109564 0.083223
v -0.841799 -0.136446 0.049800
v -0.864563 -0.153538 0.032472
v -0.787413 -0.131868 0.057849
v -0.724339 -0.117263 0.079393
v -0.724822 -0.084418 0.116769
v -0.641859 -0.061943 0.155166
v -0.683270 -0.112090 0.093075
v -0.642036 -0.111420 0.103853
v -0.632830 -0.034835 0.124556
v -0.683270 -0.112090 0.093075
v -0.602518 -0.118016 0.111727
v -0.482157 -0.193037 0.120610
v -0.461703 -0.022587 0.182842
v -0.454802 -0.031488 0.183801
v -0.483456 -0.210017 0.107032
v -0.465958 -0.051427 0.215014
v -0.554187 -0.134276 0.118245
v -0.642036 -0.111420 0.103853
v -0.232264 -0.186720 0.245649
v -0.232264 -0.186720 0.245649
v -0.000000 -0.178243 -0.251809
v -0.025863 -0.207874 -0.182760
v -0.091453 -0.521525 -0.079313
v -0.053430 -0.518109 0.028518
v -0.076244 -0.384206 0.044553
v -0.058382 -0.383190 -0.042555
v -0.048368 -0.372025 -0.042835
v -0.073085 -0.361535 0.061493
v -0.057968 -0.521371 -0.018189
v -0.093566 -0.520940 0.074276
v -0.117304 -0.215929 -0.134906
v -0.142518 -0.268720 -0.132794
v -0.150905 -0.267080 0.078223
v -0.165270 -0.246807 -0.017203
v -0.128459 -0.349964 0.079706
v -0.117304 -0.215929 -0.134906
v 0.000000 -0.374110 -0.038862
v 0.000000 -0.196734 -0.179239
v -0.048368 -0.372025 -0.042835
v -0.073085 -0.361535 0.061493
v -0.105964 -0.339940 0.083386
v 0.000000 -0.376685 0.056372
v -0.141956 -0.178109 -0.018366
v -0.135760 -0.272452 0.096578
v -0.105964 -0.339940 0.083386
v -0.046307 -0.123022 -0.096275
v -0.240703 -0.518555 0.420664
v -0.192744 -0.518728 0.389073
v -0.081288 -0.380055 0.179964
v -0.263454 -0.517869 0.476664
v -0.135760 -0.272452 0.096578
v -0.141956 -0.178109 -0.018366
v -0.075315 -0.106964 0.004381
v -0.137055 -0.189520 0.065581
v 0.000000 -0.403962 0.174520
v 0.000000 -0.133728 -0.121443
v -0.138730 -0.518816 0.400931
v -0.246154 -0.434678 0.399154
v -0.189231 -0.437852 0.370390
v -0.267142 -0.518860 0.521629
v -0.131689 -0.196358 0.097124
v -0.137343 -0.282800 0.187107
v -0.255495 -0.424819 0.464004
v -0.265120 -0.479542 0.530084
v -0.137055 -0.189520 0.065581
v -0.048954 -0.100762 -0.036752
v -0.228099 -0.358050 0.357188
v -0.131570 -0.439194 0.385488
v -0.178557 -0.370076 0.328455
v -0.138730 -0.518816 0.400931
v -0.107652 -0.517680 0.459361
v -0.131689 -0.196358 0.097124
v -0.148353 -0.288612 0.268633
v 0.000000 -0.019668 -0.112753
v -0.265120 -0.479542 0.530084
v -0.214655 -0.309289 0.333728
v -0.284520 -0.517519 0.604608
v -0.243849 -0.458979 0.546943
v -0.072436 -0.122323 0.100561
v -0.125149 -0.379820 0.357885
v -0.284520 -0.517519 0.604608
v -0.707836 0.525824 0.012411
v -0.658841 0.456318 0.031053
v -0.663768 0.458876 0.041336
v 0.000000 -0.423169 0.326010
v -0.210896 -0.424826 0.529441
v -0.131570 -0.439194 0.385488
v -0.120287 -0.364938 0.340646
v -0.172639 -0.296657 0.296147
v -0.707836 0.525824 0.012411
v -0.663768 0.458876 0.041336
v -0.653999 0.484642 0.054558
v -0.135998 -0.199158 0.188089
v -0.155434 -0.289703 0.288495
v -0.155434 -0.289703 0.288495
v -0.199353 -0.259932 0.316232
v -0.240703 -0.518555 0.420664
v -0.192744 -0.518728 0.389073
v -0.138730 -0.518816 0.400931
v -0.228114 -0.339455 0.441263
v -0.661915 0.482670 0.066285
v -0.229396 -0.481447 0.568172
v -0.174372 -0.233763 0.283260
v -0.098835 -0.429941 0.441888
v -0.186501 -0.204184 0.305113
v -0.160953 -0.218282 0.266870
v -0.174372 -0.233763 0.283260
v 0.000000 -0.092197 -0.005180
v -0.581538 0.376695 0.112352
v -0.561834 0.369054 0.085531
v 0.000000 -0.092007 0.028665
v -0.633481 0.523835 0.047570
v -0.633481 0.523835 0.047570
v -0.216737 -0.479712 0.574551
v -0.125149 -0.379820 0.357885
v -0.098825 -0.386229 0.428393
v -0.108990 -0.518964 0.524383
v -0.581538 0.376695 0.112352
v -0.548023 0.415083 0.125518
v -0.212537 -0.296771 0.425838
v -0.120287 -0.364938 0.340646
v -0.092623 -0.377741 0.428862
v -0.092623 -0.377741 0.428862
v -0.186501 -0.204184 0.305113
v -0.164993 -0.170619 0.297903
v -0.073314 -0.134535 0.190784
v -0.107652 -0.517680 0.459361
v -0.263454 -0.517869 0.476664
v -0.156035 -0.424795 0.537353
v -0.185835 -0.519581 0.649618
v -0.185835 -0.519581 0.649618
v -0.186013 -0.457745 0.567140
v -0.186013 -0.457745 0.567140
v -0.105163 -0.483897 0.533752
v -0.440283 0.216090 0.212528
v -0.153855 -0.339402 0.491049
v -0.019639 -0.098466 0.081061
v 0.000000 -0.094467 0.074702
v -0.032685 -0.105706 0.102308
v -0.196099 -0.250588 0.408759
v -0.110744 -0.426068 0.497683
v -0.157620 -0.477042 0.572377
v 0.000000 -0.406159 0.443788
v -0.139381 -0.478976 0.566606
v -0.087196 -0.513427 0.601115
v -0.113758 -0.340487 0.472753
v -0.106967 -0.338169 0.465073
v -0.105163 -0.483897 0.533752
v -0.462818 0.221124 0.243245
v -0.532810 0.445898 0.139774
v -0.106967 -0.338169 0.465073
v -0.028137 -0.112252 0.137921
v -0.148932 -0.295710 0.474220
v -0.123382 -0.466239 0.548985
v -0.087196 -0.513427 0.601115
v -0.108990 -0.518964 0.524383
v -0.267142 -0.518860 0.521629
v -0.545114 0.455649 0.165757
v -0.177278 -0.171674 0.392426
v 0.000000 -0.040915 0.110339
v -0.065174 -0.373020 0.501013
v -0.141140 -0.250446 0.460689
v 0.000000 -0.112524 0.156654
v -0.119739 -0.298952 0.470123
v -0.493398 0.504946 0.129902
v -0.462818 0.221124 0.243245
v -0.432984 0.284138 0.258165
v 0.000000 -0.119542 0.199836
v -0.109440 -0.301514 0.470288
v 0.000000 -0.380889 0.516992
v -0.177278 -0.171674 0.392426
v -0.493398 0.504946 0.129902
v -0.151065 -0.518854 0.564508
v -0.218973 -0.519143 0.565285
v -0.069004 -0.110129 0.274469
v -0.109440 -0.301514 0.470288
v -0.112494 -0.249989 0.463446
v -0.234449 -0.032585 0.332984
v -0.260193 -0.058384 0.407392
v -0.286627 0.023312 0.342887
v -0.234449 -0.032585 0.332984
v -0.112494 -0.249989 0.463446
v -0.069758 -0.323856 0.539157
v -0.134235 -0.117434 0.362360
v -0.286627 0.023312 0.342887
v -0.319206 -0.000883 0.429545
v -0.126863 -0.087243 0.368003
v -0.125437 -0.175848 0.444792
v -0.321612 -0.024355 0.522251
v -0.252073 -0.086499 0.529271
v -0.126863 -0.087243 0.368003
v -0.343151 0.066567 0.449115
v -0.126863 -0.087243 0.368003
v -0.371248 0.338500 0.199682
v 0.000000 -0.330650 0.563442
v -0.305042 0.132101 0.329230
v -0.324991 0.133207 0.377185
v -0.064717 -0.071963 0.296556
v -0.064717 -0.071963 0.296556
v -0.117736 -0.128947 0.437821
v -0.305042 0.132101 0.329230
v 0.000000 -0.102639 0.259207
v -0.125351 -0.106381 0.442147
v -0.324991 0.133207 0.377185
v -0.324991 0.133207 0.377185
v -0.339619 0.038630 0.545459
v -0.142050 0.051675 0.260338
v -0.151065 -0.518854 0.564508
v -0.125351 -0.106381 0.442147
v -0.267142 -0.518860 0.521629
v -0.218973 -0.519143 0.565285
v 0.000000 -0.059350 0.276616
v -0.307380 0.218700 0.434971
v -0.324991 0.133207 0.377185
v -0.076686 -0.252516 0.535331
v -0.035056 0.017960 0.250342
v -0.223325 0.225733 0.277653
v 0.000000 0.006805 0.185504
v -0.028187 -0.032280 0.267732
v -0.223325 0.225733 0.277653
v -0.389919 0.377957 0.282371
v 0.000000 -0.043139 0.269133
v -0.307380 0.218700 0.434971
v -0.328611 0.477448 0.293314
v -0.293943 -0.042698 0.606332
v 0.000000 0.045032 0.242287
v 0.000000 -0.263933 0.571883
v -0.411751 0.388822 0.320283
v -0.328611 0.477448 0.293314
v -0.075181 -0.153145 0.527206
v -0.201501 -0.093009 0.635611
v -0.311888 0.025499 0.618841
v -0.314785 0.135734 0.568865
v -0.378589 0.452014 0.329047
v -0.075056 -0.126522 0.537614
v -0.220125 -0.047783 0.694626
v 0.000000 -0.161158 0.557290
v -0.075056 -0.126522 0.537614
v 0.000000 0.195511 0.229034
v -0.037197 0.211210 0.232251
v -0.173841 0.368096 0.326779
v -0.042870 0.277931 0.246477
v -0.262462 -0.024822 0.673053
v 0.000000 -0.132146 0.569720
v -0.269213 0.002110 0.678393
v -0.291891 0.213279 0.593409
v -0.274817 0.330894 0.427864
v -0.102062 -0.105705 0.688456
v 0.000000 -0.132146 0.569720
v 0.000000 0.249384 0.152694
v -0.245455 -0.007481 0.689627
v -0.292855 0.114853 0.623721
v -0.260792 0.018060 0.689134
v -0.249451 -0.002220 0.689825
v -0.173841 0.368096 0.326779
v -0.246135 -0.001927 0.692953
v -0.213386 -0.023357 0.712300
v -0.236674 -0.003448 0.681845
v -0.234371 -0.006361 0.683407
v -0.234774 -0.002393 0.684317
v -0.273444 0.180012 0.638611
v -0.190828 -0.022350 0.666929
v -0.236674 -0.003448 0.681845
v -0.234371 -0.006361 0.683407
v -0.151065 -0.518854 0.564508
v -0.186545 -0.009703 0.673745
v -0.234774 -0.002393 0.684317
v -0.205252 -0.017720 0.704476
v -0.273570 0.109716 0.648310
v -0.205252 -0.017720 0.704476
v -0.204841 -0.016351 0.703320
v -0.211475 -0.018389 0.715699
v -0.248593 0.049550 0.693742
v -0.211859 -0.003587 0.727337
v -0.204841 -0.016351 0.703320
v -0.264221 0.164568 0.667412
v -0.167830 -0.035187 0.717615
v -0.238997 0.063168 0.700949
v -0.260486 0.337397 0.466833
v -0.218973 -0.519143 0.565285
v 0.000000 0.315118 0.257491
v -0.260486 0.337397 0.466833
v -0.088308 -0.038899 0.632346
v 0.000000 -0.113134 0.719672
v -0.088864 -0.018058 0.647944
v -0.198006 0.032860 0.733658
v -0.118246 -0.066320 0.763742
v -0.148604 0.121947 0.683893
v -0.273570 0.109716 0.648310
v -0.193351 0.047546 0.737884
v 0.000000 -0.040289 0.615272
v -0.264221 0.164568 0.667412
v 0.000000 -0.019178 0.637832
v -0.238997 0.063168 0.700949
v -0.254825 0.286148 0.638089
v -0.054432 -0.046552 0.774017
v -0.195160 0.396487 0.437211
v -0.039139 -0.075974 0.801107
v -0.193351 0.047546 0.737884
v -0.237518 0.232862 0.678972
v -0.195160 0.396487 0.437211
v -0.000000 -0.055445 0.790292
v -0.236181 0.208405 0.698436
v -0.120934 -0.034332 0.780303
v 0.000000 0.386562 0.305361
v -0.236181 0.208405 0.698436
v -0.118194 -0.024982 0.773930
v -0.195160 0.396487 0.437211
v -0.117278 -0.023833 0.776463
v 0.000000 -0.081178 0.801902
v -0.117278 -0.023833 0.776463
v -0.120779 -0.021430 0.786323
v -0.124367 -0.004779 0.785916
v -0.118194 -0.024982 0.773930
v -0.130369 0.032166 0.760423
v -0.174408 0.395521 0.519904
v -0.112811 0.415846 0.534068
v -0.186751 0.375539 0.569641
v -0.133682 0.046581 0.756171
v -0.133682 0.046581 0.756171
v -0.052000 0.406710 0.355702
v -0.044475 -0.050037 0.819654
v -0.043346 -0.038573 0.808361
v -0.043346 -0.038573 0.808361
v -0.082899 0.054680 0.768818
v -0.047208 -0.032262 0.826872
v -0.041954 -0.034621 0.817104
v 0.000000 -0.048087 0.811481
v -0.041954 -0.034621 0.817104
v -0.070713 0.041872 0.790153
v -0.053571 -0.005791 0.828329
v -0.082899 0.054680 0.768818
v 0.000000 0.477779 0.316358
v 0.000000 -0.059348 0.823290
v -0.229396 -0.481447 0.568172
v -0.216737 -0.479712 0.574551
v 0.000000 -0.048087 0.811481
v -0.174408 0.395521 0.519904
v -0.186751 0.375539 0.569641
v -0.216229 0.429247 0.580366
v -0.193631 0.451856 0.514456
v -0.088634 0.126341 0.781249
v -0.181577 0.228279 0.738143
v -0.216229 0.429247 0.580366
v -0.186751 0.375539 0.569641
v -0.112811 0.415846 0.534068
v -0.128070 0.472357 0.537411
v -0.225477 0.485913 0.583687
v -0.135220 0.211299 0.766346
v -0.106487 0.176525 0.779399
v 0.000000 -0.036664 0.827673
v 0.000000 -0.036664 0.827673
v 0.000000 -0.034404 0.838570
v 0.000000 0.430436 0.403243
v -0.185271 0.316654 0.694404
v -0.072315 0.127303 0.788594
v -0.027052 0.051240 0.822828
v -0.088634 0.126341 0.781249
v -0.225477 0.485913 0.583687
v 0.000000 -0.005842 0.845343
v -0.147655 0.384712 0.616341
v -0.206697 0.500223 0.539496
v -0.147655 0.384712 0.616341
v -0.161784 0.442159 0.630491
v -0.179185 0.248823 0.729009
v -0.181577 0.228279 0.738143
v 0.000000 0.052748 0.828426
v -0.155141 0.516513 0.547935
v 0.000000 0.430436 0.403243
v -0.031427 0.129355 0.820978
v -0.106487 0.176525 0.779399
v -0.088578 0.186299 0.788867
v -0.135220 0.211299 0.766346
v -0.125742 0.231689 0.767484
v -0.181630 0.497869 0.624907
v -0.190483 0.520730 0.577652
v -0.077157 0.305683 0.765758
v -0.106338 0.408923 0.598550
v -0.190483 0.520730 0.577652
v 0.000000 0.130224 0.828423
v -0.106338 0.408923 0.598550
v -0.115139 0.463915 0.609893
v -0.072582 0.377557 0.673334
v -0.115139 0.463915 0.609893
v -0.106338 0.408923 0.598550
v 0.000000 0.431935 0.545329
v -0.047644 0.422282 0.577535
v -0.144214 0.515011 0.603846
v -0.144214 0.515011 0.603846
v -0.053989 0.233503 0.802606
v -0.033789 0.405335 0.641577
v 0.000000 0.214830 0.823764
v -0.021963 0.244089 0.810843
v -0.030426 0.360740 0.722980
v -0.031997 0.331885 0.754617
v 0.000000 0.400395 0.653597
v -0.151065 -0.518854 0.564508
v -0.108990 -0.518964 0.524383
v 0.000000 0.371045 0.710578
v 0.000000 0.247875 0.856895
v 0.000000 0.321376 0.766826
v 0.000000 0.269290 0.803928
v 0.000000 0.523395 0.630057
v 0.000000 0.393568 0.782616
v -0.079981 -0.421056 0.021019
v -0.066373 -0.421519 -0.038746
v -0.033415 -0.516668 0.103181
v -0.084543 -0.267238 -0.171495
v -0.142678 -0.422531 0.032387
v -0.026597 -0.241594 -0.215418
v -0.048368 -0.372025 -0.042835
v -0.058382 -0.383190 -0.042555
v -0.182710 -0.333105 -0.018720
v 0.000000 -0.257675 -0.235348
v -0.085962 -0.484066 0.072260
v -0.073884 -0.467500 0.050889
v -0.033415 -0.516668 0.103181
v -0.118609 -0.521704 0.152218
v -0.056228 -0.485464 0.036579
v -0.073884 -0.467500 0.050889
v -0.097546 -0.483219 0.077771
v -0.085962 -0.484066 0.072260
v -0.125104 -0.461147 0.071102
v -0.078821 -0.437195 0.021074
v -0.066304 -0.437017 -0.036431
v -0.097546 -0.483219 0.077771
v -0.142626 -0.435794 0.033915
v -0.066373 -0.421519 -0.038746
v -0.125104 -0.461147 0.071102
v -0.074155 -0.289585 -0.187330
v -0.093566 -0.520940 0.074276
v -0.084543 -0.267238 -0.171495
v -0.093566 -0.520940 0.074276
v -0.093566 -0.520940 0.074276
v -0.056228 -0.485464 0.036579
v -0.150557 -0.485248 0.082983
v -0.118609 -0.521704 0.152218
v -0.053430 -0.518109 0.028518
v -0.093566 -0.520940 0.074276
v -0.052509 -0.315206 -0.237767
v -0.053430 -0.518109 0.028518
v -0.066304 -0.437017 -0.036431
v 0.000000 -0.389279 -0.144657
v -0.044662 -0.375033 -0.150553
v -0.085997 -0.374053 -0.125978
v -0.078678 -0.346324 -0.142618
v -0.093566 -0.520940 0.074276
v -0.155783 -0.521229 0.080132
v -0.053430 -0.518109 0.028518
v -0.177262 -0.465506 0.059775
v -0.150557 -0.485248 0.082983
v -0.162232 -0.485568 0.078599
v -0.098036 -0.299970 -0.164315
v -0.057968 -0.521371 -0.018189
v -0.158764 -0.334338 -0.116379
v -0.155783 -0.521229 0.080132
v -0.098036 -0.299970 -0.164315
v -0.113075 -0.334467 -0.147996
v -0.078678 -0.346324 -0.142618
v 0.000000 -0.306960 -0.319862
v -0.038318 -0.344089 -0.319455
v -0.162232 -0.485568 0.078599
v -0.155783 -0.521229 0.080132
v -0.177262 -0.465506 0.059775
v -0.093929 -0.438577 -0.098073
v -0.092335 -0.424107 -0.102250
v -0.155783 -0.521229 0.080132
v -0.039125 -0.391633 -0.229744
v 0.000000 -0.407040 -0.227518
v -0.057968 -0.521371 -0.018189
v -0.212559 -0.520234 0.119991
v -0.198264 -0.482503 0.045078
v -0.198264 -0.482503 0.045078
v -0.193195 -0.421008 -0.018395
v -0.155783 -0.521229 0.080132
v -0.155783 -0.521229 0.080132
v -0.200187 -0.521739 -0.021264
v -0.201430 -0.521414 0.041147
v -0.212559 -0.520234 0.119991
v -0.201430 -0.521414 0.041147
v -0.196230 -0.439849 -0.020248
v -0.166386 -0.423258 -0.097621
v -0.201430 -0.521414 0.041147
v -0.201430 -0.521414 0.041147
v -0.168048 -0.439957 -0.094243
v -0.031523 -0.404173 -0.318833
v 0.000000 -0.417629 -0.318767
v -0.091453 -0.521525 -0.079313
v -0.168240 -0.522203 -0.080961
v 0.000000 -0.134237 -0.556216
v -0.035284 -0.345102 -0.421460
v 0.000000 -0.308727 -0.421460
v -0.200187 -0.521739 -0.021264
v -0.168240 -0.522203 -0.080961
v 0.000000 -0.257582 -0.486054
v -0.061926 -0.220344 -0.533803
v -0.061840 -0.307109 -0.499506
v 0.000000 -0.316066 -0.558472
v 0.000000 -0.134237 -0.556216
v 0.000000 -0.418197 -0.421460
v -0.031403 -0.403619 -0.421460
v -0.061926 -0.220344 -0.533803
v -0.047557 -0.396226 -0.523132
v 0.000000 -0.413578 -0.533263
v -0.156574 -0.192834 -0.629699
v -0.156574 -0.192834 -0.629699
v -0.118081 -0.331046 -0.587834
v -0.118081 -0.331046 -0.587834
v -0.096546 -0.378850 -0.620047
v 0.000000 -0.418409 -0.648280
v -0.131090 -0.347946 -0.641670
v -0.096546 -0.378850 -0.620047
v -0.069104 -0.416631 -0.708488
v 0.000000 -0.418409 -0.648280
v -0.131090 -0.347946 -0.641670
v -0.069104 -0.416631 -0.708488
v -0.157620 -0.477042 0.572377
v -0.139381 -0.478976 0.566606
v -0.123382 -0.466239 0.548985
v -0.243849 -0.458979 0.546943
v -0.218973 -0.519143 0.565285
v -0.218973 -0.519143 0.565285
v -0.218973 -0.519143 0.565285
v -0.151065 -0.518854 0.564508
v -0.108990 -0.518964 0.524383
v -0.151065 -0.518854 0.564508
v -0.267142 -0.518860 0.521629
v -0.120287 -0.364938 0.340646
v 0.000000 -0.059350 0.276616
v -0.195160 0.396487 0.437211
v -0.025863 -0.207874 -0.182760
v 0.000000 -0.196734 -0.179239
v -0.046307 -0.123022 -0.096275
v 0.000000 -0.133728 -0.121443
v -0.048954 -0.100762 -0.036752
v 0.000000 -0.092197 -0.005180
v -0.019639 -0.098466 0.081061
v 0.000000 -0.094467 0.074702
v -0.032685 -0.105706 0.102308
v -0.028137 -0.112252 0.137921
v 0.000000 -0.112524 0.156654
v -0.026597 -0.241594 -0.215418
v 0.000000 -0.257675 -0.235348
v -0.035056 0.017960 0.250342
v -0.028187 -0.032280 0.267732
v 0.000000 -0.043139 0.269133
v 0.000000 0.045032 0.242287
v 0.000000 0.195511 0.229034
v -0.037197 0.211210 0.232251
v -0.042870 0.277931 0.246477
v 0.000000 0.315118 0.257491
v 0.000000 0.386562 0.305361
v -0.052000 0.406710 0.355702
v 0.000000 0.430436 0.403243
v 0.000000 0.431935 0.545329
v -0.047644 0.422282 0.577535
v -0.033789 0.405335 0.641577
v 0.000000 0.214830 0.823764
v -0.021963 0.244089 0.810843
v -0.030426 0.360740 0.722980
v -0.031997 0.331885 0.754617
v 0.000000 0.400395 0.653597
v 0.000000 0.371045 0.710578
v 0.000000 0.321376 0.766826
v 0.000000 0.269290 0.803928
v -0.244833 -0.196102 0.208645
v -0.354768 -0.111271 0.233430
v -0.332390 -0.195722 0.166937
v -0.288042 -0.150169 0.239007
v -0.332390 -0.195722 0.166937
v -0.344563 -0.094590 0.205080
v -0.275111 -0.135743 0.213096
v -0.244833 -0.196102 0.208645
v -0.161148 -0.225097 0.238285
v -0.161148 -0.225097 0.238285
v -0.445497 -0.238975 0.111693
v -0.445497 -0.238975 0.111693
v -0.687427 -0.041571 0.164756
v -0.796392 -0.083741 0.105021
v -0.354768 -0.111271 0.233430
v -0.683340 -0.073181 0.135967
v -0.790158 -0.109564 0.083223
v -0.467596 -0.229941 0.125456
v -0.470438 -0.005171 0.257194
v -0.477149 -0.302278 0.071165
v -0.465958 -0.051427 0.215014
v -0.486056 -0.036942 0.215736
v -0.455974 0.052549 0.259886
v -0.682788 -0.002229 0.158954
v -0.794436 -0.057133 0.100769
v -0.897000 -0.173747 0.023438
v -0.898737 -0.159733 0.023368
v -0.371217 -0.035350 0.214877
v -0.260629 -0.099148 0.226296
v -0.677072 -0.016023 0.123585
v -0.789768 -0.068239 0.076762
v -0.682788 -0.002229 0.158954
v -0.794436 -0.057133 0.100769
v -0.898737 -0.159733 0.023368
v -0.267220 -0.099989 0.262604
v -0.374752 -0.035235 0.245705
v -0.454802 -0.031488 0.183801
v -0.676245 -0.049024 0.108822
v -0.786503 -0.092916 0.065460
v -0.894937 -0.167948 0.013385
v -0.456949 -0.214346 0.101022
v -0.452245 0.027502 0.205668
v -0.445497 -0.238975 0.111693
v -0.477149 -0.302278 0.071165
v -0.483456 -0.210017 0.107032
v -0.894937 -0.167948 0.013385
v -0.864563 -0.153538 0.032472
v -0.283599 -0.129369 0.274376
v -0.128578 -0.221685 0.222388
v -0.161148 -0.225097 0.238285
v -0.150670 -0.249340 0.275162
v -0.149541 -0.196169 0.313948
v -0.118354 -0.152599 0.305930
v -0.118354 -0.152599 0.305930
v -0.114792 -0.151938 0.263288
v -0.267220 -0.099989 0.262604
v -0.387132 -0.063605 0.255114
v -0.374752 -0.035235 0.245705
v -0.455974 0.052549 0.259886
v -0.275111 -0.135743 0.213096
v -0.288042 -0.150169 0.239007
v -0.445497 -0.238975 0.111693
v -0.161148 -0.225097 0.238285
v -0.344563 -0.094590 0.205080
v -0.864563 -0.153538 0.032472
v -0.475841 -0.016069 0.180981
v -0.483456 -0.210017 0.107032
v -0.518922 -0.158045 0.119237
v -0.486056 -0.036942 0.215736
v -0.678462 -0.111796 0.092244
v -0.585128 -0.123341 0.113649
v -0.787413 -0.131868 0.057849
v -0.786503 -0.092916 0.065460
v -0.518922 -0.158045 0.119237
v -0.483456 -0.210017 0.107032
v -0.864563 -0.153538 0.032472
v -0.790158 -0.109564 0.083223
v -0.864563 -0.153538 0.032472
v -0.787413 -0.131868 0.057849
v -0.683340 -0.073181 0.135967
v -0.676245 -0.049024 0.108822
v -0.678462 -0.111796 0.092244
v -0.475841 -0.016069 0.180981
v -0.454802 -0.031488 0.183801
v -0.483456 -0.210017 0.107032
v -0.465958 -0.051427 0.215014
v -0.585128 -0.123341 0.113649
v -0.326033 0.441929 0.231301
v -0.125437 -0.175848 0.444792
v -0.128578 -0.221685 0.222388
v -0.000000 -0.084620 -0.686103
v -0.000000 -0.134644 -0.806871
v -0.120946 -0.134644 -0.686103
v 0.000000 -0.255412 -0.856895
v -0.120946 -0.255412 -0.806871
v -0.170970 -0.255412 -0.686103
v -0.000000 -0.134643 -0.565335
v -0.107219 -0.246696 -0.570089
v 0.000000 -0.255412 -0.515311
v -0.000000 -0.426204 -0.686103
v -0.120946 -0.376180 -0.686103
v -0.000000 -0.376180 -0.806871
v -0.000000 -0.376180 -0.565335
v -0.172748 -0.342221 0.034501
v -0.112339 -0.380783 0.484492
v -0.154796 -0.376243 0.511026
v -0.239779 -0.376984 0.454360
v -0.235315 -0.390164 0.373625
v -0.000000 -0.178243 -0.251809
v 0.025863 -0.207874 -0.182760
v 0.091453 -0.521525 -0.079313
v 0.053430 -0.518109 0.028518
v 0.076244 -0.384206 0.044553
v 0.058382 -0.383190 -0.042555
v 0.048368 -0.372025 -0.042835
v 0.073085 -0.361535 0.061493
v 0.057968 -0.521371 -0.018189
v 0.093566 -0.520940 0.074276
v 0.117304 -0.215929 -0.134906
v 0.142518 -0.268720 -0.132794
v 0.150905 -0.267080 0.078223
v 0.165270 -0.246807 -0.017203
v 0.128459 -0.349964 0.079706
v 0.117304 -0.215929 -0.134906
v 0.000000 -0.374110 -0.038862
v 0.000000 -0.196734 -0.179239
v 0.048368 -0.372025 -0.042835
v 0.073085 -0.361535 0.061493
v 0.105964 -0.339940 0.083386
v 0.000000 -0.376685 0.056372
v 0.141956 -0.178109 -0.018366
v 0.135760 -0.272452 0.096578
v 0.105964 -0.339940 0.083386
v 0.046307 -0.123022 -0.096275
v 0.240703 -0.518555 0.420664
v 0.192744 -0.518728 0.389073
v 0.081288 -0.380055 0.179964
v 0.263454 -0.517869 0.476664
v 0.135760 -0.272452 0.096578
v 0.141956 -0.178109 -0.018366
v 0.075315 -0.106964 0.004381
v 0.137055 -0.189520 0.065581
v 0.000000 -0.403962 0.174520
v 0.000000 -0.133728 -0.121443
v 0.138730 -0.518816 0.400931
v 0.246154 -0.434678 0.399154
v 0.189231 -0.437852 0.370390
v 0.267142 -0.518860 0.521629
v 0.131689 -0.196358 0.097124
v 0.137343 -0.282800 0.187107
v 0.255495 -0.424819 0.464004
v 0.265120 -0.479542 0.530084
v 0.137055 -0.189520 0.065581
v 0.048954 -0.100762 -0.036752
v 0.228099 -0.358050 0.357188
v 0.131570 -0.439194 0.385488
v 0.178557 -0.370076 0.328455
v 0.138730 -0.518816 0.400931
v 0.107652 -0.517680 0.459361
v 0.131689 -0.196358 0.097124
v 0.148353 -0.288612 0.268633
v 0.000000 -0.019668 -0.112753
v 0.265120 -0.479542 0.530084
v 0.214655 -0.309289 0.333728
v 0.284520 -0.517519 0.604608
v 0.243849 -0.458979 0.546943
v 0.072436 -0.122323 0.100561
v 0.125149 -0.379820 0.357885
v 0.284520 -0.517519 0.604608
v 0.707836 0.525824 0.012411
v 0.658841 0.456318 0.031053
v 0.663768 0.458876 0.041336
v 0.000000 -0.423169 0.326010
v 0.210896 -0.424826 0.529441
v 0.131570 -0.439194 0.385488
v 0.120287 -0.364938 0.340646
v 0.172639 -0.296657 0.296147
v 0.707836 0.525824 0.012411
v 0.663768 0.458876 0.041336
v 0.653999 0.484642 0.054558
v 0.135998 -0.199158 0.188089
v 0.155434 -0.289703 0.288495
v 0.155434 -0.289703 0.288495
v 0.199353 -0.259932 0.316232
v 0.240703 -0.518555 0.420664
v 0.192744 -0.518728 0.389073
v 0.138730 -0.518816 0.400931
v 0.228114 -0.339455 0.441263
v 0.661915 0.482670 0.066285
v 0.229396 -0.481447 0.568172
v 0.174372 -0.233763 0.283260
v 0.098835 -0.429941 0.441888
v 0.186501 -0.204184 0.305113
v 0.160953 -0.218282 0.266870
v 0.174372 -0.233763 0.283260
v 0.000000 -0.092197 -0.005180
v 0.581538 0.376695 0.112352
v 0.561834 0.369054 0.085531
v 0.000000 -0.092007 0.028665
v 0.633481 0.523835 0.047570
v 0.633481 0.523835 0.047570
v 0.216737 -0.479712 0.574551
v 0.125149 -0.379820 0.357885
v 0.098825 -0.386229 0.428393
v 0.108990 -0.518964 0.524383
v 0.581538 0.376695 0.112352
v 0.548023 0.415083 0.125518
v 0.212537 -0.296771 0.425838
v 0.120287 -0.364938 0.340646
v 0.092623 -0.377741 0.428862
v 0.092623 -0.377741 0.428862
v 0.186501 -0.204184 0.305113
v 0.164993 -0.170619 0.297903
v 0.073314 -0.134535 0.190784
v 0.107652 -0.517680 0.459361
v 0.263454 -0.517869 0.476664
v 0.156035 -0.424795 0.537353
v 0.185835 -0.519581 0.649618
v 0.185835 -0.519581 0.649618
v 0.186013 -0.457745 0.567140
v 0.186013 -0.457745 0.567140
v 0.105163 -0.483897 0.533752
v 0.440283 0.216090 0.212528
v 0.153855 -0.339402 0.491049
v 0.019639 -0.098466 0.081061
v 0.000000 -0.094467 0.074702
v 0.032685 -0.105706 0.102308
v 0.196099 -0.250588 0.408759
v 0.110744 -0.426068 0.497683
v 0.157620 -0.477042 0.572377
v 0.000000 -0.406159 0.443788
v 0.139381 -0.478976 0.566606
v 0.087196 -0.513427 0.601115
v 0.113758 -0.340487 0.472753
v 0.106967 -0.338169 0.465073
v 0.105163 -0.483897 0.533752
v 0.462818 0.221124 0.243245
v 0.532810 0.445898 0.139774
v 0.106967 -0.338169 0.465073
v 0.028137 -0.112252 0.137921
v 0.148932 -0.295710 0.474220
v 0.123382 -0.466239 0.548985
v 0.087196 -0.513427 0.601115
v 0.108990 -0.518964 0.524383
v 0.267142 -0.518860 0.521629
v 0.545114 0.455649 0.165757
v 0.177278 -0.171674 0.392426
v 0.000000 -0.040915 0.110339
v 0.065174 -0.373020 0.501013
v 0.141140 -0.250446 0.460689
v 0.000000 -0.112524 0.156654
v 0.119739 -0.298952 0.470123
v 0.493398 0.504946 0.129902
v 0.462818 0.221124 0.243245
v 0.432984 0.284138 0.258165
v 0.000000 -0.119542 0.199836
v 0.109440 -0.301514 0.470288
v 0.000000 -0.380889 0.516992
v 0.177278 -0.171674 0.392426
v 0.493398 0.504946 0.129902
v 0.151065 -0.518854 0.564508
v 0.218973 -0.519143 0.565285
v 0.069004 -0.110129 0.274469
v 0.109440 -0.301514 0.470288
v 0.112494 -0.249989 0.463446
v 0.234449 -0.032585 0.332984
v 0.260193 -0.058384 0.407392
v 0.286627 0.023312 0.342887
v 0.234449 -0.032585 0.332984
v 0.112494 -0.249989 0.463446
v 0.069758 -0.323856 0.539157
v 0.134235 -0.117434 0.362360
v 0.286627 0.023312 0.342887
v 0.319205 -0.000883 0.429545
v 0.126863 -0.087243 0.368003
v 0.125437 -0.175848 0.444792
v 0.321612 -0.024355 0.522251
v 0.252073 -0.086499 0.529271
v 0.126863 -0.087243 0.368003
v 0.343151 0.066567 0.449115
v 0.126863 -0.087243 0.368003
v 0.371248 0.338500 0.199682
v 0.000000 -0.330650 0.563442
v 0.305042 0.132101 0.329230
v 0.324991 0.133207 0.377185
v 0.064717 -0.071963 0.296556
v 0.064717 -0.071963 0.296556
v 0.117736 -0.128947 0.437821
v 0.305042 0.132101 0.329230
v 0.000000 -0.102639 0.259207
v 0.125351 -0.106381 0.442147
v 0.324991 0.133207 0.377185
v 0.324991 0.133207 0.377185
v 0.339619 0.038630 0.545459
v 0.142050 0.051675 0.260338
v 0.151065 -0.518854 0.564508
v 0.125351 -0.106381 0.442147
v 0.267142 -0.518860 0.521629
v 0.218973 -0.519143 0.565285
v 0.000000 -0.059350 0.276616
v 0.307380 0.218701 0.434971
v 0.324991 0.133207 0.377185
v 0.076686 -0.252516 0.535331
v 0.035056 0.017960 0.250342
v 0.223325 0.225733 0.277653
v 0.000000 0.006805 0.185504
v 0.028187 -0.032280 0.267732
v 0.223325 0.225733 0.277653
v 0.389919 0.377957 0.282371
v 0.000000 -0.043139 0.269133
v 0.307380 0.218701 0.434971
v 0.328611 0.477448 0.293314
v 0.293943 -0.042698 0.606332
v 0.000000 0.045032 0.242287
v 0.000000 -0.263933 0.571883
v 0.411751 0.388822 0.320283
v 0.328611 0.477448 0.293314
v 0.075181 -0.153145 0.527206
v 0.201501 -0.093009 0.635611
v 0.311888 0.025499 0.618841
v 0.314785 0.135734 0.568865
v 0.378589 0.452014 0.329047
v 0.075056 -0.126522 0.537614
v 0.220125 -0.047783 0.694626
v 0.000000 -0.161158 0.557290
v 0.075056 -0.126522 0.537614
v 0.000000 0.195511 0.229034
v 0.037197 0.211210 0.232251
v 0.173841 0.368096 0.326779
v 0.042870 0.277931 0.246477
v 0.262462 -0.024821 0.673053
v 0.000000 -0.132146 0.569720
v 0.269213 0.002110 0.678393
v 0.291891 0.213279 0.593409
v 0.274817 0.330894 0.427864
v 0.102062 -0.105705 0.688456
v 0.000000 -0.132146 0.569720
v 0.000000 0.249384 0.152694
v 0.245455 -0.007481 0.689627
v 0.292855 0.114853 0.623721
v 0.260792 0.018060 0.689134
v 0.249451 -0.002220 0.689825
v 0.173841 0.368096 0.326779
v 0.246135 -0.001927 0.692953
v 0.213386 -0.023357 0.712300
v 0.236674 -0.003448 0.681845
v 0.234371 -0.006361 0.683407
v 0.234774 -0.002393 0.684317
v 0.273444 0.180012 0.638611
v 0.190828 -0.022350 0.666929
v 0.236674 -0.003448 0.681845
v 0.234371 -0.006361 0.683407
v 0.151065 -0.518854 0.564508
v 0.186545 -0.009703 0.673745
v 0.234774 -0.002393 0.684317
v 0.205252 -0.017720 0.704476
v 0.273570 0.109716 0.648310
v 0.205252 -0.017720 0.704476
v 0.204841 -0.016351 0.703320
v 0.211475 -0.018389 0.715699
v 0.248593 0.049550 0.693742
v 0.211859 -0.003587 0.727337
v 0.204841 -0.016351 0.703320
v 0.264221 0.164568 0.667412
v 0.167830 -0.035187 0.717615
v 0.238997 0.063168 0.700949
v 0.260486 0.337397 0.466833
v 0.218973 -0.519143 0.565285
v 0.000000 0.315118 0.257491
v 0.260486 0.337397 0.466833
v 0.088308 -0.038899 0.632346
v 0.000000 -0.113134 0.719672
v 0.088864 -0.018058 0.647944
v 0.198006 0.032860 0.733658
v 0.118246 -0.066320 0.763742
v 0.148604 0.121947 0.683893
v 0.273570 0.109716 0.648310
v 0.193351 0.047546 0.737884
v 0.000000 -0.040289 0.615272
v 0.264221 0.164568 0.667412
v 0.000000 -0.019178 0.637832
v 0.238997 0.063168 0.700949
v 0.254825 0.286148 0.638089
v 0.054432 -0.046552 0.774017
v 0.195160 0.396487 0.437211
v 0.039139 -0.075974 0.801107
v 0.193351 0.047546 0.737884
v 0.237518 0.232862 0.678972
v 0.195160 0.396487 0.437211
v -0.000000 -0.055445 0.790292
v 0.236181 0.208405 0.698436
v 0.120934 -0.034332 0.780303
v 0.000000 0.386562 0.305361
v 0.236181 0.208405 0.698436
v 0.118194 -0.024982 0.773930
v 0.195160 0.396487 0.437211
v 0.117278 -0.023833 0.776463
v 0.000000 -0.081178 0.801902
v 0.117278 -0.023833 0.776463
v 0.120779 -0.021430 0.786323
v 0.124367 -0.004779 0.785916
v 0.118194 -0.024982 0.773930
v 0.130369 0.032166 0.760423
v 0.174408 0.395521 0.519904
v 0.112811 0.415846 0.534068
v 0.186751 0.375539 0.569641
v 0.133682 0.046581 0.756171
v 0.133682 0.046581 0.756171
v 0.052000 0.406710 0.355702
v 0.044475 -0.050037 0.819654
v 0.043346 -0.038573 0.808361
v 0.043346 -0.038573 0.808361
v 0.082899 0.054680 0.768818
v 0.047208 -0.032262 0.826872
v 0.041954 -0.034621 0.817104
v 0.000000 -0.048087 0.811481
v 0.041954 -0.034621 0.817104
v 0.070713 0.041872 0.790153
v 0.053571 -0.005791 0.828329
v 0.082899 0.054680 0.768818
v 0.000000 0.477779 0.316358
v 0.000000 -0.059348 0.823290
v 0.229396 -0.481447 0.568172
v 0.216737 -0.479712 0.574551
v 0.000000 -0.048087 0.811481
v 0.174408 0.395521 0.519904
v 0.186751 0.375539 0.569641
v 0.216229 0.429247 0.580366
v 0.193632 0.451856 0.514456
v 0.088635 0.126341 0.781249
v 0.181577 0.228279 0.738143
v 0.216229 0.429247 0.580366
v 0.186751 0.375539 0.569641
v 0.112811 0.415846 0.534068
v 0.128070 0.472356 0.537411
v 0.225477 0.485913 0.583687
v 0.135220 0.211299 0.766346
v 0.106487 0.176525 0.779399
v 0.000000 -0.036664 0.827673
v 0.000000 -0.036664 0.827673
v 0.000000 -0.034404 0.838570
v 0.000000 0.430436 0.403243
v 0.185271 0.316654 0.694404
v 0.072315 0.127303 0.788594
v 0.027052 0.051240 0.822828
v 0.088635 0.126341 0.781249
v 0.225477 0.485913 0.583687
v 0.000000 -0.005842 0.845343
v 0.147655 0.384712 0.616341
v 0.206697 0.500223 0.539496
v 0.147655 0.384712 0.616341
v 0.161784 0.442159 0.630491
v 0.179185 0.248823 0.729009
v 0.181577 0.228279 0.738143
v 0.000000 0.052748 0.828426
v 0.155141 0.516513 0.547935
v 0.000000 0.430436 0.403243
v 0.031427 0.129355 0.820978
v 0.106487 0.176525 0.779399
v 0.088578 0.186299 0.788867
v 0.135220 0.211299 0.766346
v 0.125742 0.231689 0.767484
v 0.181630 0.497869 0.624907
v 0.190483 0.520730 0.577652
v 0.077157 0.305683 0.765758
v 0.106338 0.408923 0.598550
v 0.190483 0.520730 0.577652
v 0.000000 0.130224 0.828423
v 0.106338 0.408923 0.598550
v 0.115139 0.463915 0.609893
v 0.072582 0.377557 0.673334
v 0.115139 0.463915 0.609893
v 0.106338 0.408923 0.598550
v 0.000000 0.431935 0.545329
v 0.047644 0.422282 0.577535
v 0.144214 0.515011 0.603846
v 0.144214 0.515011 0.603846
v 0.053989 0.233503 0.802606
v 0.033789 0.405335 0.641577
v 0.000000 0.214830 0.823764
v 0.021963 0.244089 0.810843
v 0.030426 0.360740 0.722980
v 0.031997 0.331885 0.754617
v 0.000000 0.400395 0.653597
v 0.151065 -0.518854 0.564508
v 0.108990 -0.518964 0.524383
v 0.000000 0.371045 0.710578
v 0.000000 0.247875 0.856895
v 0.000000 0.321376 0.766826
v 0.000000 0.269290 0.803928
v 0.000000 0.523395 0.630057
v 0.000000 0.393568 0.782616
v 0.079981 -0.421056 0.021019
v 0.066373 -0.421519 -0.038746
v 0.033415 -0.516668 0.103181
v 0.084543 -0.267238 -0.171495
v 0.142678 -0.422531 0.032387
v 0.026597 -0.241594 -0.215418
v 0.048368 -0.372025 -0.042835
v 0.058382 -0.383190 -0.042555
v 0.182710 -0.333105 -0.018720
v 0.000000 -0.257675 -0.235348
v 0.085962 -0.484066 0.072260
v 0.073884 -0.467500 0.050889
v 0.033415 -0.516668 0.103181
v 0.118609 -0.521704 0.152218
v 0.056228 -0.485464 0.036579
v 0.073884 -0.467500 0.050889
v 0.097546 -0.483219 0.077771
v 0.085962 -0.484066 0.072260
v 0.125104 -0.461147 0.071102
v 0.078821 -0.437195 0.021074
v 0.066304 -0.437017 -0.036431
v 0.097546 -0.483219 0.077771
v 0.142626 -0.435794 0.033915
v 0.066373 -0.421519 -0.038746
v 0.125104 -0.461147 0.071102
v 0.074155 -0.289585 -0.187330
v 0.093566 -0.520940 0.074276
v 0.084543 -0.267238 -0.171495
v 0.093566 -0.520940 0.074276
v 0.093566 -0.520940 0.074276
v 0.056228 -0.485464 0.036579
v 0.150557 -0.485248 0.082983
v 0.118609 -0.521704 0.152218
v 0.053430 -0.518109 0.028518
v 0.093566 -0.520940 0.074276
v 0.052509 -0.315206 -0.237767
v 0.053430 -0.518109 0.028518
v 0.066304 -0.437017 -0.036431
v 0.000000 -0.389279 -0.144657
v 0.044662 -0.375033 -0.150553
v 0.085997 -0.374053 -0.125978
v 0.078678 -0.346324 -0.142618
v 0.093566 -0.520940 0.074276
v 0.155783 -0.521229 0.080132
v 0.053430 -0.518109 0.028518
v 0.177262 -0.465506 0.059775
v 0.150557 -0.485248 0.082983
v 0.162232 -0.485568 0.078599
v 0.098036 -0.299970 -0.164315
v 0.057968 -0.521371 -0.018189
v 0.158764 -0.334338 -0.116379
v 0.155783 -0.521229 0.080132
v 0.098036 -0.299970 -0.164315
v 0.113075 -0.334467 -0.147996
v 0.078678 -0.346324 -0.142618
v 0.000000 -0.306960 -0.319862
v 0.038318 -0.344089 -0.319455
v 0.162232 -0.485568 0.078599
v 0.155783 -0.521229 0.080132
v 0.177262 -0.465506 0.059775
v 0.093929 -0.438577 -0.098073
v 0.092335 -0.424107 -0.102250
v 0.155783 -0.521229 0.080132
v 0.039125 -0.391633 -0.229744
v 0.000000 -0.407040 -0.227518
v 0.057968 -0.521371 -0.018189
v 0.212559 -0.520234 0.119991
v 0.198264 -0.482503 0.045078
v 0.198264 -0.482503 0.045078
v 0.193195 -0.421008 -0.018395
v 0.155783 -0.521229 0.080132
v 0.155783 -0.521229 0.080132
v 0.200187 -0.521739 -0.021264
v 0.201430 -0.521414 0.041147
v 0.212559 -0.520234 0.119991
v 0.201430 -0.521414 0.041147
v 0.196230 -0.439849 -0.020248
v 0.166386 -0.423258 -0.097621
v 0.201430 -0.521414 0.041147
v 0.201430 -0.521414 0.041147
v 0.168048 -0.439957 -0.094243
v 0.031523 -0.404173 -0.318833
v 0.000000 -0.417629 -0.318767
v 0.091453 -0.521525 -0.079313
v 0.168240 -0.522203 -0.080961
v 0.000000 -0.134237 -0.556216
v 0.035284 -0.345102 -0.421460
v 0.000000 -0.308727 -0.421460
v 0.200187 -0.521739 -0.021264
v 0.168240 -0.522203 -0.080961
v 0.000000 -0.257582 -0.486054
v 0.061926 -0.220344 -0.533803
v 0.061840 -0.307109 -0.499506
v 0.000000 -0.316066 -0.558472
v 0.000000 -0.134237 -0.556216
v 0.000000 -0.418197 -0.421460
v 0.031403 -0.403619 -0.421460
v 0.061926 -0.220344 -0.533803
v 0.047557 -0.396226 -0.523132
v 0.000000 -0.413578 -0.533263
v 0.156574 -0.192834 -0.629699
v 0.156574 -0.192834 -0.629699
v 0.118081 -0.331046 -0.587834
v 0.118081 -0.331046 -0.587834
v 0.096546 -0.378850 -0.620047
v 0.000000 -0.418409 -0.648280
v 0.131090 -0.347946 -0.641670
v 0.096546 -0.378850 -0.620047
v 0.069104 -0.416631 -0.708488
v 0.000000 -0.418409 -0.648280
v 0.131090 -0.347946 -0.641670
v 0.069104 -0.416631 -0.708488
v 0.157620 -0.477042 0.572377
v 0.139381 -0.478976 0.566606
v 0.123382 -0.466239 0.548985
v 0.243849 -0.458979 0.546943
v 0.218973 -0.519143 0.565285
v 0.218973 -0.519143 0.565285
v 0.218973 -0.519143 0.565285
v 0.151065 -0.518854 0.564508
v 0.108990 -0.518964 0.524383
v 0.151065 -0.518854 0.564508
v 0.267142 -0.518860 0.521629
v 0.120287 -0.364938 0.340646
v 0.000000 -0.059350 0.276616
v 0.195160 0.396487 0.437211
v 0.025863 -0.207874 -0.182760
v 0.000000 -0.196734 -0.179239
v 0.046307 -0.123022 -0.096275
v 0.000000 -0.133728 -0.121443
v 0.048954 -0.100762 -0.036752
v 0.000000 -0.092197 -0.005180
v 0.019639 -0.098466 0.081061
v 0.000000 -0.094467 0.074702
v 0.032685 -0.105706 0.102308
v 0.028137 -0.112252 0.137921
v 0.000000 -0.112524 0.156654
v 0.026597 -0.241594 -0.215418
v 0.000000 -0.257675 -0.235348
v 0.035056 0.017960 0.250342
v 0.028187 -0.032280 0.267732
v 0.000000 -0.043139 0.269133
v 0.000000 0.045032 0.242287
v 0.000000 0.195511 0.229034
v 0.037197 0.211210 0.232251
v 0.042870 0.277931 0.246477
v 0.000000 0.315118 0.257491
v 0.000000 0.386562 0.305361
v 0.052000 0.406710 0.355702
v 0.000000 0.430436 0.403243
v 0.000000 0.431935 0.545329
v 0.047644 0.422282 0.577535
v 0.033789 0.405335 0.641577
v 0.000000 0.214830 0.823764
v 0.021963 0.244089 0.810843
v 0.030426 0.360740 0.722980
v 0.031997 0.331885 0.754617
v 0.000000 0.400395 0.653597
v 0.000000 0.371045 0.710578
v 0.000000 0.321376 0.766826
v 0.000000 0.269290 0.803928
v 0.244833 -0.196102 0.208645
v 0.354768 -0.111271 0.233430
v 0.332390 -0.195722 0.166937
v 0.288042 -0.150169 0.239007
v 0.332390 -0.195722 0.166937
v 0.344563 -0.094590 0.205080
v 0.275111 -0.135743 0.213096
v 0.244833 -0.196102 0.208645
v 0.161148 -0.225097 0.238285
v 0.161148 -0.225097 0.238285
v 0.445497 -0.238975 0.111693
v 0.445497 -0.238975 0.111693
v 0.687427 -0.041571 0.164756
v 0.796392 -0.083741 0.105021
v 0.354768 -0.111271 0.233430
v 0.683340 -0.073181 0.135967
v 0.790158 -0.109564 0.083223
v 0.467596 -0.229941 0.125456
v 0.470438 -0.005171 0.257194
v 0.477149 -0.302278 0.071165
v 0.465958 -0.051427 0.215014
v 0.486056 -0.036942 0.215736
v 0.455974 0.052549 0.259886
v 0.682788 -0.002229 0.158954
v 0.794436 -0.057133 0.100769
v 0.897000 -0.173747 0.023438
v 0.898737 -0.159733 0.023368
v 0.371217 -0.035350 0.214877
v 0.260629 -0.099148 0.226296
v 0.677072 -0.016023 0.123585
v 0.789768 -0.068239 0.076762
v 0.682788 -0.002229 0.158954
v 0.794436 -0.057133 0.100769
v 0.898737 -0.159733 0.023368
v 0.267220 -0.099989 0.262604
v 0.374752 -0.035235 0.245705
v 0.454802 -0.031488 0.183801
v 0.676245 -0.049024 0.108822
v 0.786503 -0.092916 0.065460
v 0.894937 -0.167948 0.013385
v 0.456949 -0.214346 0.101022
v 0.452245 0.027502 0.205668
v 0.445497 -0.238975 0.111693
v 0.477149 -0.302278 0.071165
v 0.483456 -0.210017 0.107032
v 0.894937 -0.167948 0.013385
v 0.864563 -0.153538 0.032472
v 0.283599 -0.129369 0.274376
v 0.128578 -0.221685 0.222388
v 0.161148 -0.225097 0.238285
v 0.150670 -0.249340 0.275162
v 0.149541 -0.196169 0.313948
v 0.118354 -0.152599 0.305930
v 0.118354 -0.152599 0.305930
v 0.114792 -0.151938 0.263288
v 0.267220 -0.099989 0.262604
v 0.387132 -0.063605 0.255114
v 0.374752 -0.035235 0.245705
v 0.455974 0.052549 0.259886
v 0.275111 -0.135743 0.213096
v 0.288042 -0.150169 0.239007
v 0.445497 -0.238975 0.111693
v 0.161148 -0.225097 0.238285
v 0.344563 -0.094590 0.205080
v 0.864563 -0.153538 0.032472
v 0.475841 -0.016069 0.180981
v 0.483456 -0.210017 0.107032
v 0.518922 -0.158045 0.119237
v 0.486056 -0.036942 0.215736
v 0.678462 -0.111796 0.092244
v 0.585128 -0.123341 0.113649
v 0.787413 -0.131868 0.057849
v 0.786503 -0.092916 0.065460
v 0.518922 -0.158045 0.119237
v 0.483456 -0.210017 0.107032
v 0.864563 -0.153538 0.032472
v 0.790158 -0.109564 0.083223
v 0.864563 -0.153538 0.032472
v 0.787413 -0.131868 0.057849
v 0.683340 -0.073181 0.135967
v 0.676245 -0.049024 0.108822
v 0.678462 -0.111796 0.092244
v 0.475841 -0.016069 0.180981
v 0.454802 -0.031488 0.183801
v 0.483456 -0.210017 0.107032
v 0.465958 -0.051427 0.215014
v 0.585128 -0.123341 0.113649
v 0.326033 0.441929 0.231301
v 0.125437 -0.175848 0.444792
v 0.128578 -0.221685 0.222388
v -0.000000 -0.084620 -0.686103
v -0.000000 -0.134644 -0.806871
v 0.120946 -0.134644 -0.686103
v 0.000000 -0.255412 -0.856895
v 0.120946 -0.255412 -0.806871
v 0.170970 -0.255412 -0.686103
v -0.000000 -0.134643 -0.565335
v 0.107219 -0.246696 -0.570089
v 0.000000 -0.255412 -0.515311
v -0.000000 -0.426204 -0.686103
v 0.120946 -0.376180 -0.686103
v -0.000000 -0.376180 -0.806871
v -0.000000 -0.376180 -0.565335
v 0.172748 -0.342221 0.034501
v 0.112339 -0.380783 0.484492
v 0.154796 -0.376243 0.511026
v 0.239779 -0.376984 0.454360
v 0.235315 -0.390164 0.373625
v 0.247518 0.188266 0.628111
v 0.199111 0.247374 0.653372
v 0.130056 0.262392 0.690013
v 0.066729 0.227582 0.724039
v 0.033317 0.156241 0.742454
v 0.042586 0.075619 0.738223
v 0.090992 0.016511 0.712963
v 0.160047 0.001494 0.676322
v 0.223375 0.036303 0.642296
v 0.256785 0.107644 0.623881
v 0.248803 0.178554 0.674180
v 0.209056 0.227088 0.694922
v 0.152353 0.239420 0.725008
v 0.100354 0.210837 0.752948
v 0.072919 0.152258 0.768068
v 0.080529 0.086058 0.764595
v 0.120276 0.037523 0.743853
v 0.176978 0.025191 0.713766
v 0.228978 0.053774 0.685827
v 0.256412 0.112353 0.670707
v 0.222021 0.156821 0.724137
v 0.201124 0.182338 0.735041
v 0.171314 0.188821 0.750859
v 0.143976 0.173794 0.765547
v 0.129553 0.142998 0.773497
v 0.133554 0.108194 0.771670
v 0.154450 0.082677 0.760767
v 0.184261 0.076194 0.744948
v 0.211598 0.091221 0.730260
v 0.226021 0.122018 0.722310
v 0.182530 0.132590 0.757283
v -0.247873 0.188265 0.628111
v -0.199467 0.247374 0.653372
v -0.130412 0.262392 0.690013
v -0.067084 0.227582 0.724039
v -0.033673 0.156241 0.742454
v -0.042941 0.075619 0.738223
v -0.091347 0.016511 0.712963
v -0.160402 0.001494 0.676322
v -0.223730 0.036303 0.642296
v -0.257141 0.107643 0.623881
v -0.249158 0.178554 0.674180
v -0.209411 0.227088 0.694922
v -0.152708 0.239420 0.725008
v -0.100709 0.210837 0.752948
v -0.073274 0.152258 0.768068
v -0.080884 0.086058 0.764595
v -0.120631 0.037523 0.743853
v -0.177334 0.025191 0.713766
v -0.229333 0.053774 0.685827
v -0.256768 0.112353 0.670707
v -0.222376 0.156821 0.724137
v -0.201480 0.182338 0.735041
v -0.171669 0.188821 0.750859
v -0.144331 0.173794 0.765547
v -0.129909 0.142997 0.773497
v -0.133909 0.108193 0.771670
v -0.154806 0.082677 0.760767
v -0.184616 0.076194 0.744948
v -0.211954 0.091221 0.730260
v -0.226377 0.122018 0.722310
v -0.182886 0.132590 0.757283
v -0.000000 -0.178243 -0.251809
v 0.025863 -0.207874 -0.182760
v 0.059703 -0.229634 -0.182448
v 0.083506 -0.185374 -0.144716
v 0.076244 -0.384206 0.044553
v 0.056513 -0.384080 -0.013938
v 0.049024 -0.371517 -0.012993
v 0.073085 -0.361535 0.061493
v 0.165785 -0.246320 -0.060015
v 0.142327 -0.177737 -0.061263
v 0.117304 -0.219989 -0.140611
v 0.142518 -0.268720 -0.134696
v 0.182616 -0.331852 0.020376
v 0.158745 -0.342338 0.068025
v 0.150905 -0.267080 0.078223
v 0.164756 -0.247294 0.025609
v 0.125383 -0.389000 0.057579
v 0.124240 -0.349964 0.079706
v 0.163447 -0.387041 0.045860
v 0.117304 -0.219989 -0.140611
v 0.142327 -0.177737 -0.061263
v 0.101126 -0.135515 -0.062939
v -0.000000 -0.375995 -0.065196
v -0.000000 -0.372225 -0.012527
v -0.000000 -0.196734 -0.179239
v 0.049024 -0.371517 -0.012993
v 0.073085 -0.361535 0.061493
v 0.105964 -0.339940 0.083386
v -0.000000 -0.157244 -0.145693
v -0.000000 -0.376685 0.056372
v 0.141584 -0.178482 0.024531
v 0.135760 -0.272452 0.096578
v 0.105964 -0.339940 0.083386
v 0.046307 -0.123022 -0.096275
v 0.236380 -0.524687 0.413281
v 0.245025 -0.512422 0.406811
v 0.190559 -0.512769 0.385173
v 0.189998 -0.524687 0.396142
v 0.055805 -0.396118 0.177052
v 0.258070 -0.524687 0.476075
v 0.268837 -0.511051 0.477254
v 0.135760 -0.272452 0.096578
v 0.245126 -0.465671 0.395876
v 0.190393 -0.465671 0.374198
v 0.141584 -0.178482 0.024531
v 0.100322 -0.124323 0.024459
v 0.137055 -0.189520 0.065581
v 0.268345 -0.466629 0.470873
v -0.000000 -0.403962 0.174520
v -0.000000 -0.133728 -0.121443
v 0.141727 -0.524687 0.405819
v 0.135734 -0.512945 0.396043
v 0.106772 -0.363991 0.182875
v 0.242667 -0.434678 0.388537
v 0.189231 -0.437852 0.370390
v 0.262405 -0.524687 0.520022
v 0.271879 -0.513032 0.523236
v 0.131688 -0.196358 0.097124
v 0.137343 -0.282800 0.187107
v 0.255495 -0.424819 0.456793
v 0.261391 -0.445256 0.463393
v 0.134394 -0.466507 0.389473
v 0.238181 -0.398220 0.371135
v 0.184822 -0.399456 0.345094
v 0.265120 -0.479542 0.530084
v 0.137055 -0.189520 0.065581
v 0.251072 -0.394033 0.440505
v 0.048954 -0.100762 -0.036752
v 0.230010 -0.358050 0.351879
v 0.109282 -0.380153 0.282287
v 0.131570 -0.439194 0.385488
v 0.178557 -0.361675 0.322909
v 0.141727 -0.524687 0.405819
v 0.135734 -0.512945 0.396043
v 0.102489 -0.510673 0.458221
v 0.243214 -0.353148 0.420695
v 0.057511 -0.416809 0.285056
v 0.131688 -0.196358 0.097124
v 0.255134 -0.439454 0.492729
v 0.148353 -0.288612 0.268633
v 0.128020 -0.404271 0.369457
v -0.000000 -0.019668 -0.112753
v 0.278402 -0.514425 0.550767
v 0.277614 -0.490094 0.567252
v 0.265120 -0.479542 0.530084
v 0.216566 -0.309289 0.328419
v 0.284520 -0.517519 0.604608
v 0.264551 -0.477849 0.576727
v 0.243849 -0.458979 0.546943
v 0.094175 -0.135212 0.099533
v 0.134394 -0.466507 0.389473
v 0.099986 -0.459163 0.454187
v 0.125149 -0.379820 0.357885
v 0.284520 -0.517519 0.604608
v 0.278402 -0.514425 0.550767
v 0.235769 -0.514634 0.580921
v 0.707836 0.525824 0.012411
v 0.658841 0.456318 0.031053
v 0.663768 0.458876 0.041336
v -0.000000 -0.424151 0.286336
v 0.213609 -0.415575 0.516386
v 0.216264 -0.434077 0.542495
v 0.227374 -0.298944 0.396282
v 0.131570 -0.439194 0.385488
v 0.115489 -0.370257 0.337404
v 0.172638 -0.296657 0.296147
v 0.112814 -0.524687 0.460501
v 0.707836 0.525824 0.012411
v 0.663768 0.458876 0.041336
v 0.653999 0.484642 0.054558
v 0.135998 -0.199158 0.188089
v 0.211708 -0.389834 0.500076
v 0.251399 -0.490222 0.585793
v 0.235769 -0.514634 0.580921
v 0.155434 -0.289703 0.288495
v 0.049905 -0.098113 0.028001
v 0.155434 -0.289703 0.288495
v 0.199353 -0.259932 0.316232
v 0.058922 -0.414879 0.362338
v 0.236380 -0.524687 0.413281
v 0.189998 -0.524687 0.396142
v 0.141727 -0.524687 0.405819
v 0.632293 0.509957 0.028850
v 0.206992 -0.349572 0.479895
v 0.661915 0.482670 0.066285
v 0.229396 -0.481447 0.568172
v 0.050696 -0.109435 0.101589
v 0.125085 -0.359618 0.343889
v 0.174372 -0.233763 0.283260
v 0.098835 -0.429941 0.438640
v 0.186501 -0.204184 0.305113
v 0.128020 -0.404271 0.369457
v 0.098695 -0.404016 0.431835
v 0.160953 -0.218282 0.266870
v 0.174372 -0.233763 0.283260
v 0.218563 -0.456148 0.561024
v 0.206672 -0.250937 0.380144
v -0.000000 -0.092197 -0.005180
v -0.000000 -0.422188 0.365684
v 0.581537 0.385540 0.112352
v 0.568623 0.379413 0.095988
v 0.643797 0.515793 0.062134
v -0.000000 -0.092007 0.028665
v 0.633481 0.523835 0.047570
v 0.633481 0.523835 0.047570
v 0.218936 -0.488576 0.574551
v 0.211953 -0.515465 0.598367
v 0.125149 -0.379820 0.357885
v 0.098825 -0.386229 0.428393
v 0.114519 -0.524687 0.524155
v 0.103461 -0.513240 0.524611
v 0.206537 -0.469489 0.571555
v 0.581537 0.385540 0.112352
v 0.558402 0.413184 0.131095
v 0.197700 -0.294598 0.455394
v 0.125085 -0.359618 0.343889
v 0.095826 -0.376626 0.427138
v 0.095826 -0.376626 0.427138
v 0.089421 -0.378856 0.430586
v 0.186501 -0.204184 0.305113
v 0.164993 -0.170619 0.297903
v 0.097055 -0.145353 0.189048
v 0.112814 -0.524687 0.460501
v 0.258070 -0.524687 0.476075
v 0.201885 -0.491163 0.613075
v 0.543994 0.328046 0.152569
v 0.521996 0.325903 0.132532
v 0.607292 0.472955 0.113765
v 0.593299 0.457665 0.093186
v 0.156534 -0.415683 0.525078
v 0.185835 -0.519582 0.649618
v 0.185835 -0.519582 0.649618
v 0.211953 -0.515465 0.598367
v 0.159718 -0.515465 0.598367
v 0.155536 -0.433908 0.545667
v 0.186013 -0.457745 0.567140
v 0.061687 -0.397306 0.437636
v 0.156444 -0.390008 0.507332
v 0.186013 -0.457745 0.567140
v 0.195210 -0.186063 0.365077
v 0.101175 -0.491975 0.530163
v 0.185835 -0.480129 0.613522
v 0.543994 0.328046 0.152569
v 0.521426 0.367376 0.176156
v 0.440283 0.216090 0.212528
v 0.153855 -0.349593 0.491049
v 0.019639 -0.098466 0.081061
v -0.000000 -0.094467 0.074702
v 0.032685 -0.105706 0.102308
v 0.164867 -0.469001 0.570867
v 0.185527 -0.250239 0.437374
v 0.110743 -0.420165 0.497683
v 0.111479 -0.396100 0.486804
v 0.544434 0.416981 0.130399
v 0.493703 0.466215 0.104472
v 0.152671 -0.491659 0.573886
v 0.107358 -0.443524 0.518470
v 0.169784 -0.491163 0.613075
v 0.159718 -0.515465 0.598367
v -0.000000 -0.406159 0.443788
v 0.121745 -0.139383 0.276225
v 0.195210 -0.186063 0.365077
v 0.178107 -0.151814 0.361167
v 0.118191 -0.488657 0.583392
v 0.141758 -0.482977 0.566606
v 0.087196 -0.513427 0.601115
v 0.132950 -0.512838 0.580541
v 0.094425 -0.512858 0.551435
v 0.113166 -0.353056 0.475555
v 0.106967 -0.338169 0.465073
v 0.049574 -0.123716 0.192520
v 0.094571 -0.489489 0.565547
v 0.101175 -0.491975 0.530163
v 0.109151 -0.475819 0.537341
v 0.462818 0.221124 0.243245
v 0.532810 0.445898 0.139774
v 0.106967 -0.338169 0.465073
v 0.097581 -0.356100 0.473401
v 0.028136 -0.112252 0.137921
v 0.148932 -0.295710 0.474220
v 0.106248 -0.479821 0.574215
v 0.123382 -0.466239 0.548985
v 0.132950 -0.512838 0.580541
v 0.087196 -0.513427 0.601115
v 0.094425 -0.512858 0.551435
v 0.114519 -0.524687 0.524155
v 0.262405 -0.524687 0.520022
v 0.545114 0.455649 0.165757
v 0.503951 0.378540 0.168602
v 0.176513 -0.192285 0.425593
v 0.461111 0.377606 0.121502
v -0.000000 -0.040915 0.110339
v 0.065173 -0.373020 0.501013
v 0.145840 -0.249680 0.459125
v 0.526738 0.481911 0.161941
v 0.124921 -0.298160 0.471409
v 0.087348 -0.125034 0.267018
v -0.000000 -0.112524 0.156653
v 0.114557 -0.299745 0.468838
v 0.500188 0.495477 0.140360
v 0.372358 0.164931 0.273922
v 0.399553 0.168000 0.308092
v 0.355656 0.305518 0.184320
v 0.462818 0.221124 0.243245
v 0.444310 0.275328 0.261260
v 0.135710 -0.112938 0.335929
v 0.100914 -0.325560 0.487137
v 0.482431 0.400201 0.170434
v -0.000000 -0.119542 0.199836
v 0.109440 -0.301514 0.470288
v -0.000000 -0.380889 0.516992
v 0.159283 -0.156535 0.417868
v 0.176513 -0.192285 0.425593
v 0.307018 0.205142 0.237517
v 0.500188 0.495477 0.140360
v 0.151831 -0.524687 0.559934
v 0.216914 -0.524687 0.559531
v 0.124574 -0.251212 0.462253
v 0.086850 -0.103477 0.295694
v 0.478004 0.423627 0.185153
v 0.105397 -0.300810 0.492110
v 0.109440 -0.301514 0.470288
v 0.112494 -0.249989 0.463446
v 0.048551 -0.114712 0.257903
v 0.270956 0.000275 0.343302
v 0.234449 -0.032585 0.345344
v 0.260192 -0.058384 0.419674
v 0.234449 -0.032585 0.345344
v 0.270956 0.000275 0.343302
v 0.493843 0.433923 0.220166
v 0.399553 0.168000 0.308092
v 0.382924 0.216428 0.333904
v 0.112494 -0.249989 0.463446
v 0.069499 -0.342215 0.534958
v 0.141713 -0.121930 0.388791
v 0.306971 -0.021416 0.424815
v 0.172485 -0.063679 0.346871
v 0.195006 -0.085216 0.417960
v 0.172485 -0.063679 0.346871
v 0.331440 0.019651 0.434276
v 0.421658 0.292948 0.255071
v 0.422745 0.449088 0.147671
v -0.000000 -0.110600 0.249776
v 0.047483 -0.097292 0.277263
v 0.121633 -0.212529 0.454817
v 0.136933 -0.203804 0.448969
v 0.136933 -0.203804 0.448969
v 0.308156 0.071108 0.343324
v 0.180478 0.007828 0.282937
v 0.467475 0.476247 0.220537
v 0.138569 -0.053125 0.318913
v 0.121314 -0.095939 0.345167
v 0.085131 -0.083938 0.307723
v 0.211108 0.105981 0.266795
v 0.308156 0.071108 0.343324
v 0.121633 -0.212529 0.454817
v 0.433919 0.492875 0.195120
v 0.130489 -0.107923 0.389266
v 0.125436 -0.175848 0.444792
v 0.309522 -0.044617 0.514803
v 0.261154 -0.081048 0.499894
v 0.122030 -0.080718 0.346419
v 0.343150 0.066567 0.449115
v 0.133619 -0.092836 0.391161
v 0.122030 -0.080718 0.346419
v 0.307145 0.430120 0.228356
v -0.000000 -0.350716 0.558916
v 0.333702 -0.004093 0.529700
v 0.099017 -0.250599 0.504339
v 0.305042 0.132101 0.329231
v 0.324991 0.133207 0.377186
v 0.122030 -0.080718 0.346419
v 0.085360 -0.066487 0.304640
v 0.089197 -0.043335 0.290670
v 0.350698 0.236762 0.333563
v 0.085360 -0.066487 0.304640
v 0.044578 -0.077352 0.288560
v 0.117256 -0.137602 0.436899
v 0.305042 0.132101 0.329231
v -0.000000 -0.094679 0.268637
v 0.133619 -0.092836 0.391161
v 0.091575 0.021593 0.257165
v 0.125351 -0.106382 0.442147
v 0.255077 0.176461 0.286329
v 0.433919 0.492875 0.195120
v 0.237814 0.298092 0.238847
v 0.070017 -0.305497 0.543356
v 0.324991 0.133207 0.377186
v 0.324991 0.133207 0.377186
v 0.043797 -0.060076 0.285301
v 0.102992 -0.237395 0.512213
v 0.397540 0.343386 0.265415
v -0.000000 -0.074116 0.277876
v 0.255077 0.176461 0.286329
v 0.043797 -0.060076 0.285301
v 0.339619 0.038630 0.545459
v 0.092639 0.099245 0.234508
v 0.118216 -0.120292 0.438743
v 0.227580 -0.095279 0.565521
v 0.041518 0.000124 0.255902
v 0.338043 0.106497 0.464637
v 0.151831 -0.524687 0.559934
v 0.150300 -0.513021 0.569083
v 0.125351 -0.106382 0.442147
v 0.271879 -0.513032 0.523236
v 0.221032 -0.513600 0.571040
v -0.000000 -0.059350 0.276616
v 0.104901 -0.199624 0.509248
v 0.324546 0.166452 0.418093
v 0.324991 0.133207 0.377186
v 0.050989 -0.266616 0.557532
v 0.028593 0.035795 0.244781
v 0.191573 0.275005 0.268978
v 0.093515 0.257785 0.247161
v 0.318796 0.304294 0.350125
v -0.000000 0.006805 0.185504
v 0.028187 -0.032280 0.267732
v 0.191573 0.275005 0.268978
v 0.389919 0.377957 0.282371
v -0.000000 -0.310583 0.567968
v 0.339197 0.214781 0.387707
v 0.318234 0.232934 0.372709
v -0.000000 -0.043139 0.269133
v 0.053745 -0.255455 0.567241
v 0.324546 0.166452 0.418093
v 0.334564 0.075018 0.558106
v 0.096761 -0.157874 0.503939
v 0.328611 0.477448 0.293314
v 0.276199 -0.064146 0.595982
v 0.054498 -0.216457 0.563314
v -0.000000 0.045032 0.242287
v 0.094723 -0.137355 0.508338
v -0.000000 -0.269238 0.567490
v 0.411751 0.388822 0.320283
v 0.159040 -0.109390 0.531712
v 0.318677 0.167090 0.490074
v 0.299763 -0.021249 0.616682
v 0.095837 -0.122057 0.517490
v 0.328611 0.477448 0.293314
v 0.055367 -0.170319 0.546342
v 0.216914 -0.524687 0.559531
v 0.221032 -0.513600 0.571040
v 0.291246 0.274305 0.403549
v -0.000000 -0.258628 0.576275
v -0.000000 0.104651 0.230151
v 0.095837 -0.122057 0.517490
v 0.097732 -0.118685 0.579353
v 0.191348 -0.101269 0.611352
v 0.314716 0.340961 0.376010
v 0.053871 -0.147032 0.550207
v 0.303972 0.015456 0.633017
v 0.296292 0.271411 0.418191
v 0.314785 0.135734 0.568865
v 0.211653 -0.084748 0.659870
v -0.000000 -0.221242 0.572369
v 0.218487 0.401437 0.296457
v 0.378589 0.452015 0.329047
v 0.054275 -0.130988 0.557739
v 0.256482 -0.044199 0.662366
v 0.267563 -0.020549 0.667580
v 0.220786 -0.057817 0.686617
v -0.000000 -0.171539 0.555175
v 0.334866 0.346518 0.400945
v 0.294266 0.043031 0.647542
v 0.054275 -0.130988 0.557739
v 0.059389 -0.123254 0.593118
v 0.274807 0.003796 0.673063
v 0.290213 0.270949 0.451848
v -0.000000 0.195511 0.229034
v 0.037197 0.211210 0.232251
v 0.290213 0.270949 0.451848
v -0.000000 -0.150777 0.559405
v 0.294098 0.245519 0.517227
v 0.173841 0.368096 0.326779
v 0.048230 0.258019 0.240796
v 0.245470 -0.028243 0.684069
v 0.257361 -0.013742 0.681378
v -0.000000 -0.132146 0.569720
v 0.219463 -0.037748 0.702635
v 0.298187 0.415194 0.420875
v 0.263618 0.000424 0.683723
v 0.122238 -0.110043 0.647835
v 0.263919 0.028535 0.685633
v 0.291891 0.213279 0.593409
v 0.274817 0.330894 0.427864
v 0.067527 -0.116792 0.667672
v -0.000000 -0.132146 0.569720
v -0.000000 -0.125986 0.603766
v -0.000000 0.249384 0.152694
v 0.245455 -0.007481 0.689627
v 0.233635 -0.017264 0.697455
v 0.139408 -0.095488 0.702283
v 0.290521 0.118165 0.619190
v 0.285364 0.098546 0.636016
v 0.257665 0.007585 0.692635
v 0.249451 -0.002220 0.689825
v 0.173841 0.368096 0.326779
v 0.085297 0.360796 0.297924
v 0.246134 -0.001927 0.692953
v 0.213386 -0.023357 0.712300
v 0.236674 -0.003448 0.681845
v 0.234371 -0.006361 0.683407
v 0.234774 -0.002393 0.684317
v 0.224206 -0.013535 0.690469
v 0.268305 0.069857 0.666837
v 0.273444 0.180012 0.638611
v 0.190828 -0.022350 0.666929
v 0.236674 -0.003448 0.681845
v 0.234371 -0.006361 0.683407
v 0.232622 -0.012566 0.700008
v 0.224530 -0.010622 0.688006
v 0.224206 -0.013535 0.690469
v 0.236792 -0.004493 0.707108
v 0.221032 -0.513600 0.571040
v 0.150300 -0.513021 0.569083
v 0.245163 0.441734 0.375064
v 0.186545 -0.009703 0.673745
v 0.234774 -0.002393 0.684317
v 0.205252 -0.017721 0.704476
v 0.275360 0.115860 0.643972
v 0.271778 0.103571 0.652647
v 0.236993 0.012491 0.710033
v 0.037509 0.297843 0.252159
v 0.224530 -0.010622 0.688006
v 0.205252 -0.017721 0.704476
v 0.204841 -0.016351 0.703320
v 0.211474 -0.018389 0.715699
v 0.248593 0.049550 0.693742
v 0.213775 -0.010610 0.724753
v 0.147185 -0.074215 0.733322
v 0.204841 -0.016351 0.703320
v 0.258131 0.081566 0.675761
v 0.079074 -0.101448 0.736034
v 0.264220 0.164568 0.667412
v 0.126454 -0.016379 0.655121
v 0.118181 -0.036887 0.642120
v 0.209944 0.003436 0.729921
v 0.167830 -0.035187 0.717615
v 0.245163 0.441734 0.375064
v 0.238997 0.063168 0.700949
v 0.224464 0.037807 0.715774
v 0.260486 0.337397 0.466833
v 0.151831 -0.524687 0.559934
v 0.216914 -0.524687 0.559531
v 0.144791 -0.020530 0.754520
v -0.000000 0.315118 0.257491
v 0.136213 -0.016835 0.733040
v 0.260486 0.337397 0.466833
v 0.081170 -0.010785 0.696391
v 0.150645 -0.049773 0.751640
v 0.217539 0.052748 0.721688
v 0.062258 -0.052522 0.659176
v 0.144791 -0.020530 0.754520
v 0.058434 -0.040911 0.622573
v -0.000000 -0.121417 0.681693
v 0.051274 -0.019736 0.640767
v 0.034400 -0.103748 0.752184
v 0.198005 0.032860 0.733658
v 0.085783 -0.081820 0.775664
v 0.148604 0.121947 0.683893
v 0.275360 0.115860 0.643972
v 0.271778 0.103571 0.652647
v 0.149765 -0.029337 0.759246
v 0.193351 0.047546 0.737884
v 0.258131 0.081566 0.675761
v -0.000000 -0.040289 0.615272
v -0.000000 -0.056098 0.671317
v 0.247571 0.331450 0.549047
v 0.264220 0.164568 0.667412
v -0.000000 -0.019178 0.637832
v 0.231737 0.366192 0.476147
v 0.238997 0.063168 0.700949
v -0.000000 -0.104851 0.757651
v 0.144400 -0.019761 0.753966
v 0.254824 0.286148 0.638089
v 0.217539 0.052748 0.721688
v 0.054432 -0.046552 0.774017
v 0.195159 0.396487 0.437211
v 0.144400 -0.019761 0.753966
v 0.150395 -0.018658 0.764238
v 0.089368 -0.059471 0.794343
v 0.153235 -0.010258 0.768548
v 0.231737 0.366192 0.476147
v 0.153177 0.000228 0.766446
v 0.037127 -0.086212 0.789977
v 0.193351 0.047546 0.737884
v 0.237518 0.232862 0.678972
v 0.195159 0.396487 0.437211
v -0.000000 -0.055445 0.790292
v 0.236181 0.208405 0.698436
v 0.153689 0.030324 0.752002
v -0.000000 -0.012229 0.688174
v 0.092102 -0.039327 0.801361
v 0.067170 0.423776 0.411610
v 0.154805 0.045157 0.752255
v 0.037591 0.393253 0.328454
v -0.000000 0.386562 0.305361
v 0.236181 0.208405 0.698436
v 0.091597 -0.029433 0.793340
v 0.195159 0.396487 0.437211
v 0.090156 -0.027906 0.798960
v 0.052514 -0.016287 0.790858
v 0.041150 -0.066687 0.812237
v 0.154805 0.045157 0.752255
v -0.000000 -0.090266 0.790562
v 0.090156 -0.027906 0.798960
v 0.091162 -0.024203 0.808408
v 0.093105 -0.011483 0.808885
v 0.091597 -0.029433 0.793340
v 0.097950 0.002396 0.799786
v 0.107050 0.034008 0.768843
v 0.174408 0.395521 0.519904
v 0.130384 0.413220 0.524130
v 0.186750 0.375539 0.569641
v 0.112559 0.048006 0.760086
v 0.112559 0.048006 0.760086
v 0.037725 0.420167 0.382949
v 0.044475 -0.050037 0.819654
v 0.201341 0.227795 0.725601
v -0.000000 -0.020801 0.799757
v 0.208432 0.312901 0.676409
v 0.043346 -0.038573 0.808361
v 0.201365 0.249165 0.711939
v 0.201341 0.227795 0.725601
v 0.043346 -0.038573 0.808361
v -0.000000 -0.072090 0.813243
v 0.082899 0.054680 0.768818
v 0.047208 -0.032262 0.826872
v 0.041954 -0.034621 0.817104
v -0.000000 -0.048087 0.811481
v 0.041954 -0.034621 0.817104
v 0.070713 0.041872 0.790153
v 0.050926 -0.016630 0.831897
v 0.082899 0.054680 0.768818
v 0.056216 0.005048 0.824762
v -0.000000 0.477779 0.316358
v -0.000000 -0.059348 0.823290
v 0.229396 -0.481447 0.568172
v 0.218936 -0.488576 0.574551
v -0.000000 -0.048087 0.811481
v 0.174408 0.395521 0.519904
v 0.186750 0.375539 0.569641
v 0.216229 0.429247 0.580366
v 0.193631 0.451856 0.514456
v 0.088634 0.126341 0.781249
v 0.161812 0.228762 0.750684
v 0.063583 0.068607 0.788030
v 0.068166 0.427978 0.500638
v 0.067170 0.423776 0.411610
v 0.216229 0.429247 0.580366
v 0.186750 0.375539 0.569641
v 0.130384 0.413220 0.524130
v 0.143835 0.469471 0.520487
v 0.225477 0.485913 0.583687
v 0.127772 0.207595 0.769832
v 0.106487 0.176524 0.779399
v -0.000000 -0.036664 0.827673
v -0.000000 -0.036664 0.827673
v -0.000000 -0.034404 0.838570
v -0.000000 0.430436 0.403243
v 0.162110 0.320406 0.712399
v 0.072315 0.127303 0.788594
v 0.027052 0.038642 0.831781
v 0.088634 0.126341 0.781249
v 0.225477 0.485913 0.583687
v -0.000000 -0.020048 0.844990
v 0.147655 0.384712 0.616341
v 0.027580 0.068122 0.821896
v 0.206697 0.500223 0.528799
v 0.147655 0.384712 0.616341
v 0.161784 0.442159 0.630492
v 0.157005 0.248481 0.746080
v 0.161812 0.228762 0.750684
v -0.000000 0.008363 0.845695
v -0.000000 0.040150 0.837379
v 0.166623 0.513101 0.533649
v -0.000000 0.430436 0.403243
v 0.104905 0.418472 0.553078
v 0.031427 0.129355 0.820978
v 0.106487 0.176524 0.779399
v 0.088577 0.186298 0.788867
v 0.127772 0.207595 0.769832
v 0.118294 0.227984 0.772079
v 0.112305 0.475242 0.554334
v 0.104905 0.418472 0.553078
v -0.000000 0.069744 0.828067
v 0.181630 0.497869 0.624907
v 0.190482 0.520730 0.577652
v 0.077157 0.305683 0.765758
v 0.106338 0.408923 0.598550
v 0.070955 0.411553 0.603449
v 0.190482 0.520730 0.577652
v -0.000000 0.130224 0.828423
v 0.106338 0.408923 0.598550
v 0.115139 0.463915 0.609893
v 0.143658 0.519925 0.562220
v 0.069483 0.379775 0.670798
v 0.115139 0.463915 0.609893
v 0.106338 0.408923 0.598550
v 0.034834 0.428623 0.559958
v -0.000000 0.431935 0.545329
v 0.050392 0.415941 0.603035
v 0.144213 0.515011 0.603846
v 0.144213 0.515011 0.603846
v 0.046676 0.209227 0.810559
v 0.061303 0.257778 0.794654
v 0.033789 0.405335 0.641577
v -0.000000 0.214830 0.823764
v 0.022051 0.229348 0.816328
v 0.021874 0.258829 0.805359
v 0.030426 0.360739 0.722980
v 0.031997 0.331885 0.754617
v -0.000000 0.400395 0.653597
v 0.150300 -0.513021 0.569083
v 0.103461 -0.513240 0.524611
v -0.000000 0.371045 0.710578
v -0.000000 0.247875 0.856895
v -0.000000 0.321376 0.766826
v -0.000000 0.269290 0.803928
v -0.000000 0.523395 0.630057
v -0.000000 0.393568 0.782616
v 0.109151 -0.475819 0.537341
v 0.047713 -0.372533 -0.072676
v 0.079981 -0.421056 0.021019
v 0.063166 -0.420557 -0.013668
v 0.053053 -0.251188 -0.197674
v 0.033415 -0.516668 0.103181
v 0.049242 -0.485708 0.081403
v 0.062877 -0.491949 0.088356
v 0.042305 -0.493399 0.068830
v 0.084543 -0.267238 -0.171495
v 0.126841 -0.422531 0.032387
v 0.026597 -0.241593 -0.215418
v 0.049024 -0.371517 -0.012993
v 0.056513 -0.384080 -0.013938
v 0.060252 -0.382299 -0.071172
v 0.047713 -0.372533 -0.072676
v 0.182804 -0.334357 -0.057816
v 0.043438 -0.515983 0.055214
v 0.076920 -0.514214 0.086016
v -0.000000 -0.257675 -0.235348
v 0.186280 -0.378084 0.009906
v 0.085962 -0.484066 0.072260
v 0.073884 -0.467500 0.050889
v 0.043438 -0.515983 0.055214
v 0.033415 -0.516668 0.103181
v 0.076920 -0.514214 0.086016
v 0.118609 -0.521704 0.152218
v 0.105803 -0.495402 0.117693
v 0.120407 -0.483627 0.119239
v 0.056228 -0.485464 0.036579
v 0.169525 -0.422179 0.020599
v 0.073884 -0.467500 0.050889
v 0.135364 -0.494999 0.119973
v 0.097546 -0.483219 0.077771
v 0.085962 -0.484066 0.072260
v 0.125104 -0.461147 0.071102
v 0.097801 -0.519013 0.103542
v 0.078821 -0.437195 0.021074
v 0.061797 -0.437208 -0.011660
v 0.097546 -0.483219 0.077771
v 0.126789 -0.435794 0.033915
v 0.063166 -0.420557 -0.013668
v 0.069580 -0.422480 -0.063823
v 0.125104 -0.461147 0.071102
v 0.081642 -0.298062 -0.178772
v 0.056331 -0.465427 -0.005296
v 0.092777 -0.517141 0.079088
v 0.068003 -0.517581 0.059888
v 0.084543 -0.267238 -0.171495
v 0.090669 -0.516523 0.077455
v 0.090669 -0.516523 0.077455
v 0.092777 -0.517141 0.079088
v 0.056228 -0.485464 0.036579
v 0.150557 -0.485248 0.082983
v 0.145903 -0.518357 0.107252
v 0.097801 -0.519013 0.103542
v 0.118609 -0.521704 0.152218
v 0.145903 -0.518357 0.107252
v 0.053430 -0.516906 0.028518
v 0.090669 -0.516523 0.077455
v 0.043300 -0.285692 -0.241350
v 0.053430 -0.516906 0.028518
v 0.061797 -0.437208 -0.011660
v 0.070811 -0.436826 -0.061202
v -0.000000 -0.389279 -0.144657
v 0.044662 -0.375033 -0.150553
v 0.085997 -0.374053 -0.125978
v 0.081130 -0.347263 -0.139757
v 0.081130 -0.347263 -0.139757
v 0.092777 -0.517141 0.079088
v 0.155453 -0.517224 0.084842
v 0.075573 -0.525069 0.053052
v 0.068003 -0.517581 0.059888
v 0.095409 -0.525048 0.070280
v 0.048161 -0.517781 0.005056
v 0.053430 -0.516906 0.028518
v 0.170587 -0.436516 0.020390
v 0.177262 -0.465506 0.059775
v 0.185926 -0.377518 -0.056351
v 0.061717 -0.344720 -0.234184
v 0.192293 -0.421192 -0.004929
v 0.150557 -0.485248 0.082983
v 0.162232 -0.485568 0.078599
v 0.098036 -0.299970 -0.164315
v 0.057301 -0.525077 0.005182
v 0.158764 -0.348669 -0.112892
v 0.056331 -0.465427 -0.005296
v 0.066366 -0.467787 -0.055323
v 0.155453 -0.517224 0.084842
v 0.098036 -0.299970 -0.164315
v 0.113075 -0.334467 -0.147996
v 0.155453 -0.517224 0.084842
v 0.154702 -0.525077 0.075256
v 0.089802 -0.398999 -0.114211
v 0.076225 -0.345386 -0.157523
v -0.000000 -0.306960 -0.319861
v 0.030761 -0.323239 -0.319772
v 0.182974 -0.494243 0.099494
v 0.162232 -0.485568 0.078599
v 0.048161 -0.517781 0.005056
v 0.058934 -0.517639 -0.044758
v 0.158272 -0.517539 0.085174
v 0.195536 -0.482107 0.091179
v 0.177262 -0.465506 0.059775
v 0.176872 -0.525077 0.061624
v 0.075573 -0.525069 0.053052
v 0.095409 -0.525048 0.070280
v 0.174881 -0.518037 0.099302
v 0.093929 -0.438577 -0.098072
v 0.092335 -0.424107 -0.102250
v 0.158272 -0.517539 0.085174
v 0.039125 -0.391633 -0.229744
v -0.000000 -0.407040 -0.227518
v 0.057301 -0.525077 0.005182
v 0.067476 -0.524988 -0.038237
v 0.197308 -0.439718 -0.008594
v 0.212559 -0.520234 0.119991
v 0.198264 -0.482503 0.045078
v 0.207083 -0.470663 -0.003253
v 0.198264 -0.482503 0.045078
v 0.119340 -0.366325 -0.136063
v 0.194255 -0.420823 -0.054918
v 0.154702 -0.525077 0.075256
v 0.163040 -0.386155 -0.104791
v 0.208372 -0.493773 0.083476
v 0.174881 -0.518037 0.099302
v 0.182090 -0.521733 0.066701
v 0.158272 -0.517539 0.085174
v 0.123675 -0.393057 -0.124059
v 0.182090 -0.521733 0.066701
v 0.176872 -0.525077 0.061624
v 0.092253 -0.468431 -0.092683
v 0.197720 -0.525177 0.001845
v 0.057301 -0.525077 0.005182
v 0.196014 -0.525077 0.040207
v 0.212559 -0.520234 0.119991
v 0.212366 -0.517272 0.075188
v 0.045875 -0.364938 -0.319138
v 0.127398 -0.424767 -0.110251
v 0.212366 -0.517272 0.075188
v 0.128801 -0.439831 -0.105952
v 0.089026 -0.517973 -0.085662
v 0.206847 -0.517751 0.042087
v 0.067476 -0.524988 -0.038237
v 0.191365 -0.525539 -0.040993
v 0.198639 -0.439979 -0.054959
v 0.093879 -0.525077 -0.072965
v 0.166386 -0.423258 -0.097621
v 0.196014 -0.525077 0.040207
v 0.206847 -0.517751 0.042087
v 0.206847 -0.517751 0.042087
v -0.000000 -0.317854 -0.364887
v 0.027086 -0.333715 -0.364949
v 0.203320 -0.469660 -0.053506
v 0.129942 -0.469951 -0.101439
v 0.168047 -0.439957 -0.094243
v 0.031523 -0.404173 -0.318833
v -0.000000 -0.417629 -0.318767
v 0.209824 -0.517926 0.001728
v 0.093879 -0.525077 -0.072965
v 0.164862 -0.525824 -0.074887
v 0.197720 -0.525177 0.001845
v 0.127778 -0.518307 -0.095653
v 0.039721 -0.370161 -0.364740
v 0.127299 -0.525470 -0.081808
v 0.171407 -0.470143 -0.090792
v -0.000000 -0.134237 -0.556216
v 0.028027 -0.325018 -0.421460
v -0.000000 -0.308727 -0.421460
v 0.127299 -0.525470 -0.081808
v 0.201839 -0.518313 -0.047634
v 0.191365 -0.525539 -0.040993
v 0.171619 -0.518582 -0.087036
v 0.164862 -0.525824 -0.074887
v -0.000000 -0.257582 -0.486054
v 0.061926 -0.220344 -0.533803
v 0.048509 -0.276277 -0.492009
v 0.028669 -0.406435 -0.363986
v -0.000000 -0.420403 -0.363663
v 0.042540 -0.365187 -0.421460
v -0.000000 -0.316066 -0.558472
v -0.000000 -0.134237 -0.556216
v -0.000000 -0.418197 -0.421460
v 0.031403 -0.403619 -0.421460
v 0.061926 -0.220344 -0.533803
v 0.075171 -0.337941 -0.507003
v 0.047557 -0.396226 -0.523132
v -0.000000 -0.413578 -0.533263
v 0.156574 -0.192833 -0.629698
v 0.156574 -0.192833 -0.629698
v 0.118081 -0.331046 -0.587834
v 0.118081 -0.331046 -0.587834
v 0.096546 -0.378850 -0.620047
v -0.000000 -0.418409 -0.648280
v 0.131090 -0.347946 -0.641670
v 0.096546 -0.378850 -0.620047
v 0.069104 -0.416631 -0.708488
v -0.000000 -0.418409 -0.648280
v 0.131090 -0.347946 -0.641670
v 0.069104 -0.416631 -0.708488
v 0.164867 -0.469001 0.570867
v 0.152671 -0.491659 0.573886
v 0.141758 -0.482977 0.566606
v 0.123382 -0.466239 0.548985
v 0.243849 -0.458979 0.546943
v 0.221032 -0.513600 0.571040
v 0.221032 -0.513600 0.571040
v 0.221032 -0.513600 0.571040
v 0.150300 -0.513021 0.569083
v 0.206537 -0.469489 0.571555
v 0.103461 -0.513240 0.524611
v 0.150300 -0.513021 0.569083
v 0.271879 -0.513032 0.523236
v 0.125085 -0.359618 0.343889
v -0.000000 -0.059350 0.276616
v 0.195159 0.396487 0.437211
v 0.025863 -0.207874 -0.182760
v -0.000000 -0.196734 -0.179239
v 0.046307 -0.123022 -0.096275
v -0.000000 -0.133728 -0.121443
v 0.048954 -0.100762 -0.036752
v -0.000000 -0.092197 -0.005180
v 0.019639 -0.098466 0.081061
v -0.000000 -0.094467 0.074702
v 0.032685 -0.105706 0.102308
v 0.028136 -0.112252 0.137921
v -0.000000 -0.112524 0.156653
v 0.026597 -0.241593 -0.215418
v -0.000000 -0.257675 -0.235348
v 0.041518 0.000124 0.255902
v 0.028593 0.035795 0.244781
v 0.028187 -0.032280 0.267732
v -0.000000 -0.043139 0.269133
v -0.000000 0.045032 0.242287
v -0.000000 0.195511 0.229034
v 0.037197 0.211210 0.232251
v 0.048230 0.258019 0.240796
v 0.037509 0.297843 0.252159
v -0.000000 0.315118 0.257491
v 0.037591 0.393253 0.328454
v -0.000000 0.386562 0.305361
v 0.037725 0.420167 0.382949
v -0.000000 0.430436 0.403243
v 0.034834 0.428623 0.559958
v -0.000000 0.431935 0.545329
v 0.050392 0.415941 0.603035
v 0.033789 0.405335 0.641577
v -0.000000 0.214830 0.823764
v 0.022051 0.229348 0.816328
v 0.021874 0.258829 0.805359
v 0.030426 0.360739 0.722980
v 0.031997 0.331885 0.754617
v -0.000000 0.400395 0.653597
v -0.000000 0.371045 0.710578
v -0.000000 0.321376 0.766826
v -0.000000 0.269290 0.803928
v 0.075162 -0.393493 -0.745091
v 0.088301 -0.331805 -0.812153
v -0.000000 -0.384423 -0.797101
v 0.075065 -0.246298 -0.843597
v -0.000000 -0.297904 -0.855000
v 0.143190 -0.335247 -0.723760
v 0.168446 -0.252155 -0.693214
v 0.143132 -0.248728 -0.781660
v 0.088553 -0.389993 -0.654077
v 0.075494 -0.345293 -0.574661
v 0.143384 -0.306917 -0.623583
v -0.000000 -0.420386 -0.699404
v -0.000000 -0.392055 -0.599227
v -0.000000 -0.193875 -0.850989
v 0.088404 -0.163483 -0.805662
v 0.143291 -0.166926 -0.717267
v 0.072630 -0.104759 -0.721546
v 0.143447 -0.202889 -0.619572
v 0.088811 -0.257634 -0.549887
v 0.075601 -0.168311 -0.567836
v -0.000000 -0.109656 -0.773591
v 0.085531 -0.115173 -0.631937
v -0.000000 -0.206224 -0.530822
v -0.000000 -0.081598 -0.674375
v -0.000000 -0.117215 -0.577614
v 0.031275 -0.049599 0.756815
v -0.000000 -0.050742 0.767635
v 0.070914 -0.040692 0.662632
v -0.000000 -0.049955 0.661794
v -0.000000 -0.046917 0.582704
v 0.068854 -0.039061 0.583413
v -0.000000 -0.056849 0.727065
v 0.050939 -0.045848 0.728060
v -0.000000 -0.050742 0.767635
v 0.031275 -0.049599 0.756815
v 0.032678 -0.037149 0.729039
v 0.048467 -0.028342 0.584646
v -0.000000 -0.025665 0.584888
v -0.000000 -0.026260 0.664204
v 0.048467 -0.029874 0.663877
v -0.000000 -0.035273 0.729208
v 0.068854 -0.039061 0.583413
v 0.070914 -0.040692 0.662632
v 0.050939 -0.045848 0.728060
v 0.139938 -0.051872 0.711608
v 0.118759 -0.053471 0.734448
v 0.122012 -0.025594 0.719640
v 0.113644 -0.051184 0.711020
v 0.031467 -0.063178 0.782183
v 0.021733 -0.044056 0.778416
v 0.033528 -0.062216 0.767479
v 0.008406 -0.066097 0.786427
v 0.011471 -0.045517 0.780474
v 0.191170 -0.007827 0.674169
v 0.169239 -0.025297 0.678504
v 0.172712 -0.010078 0.697902
v 0.125396 -0.010864 0.733027
v 0.105758 -0.051492 0.733555
v 0.116245 -0.011317 0.749912
v 0.094766 -0.011813 0.755552
v 0.035738 -0.012769 0.789636
v 0.036166 -0.011369 0.771298
v 0.026285 -0.031641 0.782899
v 0.162181 -0.008130 0.674822
v 0.096619 -0.010882 0.727798
v 0.016455 -0.031839 0.785587
v 0.011742 -0.013606 0.796092
v 0.169781 -0.049221 0.683768
v 0.148601 -0.051097 0.706608
v 0.151854 -0.018404 0.691799
v 0.067140 -0.059892 0.767891
v 0.056583 -0.038968 0.766817
v 0.063045 -0.057626 0.751680
v 0.047692 -0.039257 0.771068
v 0.044180 -0.060533 0.778930
v 0.034459 -0.059842 0.767363
v 0.143487 -0.048413 0.683181
v 0.002213 -0.013121 0.780831
v 0.080315 -0.010845 0.765998
v 0.075252 -0.008973 0.747702
v 0.068898 -0.029879 0.764122
v 0.060330 -0.030273 0.770215
v 0.043605 -0.011737 0.769400
v 0.056333 -0.012213 0.782583
v 0.162950 -0.010325 0.707364
v 0.142038 -0.031034 0.707100
v 0.139096 -0.013282 0.728527
v 0.135434 -0.011842 0.702676
v 0.100064 -0.056669 0.742163
v 0.095919 -0.057847 0.758410
v 0.084446 -0.021058 0.750265
v 0.077684 -0.057853 0.761543
v 0.078106 -0.056210 0.740525
v 0.002947 -0.066888 0.773935
v 0.016455 -0.031839 0.785587
v 0.002213 -0.013121 0.780831
v 0.026285 -0.031641 0.782899
v 0.036166 -0.011369 0.771298
v 0.060330 -0.030273 0.770215
v 0.043605 -0.011737 0.769400
v 0.068898 -0.029879 0.764122
v 0.075252 -0.008973 0.747702
v 0.011471 -0.045517 0.780474
v 0.002947 -0.066888 0.773935
v 0.047692 -0.039257 0.771068
v 0.034459 -0.059842 0.767363
v 0.056583 -0.038968 0.766817
v 0.063045 -0.057626 0.751680
v 0.021733 -0.044056 0.778416
v 0.033528 -0.062216 0.767479
v 0.078106 -0.056210 0.740525
v 0.096619 -0.010882 0.727798
v 0.135434 -0.011842 0.702676
v 0.162181 -0.008130 0.674822
v 0.143487 -0.048413 0.683181
v 0.113644 -0.051184 0.711020
v 0.299835 -0.195713 0.189189
v 0.354768 -0.111271 0.233430
v 0.363504 -0.204279 0.157124
v 0.227738 -0.202097 0.217812
v 0.288042 -0.150169 0.239007
v 0.184319 -0.199206 0.224936
v 0.227738 -0.202097 0.217812
v 0.363504 -0.204279 0.157124
v 0.344563 -0.094590 0.205080
v 0.275110 -0.135743 0.213096
v 0.299835 -0.195713 0.189189
v 0.196597 -0.210108 0.247568
v 0.161148 -0.225097 0.238285
v 0.161148 -0.225097 0.238285
v 0.445497 -0.238975 0.111693
v 0.445497 -0.238975 0.111693
v 0.729893 -0.071314 0.138852
v 0.646272 -0.049957 0.178896
v 0.643876 -0.007205 0.192535
v 0.729665 -0.037809 0.148740
v 0.795904 -0.096974 0.101963
v 0.796880 -0.070507 0.108079
v 0.354768 -0.111271 0.233430
v 0.355044 -0.097350 0.254936
v 0.390597 -0.074572 0.252528
v 0.724822 -0.084418 0.116769
v 0.641858 -0.061943 0.155166
v 0.790158 -0.109564 0.083223
v 0.467596 -0.229941 0.125456
v 0.477887 -0.030230 0.243446
v 0.453345 -0.055634 0.227739
v 0.462989 0.019888 0.270942
v 0.477148 -0.302278 0.071165
v 0.465958 -0.051427 0.215014
v 0.545052 0.012010 0.237781
v 0.550937 -0.033572 0.217722
v 0.480905 -0.043597 0.215736
v 0.550148 -0.045179 0.196304
v 0.455974 0.052549 0.259886
v 0.537995 0.040529 0.225133
v 0.639544 0.014712 0.179448
v 0.726033 -0.019170 0.138460
v 0.794436 -0.057133 0.100769
v 0.900000 -0.169644 0.017473
v 0.897000 -0.173747 0.023438
v 0.898737 -0.159732 0.023368
v 0.369709 -0.029810 0.225104
v 0.372725 -0.040890 0.204650
v 0.261374 -0.104672 0.213968
v 0.259883 -0.093624 0.238624
v 0.719464 -0.046309 0.094400
v 0.723029 -0.018713 0.118865
v 0.634672 0.016320 0.154613
v 0.631121 -0.015389 0.126462
v 0.787262 -0.079262 0.067236
v 0.792274 -0.057215 0.086288
v 0.726033 -0.019170 0.138460
v 0.639544 0.014712 0.179448
v 0.794436 -0.057133 0.100769
v 0.900000 -0.169644 0.017473
v 0.898737 -0.159732 0.023368
v 0.267220 -0.099989 0.262604
v 0.374752 -0.035235 0.245705
v 0.454802 -0.031488 0.183801
v 0.437100 -0.027234 0.185115
v 0.272597 -0.130894 0.209288
v 0.332884 -0.068765 0.209124
v 0.632830 -0.034835 0.124557
v 0.719660 -0.063214 0.093088
v 0.786503 -0.092916 0.065460
v 0.894937 -0.167948 0.013385
v 0.456949 -0.214346 0.101022
v 0.541740 -0.019276 0.156341
v 0.534882 0.003652 0.158728
v 0.456618 0.007139 0.185383
v 0.534190 0.038308 0.192749
v 0.447872 0.047865 0.225952
v 0.537995 0.040529 0.225133
v 0.445497 -0.238975 0.111693
v 0.477148 -0.302278 0.071165
v 0.483424 -0.239079 0.094215
v 0.483456 -0.210017 0.107032
v 0.894937 -0.167948 0.013385
v 0.864563 -0.153538 0.032472
v 0.160760 -0.149950 0.226243
v 0.177747 -0.187228 0.215693
v 0.288565 -0.141188 0.270273
v 0.200309 -0.216038 0.265266
v 0.197491 -0.199140 0.297858
v 0.183671 -0.158910 0.312138
v 0.278632 -0.117550 0.278479
v 0.168897 -0.134665 0.292413
v 0.168897 -0.134665 0.292413
v 0.159713 -0.128029 0.265514
v 0.128578 -0.221685 0.222388
v 0.161148 -0.225097 0.238285
v 0.184319 -0.199206 0.224936
v 0.150670 -0.249340 0.275162
v 0.157060 -0.219953 0.305878
v 0.142022 -0.172386 0.322018
v 0.118354 -0.152599 0.305930
v 0.118354 -0.152599 0.305930
v 0.115942 -0.143956 0.279509
v 0.113641 -0.159919 0.247066
v 0.289673 -0.152025 0.248113
v 0.267220 -0.099989 0.262604
v 0.347425 -0.075866 0.261754
v 0.383666 -0.052637 0.257700
v 0.333029 -0.058678 0.228238
v 0.339501 -0.064147 0.248148
v 0.339501 -0.064147 0.248148
v 0.374752 -0.035235 0.245705
v 0.455974 0.052549 0.259886
v 0.275110 -0.135743 0.213096
v 0.288042 -0.150169 0.239007
v 0.196597 -0.210108 0.247568
v 0.445497 -0.238975 0.111693
v 0.161148 -0.225097 0.238285
v 0.137554 -0.242967 0.241890
v 0.344563 -0.094590 0.205080
v 0.864563 -0.153538 0.032472
v 0.467447 -0.019936 0.181369
v 0.483456 -0.210017 0.107032
v 0.483424 -0.239079 0.094215
v 0.137554 -0.242967 0.241890
v 0.518922 -0.158045 0.119237
v 0.494663 -0.188393 0.114002
v 0.480905 -0.043597 0.215736
v 0.550148 -0.045179 0.196304
v 0.602517 -0.118016 0.111727
v 0.554187 -0.134275 0.118245
v 0.787413 -0.131867 0.057849
v 0.786503 -0.092916 0.065460
v 0.719660 -0.063214 0.093088
v 0.724339 -0.117263 0.079393
v 0.518922 -0.158045 0.119237
v 0.541740 -0.019276 0.156341
v 0.494663 -0.188393 0.114002
v 0.483456 -0.210017 0.107032
v 0.864563 -0.153538 0.032472
v 0.790158 -0.109564 0.083223
v 0.864563 -0.153538 0.032472
v 0.787413 -0.131867 0.057849
v 0.724339 -0.117263 0.079393
v 0.724822 -0.084418 0.116769
v 0.641858 -0.061943 0.155166
v 0.662653 -0.111755 0.098464
v 0.632830 -0.034835 0.124557
v 0.662653 -0.111755 0.098464
v 0.602517 -0.118016 0.111727
v 0.467447 -0.019936 0.181369
v 0.454802 -0.031488 0.183801
v 0.483456 -0.210017 0.107032
v 0.465958 -0.051427 0.215014
v 0.554187 -0.134275 0.118245
v -0.000000 -0.178243 -0.251809
v -0.025863 -0.207874 -0.182760
v -0.059703 -0.229634 -0.182448
v -0.083506 -0.185374 -0.144716
v -0.076244 -0.384206 0.044553
v -0.056513 -0.384080 -0.013938
v -0.049024 -0.371517 -0.012993
v -0.073085 -0.361535 0.061493
v -0.165785 -0.246320 -0.060015
v -0.142327 -0.177737 -0.061263
v -0.117304 -0.219990 -0.140611
v -0.142518 -0.268720 -0.134696
v -0.182616 -0.331852 0.020376
v -0.158745 -0.342338 0.068025
v -0.150905 -0.267080 0.078223
v -0.164756 -0.247294 0.025609
v -0.125383 -0.389000 0.057579
v -0.124240 -0.349964 0.079706
v -0.163447 -0.387041 0.045860
v -0.117304 -0.219990 -0.140611
v -0.142327 -0.177737 -0.061263
v -0.101126 -0.135515 -0.062939
v -0.000000 -0.375995 -0.065196
v -0.000000 -0.372225 -0.012527
v -0.000000 -0.196734 -0.179239
v -0.049024 -0.371517 -0.012993
v -0.073085 -0.361535 0.061493
v -0.105964 -0.339940 0.083386
v -0.000000 -0.157244 -0.145693
v -0.000000 -0.376685 0.056372
v -0.141585 -0.178482 0.024531
v -0.135760 -0.272452 0.096578
v -0.105964 -0.339940 0.083386
v -0.046307 -0.123022 -0.096275
v -0.236380 -0.524687 0.413281
v -0.245025 -0.512422 0.406811
v -0.190559 -0.512769 0.385173
v -0.189998 -0.524687 0.396142
v -0.055805 -0.396118 0.177052
v -0.258070 -0.524687 0.476075
v -0.268837 -0.511051 0.477254
v -0.135760 -0.272452 0.096578
v -0.245126 -0.465671 0.395876
v -0.190393 -0.465671 0.374198
v -0.141585 -0.178482 0.024531
v -0.100322 -0.124322 0.024459
v -0.137055 -0.189520 0.065581
v -0.268345 -0.466629 0.470873
v -0.000000 -0.403962 0.174520
v -0.000000 -0.133728 -0.121443
v -0.141727 -0.524687 0.405819
v -0.135734 -0.512945 0.396043
v -0.106772 -0.363991 0.182875
v -0.242667 -0.434678 0.388537
v -0.189231 -0.437852 0.370390
v -0.262405 -0.524687 0.520022
v -0.271879 -0.513032 0.523236
v -0.131689 -0.196358 0.097123
v -0.137343 -0.282800 0.187107
v -0.255495 -0.424819 0.456793
v -0.261391 -0.445256 0.463393
v -0.134394 -0.466507 0.389473
v -0.238181 -0.398220 0.371135
v -0.184822 -0.399456 0.345094
v -0.265120 -0.479542 0.530084
v -0.137055 -0.189520 0.065581
v -0.251072 -0.394033 0.440505
v -0.048954 -0.100762 -0.036752
v -0.230010 -0.358050 0.351879
v -0.109282 -0.380153 0.282287
v -0.131570 -0.439194 0.385488
v -0.178557 -0.361675 0.322909
v -0.141727 -0.524687 0.405819
v -0.135734 -0.512945 0.396043
v -0.102489 -0.510673 0.458221
v -0.243214 -0.353148 0.420695
v -0.057511 -0.416809 0.285056
v -0.131689 -0.196358 0.097123
v -0.255134 -0.439454 0.492729
v -0.148353 -0.288612 0.268633
v -0.128020 -0.404271 0.369457
v -0.000000 -0.019668 -0.112753
v -0.278402 -0.514425 0.550767
v -0.277614 -0.490094 0.567252
v -0.265120 -0.479542 0.530084
v -0.216566 -0.309289 0.328419
v -0.284520 -0.517519 0.604608
v -0.264551 -0.477849 0.576727
v -0.243849 -0.458979 0.546943
v -0.094176 -0.135212 0.099533
v -0.134394 -0.466507 0.389473
v -0.099986 -0.459163 0.454187
v -0.125149 -0.379820 0.357885
v -0.284520 -0.517519 0.604608
v -0.278402 -0.514425 0.550767
v -0.235769 -0.514634 0.580921
v -0.707836 0.525824 0.012411
v -0.658841 0.456318 0.031052
v -0.663768 0.458876 0.041336
v -0.000000 -0.424151 0.286336
v -0.213609 -0.415575 0.516385
v -0.216264 -0.434077 0.542495
v -0.227374 -0.298944 0.396282
v -0.131570 -0.439194 0.385488
v -0.115489 -0.370257 0.337404
v -0.172639 -0.296657 0.296147
v -0.112814 -0.524687 0.460501
v -0.707836 0.525824 0.012411
v -0.663768 0.458876 0.041336
v -0.653999 0.484642 0.054558
v -0.135998 -0.199158 0.188089
v -0.211708 -0.389834 0.500076
v -0.251399 -0.490222 0.585793
v -0.235769 -0.514634 0.580921
v -0.155434 -0.289703 0.288495
v -0.049905 -0.098113 0.028001
v -0.155434 -0.289703 0.288495
v -0.199353 -0.259932 0.316232
v -0.058922 -0.414879 0.362338
v -0.236380 -0.524687 0.413281
v -0.189998 -0.524687 0.396142
v -0.141727 -0.524687 0.405819
v -0.632293 0.509957 0.028850
v -0.206992 -0.349572 0.479895
v -0.661915 0.482670 0.066285
v -0.229396 -0.481447 0.568172
v -0.050696 -0.109435 0.101589
v -0.125085 -0.359618 0.343889
v -0.174372 -0.233763 0.283260
v -0.098835 -0.429941 0.438640
v -0.186501 -0.204184 0.305113
v -0.128020 -0.404271 0.369457
v -0.098695 -0.404016 0.431835
v -0.160953 -0.218282 0.266870
v -0.174372 -0.233763 0.283260
v -0.218563 -0.456148 0.561024
v -0.206672 -0.250937 0.380144
v -0.000000 -0.092197 -0.005180
v -0.000000 -0.422188 0.365684
v -0.581538 0.385540 0.112351
v -0.568623 0.379413 0.095988
v -0.643798 0.515793 0.062134
v -0.000000 -0.092007 0.028665
v -0.633481 0.523835 0.047570
v -0.633481 0.523835 0.047570
v -0.218936 -0.488576 0.574551
v -0.211953 -0.515465 0.598367
v -0.125149 -0.379820 0.357885
v -0.098825 -0.386229 0.428393
v -0.114519 -0.524687 0.524155
v -0.103461 -0.513240 0.524611
v -0.206537 -0.469489 0.571555
v -0.581538 0.385540 0.112351
v -0.558402 0.413184 0.131095
v -0.197700 -0.294598 0.455394
v -0.125085 -0.359618 0.343889
v -0.095826 -0.376626 0.427138
v -0.095826 -0.376626 0.427138
v -0.089421 -0.378856 0.430586
v -0.186501 -0.204184 0.305113
v -0.164993 -0.170619 0.297903
v -0.097055 -0.145353 0.189048
v -0.112814 -0.524687 0.460501
v -0.258070 -0.524687 0.476075
v -0.201885 -0.491163 0.613075
v -0.543994 0.328046 0.152569
v -0.521996 0.325903 0.132532
v -0.607292 0.472955 0.113764
v -0.593299 0.457665 0.093186
v -0.156534 -0.415683 0.525078
v -0.185835 -0.519582 0.649618
v -0.185835 -0.519582 0.649618
v -0.211953 -0.515465 0.598367
v -0.159718 -0.515465 0.598367
v -0.155536 -0.433908 0.545667
v -0.186013 -0.457745 0.567140
v -0.061687 -0.397306 0.437636
v -0.156444 -0.390008 0.507332
v -0.186013 -0.457745 0.567140
v -0.195210 -0.186063 0.365077
v -0.101175 -0.491975 0.530163
v -0.185835 -0.480129 0.613522
v -0.543994 0.328046 0.152569
v -0.521426 0.367376 0.176156
v -0.440283 0.216090 0.212528
v -0.153855 -0.349593 0.491049
v -0.019639 -0.098466 0.081061
v -0.000000 -0.094467 0.074702
v -0.032685 -0.105705 0.102308
v -0.164867 -0.469001 0.570867
v -0.185527 -0.250239 0.437374
v -0.110744 -0.420165 0.497683
v -0.111479 -0.396100 0.486804
v -0.544435 0.416981 0.130399
v -0.493704 0.466215 0.104471
v -0.152671 -0.491659 0.573886
v -0.107358 -0.443524 0.518470
v -0.169784 -0.491163 0.613075
v -0.159718 -0.515465 0.598367
v -0.000000 -0.406159 0.443788
v -0.121745 -0.139383 0.276225
v -0.195210 -0.186063 0.365077
v -0.178107 -0.151814 0.361166
v -0.118191 -0.488657 0.583392
v -0.141758 -0.482977 0.566606
v -0.087196 -0.513427 0.601115
v -0.132950 -0.512838 0.580541
v -0.094425 -0.512858 0.551435
v -0.113166 -0.353056 0.475555
v -0.106967 -0.338169 0.465073
v -0.049574 -0.123716 0.192520
v -0.094571 -0.489489 0.565547
v -0.101175 -0.491975 0.530163
v -0.109151 -0.475819 0.537341
v -0.462818 0.221124 0.243245
v -0.532810 0.445898 0.139773
v -0.106967 -0.338169 0.465073
v -0.097581 -0.356100 0.473401
v -0.028137 -0.112252 0.137921
v -0.148932 -0.295710 0.474220
v -0.106248 -0.479821 0.574215
v -0.123382 -0.466239 0.548985
v -0.132950 -0.512838 0.580541
v -0.087196 -0.513427 0.601115
v -0.094425 -0.512858 0.551435
v -0.114519 -0.524687 0.524155
v -0.262405 -0.524687 0.520022
v -0.545114 0.455649 0.165757
v -0.503951 0.378540 0.168602
v -0.176513 -0.192285 0.425593
v -0.461112 0.377606 0.121502
v -0.000000 -0.040915 0.110339
v -0.065174 -0.373020 0.501013
v -0.145840 -0.249680 0.459125
v -0.526738 0.481911 0.161941
v -0.124921 -0.298160 0.471409
v -0.087348 -0.125034 0.267018
v -0.000000 -0.112524 0.156653
v -0.114557 -0.299745 0.468838
v -0.500188 0.495477 0.140360
v -0.372358 0.164931 0.273922
v -0.399553 0.168000 0.308092
v -0.355656 0.305518 0.184320
v -0.462818 0.221124 0.243245
v -0.444310 0.275328 0.261260
v -0.135710 -0.112938 0.335929
v -0.100914 -0.325560 0.487137
v -0.482431 0.400201 0.170434
v -0.000000 -0.119542 0.199836
v -0.109440 -0.301514 0.470288
v -0.000000 -0.380889 0.516992
v -0.159283 -0.156535 0.417868
v -0.176513 -0.192285 0.425593
v -0.307018 0.205142 0.237517
v -0.500188 0.495477 0.140360
v -0.151831 -0.524687 0.559934
v -0.216914 -0.524687 0.559531
v -0.124574 -0.251212 0.462253
v -0.086850 -0.103477 0.295693
v -0.478004 0.423627 0.185153
v -0.105397 -0.300809 0.492110
v -0.109440 -0.301514 0.470288
v -0.112494 -0.249989 0.463446
v -0.048551 -0.114712 0.257903
v -0.270956 0.000275 0.343302
v -0.234449 -0.032585 0.345344
v -0.260193 -0.058384 0.419673
v -0.234449 -0.032585 0.345344
v -0.270956 0.000275 0.343302
v -0.493844 0.433923 0.220166
v -0.399553 0.168000 0.308092
v -0.382924 0.216428 0.333904
v -0.112494 -0.249989 0.463446
v -0.069499 -0.342215 0.534958
v -0.141713 -0.121930 0.388791
v -0.306971 -0.021416 0.424814
v -0.172486 -0.063679 0.346870
v -0.195006 -0.085217 0.417960
v -0.172486 -0.063679 0.346870
v -0.331440 0.019651 0.434276
v -0.421658 0.292948 0.255070
v -0.422745 0.449088 0.147670
v -0.000000 -0.110600 0.249776
v -0.047483 -0.097292 0.277263
v -0.121633 -0.212529 0.454817
v -0.136933 -0.203804 0.448969
v -0.136933 -0.203804 0.448969
v -0.308156 0.071108 0.343324
v -0.180478 0.007828 0.282937
v -0.467475 0.476247 0.220536
v -0.138569 -0.053125 0.318912
v -0.121314 -0.095939 0.345167
v -0.085131 -0.083938 0.307723
v -0.211108 0.105981 0.266795
v -0.308156 0.071108 0.343324
v -0.121633 -0.212529 0.454817
v -0.433919 0.492875 0.195120
v -0.130489 -0.107923 0.389266
v -0.125437 -0.175848 0.444792
v -0.309522 -0.044617 0.514803
v -0.261154 -0.081048 0.499894
v -0.122030 -0.080718 0.346419
v -0.343151 0.066567 0.449115
v -0.133619 -0.092836 0.391161
v -0.122030 -0.080718 0.346419
v -0.307145 0.430120 0.228355
v -0.000000 -0.350716 0.558916
v -0.333702 -0.004093 0.529700
v -0.099017 -0.250599 0.504339
v -0.305042 0.132101 0.329230
v -0.324991 0.133207 0.377185
v -0.122030 -0.080718 0.346419
v -0.085360 -0.066487 0.304640
v -0.089197 -0.043335 0.290670
v -0.350698 0.236762 0.333563
v -0.085360 -0.066487 0.304640
v -0.044579 -0.077352 0.288560
v -0.117257 -0.137602 0.436899
v -0.305042 0.132101 0.329230
v -0.000000 -0.094679 0.268637
v -0.133619 -0.092836 0.391161
v -0.091576 0.021593 0.257165
v -0.125351 -0.106381 0.442147
v -0.255077 0.176461 0.286329
v -0.433919 0.492875 0.195120
v -0.237815 0.298092 0.238846
v -0.070018 -0.305497 0.543356
v -0.324991 0.133207 0.377185
v -0.324991 0.133207 0.377185
v -0.043798 -0.060076 0.285301
v -0.102992 -0.237395 0.512213
v -0.397541 0.343386 0.265415
v -0.000000 -0.074116 0.277876
v -0.255077 0.176461 0.286329
v -0.043798 -0.060076 0.285301
v -0.339619 0.038630 0.545459
v -0.092639 0.099245 0.234508
v -0.118216 -0.120292 0.438743
v -0.227581 -0.095279 0.565521
v -0.041519 0.000124 0.255902
v -0.338043 0.106497 0.464637
v -0.151831 -0.524687 0.559934
v -0.150300 -0.513021 0.569083
v -0.125351 -0.106381 0.442147
v -0.271879 -0.513032 0.523236
v -0.221032 -0.513600 0.571040
v -0.000000 -0.059350 0.276616
v -0.104901 -0.199624 0.509248
v -0.324546 0.166452 0.418093
v -0.324991 0.133207 0.377185
v -0.050989 -0.266616 0.557532
v -0.028593 0.035795 0.244781
v -0.191573 0.275005 0.268977
v -0.093515 0.257785 0.247161
v -0.318796 0.304293 0.350125
v -0.000000 0.006805 0.185504
v -0.028187 -0.032280 0.267732
v -0.191573 0.275005 0.268977
v -0.389919 0.377957 0.282371
v -0.000000 -0.310583 0.567968
v -0.339198 0.214781 0.387706
v -0.318234 0.232934 0.372708
v -0.000000 -0.043139 0.269133
v -0.053745 -0.255455 0.567241
v -0.324546 0.166452 0.418093
v -0.334564 0.075018 0.558106
v -0.096761 -0.157874 0.503939
v -0.328611 0.477448 0.293314
v -0.276199 -0.064146 0.595982
v -0.054498 -0.216457 0.563314
v -0.000000 0.045032 0.242287
v -0.094723 -0.137355 0.508338
v -0.000000 -0.269238 0.567490
v -0.411751 0.388822 0.320283
v -0.159040 -0.109389 0.531712
v -0.318677 0.167090 0.490073
v -0.299763 -0.021249 0.616682
v -0.095837 -0.122057 0.517490
v -0.328611 0.477448 0.293314
v -0.055367 -0.170319 0.546342
v -0.216914 -0.524687 0.559531
v -0.221032 -0.513600 0.571040
v -0.291246 0.274305 0.403548
v -0.000000 -0.258628 0.576275
v -0.000000 0.104651 0.230151
v -0.095837 -0.122057 0.517490
v -0.097733 -0.118685 0.579353
v -0.191349 -0.101269 0.611352
v -0.314716 0.340961 0.376010
v -0.053871 -0.147032 0.550207
v -0.303972 0.015456 0.633017
v -0.296293 0.271411 0.418191
v -0.314785 0.135734 0.568865
v -0.211654 -0.084748 0.659870
v -0.000000 -0.221242 0.572369
v -0.218487 0.401437 0.296457
v -0.378589 0.452015 0.329046
v -0.054276 -0.130988 0.557739
v -0.256482 -0.044199 0.662366
v -0.267563 -0.020549 0.667579
v -0.220786 -0.057817 0.686617
v -0.000000 -0.171539 0.555175
v -0.334866 0.346518 0.400944
v -0.294266 0.043031 0.647541
v -0.054276 -0.130988 0.557739
v -0.059389 -0.123254 0.593118
v -0.274807 0.003796 0.673063
v -0.290213 0.270949 0.451848
v -0.000000 0.195511 0.229034
v -0.037197 0.211210 0.232251
v -0.290213 0.270949 0.451848
v -0.000000 -0.150777 0.559405
v -0.294098 0.245519 0.517227
v -0.173841 0.368096 0.326778
v -0.048231 0.258019 0.240796
v -0.245470 -0.028243 0.684069
v -0.257361 -0.013742 0.681378
v -0.000000 -0.132146 0.569720
v -0.219463 -0.037748 0.702635
v -0.298187 0.415194 0.420874
v -0.263619 0.000424 0.683723
v -0.122238 -0.110043 0.647835
v -0.263919 0.028535 0.685632
v -0.291891 0.213279 0.593409
v -0.274817 0.330894 0.427864
v -0.067527 -0.116792 0.667672
v -0.000000 -0.132146 0.569720
v -0.000000 -0.125986 0.603766
v -0.000000 0.249384 0.152694
v -0.245455 -0.007481 0.689627
v -0.233636 -0.017264 0.697455
v -0.139408 -0.095488 0.702282
v -0.290522 0.118165 0.619190
v -0.285364 0.098547 0.636016
v -0.257665 0.007585 0.692634
v -0.249451 -0.002220 0.689825
v -0.173841 0.368096 0.326778
v -0.085297 0.360796 0.297924
v -0.246135 -0.001927 0.692953
v -0.213386 -0.023357 0.712300
v -0.236674 -0.003448 0.681845
v -0.234371 -0.006361 0.683407
v -0.234774 -0.002393 0.684317
v -0.224206 -0.013535 0.690469
v -0.268305 0.069857 0.666837
v -0.273444 0.180012 0.638611
v -0.190828 -0.022350 0.666929
v -0.236674 -0.003448 0.681845
v -0.234371 -0.006361 0.683407
v -0.232622 -0.012566 0.700008
v -0.224531 -0.010622 0.688006
v -0.224206 -0.013535 0.690469
v -0.236792 -0.004493 0.707108
v -0.221032 -0.513600 0.571040
v -0.150300 -0.513021 0.569083
v -0.245164 0.441734 0.375064
v -0.186545 -0.009703 0.673744
v -0.234774 -0.002393 0.684317
v -0.205252 -0.017720 0.704476
v -0.275361 0.115860 0.643972
v -0.271779 0.103571 0.652647
v -0.236993 0.012492 0.710033
v -0.037509 0.297843 0.252159
v -0.224531 -0.010622 0.688006
v -0.205252 -0.017720 0.704476
v -0.204841 -0.016351 0.703320
v -0.211475 -0.018389 0.715699
v -0.248593 0.049550 0.693741
v -0.213775 -0.010610 0.724753
v -0.147185 -0.074215 0.733322
v -0.204841 -0.016351 0.703320
v -0.258131 0.081566 0.675761
v -0.079074 -0.101448 0.736034
v -0.264221 0.164568 0.667412
v -0.126454 -0.016379 0.655121
v -0.118181 -0.036887 0.642120
v -0.209944 0.003436 0.729920
v -0.167830 -0.035187 0.717615
v -0.245164 0.441734 0.375064
v -0.238997 0.063168 0.700949
v -0.224464 0.037808 0.715774
v -0.260486 0.337397 0.466833
v -0.151831 -0.524687 0.559934
v -0.216914 -0.524687 0.559531
v -0.144792 -0.020530 0.754520
v -0.000000 0.315118 0.257491
v -0.136214 -0.016834 0.733040
v -0.260486 0.337397 0.466833
v -0.081170 -0.010785 0.696391
v -0.150646 -0.049773 0.751640
v -0.217540 0.052748 0.721688
v -0.062258 -0.052522 0.659176
v -0.144792 -0.020530 0.754520
v -0.058434 -0.040911 0.622573
v -0.000000 -0.121417 0.681693
v -0.051274 -0.019736 0.640767
v -0.034400 -0.103748 0.752184
v -0.198006 0.032860 0.733658
v -0.085784 -0.081820 0.775664
v -0.148604 0.121947 0.683893
v -0.275361 0.115860 0.643972
v -0.271779 0.103571 0.652647
v -0.149765 -0.029337 0.759246
v -0.193351 0.047546 0.737884
v -0.258131 0.081566 0.675761
v -0.000000 -0.040289 0.615272
v -0.000000 -0.056098 0.671317
v -0.247571 0.331450 0.549047
v -0.264221 0.164568 0.667412
v -0.000000 -0.019178 0.637832
v -0.231737 0.366192 0.476146
v -0.238997 0.063168 0.700949
v -0.000000 -0.104851 0.757651
v -0.144400 -0.019761 0.753965
v -0.254825 0.286148 0.638089
v -0.217540 0.052748 0.721688
v -0.054432 -0.046552 0.774017
v -0.195160 0.396487 0.437211
v -0.144400 -0.019761 0.753965
v -0.150395 -0.018658 0.764238
v -0.089368 -0.059471 0.794343
v -0.153235 -0.010258 0.768548
v -0.231737 0.366192 0.476146
v -0.153177 0.000228 0.766445
v -0.037127 -0.086212 0.789977
v -0.193351 0.047546 0.737884
v -0.237518 0.232862 0.678972
v -0.195160 0.396487 0.437211
v -0.000000 -0.055445 0.790292
v -0.236181 0.208405 0.698436
v -0.153689 0.030324 0.752002
v -0.000000 -0.012229 0.688174
v -0.092102 -0.039327 0.801360
v -0.067170 0.423776 0.411609
v -0.154805 0.045157 0.752255
v -0.037591 0.393253 0.328454
v -0.000000 0.386562 0.305361
v -0.236181 0.208405 0.698436
v -0.091598 -0.029433 0.793340
v -0.195160 0.396487 0.437211
v -0.090157 -0.027906 0.798960
v -0.052515 -0.016287 0.790857
v -0.041151 -0.066687 0.812237
v -0.154805 0.045157 0.752255
v -0.000000 -0.090266 0.790562
v -0.090157 -0.027906 0.798960
v -0.091162 -0.024203 0.808407
v -0.093106 -0.011483 0.808884
v -0.091598 -0.029433 0.793340
v -0.097950 0.002396 0.799785
v -0.107050 0.034008 0.768843
v -0.174408 0.395521 0.519903
v -0.130384 0.413220 0.524130
v -0.186751 0.375539 0.569641
v -0.112560 0.048006 0.760086
v -0.112560 0.048006 0.760086
v -0.037725 0.420167 0.382949
v -0.044475 -0.050037 0.819654
v -0.201342 0.227796 0.725601
v -0.000000 -0.020801 0.799757
v -0.208433 0.312901 0.676409
v -0.043346 -0.038573 0.808361
v -0.201365 0.249166 0.711939
v -0.201342 0.227796 0.725601
v -0.043346 -0.038573 0.808361
v -0.000000 -0.072090 0.813243
v -0.082899 0.054680 0.768817
v -0.047208 -0.032262 0.826872
v -0.041954 -0.034621 0.817104
v -0.000000 -0.048087 0.811481
v -0.041954 -0.034621 0.817104
v -0.070713 0.041872 0.790153
v -0.050926 -0.016630 0.831897
v -0.082899 0.054680 0.768817
v -0.056217 0.005049 0.824762
v -0.000000 0.477779 0.316358
v -0.000000 -0.059348 0.823290
v -0.229396 -0.481447 0.568172
v -0.218936 -0.488576 0.574551
v -0.000000 -0.048087 0.811481
v -0.174408 0.395521 0.519903
v -0.186751 0.375539 0.569641
v -0.216229 0.429247 0.580365
v -0.193632 0.451856 0.514456
v -0.088635 0.126341 0.781249
v -0.161812 0.228762 0.750684
v -0.063583 0.068607 0.788030
v -0.068166 0.427978 0.500638
v -0.067170 0.423776 0.411609
v -0.216229 0.429247 0.580365
v -0.186751 0.375539 0.569641
v -0.130384 0.413220 0.524130
v -0.143836 0.469471 0.520487
v -0.225477 0.485914 0.583687
v -0.127772 0.207595 0.769832
v -0.106487 0.176525 0.779399
v -0.000000 -0.036664 0.827673
v -0.000000 -0.036664 0.827673
v -0.000000 -0.034404 0.838570
v -0.000000 0.430436 0.403243
v -0.162110 0.320406 0.712399
v -0.072315 0.127303 0.788594
v -0.027052 0.038642 0.831781
v -0.088635 0.126341 0.781249
v -0.225477 0.485914 0.583687
v -0.000000 -0.020048 0.844990
v -0.147655 0.384712 0.616341
v -0.027580 0.068122 0.821896
v -0.206697 0.500223 0.528799
v -0.147655 0.384712 0.616341
v -0.161784 0.442159 0.630491
v -0.157005 0.248481 0.746080
v -0.161812 0.228762 0.750684
v -0.000000 0.008363 0.845695
v -0.000000 0.040150 0.837379
v -0.166623 0.513101 0.533649
v -0.000000 0.430436 0.403243
v -0.104905 0.418472 0.553078
v -0.031427 0.129355 0.820978
v -0.106487 0.176525 0.779399
v -0.088578 0.186299 0.788867
v -0.127772 0.207595 0.769832
v -0.118294 0.227984 0.772079
v -0.112306 0.475242 0.554334
v -0.104905 0.418472 0.553078
v -0.000000 0.069744 0.828067
v -0.181630 0.497869 0.624907
v -0.190483 0.520730 0.577652
v -0.077157 0.305683 0.765757
v -0.106338 0.408923 0.598550
v -0.070955 0.411553 0.603449
v -0.190483 0.520730 0.577652
v -0.000000 0.130224 0.828423
v -0.106338 0.408923 0.598550
v -0.115139 0.463915 0.609893
v -0.143658 0.519925 0.562220
v -0.069484 0.379775 0.670798
v -0.115139 0.463915 0.609893
v -0.106338 0.408923 0.598550
v -0.034834 0.428623 0.559958
v -0.000000 0.431935 0.545329
v -0.050392 0.415941 0.603035
v -0.144214 0.515011 0.603845
v -0.144214 0.515011 0.603845
v -0.046676 0.209227 0.810559
v -0.061303 0.257778 0.794654
v -0.033789 0.405335 0.641577
v -0.000000 0.214830 0.823764
v -0.022051 0.229349 0.816328
v -0.021875 0.258829 0.805359
v -0.030426 0.360740 0.722980
v -0.031997 0.331885 0.754617
v -0.000000 0.400395 0.653597
v -0.150300 -0.513021 0.569083
v -0.103461 -0.513240 0.524611
v -0.000000 0.371045 0.710578
v -0.000000 0.247875 0.856895
v -0.000000 0.321376 0.766826
v -0.000000 0.269290 0.803928
v -0.000000 0.523395 0.630057
v -0.000000 0.393568 0.782616
v -0.109151 -0.475819 0.537341
v -0.047713 -0.372533 -0.072677
v -0.079981 -0.421056 0.021019
v -0.063166 -0.420557 -0.013668
v -0.053053 -0.251188 -0.197674
v -0.033415 -0.516668 0.103181
v -0.049242 -0.485708 0.081403
v -0.062877 -0.491949 0.088356
v -0.042305 -0.493399 0.068830
v -0.084543 -0.267238 -0.171495
v -0.126841 -0.422531 0.032387
v -0.026597 -0.241594 -0.215418
v -0.049024 -0.371517 -0.012993
v -0.056513 -0.384080 -0.013938
v -0.060252 -0.382299 -0.071172
v -0.047713 -0.372533 -0.072677
v -0.182804 -0.334357 -0.057816
v -0.043438 -0.515983 0.055214
v -0.076920 -0.514214 0.086016
v -0.000000 -0.257675 -0.235348
v -0.186280 -0.378084 0.009906
v -0.085962 -0.484066 0.072260
v -0.073884 -0.467500 0.050889
v -0.043438 -0.515983 0.055214
v -0.033415 -0.516668 0.103181
v -0.076920 -0.514214 0.086016
v -0.118609 -0.521704 0.152218
v -0.105803 -0.495402 0.117693
v -0.120407 -0.483628 0.119239
v -0.056228 -0.485464 0.036579
v -0.169525 -0.422179 0.020599
v -0.073884 -0.467500 0.050889
v -0.135364 -0.494999 0.119973
v -0.097546 -0.483219 0.077771
v -0.085962 -0.484066 0.072260
v -0.125104 -0.461147 0.071102
v -0.097801 -0.519013 0.103542
v -0.078821 -0.437195 0.021074
v -0.061797 -0.437208 -0.011660
v -0.097546 -0.483219 0.077771
v -0.126789 -0.435794 0.033915
v -0.063166 -0.420557 -0.013668
v -0.069580 -0.422480 -0.063823
v -0.125104 -0.461147 0.071102
v -0.081642 -0.298063 -0.178772
v -0.056331 -0.465427 -0.005296
v -0.092777 -0.517141 0.079088
v -0.068003 -0.517581 0.059888
v -0.084543 -0.267238 -0.171495
v -0.090669 -0.516523 0.077455
v -0.090669 -0.516523 0.077455
v -0.092777 -0.517141 0.079088
v -0.056228 -0.485464 0.036579
v -0.150557 -0.485248 0.082983
v -0.145903 -0.518357 0.107252
v -0.097801 -0.519013 0.103542
v -0.118609 -0.521704 0.152218
v -0.145903 -0.518357 0.107252
v -0.053430 -0.516906 0.028518
v -0.090669 -0.516523 0.077455
v -0.043300 -0.285692 -0.241350
v -0.053430 -0.516906 0.028518
v -0.061797 -0.437208 -0.011660
v -0.070811 -0.436826 -0.061202
v -0.000000 -0.389279 -0.144657
v -0.044662 -0.375033 -0.150553
v -0.085997 -0.374053 -0.125978
v -0.081130 -0.347263 -0.139757
v -0.081130 -0.347263 -0.139757
v -0.092777 -0.517141 0.079088
v -0.155453 -0.517224 0.084842
v -0.075573 -0.525069 0.053052
v -0.068003 -0.517581 0.059888
v -0.095409 -0.525048 0.070280
v -0.048161 -0.517781 0.005056
v -0.053430 -0.516906 0.028518
v -0.170587 -0.436516 0.020390
v -0.177262 -0.465506 0.059775
v -0.185926 -0.377518 -0.056351
v -0.061717 -0.344721 -0.234184
v -0.192293 -0.421192 -0.004929
v -0.150557 -0.485248 0.082983
v -0.162232 -0.485568 0.078599
v -0.098036 -0.299970 -0.164315
v -0.057301 -0.525077 0.005182
v -0.158764 -0.348669 -0.112892
v -0.056331 -0.465427 -0.005296
v -0.066366 -0.467787 -0.055323
v -0.155453 -0.517224 0.084842
v -0.098036 -0.299970 -0.164315
v -0.113075 -0.334467 -0.147996
v -0.155453 -0.517224 0.084842
v -0.154702 -0.525077 0.075256
v -0.089802 -0.398999 -0.114211
v -0.076225 -0.345386 -0.157523
v -0.000000 -0.306960 -0.319861
v -0.030761 -0.323239 -0.319772
v -0.182974 -0.494243 0.099494
v -0.162232 -0.485568 0.078599
v -0.048161 -0.517781 0.005056
v -0.058934 -0.517639 -0.044758
v -0.158272 -0.517540 0.085174
v -0.195536 -0.482107 0.091179
v -0.177262 -0.465506 0.059775
v -0.176872 -0.525077 0.061624
v -0.075573 -0.525069 0.053052
v -0.095409 -0.525048 0.070280
v -0.174881 -0.518037 0.099302
v -0.093929 -0.438577 -0.098073
v -0.092335 -0.424107 -0.102250
v -0.158272 -0.517540 0.085174
v -0.039125 -0.391633 -0.229744
v -0.000000 -0.407040 -0.227518
v -0.057301 -0.525077 0.005182
v -0.067476 -0.524988 -0.038237
v -0.197308 -0.439718 -0.008594
v -0.212559 -0.520235 0.119991
v -0.198264 -0.482503 0.045078
v -0.207083 -0.470663 -0.003253
v -0.198264 -0.482503 0.045078
v -0.119340 -0.366325 -0.136063
v -0.194255 -0.420824 -0.054918
v -0.154702 -0.525077 0.075256
v -0.163041 -0.386155 -0.104791
v -0.208372 -0.493773 0.083476
v -0.174881 -0.518037 0.099302
v -0.182090 -0.521733 0.066701
v -0.158272 -0.517540 0.085174
v -0.123675 -0.393057 -0.124059
v -0.182090 -0.521733 0.066701
v -0.176872 -0.525077 0.061624
v -0.092253 -0.468431 -0.092683
v -0.197720 -0.525177 0.001845
v -0.057301 -0.525077 0.005182
v -0.196014 -0.525077 0.040207
v -0.212559 -0.520235 0.119991
v -0.212366 -0.517272 0.075188
v -0.045875 -0.364938 -0.319138
v -0.127398 -0.424767 -0.110251
v -0.212366 -0.517272 0.075188
v -0.128801 -0.439831 -0.105952
v -0.089026 -0.517973 -0.085662
v -0.206847 -0.517751 0.042087
v -0.067476 -0.524988 -0.038237
v -0.191365 -0.525539 -0.040993
v -0.198639 -0.439979 -0.054959
v -0.093879 -0.525077 -0.072965
v -0.166386 -0.423258 -0.097621
v -0.196014 -0.525077 0.040207
v -0.206847 -0.517751 0.042087
v -0.206847 -0.517751 0.042087
v -0.000000 -0.317854 -0.364887
v -0.027086 -0.333715 -0.364949
v -0.203320 -0.469660 -0.053506
v -0.129942 -0.469951 -0.101439
v -0.168047 -0.439957 -0.094243
v -0.031523 -0.404173 -0.318833
v -0.000000 -0.417629 -0.318767
v -0.209824 -0.517926 0.001728
v -0.093879 -0.525077 -0.072965
v -0.164862 -0.525824 -0.074887
v -0.197720 -0.525177 0.001845
v -0.127778 -0.518307 -0.095653
v -0.039721 -0.370161 -0.364740
v -0.127299 -0.525470 -0.081808
v -0.171407 -0.470143 -0.090792
v -0.000000 -0.134237 -0.556216
v -0.028027 -0.325018 -0.421460
v -0.000000 -0.308727 -0.421460
v -0.127299 -0.525470 -0.081808
v -0.201839 -0.518313 -0.047634
v -0.191365 -0.525539 -0.040993
v -0.171619 -0.518582 -0.087036
v -0.164862 -0.525824 -0.074887
v -0.000000 -0.257582 -0.486054
v -0.061926 -0.220344 -0.533803
v -0.048509 -0.276277 -0.492009
v -0.028669 -0.406435 -0.363986
v -0.000000 -0.420403 -0.363663
v -0.042540 -0.365187 -0.421460
v -0.000000 -0.316066 -0.558472
v -0.000000 -0.134237 -0.556216
v -0.000000 -0.418197 -0.421460
v -0.031403 -0.403619 -0.421460
v -0.061926 -0.220344 -0.533803
v -0.075171 -0.337941 -0.507003
v -0.047557 -0.396226 -0.523132
v -0.000000 -0.413578 -0.533263
v -0.156574 -0.192834 -0.629699
v -0.156574 -0.192834 -0.629699
v -0.118081 -0.331046 -0.587834
v -0.118081 -0.331046 -0.587834
v -0.096546 -0.378850 -0.620047
v -0.000000 -0.418409 -0.648280
v -0.131090 -0.347946 -0.641670
v -0.096546 -0.378850 -0.620047
v -0.069104 -0.416631 -0.708488
v -0.000000 -0.418409 -0.648280
v -0.131090 -0.347946 -0.641670
v -0.069104 -0.416631 -0.708488
v -0.164867 -0.469001 0.570867
v -0.152671 -0.491659 0.573886
v -0.141758 -0.482977 0.566606
v -0.123382 -0.466239 0.548985
v -0.243849 -0.458979 0.546943
v -0.221032 -0.513600 0.571040
v -0.221032 -0.513600 0.571040
v -0.221032 -0.513600 0.571040
v -0.150300 -0.513021 0.569083
v -0.206537 -0.469489 0.571555
v -0.103461 -0.513240 0.524611
v -0.150300 -0.513021 0.569083
v -0.271879 -0.513032 0.523236
v -0.125085 -0.359618 0.343889
v -0.000000 -0.059350 0.276616
v -0.195160 0.396487 0.437211
v -0.025863 -0.207874 -0.182760
v -0.000000 -0.196734 -0.179239
v -0.046307 -0.123022 -0.096275
v -0.000000 -0.133728 -0.121443
v -0.048954 -0.100762 -0.036752
v -0.000000 -0.092197 -0.005180
v -0.019639 -0.098466 0.081061
v -0.000000 -0.094467 0.074702
v -0.032685 -0.105705 0.102308
v -0.028137 -0.112252 0.137921
v -0.000000 -0.112524 0.156653
v -0.026597 -0.241594 -0.215418
v -0.000000 -0.257675 -0.235348
v -0.041519 0.000124 0.255902
v -0.028593 0.035795 0.244781
v -0.028187 -0.032280 0.267732
v -0.000000 -0.043139 0.269133
v -0.000000 0.045032 0.242287
v -0.000000 0.195511 0.229034
v -0.037197 0.211210 0.232251
v -0.048231 0.258019 0.240796
v -0.037509 0.297843 0.252159
v -0.000000 0.315118 0.257491
v -0.037591 0.393253 0.328454
v -0.000000 0.386562 0.305361
v -0.037725 0.420167 0.382949
v -0.000000 0.430436 0.403243
v -0.034834 0.428623 0.559958
v -0.000000 0.431935 0.545329
v -0.050392 0.415941 0.603035
v -0.033789 0.405335 0.641577
v -0.000000 0.214830 0.823764
v -0.022051 0.229349 0.816328
v -0.021875 0.258829 0.805359
v -0.030426 0.360740 0.722980
v -0.031997 0.331885 0.754617
v -0.000000 0.400395 0.653597
v -0.000000 0.371045 0.710578
v -0.000000 0.321376 0.766826
v -0.000000 0.269290 0.803928
v -0.075163 -0.393493 -0.745091
v -0.088301 -0.331806 -0.812153
v -0.000000 -0.384423 -0.797101
v -0.075065 -0.246298 -0.843597
v -0.000000 -0.297904 -0.855000
v -0.143190 -0.335247 -0.723760
v -0.168446 -0.252155 -0.693214
v -0.143132 -0.248728 -0.781661
v -0.088553 -0.389993 -0.654077
v -0.075494 -0.345294 -0.574662
v -0.143384 -0.306917 -0.623583
v -0.000000 -0.420386 -0.699404
v -0.000000 -0.392055 -0.599227
v -0.000000 -0.193875 -0.850989
v -0.088404 -0.163483 -0.805662
v -0.143292 -0.166926 -0.717268
v -0.072630 -0.104759 -0.721546
v -0.143447 -0.202889 -0.619572
v -0.088811 -0.257634 -0.549887
v -0.075601 -0.168311 -0.567836
v -0.000000 -0.109656 -0.773591
v -0.085531 -0.115173 -0.631937
v -0.000000 -0.206224 -0.530822
v -0.000000 -0.081598 -0.674375
v -0.000000 -0.117215 -0.577614
v -0.031275 -0.049599 0.756815
v -0.000000 -0.050742 0.767635
v -0.070915 -0.040692 0.662632
v -0.000000 -0.049955 0.661794
v -0.000000 -0.046917 0.582704
v -0.068855 -0.039061 0.583413
v -0.000000 -0.056849 0.727065
v -0.050939 -0.045848 0.728060
v -0.000000 -0.050742 0.767635
v -0.031275 -0.049599 0.756815
v -0.032678 -0.037149 0.729038
v -0.048467 -0.028342 0.584646
v -0.000000 -0.025665 0.584888
v -0.000000 -0.026260 0.664204
v -0.048467 -0.029874 0.663877
v -0.000000 -0.035273 0.729208
v -0.068855 -0.039061 0.583413
v -0.070915 -0.040692 0.662632
v -0.050939 -0.045848 0.728060
v -0.139938 -0.051872 0.711608
v -0.118760 -0.053471 0.734447
v -0.122012 -0.025594 0.719640
v -0.113645 -0.051184 0.711020
v -0.031468 -0.063178 0.782183
v -0.021733 -0.044056 0.778416
v -0.033528 -0.062216 0.767479
v -0.008406 -0.066097 0.786427
v -0.011471 -0.045517 0.780474
v -0.191170 -0.007827 0.674169
v -0.169239 -0.025297 0.678504
v -0.172712 -0.010078 0.697902
v -0.125397 -0.010864 0.733027
v -0.105759 -0.051492 0.733555
v -0.116245 -0.011317 0.749912
v -0.094766 -0.011813 0.755551
v -0.035738 -0.012769 0.789636
v -0.036166 -0.011369 0.771298
v -0.026285 -0.031641 0.782899
v -0.162182 -0.008130 0.674822
v -0.096619 -0.010882 0.727798
v -0.016455 -0.031839 0.785587
v -0.011742 -0.013606 0.796092
v -0.169781 -0.049221 0.683768
v -0.148601 -0.051097 0.706608
v -0.151854 -0.018404 0.691799
v -0.067140 -0.059892 0.767891
v -0.056583 -0.038968 0.766817
v -0.063045 -0.057626 0.751680
v -0.047692 -0.039257 0.771068
v -0.044181 -0.060533 0.778930
v -0.034459 -0.059842 0.767363
v -0.143487 -0.048413 0.683180
v -0.002213 -0.013120 0.780831
v -0.080315 -0.010845 0.765998
v -0.075252 -0.008973 0.747702
v -0.068898 -0.029879 0.764122
v -0.060330 -0.030273 0.770215
v -0.043605 -0.011737 0.769400
v -0.056333 -0.012213 0.782582
v -0.162950 -0.010325 0.707364
v -0.142038 -0.031034 0.707100
v -0.139096 -0.013282 0.728527
v -0.135434 -0.011842 0.702676
v -0.100064 -0.056669 0.742163
v -0.095919 -0.057847 0.758410
v -0.084446 -0.021058 0.750265
v -0.077684 -0.057853 0.761543
v -0.078106 -0.056210 0.740525
v -0.002948 -0.066888 0.773935
v -0.016455 -0.031839 0.785587
v -0.002213 -0.013120 0.780831
v -0.026285 -0.031641 0.782899
v -0.036166 -0.011369 0.771298
v -0.060330 -0.030273 0.770215
v -0.043605 -0.011737 0.769400
v -0.068898 -0.029879 0.764122
v -0.075252 -0.008973 0.747702
v -0.011471 -0.045517 0.780474
v -0.002948 -0.066888 0.773935
v -0.047692 -0.039257 0.771068
v -0.034459 -0.059842 0.767363
v -0.056583 -0.038968 0.766817
v -0.063045 -0.057626 0.751680
v -0.021733 -0.044056 0.778416
v -0.033528 -0.062216 0.767479
v -0.078106 -0.056210 0.740525
v -0.096619 -0.010882 0.727798
v -0.135434 -0.011842 0.702676
v -0.162182 -0.008130 0.674822
v -0.143487 -0.048413 0.683180
v -0.113645 -0.051184 0.711020
v -0.299835 -0.195713 0.189189
v -0.354768 -0.111271 0.233430
v -0.363504 -0.204279 0.157123
v -0.227739 -0.202097 0.217811
v -0.288042 -0.150169 0.239007
v -0.184319 -0.199206 0.224936
v -0.227739 -0.202097 0.217811
v -0.363504 -0.204279 0.157123
v -0.344563 -0.094590 0.205080
v -0.275111 -0.135743 0.213096
v -0.299835 -0.195713 0.189189
v -0.196597 -0.210108 0.247568
v -0.161148 -0.225097 0.238285
v -0.161148 -0.225097 0.238285
v -0.445497 -0.238975 0.111693
v -0.445497 -0.238975 0.111693
v -0.729894 -0.071315 0.138852
v -0.646272 -0.049957 0.178896
v -0.643876 -0.007205 0.192535
v -0.729665 -0.037809 0.148740
v -0.795904 -0.096974 0.101963
v -0.796880 -0.070507 0.108079
v -0.354768 -0.111271 0.233430
v -0.355044 -0.097350 0.254936
v -0.390597 -0.074573 0.252528
v -0.724822 -0.084418 0.116769
v -0.641858 -0.061943 0.155166
v -0.790158 -0.109564 0.083223
v -0.467596 -0.229941 0.125456
v -0.477887 -0.030230 0.243446
v -0.453345 -0.055634 0.227739
v -0.462990 0.019888 0.270941
v -0.477149 -0.302278 0.071165
v -0.465958 -0.051427 0.215014
v -0.545052 0.012010 0.237781
v -0.550938 -0.033572 0.217722
v -0.480905 -0.043598 0.215736
v -0.550148 -0.045179 0.196303
v -0.455974 0.052549 0.259886
v -0.537995 0.040529 0.225133
v -0.639544 0.014712 0.179448
v -0.726033 -0.019170 0.138460
v -0.794436 -0.057134 0.100769
v -0.900000 -0.169644 0.017473
v -0.897000 -0.173747 0.023438
v -0.898737 -0.159733 0.023368
v -0.369709 -0.029810 0.225104
v -0.372725 -0.040890 0.204650
v -0.261374 -0.104672 0.213968
v -0.259883 -0.093624 0.238624
v -0.719464 -0.046309 0.094400
v -0.723029 -0.018713 0.118865
v -0.634672 0.016319 0.154613
v -0.631121 -0.015390 0.126462
v -0.787262 -0.079262 0.067236
v -0.792274 -0.057215 0.086288
v -0.726033 -0.019170 0.138460
v -0.639544 0.014712 0.179448
v -0.794436 -0.057134 0.100769
v -0.900000 -0.169644 0.017473
v -0.898737 -0.159733 0.023368
v -0.267220 -0.099989 0.262604
v -0.374752 -0.035235 0.245705
v -0.454802 -0.031488 0.183801
v -0.437100 -0.027234 0.185115
v -0.272597 -0.130894 0.209288
v -0.332884 -0.068765 0.209124
v -0.632830 -0.034835 0.124556
v -0.719660 -0.063214 0.093088
v -0.786503 -0.092916 0.065460
v -0.894937 -0.167948 0.013385
v -0.456949 -0.214346 0.101022
v -0.541740 -0.019276 0.156341
v -0.534882 0.003652 0.158728
v -0.456618 0.007139 0.185383
v -0.534190 0.038308 0.192749
v -0.447872 0.047865 0.225952
v -0.537995 0.040529 0.225133
v -0.445497 -0.238975 0.111693
v -0.477149 -0.302278 0.071165
v -0.483424 -0.239079 0.094215
v -0.483456 -0.210017 0.107032
v -0.894937 -0.167948 0.013385
v -0.864563 -0.153538 0.032472
v -0.160760 -0.149950 0.226243
v -0.177747 -0.187228 0.215693
v -0.288565 -0.141188 0.270273
v -0.200310 -0.216038 0.265266
v -0.197491 -0.199140 0.297858
v -0.183671 -0.158910 0.312137
v -0.278632 -0.117550 0.278479
v -0.168897 -0.134665 0.292413
v -0.168897 -0.134665 0.292413
v -0.159713 -0.128029 0.265514
v -0.128578 -0.221685 0.222387
v -0.161148 -0.225097 0.238285
v -0.184319 -0.199206 0.224936
v -0.150670 -0.249340 0.275162
v -0.157060 -0.219953 0.305878
v -0.142022 -0.172386 0.322018
v -0.118354 -0.152599 0.305930
v -0.118354 -0.152599 0.305930
v -0.115942 -0.143956 0.279509
v -0.113641 -0.159919 0.247066
v -0.289673 -0.152025 0.248113
v -0.267220 -0.099989 0.262604
v -0.347425 -0.075866 0.261754
v -0.383667 -0.052637 0.257700
v -0.333029 -0.058678 0.228238
v -0.339501 -0.064147 0.248148
v -0.339501 -0.064147 0.248148
v -0.374752 -0.035235 0.245705
v -0.455974 0.052549 0.259886
v -0.275111 -0.135743 0.213096
v -0.288042 -0.150169 0.239007
v -0.196597 -0.210108 0.247568
v -0.445497 -0.238975 0.111693
v -0.161148 -0.225097 0.238285
v -0.137554 -0.242967 0.241890
v -0.344563 -0.094590 0.205080
v -0.864563 -0.153538 0.032472
v -0.467447 -0.019936 0.181369
v -0.483456 -0.210017 0.107032
v -0.483424 -0.239079 0.094215
v -0.137554 -0.242967 0.241890
v -0.518922 -0.158045 0.119237
v -0.494663 -0.188394 0.114002
v -0.480905 -0.043598 0.215736
v -0.550148 -0.045179 0.196303
v -0.602518 -0.118016 0.111727
v -0.554187 -0.134276 0.118245
v -0.787413 -0.131868 0.057849
v -0.786503 -0.092916 0.065460
v -0.719660 -0.063214 0.093088
v -0.724339 -0.117263 0.079393
v -0.518922 -0.158045 0.119237
v -0.541740 -0.019276 0.156341
v -0.494663 -0.188394 0.114002
v -0.483456 -0.210017 0.107032
v -0.864563 -0.153538 0.032472
v -0.790158 -0.109564 0.083223
v -0.864563 -0.153538 0.032472
v -0.787413 -0.131868 0.057849
v -0.724339 -0.117263 0.079393
v -0.724822 -0.084418 0.116769
v -0.641858 -0.061943 0.155166
v -0.662653 -0.111755 0.098464
v -0.632830 -0.034835 0.124556
v -0.662653 -0.111755 0.098464
v -0.602518 -0.118016 0.111727
v -0.467447 -0.019936 0.181369
v -0.454802 -0.031488 0.183801
v -0.483456 -0.210017 0.107032
v -0.465958 -0.051427 0.215014
v -0.554187 -0.134276 0.118245
v 0.180304 0.133018 0.761664
v 0.176447 0.189915 0.750245
v 0.156789 0.186185 0.759993
v 0.139947 0.174344 0.768446
v 0.128484 0.156192 0.774319
v 0.124146 0.134494 0.776716
v 0.127593 0.112553 0.775272
v 0.138300 0.093710 0.770208
v 0.154637 0.080833 0.762295
v 0.174117 0.075882 0.752736
v 0.193775 0.079612 0.742988
v 0.210617 0.091454 0.734535
v 0.222080 0.109605 0.728662
v 0.226418 0.131303 0.726265
v 0.222972 0.153244 0.727709
v 0.212264 0.172087 0.732773
v 0.195927 0.184964 0.740686
v 0.163132 0.237910 0.720217
v 0.126809 0.231019 0.738229
v 0.095688 0.209138 0.753849
v 0.074508 0.175598 0.764699
v 0.066492 0.135506 0.769128
v 0.072861 0.094965 0.766461
v 0.092645 0.060147 0.757104
v 0.122833 0.036353 0.742482
v 0.158828 0.027205 0.724820
v 0.195151 0.034096 0.706808
v 0.226271 0.055978 0.691188
v 0.247452 0.089517 0.680338
v 0.255468 0.129610 0.675909
v 0.249098 0.170151 0.678576
v 0.229314 0.204969 0.687933
v 0.199127 0.228763 0.702555
v 0.142387 0.269697 0.676152
v 0.094929 0.260693 0.699685
v 0.054268 0.232104 0.720094
v 0.026594 0.188283 0.734271
v 0.016121 0.135900 0.740058
v 0.024443 0.082930 0.736573
v 0.050292 0.037438 0.724347
v 0.089734 0.006350 0.705242
v 0.136764 -0.005602 0.682167
v 0.184222 0.003402 0.658633
v 0.224882 0.031991 0.638224
v 0.252556 0.075813 0.624047
v 0.263029 0.128196 0.618260
v 0.254708 0.181165 0.621745
v 0.228858 0.226657 0.633971
v 0.189416 0.257745 0.653076
v 0.117370 0.280437 0.624758
v 0.066002 0.270691 0.650230
v 0.021991 0.239746 0.672321
v -0.007963 0.192314 0.687666
v -0.019299 0.135615 0.693929
v -0.010292 0.078281 0.690157
v 0.017687 0.029041 0.676924
v 0.060379 -0.004608 0.656245
v 0.111283 -0.017545 0.631268
v 0.162652 -0.007800 0.605795
v 0.206662 0.023145 0.583705
v 0.236616 0.070577 0.568360
v 0.247952 0.127276 0.562097
v 0.238945 0.184610 0.565869
v 0.210966 0.233850 0.579101
v 0.168274 0.267500 0.599780
v -0.180304 0.133018 0.761664
v -0.176447 0.189915 0.750245
v -0.156789 0.186185 0.759993
v -0.139947 0.174343 0.768446
v -0.128484 0.156192 0.774319
v -0.124146 0.134494 0.776715
v -0.127593 0.112553 0.775272
v -0.138300 0.093710 0.770208
v -0.154637 0.080833 0.762295
v -0.174118 0.075882 0.752736
v -0.193775 0.079612 0.742988
v -0.210618 0.091454 0.734534
v -0.222080 0.109605 0.728662
v -0.226419 0.131303 0.726265
v -0.222972 0.153244 0.727709
v -0.212265 0.172087 0.732773
v -0.195927 0.184964 0.740686
v -0.163132 0.237910 0.720217
v -0.126809 0.231019 0.738229
v -0.095689 0.209138 0.753849
v -0.074508 0.175598 0.764699
v -0.066492 0.135506 0.769128
v -0.072861 0.094965 0.766461
v -0.092646 0.060147 0.757104
v -0.122833 0.036353 0.742482
v -0.158828 0.027205 0.724820
v -0.195151 0.034096 0.706808
v -0.226271 0.055977 0.691188
v -0.247452 0.089517 0.680338
v -0.255468 0.129609 0.675909
v -0.249099 0.170150 0.678576
v -0.229314 0.204968 0.687933
v -0.199127 0.228762 0.702555
v -0.142387 0.269697 0.676151
v -0.094929 0.260693 0.699685
v -0.054268 0.232104 0.720094
v -0.026595 0.188282 0.734271
v -0.016121 0.135899 0.740058
v -0.024443 0.082930 0.736573
v -0.050292 0.037438 0.724347
v -0.089734 0.006350 0.705242
v -0.136764 -0.005602 0.682167
v -0.184222 0.003402 0.658633
v -0.224883 0.031990 0.638224
v -0.252556 0.075812 0.624047
v -0.263029 0.128195 0.618260
v -0.254708 0.181165 0.621745
v -0.228858 0.226657 0.633970
v -0.189416 0.257745 0.653076
v -0.117370 0.280436 0.624758
v -0.066002 0.270691 0.650230
v -0.021991 0.239746 0.672321
v 0.007963 0.192314 0.687666
v 0.019299 0.135615 0.693929
v 0.010292 0.078281 0.690157
v -0.017687 0.029041 0.676924
v -0.060379 -0.004609 0.656245
v -0.111284 -0.017545 0.631268
v -0.162652 -0.007800 0.605795
v -0.206663 0.023145 0.583705
v -0.236616 0.070577 0.568360
v -0.247953 0.127276 0.562097
v -0.238945 0.184610 0.565869
v -0.210966 0.233850 0.579101
v -0.168274 0.267500 0.599780
vn -0.9127 0.3628 -0.1882
vn -0.3008 0.5486 -0.7801
vn -0.2849 0.5714 -0.7696
vn 0.8168 -0.5075 0.2744
vn 0.8694 -0.3678 0.3301
vn -0.8405 0.3213 -0.4362
vn -0.8333 0.3446 -0.4322
vn -0.8909 0.0266 0.4534
vn -0.9050 0.1412 0.4013
vn -0.3482 -0.4545 0.8198
vn -0.2869 -0.4183 0.8618
vn -0.6459 0.5704 -0.5074
vn -0.6302 0.5952 -0.4986
vn 0.2682 -0.4810 0.8347
vn -0.0229 -0.9972 0.0714
vn -0.0708 -0.9966 0.0432
vn -0.4109 0.8859 0.2155
vn -0.9658 0.2585 0.0184
vn -0.9691 0.2464 0.0106
vn -0.3426 -0.2086 0.9161
vn 0.0023 -0.9993 -0.0371
vn -0.3002 -0.9534 0.0308
vn 0.1420 -0.6051 0.7834
vn 0.1550 -0.5770 0.8019
vn -0.1599 0.6152 -0.7719
vn -0.1259 0.6423 -0.7561
vn -0.0237 -0.9976 -0.0646
vn -0.0788 -0.9961 -0.0396
vn -0.9301 0.3671 0.0112
vn -0.9356 0.3526 0.0196
vn -0.9215 0.0841 0.3791
vn -0.5888 -0.3351 0.7355
vn -0.9320 0.2387 0.2727
vn -0.0175 -0.3164 0.9485
vn -0.6287 -0.7505 -0.2038
vn -0.6523 -0.7360 -0.1813
vn -0.3352 0.6945 -0.6366
vn -0.2983 -0.6013 -0.7413
vn -0.2603 -0.6604 -0.7043
vn -0.3095 -0.9269 -0.2125
vn -0.2641 -0.9344 -0.2390
vn -0.7243 -0.6425 -0.2502
vn -0.7705 -0.5868 -0.2490
vn -0.6086 -0.1090 0.7860
vn -0.8366 -0.5427 -0.0744
vn -0.8759 -0.4684 -0.1158
vn -0.3619 -0.2131 -0.9075
vn -0.3385 -0.1825 -0.9231
vn -0.9326 0.0778 0.3523
vn -0.4812 0.6985 -0.5296
vn -0.7154 0.6986 0.0123
vn -0.7935 0.6045 -0.0701
vn -0.9243 0.2586 0.2808
vn -0.9147 0.3534 0.1960
vn -0.9526 -0.0713 -0.2958
vn -0.9470 -0.0354 -0.3194
vn -0.0889 -0.9716 -0.2194
vn -0.0930 -0.9716 -0.2176
vn -0.1417 0.7106 -0.6891
vn -0.1845 0.7353 -0.6522
vn 0.1466 -0.6661 -0.7313
vn 0.1414 -0.6751 -0.7241
vn -0.6523 -0.7346 -0.1867
vn -0.6516 -0.7354 -0.1862
vn -0.3380 -0.1914 -0.9215
vn -0.3259 -0.1674 -0.9305
vn -0.7857 -0.6137 -0.0775
vn -0.7841 -0.6157 -0.0784
vn -0.9860 -0.1664 0.0047
vn -0.9906 -0.1345 -0.0256
vn -0.9215 0.1629 0.3526
vn -0.9408 0.2608 0.2166
vn -0.2650 -0.9316 -0.2487
vn -0.2905 -0.9279 -0.2337
vn -0.8773 -0.4734 -0.0797
vn -0.9013 -0.4170 -0.1175
vn -0.9814 0.0331 -0.1892
vn -0.9423 0.1809 -0.2817
vn 0.2301 -0.1907 -0.9543
vn 0.1920 -0.1429 -0.9709
vn -0.3177 -0.3792 -0.8691
vn -0.3860 -0.4836 -0.7856
vn -0.9359 0.2040 -0.2871
vn -0.9484 0.3058 0.0841
vn -0.7714 0.5880 0.2432
vn -0.9828 0.0222 -0.1832
vn -0.9815 0.0312 -0.1890
vn -0.3991 0.8528 -0.3367
vn -0.0925 -0.9680 -0.2334
vn -0.0503 -0.9665 -0.2519
vn -0.4118 -0.3371 -0.8466
vn -0.4523 -0.4256 -0.7838
vn -0.6577 -0.7450 -0.1108
vn -0.6595 -0.7433 -0.1122
vn 0.2442 -0.1950 -0.9499
vn 0.2316 -0.1639 -0.9589
vn -0.4757 -0.2714 -0.8367
vn -0.4953 -0.3081 -0.8123
vn 0.5784 -0.6757 -0.4570
vn 0.5887 -0.6454 -0.4867
vn -0.9805 0.0748 -0.1819
vn -0.9790 0.0827 -0.1861
vn -0.9808 -0.1633 -0.1063
vn -0.9750 -0.2145 -0.0576
vn -0.2928 -0.9457 -0.1410
vn -0.3313 -0.9294 -0.1625
vn -0.9883 0.1521 -0.0066
vn -0.9851 0.1706 -0.0205
vn -0.9180 0.3903 0.0696
vn -0.5146 0.8511 -0.1043
vn -0.8998 -0.4157 -0.1324
vn -0.8829 -0.4623 -0.0816
vn 0.2808 -0.5542 -0.7836
vn 0.2202 -0.4233 -0.8788
vn -0.9757 0.1215 -0.1824
vn -0.9635 0.1636 -0.2120
vn -0.4644 0.0673 -0.8831
vn -0.9773 0.1396 -0.1594
vn -0.4986 -0.2603 -0.8268
vn -0.4965 -0.2572 -0.8291
vn -0.9889 0.1041 -0.1064
vn -0.6996 0.7133 0.0427
vn -0.5647 0.8216 0.0772
vn -0.8298 0.4992 0.2494
vn 0.7840 -0.1091 -0.6111
vn 0.7741 -0.0933 -0.6261
vn 0.3952 -0.4903 -0.7768
vn 0.1455 -0.7283 -0.6696
vn 0.0330 -0.9980 -0.0536
vn 0.3832 -0.5250 -0.7599
vn 0.3372 -0.3443 -0.8762
vn -0.8190 0.5545 0.1475
vn -0.7689 -0.6007 -0.2190
vn -0.9079 0.3778 -0.1817
vn -0.0476 -0.9881 -0.1464
vn -0.0155 -0.9865 -0.1628
vn -0.9510 -0.2745 -0.1420
vn -0.9479 -0.2046 -0.2443
vn 0.2012 -0.4947 -0.8454
vn -0.1314 -0.3421 -0.9304
vn -0.7579 0.5848 0.2892
vn -0.6190 0.6691 0.4112
vn -0.9669 0.1793 -0.1813
vn -0.9509 0.2214 -0.2161
vn 0.7796 -0.1686 -0.6032
vn -0.8890 -0.4580 0.0006
vn -0.6662 -0.7446 -0.0424
vn -0.5962 -0.8027 0.0143
vn -0.6079 -0.7883 -0.0951
vn -0.5668 -0.7981 -0.2045
vn -0.4936 -0.3344 -0.8028
vn 0.7484 -0.6467 -0.1470
vn 0.8148 -0.5651 -0.1295
vn -0.5671 0.7393 0.3631
vn -0.6684 -0.1230 0.7336
vn -0.9838 0.1583 -0.0839
vn -0.9847 0.1544 -0.0810
vn -0.7844 0.3723 0.4960
vn -0.7843 0.3769 0.4928
vn 0.1688 -0.5110 -0.8428
vn 0.1346 -0.5254 -0.8401
vn 0.4304 0.0964 0.8975
vn 0.2467 -0.4718 -0.8465
vn -0.0407 -0.6775 -0.7344
vn -0.0156 0.5802 0.8143
vn -0.4584 0.8877 -0.0431
vn -0.7699 -0.6118 -0.1813
vn -0.6966 -0.6410 -0.3224
vn -0.7425 0.0952 -0.6630
vn -0.3365 -0.9415 0.0192
vn -0.3432 -0.9391 0.0154
vn -0.9058 -0.4228 -0.0261
vn -0.9038 -0.3573 -0.2354
vn -0.8325 -0.3267 -0.4475
vn -0.0375 -0.3803 -0.9241
vn -0.4583 -0.3264 -0.8267
vn -0.0000 -1.0000 -0.0000
vn -0.8176 0.5758 0.0062
vn -0.8515 0.5196 0.0707
vn 0.2462 0.1871 -0.9510
vn -0.7889 0.3857 0.4785
vn -0.7891 0.3566 0.5002
vn -0.6336 -0.0114 0.7736
vn -0.6420 -0.1431 0.7532
vn -0.3537 -0.8537 -0.3823
vn 0.3964 0.5223 0.7550
vn -0.7461 0.0362 0.6649
vn -0.4641 0.8704 0.1642
vn -0.5103 0.8508 0.1254
vn -0.9700 0.1537 -0.1883
vn -0.6666 -0.7168 -0.2046
vn -0.8494 -0.5132 -0.1231
vn -0.6282 -0.0795 -0.7740
vn -0.7903 0.3811 0.4798
vn -0.8289 0.3099 0.4658
vn 0.8367 -0.0114 -0.5476
vn -0.7868 -0.0258 -0.6166
vn -0.8234 0.0777 -0.5621
vn 0.8632 -0.2782 -0.4213
vn 0.8393 -0.0706 -0.5390
vn -0.7061 -0.1257 -0.6969
vn 0.9809 -0.0808 -0.1772
vn 0.9794 -0.0622 -0.1921
vn -0.4133 0.6104 0.6758
vn -0.9445 0.2925 -0.1493
vn -0.9226 0.3315 -0.1974
vn -0.4512 0.7399 0.4989
vn -0.0215 -0.9994 0.0265
vn -0.0248 -0.9994 0.0247
vn -0.5365 -0.8231 -0.1862
vn -0.5732 -0.8054 -0.1509
vn -0.4468 0.5691 0.6903
vn -0.1455 0.9884 -0.0426
vn -0.1214 0.9926 -0.0056
vn 0.2852 0.7785 -0.5591
vn 0.4869 0.0824 -0.8696
vn 0.4150 0.0081 -0.9098
vn 0.1447 -0.5356 -0.8320
vn 0.1441 -0.5357 -0.8320
vn -0.1593 0.9076 0.3883
vn -0.8221 0.2427 0.5150
vn 0.8963 -0.2358 -0.3755
vn 0.8956 -0.0782 -0.4380
vn 0.8130 -0.5637 0.1458
vn 0.7175 -0.6950 0.0468
vn -0.7850 0.5536 0.2779
vn -0.6700 0.0251 0.7420
vn -0.6541 0.0351 0.7556
vn -0.1570 -0.9511 -0.2660
vn -0.2765 -0.9484 -0.1553
vn -0.8142 0.4423 0.3762
vn -0.8151 0.3597 0.4542
vn 0.7793 -0.5374 -0.3222
vn 0.8704 -0.3207 -0.3734
vn -0.7735 -0.5999 0.2045
vn -0.4025 -0.9004 0.1652
vn -0.8117 0.0932 -0.5766
vn -0.7227 0.3330 -0.6056
vn -0.8019 0.5931 -0.0719
vn -0.8146 0.5778 -0.0510
vn 0.9749 -0.1925 -0.1119
vn -0.9264 0.1853 0.3279
vn -0.6903 -0.6593 -0.2980
vn -0.4903 -0.7408 -0.4591
vn -0.6093 -0.7645 0.2103
vn -0.6026 -0.7690 0.2134
vn -0.6555 0.0051 0.7552
vn -0.3029 0.4232 0.8539
vn 0.9854 0.0065 -0.1701
vn -0.6076 -0.5582 0.5650
vn -0.9162 0.1612 -0.3669
vn -0.0853 0.8170 0.5703
vn -0.8845 0.0893 0.4579
vn 0.1120 -0.4920 -0.8634
vn 0.0660 -0.4974 -0.8650
vn -0.0000 -0.9968 -0.0801
vn -0.0394 0.6961 0.7169
vn -0.3524 -0.9061 0.2342
vn -0.4378 -0.8798 0.1851
vn -0.3998 0.5463 0.7360
vn -0.3985 0.5474 0.7359
vn -0.0996 0.5539 0.8266
vn -0.1197 0.5970 0.7933
vn -0.6236 -0.4762 0.6200
vn -0.4135 0.8476 0.3327
vn -0.4926 0.7322 0.4703
vn -0.9635 0.1832 -0.1953
vn -0.9809 0.1425 -0.1324
vn 0.9646 0.1617 0.2081
vn -0.5197 0.7386 0.4293
vn -0.5061 0.7549 0.4172
vn 0.4506 0.7306 -0.5130
vn 0.4535 0.7540 -0.4752
vn -0.6772 0.0701 0.7324
vn -0.7531 0.0382 0.6568
vn -0.5269 -0.6834 -0.5053
vn -0.6067 -0.7026 -0.3720
vn -0.1552 0.4821 0.8623
vn -0.1103 0.3998 0.9099
vn -0.1221 0.9896 0.0762
vn -0.1829 0.9817 0.0525
vn -0.4534 0.8806 0.1375
vn -0.5078 0.8422 0.1811
vn -0.2430 0.9591 0.1450
vn -0.2063 0.9579 0.1997
vn 0.4562 0.8310 0.3184
vn 0.3697 0.8317 0.4143
vn -0.8340 0.4614 0.3025
vn -0.8349 0.3878 0.3906
vn 0.9130 0.3772 0.1554
vn 0.9687 0.1466 0.2004
vn 0.9690 0.1314 0.2094
vn -0.3527 0.4804 0.8030
vn -0.1325 0.6278 0.7670
vn 0.5397 -0.0783 -0.8382
vn 0.5337 -0.0810 -0.8418
vn 0.8261 0.4833 0.2899
vn -0.4361 0.6075 0.6639
vn 0.9512 0.0965 0.2932
vn 0.9583 0.2049 0.1990
vn -0.1622 0.4110 0.8971
vn -0.2268 0.3343 0.9148
vn 0.8264 0.4369 0.3553
vn 0.8845 0.0892 0.4579
vn 0.4417 0.7852 0.4339
vn 0.5087 0.7209 0.4708
vn -0.0760 0.8947 0.4402
vn -0.1199 0.8747 0.4695
vn 0.9752 0.0489 0.2158
vn 0.9686 0.1012 0.2269
vn -0.0320 -0.9749 0.2205
vn -0.0670 -0.9774 0.2006
vn 0.4361 0.6075 0.6639
vn -0.6553 0.6822 -0.3244
vn -0.8366 0.4789 -0.2662
vn -0.8671 0.3989 -0.2983
vn 0.9153 0.3304 0.2304
vn -0.4067 0.5241 0.7483
vn 0.4783 0.6690 0.5690
vn 0.4577 0.5854 0.6692
vn 0.4720 0.5337 0.7017
vn 0.4232 0.3944 0.8157
vn 0.4911 0.6348 0.5965
vn -0.0083 -0.9999 -0.0102
vn 0.8889 -0.2255 0.3988
vn 0.8919 -0.2182 0.3961
vn 0.0800 -0.5106 -0.8561
vn 0.0794 -0.5121 -0.8553
vn -0.4477 0.8937 -0.0275
vn -0.3810 0.9235 0.0447
vn 0.8432 0.5019 -0.1926
vn -0.5257 -0.7939 -0.3054
vn -0.5539 -0.8004 -0.2292
vn -0.5667 -0.5744 0.5907
vn -0.4998 -0.7404 0.4495
vn -0.7971 -0.5828 0.1579
vn -0.2063 0.9573 0.2023
vn -0.2146 0.9544 0.2073
vn -0.3147 0.4395 0.8413
vn -0.2303 0.2989 0.9261
vn -0.0185 0.8751 0.4837
vn 0.4262 0.3382 0.8390
vn 0.4255 0.3370 0.8399
vn -0.4046 0.1404 0.9037
vn -0.7224 0.0466 0.6899
vn -0.7295 0.0085 0.6839
vn 0.5816 0.8124 0.0424
vn -0.1896 -0.9808 -0.0458
vn -0.2158 -0.9762 -0.0221
vn 0.9701 0.0194 0.2420
vn 0.9855 0.0921 -0.1423
vn -0.5943 -0.4879 0.6393
vn -0.5686 -0.6567 0.4955
vn -0.6304 0.0018 0.7762
vn 0.3138 0.0664 0.9472
vn -0.1354 0.6371 0.7588
vn -0.0912 0.6520 0.7527
vn -0.9217 0.2346 0.3089
vn -0.9177 0.2111 0.3365
vn -0.6027 -0.7678 0.2175
vn 0.0932 0.6539 0.7508
vn 0.7258 0.6309 0.2741
vn 0.3750 -0.1931 -0.9067
vn -0.8192 0.4563 -0.3475
vn -0.4449 -0.8530 0.2729
vn -0.4264 -0.8573 0.2886
vn -0.3572 0.5175 -0.7776
vn -0.7202 -0.6601 0.2136
vn -0.4366 0.4389 0.7854
vn 0.1002 -0.6235 -0.7753
vn 0.1133 -0.5371 -0.8359
vn -0.4357 0.5837 0.6851
vn -0.5162 0.5135 0.6854
vn 0.3039 0.1318 0.9435
vn 0.1391 0.2709 0.9525
vn -0.8857 0.4232 0.1909
vn -0.4297 0.8661 -0.2554
vn -0.1998 0.9547 0.2204
vn -0.0838 0.9866 0.1402
vn 0.5196 0.0796 0.8507
vn 0.2563 0.1195 0.9592
vn 0.5359 0.7222 -0.4373
vn 0.5287 0.7021 -0.4770
vn -0.4186 -0.9021 -0.1046
vn -0.4029 -0.8828 -0.2414
vn 0.3882 0.0210 -0.9213
vn 0.3880 -0.2049 -0.8986
vn 0.3768 -0.2094 -0.9023
vn -0.7293 -0.0078 0.6841
vn -0.7293 0.0519 0.6822
vn -0.6603 0.6172 -0.4278
vn -0.7371 0.5907 -0.3284
vn -0.8799 -0.2715 0.3900
vn -0.3759 0.8848 -0.2754
vn -0.4345 0.3620 0.8247
vn -0.5510 -0.0486 0.8331
vn -0.1560 0.9872 0.0335
vn -0.1383 0.9888 0.0561
vn -0.0813 0.6427 0.7618
vn -0.1574 0.5745 0.8033
vn -0.9137 -0.0407 0.4044
vn -0.0747 -0.9356 0.3450
vn -0.1037 -0.9402 0.3245
vn -0.4845 0.4751 0.7346
vn -0.9324 -0.2279 0.2804
vn -0.8344 0.4526 0.3147
vn -0.8306 0.4661 0.3046
vn 0.2049 -0.6951 -0.6890
vn 0.0070 -0.6774 -0.7356
vn -0.1584 0.8885 0.4306
vn -0.1209 0.9006 0.4174
vn 0.2630 0.1828 0.9473
vn -0.4686 0.2454 0.8487
vn -0.4414 0.3693 0.8178
vn -0.4433 0.7202 -0.5337
vn -0.5093 0.7364 -0.4453
vn -0.3393 -0.9357 -0.0968
vn -0.3535 -0.9332 -0.0642
vn -0.9599 -0.2110 0.1847
vn -0.2460 0.0803 0.9659
vn -0.1100 0.1244 0.9861
vn -0.2980 0.9300 -0.2154
vn -0.5911 -0.6349 -0.4976
vn -0.5655 -0.6435 -0.5159
vn -0.6851 -0.3143 0.6572
vn -0.7139 -0.4432 -0.5422
vn -0.7790 -0.4008 -0.4822
vn -0.5142 -0.5420 -0.6647
vn -0.5365 -0.5290 -0.6575
vn -0.3113 -0.9361 -0.1637
vn -0.3142 -0.9427 -0.1120
vn -0.6465 -0.6252 0.4372
vn -0.6179 -0.7306 0.2906
vn -0.7404 -0.1000 0.6646
vn -0.7636 0.0149 0.6456
vn -0.9305 0.0726 0.3590
vn -0.4802 -0.6591 0.5788
vn -0.5230 -0.6767 0.5183
vn -0.9327 -0.2255 0.2814
vn -0.6575 0.7516 0.0532
vn -0.6104 -0.3600 -0.7055
vn -0.6281 -0.3457 -0.6971
vn -0.6061 -0.7201 -0.3378
vn -0.6062 -0.7201 -0.3376
vn -0.3522 -0.7306 -0.5849
vn -0.3883 -0.7973 -0.4621
vn -0.3887 -0.7973 -0.4617
vn 0.4100 -0.2330 -0.8818
vn 0.3811 -0.2407 -0.8926
vn -0.7298 0.6173 0.2937
vn -0.8235 -0.4611 -0.3305
vn -0.8734 -0.4113 -0.2606
vn -0.2226 0.6380 0.7372
vn -0.2827 0.5620 0.7774
vn 0.5418 0.1668 -0.8238
vn -0.1191 0.9677 -0.2221
vn -0.1388 0.9708 -0.1957
vn 0.1491 -0.7858 -0.6003
vn -0.3345 0.7097 -0.6201
vn -0.3756 0.7439 -0.5527
vn -0.1160 0.1960 0.9737
vn -0.2476 0.2010 0.9478
vn -0.4111 -0.8429 -0.3471
vn -0.3282 -0.9158 -0.2314
vn -0.3902 0.3702 0.8430
vn -0.8563 -0.2365 -0.4592
vn -0.9308 -0.1491 -0.3338
vn -0.3118 -0.4019 -0.8609
vn -0.3052 -0.4075 -0.8607
vn -0.5137 0.5120 0.6885
vn -0.6220 0.4076 0.6685
vn -0.6626 0.2099 0.7189
vn -0.2828 -0.7323 -0.6195
vn -0.9123 -0.1262 0.3896
vn -0.5274 0.7046 -0.4747
vn -0.7181 0.4096 -0.5626
vn -0.2016 -0.6665 -0.7177
vn -0.6768 -0.1974 -0.7092
vn -0.7249 -0.1429 -0.6739
vn -0.8904 -0.1158 0.4402
vn 0.4790 0.7207 -0.5011
vn 0.4705 0.7009 -0.5360
vn -0.7955 -0.2252 0.5625
vn -0.7598 -0.1346 0.6361
vn -0.7586 0.6513 -0.0163
vn -0.8368 0.5475 -0.0019
vn -0.2274 0.2347 0.9451
vn -0.6233 -0.7672 -0.1513
vn -0.6241 -0.7664 -0.1521
vn -0.3686 -0.2378 -0.8987
vn -0.3549 -0.2508 -0.9007
vn -0.2605 -0.7555 -0.6012
vn -0.9564 -0.1946 -0.2176
vn -0.9722 -0.1624 -0.1685
vn -0.2113 -0.8912 -0.4013
vn -0.3055 -0.8961 -0.3218
vn 0.5289 0.1752 -0.8304
vn 0.5704 0.2089 -0.7943
vn -0.1509 -0.7710 0.6187
vn -0.1942 -0.7962 0.5730
vn -0.8819 -0.4686 -0.0522
vn -0.8688 -0.4886 -0.0811
vn -0.8928 -0.4489 0.0376
vn -0.9591 0.0542 0.2777
vn -0.3527 -0.9258 -0.1359
vn -0.3488 -0.9290 -0.1237
vn -0.7226 0.0229 -0.6909
vn -0.7230 -0.1294 -0.6786
vn -0.2674 -0.6644 -0.6979
vn -0.9718 -0.0372 0.2327
vn -0.3344 0.6072 0.7207
vn -0.3673 0.5942 0.7156
vn -0.7287 -0.3655 0.5792
vn -0.3287 -0.9204 -0.2119
vn -0.3397 -0.7583 -0.5564
vn -0.3411 -0.5264 -0.7788
vn -0.4351 0.4995 -0.7491
vn -0.4314 0.4915 -0.7565
vn -0.5332 0.6863 0.4946
vn -0.6759 -0.2814 -0.6811
vn -0.1597 0.7382 -0.6554
vn -0.1702 0.7530 -0.6356
vn -0.4065 -0.0920 -0.9090
vn -0.4119 -0.1139 -0.9041
vn -0.9661 -0.0243 -0.2568
vn -0.9660 -0.0364 -0.2560
vn -0.1847 -0.3996 -0.8979
vn -0.1685 -0.3687 -0.9142
vn -0.2225 -0.9447 -0.2410
vn -0.2045 -0.9538 -0.2202
vn -0.4969 0.2761 0.8227
vn 0.0443 -0.7756 -0.6296
vn -0.8174 -0.0261 0.5755
vn -0.2194 0.9246 0.3113
vn -0.2215 0.9239 0.3120
vn 0.4311 -0.2735 -0.8599
vn 0.3850 -0.2740 -0.8813
vn -0.1593 -0.5326 -0.8313
vn -0.5917 -0.1857 0.7845
vn -0.5890 -0.1899 0.7855
vn -0.9592 0.0320 -0.2809
vn -0.9800 0.1530 -0.1275
vn -0.7243 0.4564 0.5169
vn -0.9195 0.0826 -0.3844
vn -0.3994 -0.1646 -0.9019
vn -0.3974 -0.1527 -0.9048
vn 0.0586 -0.7906 -0.6096
vn -0.3956 -0.9142 -0.0884
vn -0.3294 -0.9249 -0.1897
vn -0.8788 -0.4713 0.0750
vn -0.9273 -0.2112 0.3091
vn -0.9737 -0.0462 0.2229
vn -0.6663 0.1379 0.7328
vn -0.6641 0.2110 0.7172
vn -0.1811 0.5046 -0.8441
vn -0.2411 0.3977 -0.8853
vn -0.6739 -0.1095 -0.7307
vn -0.2895 -0.5292 -0.7976
vn -0.2592 -0.4246 -0.8675
vn -0.9773 -0.2115 -0.0095
vn -0.9859 -0.1574 0.0565
vn -0.6760 -0.6959 0.2424
vn -0.6606 -0.7261 0.1908
vn -0.1850 -0.2419 -0.9525
vn -0.1759 -0.2291 -0.9574
vn -0.9621 -0.1001 0.2537
vn -0.6018 -0.7986 -0.0009
vn -0.5293 -0.8473 0.0450
vn -0.1232 -0.5340 -0.8365
vn -0.2643 -0.4088 -0.8735
vn -0.9626 -0.0809 0.2586
vn -0.9880 0.1327 -0.0791
vn -0.9858 0.1652 -0.0301
vn 0.2677 -0.6161 0.7408
vn -0.2527 -0.9609 -0.1129
vn -0.9181 0.2422 0.3139
vn -0.9167 0.2589 0.3043
vn -0.8874 -0.4605 0.0216
vn 0.0264 -0.9987 -0.0443
vn 0.0363 -0.9981 -0.0504
vn -0.8277 -0.5442 0.1369
vn -0.8263 -0.5480 0.1305
vn -0.2178 -0.1714 -0.9608
vn -0.1925 -0.0834 -0.9777
vn -0.9070 -0.0371 0.4194
vn -0.9160 0.0059 0.4012
vn -0.6798 -0.5655 0.4670
vn -0.5653 -0.0469 0.8235
vn -0.5955 -0.0015 0.8034
vn -0.1452 -0.3697 -0.9177
vn -0.0721 -0.2729 -0.9593
vn -0.2051 -0.9701 -0.1299
vn -0.2023 -0.9709 -0.1282
vn -0.1908 0.1436 -0.9711
vn -0.2523 -0.9608 -0.1148
vn -0.8649 -0.2009 0.4601
vn -0.6867 0.1515 0.7110
vn -0.6878 0.1508 0.7100
vn -0.7361 -0.4779 -0.4795
vn 0.4483 -0.3218 -0.8340
vn 0.3985 -0.3224 -0.8586
vn -0.6168 0.4041 0.6754
vn -0.7089 0.3190 0.6290
vn -0.7657 -0.1296 0.6301
vn -0.7798 -0.1573 0.6060
vn -0.9635 -0.0806 0.2552
vn -0.9685 0.0321 0.2468
vn -0.2142 -0.2389 0.9471
vn -0.2322 -0.2140 0.9488
vn -0.4822 0.7712 0.4155
vn -0.4063 0.8133 0.4165
vn -0.2920 -0.8211 -0.4904
vn -0.7700 0.1065 0.6291
vn -0.5671 -0.3442 0.7483
vn -0.5760 -0.6128 0.5409
vn -0.2058 -0.0779 -0.9755
vn -0.1376 0.0318 -0.9900
vn -0.9784 0.1654 -0.1237
vn -0.8501 -0.4858 0.2033
vn -0.9483 -0.2343 0.2140
vn -0.9851 0.1101 0.1318
vn -0.9884 0.0965 0.1173
vn -0.8571 0.1577 -0.4905
vn -0.8465 0.2332 0.4785
vn -0.8444 0.2210 0.4880
vn 0.5567 0.2172 -0.8018
vn 0.6103 0.2412 -0.7546
vn -0.9440 -0.2211 0.2451
vn -0.9412 -0.1944 0.2762
vn -0.0731 -0.2309 -0.9702
vn 0.4618 0.7034 -0.5404
vn 0.4856 0.7595 -0.4328
vn -0.5031 -0.8574 0.1084
vn -0.4562 -0.8806 0.1283
vn -0.2207 -0.9750 -0.0246
vn -0.8067 0.1193 0.5788
vn -0.8438 0.0781 0.5310
vn -0.6295 0.0655 0.7742
vn -0.6297 0.0658 0.7741
vn -0.3019 0.7908 -0.5324
vn -0.2866 -0.9451 -0.1571
vn -0.1771 -0.9350 -0.3073
vn -0.9002 -0.0132 0.4353
vn -0.8897 0.0129 0.4563
vn -0.1918 -0.0021 0.9814
vn -0.2012 0.0113 0.9795
vn -0.6446 -0.7371 0.2030
vn -0.6375 -0.7509 0.1725
vn -0.1733 -0.9845 -0.0279
vn -0.9662 0.2449 0.0809
vn -0.1958 -0.9806 -0.0077
vn -0.9476 0.3184 0.0273
vn -0.9657 0.2502 0.0695
vn -0.7084 -0.6069 0.3603
vn -0.7684 -0.5459 0.3341
vn -0.8811 -0.2915 0.3724
vn -0.8809 -0.2860 0.3770
vn -0.2085 0.9215 0.3276
vn -0.2056 0.9224 0.3270
vn -0.5576 0.2368 0.7956
vn -0.5788 0.2719 0.7688
vn -0.4869 -0.7096 0.5094
vn -0.5268 -0.5955 0.6065
vn -0.7453 0.1958 0.6373
vn -0.8335 0.1608 0.5287
vn -0.1753 -0.6705 0.7209
vn -0.1648 -0.6290 0.7597
vn -0.0348 -0.1939 -0.9804
vn -0.0210 -0.1994 -0.9797
vn -0.9435 0.0160 0.3311
vn -0.9096 0.1003 0.4031
vn -0.2386 -0.9672 -0.0870
vn -0.2126 -0.9704 0.1147
vn -0.1536 -0.9861 0.0639
vn -0.7540 -0.1764 0.6327
vn -0.8019 -0.2825 0.5265
vn -0.0489 0.0328 -0.9983
vn -0.6208 -0.0921 0.7786
vn -0.6194 -0.0897 0.7799
vn -0.8385 -0.2809 0.4669
vn -0.8495 -0.3165 0.4221
vn -0.6909 0.7161 -0.0990
vn -0.7244 0.6856 -0.0726
vn -0.9392 0.2934 0.1782
vn -0.9457 0.2555 0.2008
vn -0.9615 0.2641 0.0761
vn -0.4167 -0.8893 0.1885
vn -0.2649 -0.9451 0.1915
vn -0.1549 0.0960 0.9832
vn -0.1590 0.1026 0.9819
vn 0.5821 0.2560 -0.7718
vn 0.6579 0.2691 -0.7034
vn -0.6444 0.2720 0.7146
vn -0.6963 0.2414 0.6759
vn -0.1483 0.1103 -0.9828
vn -0.7848 0.4080 0.4665
vn -0.5819 -0.4933 0.6466
vn -0.5616 -0.4213 0.7122
vn -0.7129 -0.5561 0.4273
vn -0.7165 -0.4527 0.5308
vn -0.1976 -0.9796 0.0357
vn -0.5745 -0.6645 0.4779
vn -0.5761 -0.6660 0.4739
vn -0.1027 -0.9646 -0.2428
vn 0.0734 -0.8976 -0.4347
vn -0.1409 0.3395 0.9300
vn -0.1273 0.3243 0.9374
vn -0.6295 -0.7560 0.1797
vn -0.6550 -0.7062 0.2687
vn -0.1614 -0.9862 0.0369
vn -0.8561 -0.0017 0.5168
vn -0.8255 0.0346 0.5633
vn -0.2306 -0.9669 0.1090
vn -0.1924 -0.9645 0.1808
vn -0.2920 -0.9400 0.1764
vn -0.2807 -0.9373 0.2068
vn -0.8685 0.2375 0.4352
vn -0.7605 0.2851 0.5833
vn -0.7593 -0.3502 0.5485
vn -0.7590 -0.3496 0.5492
vn -0.9659 0.2520 0.0595
vn -0.9498 0.3097 0.0449
vn -0.0779 -0.0123 -0.9969
vn -0.0838 0.0057 -0.9965
vn -0.8889 0.2630 0.3751
vn -0.8708 0.2077 0.4456
vn 0.4953 0.7561 -0.4279
vn 0.5217 0.7767 -0.3530
vn -0.9462 0.2627 0.1892
vn -0.1765 -0.1501 0.9728
vn -0.1587 -0.1971 0.9674
vn -0.8444 0.1436 0.5161
vn -0.9700 0.2351 0.0624
vn -0.9656 0.2549 0.0508
vn 0.6200 0.2904 -0.7289
vn 0.6767 0.2910 -0.6763
vn -0.9002 0.3913 -0.1912
vn -0.8580 0.4377 -0.2687
vn -0.1685 0.1098 -0.9796
vn -0.1384 0.1462 -0.9795
vn -0.6308 -0.4369 0.6413
vn -0.6338 -0.3965 0.6642
vn -0.1953 -0.4414 0.8758
vn -0.1801 -0.4765 0.8606
vn -0.9261 0.3216 0.1970
vn -0.9400 0.3034 0.1563
vn -0.6126 -0.4557 0.6458
vn -0.6208 -0.4637 0.6322
vn -0.6398 0.2039 0.7410
vn -0.6995 0.1708 0.6939
vn -0.1197 0.8966 0.4263
vn -0.1750 0.8883 0.4245
vn -0.6642 -0.3468 0.6622
vn -0.6918 -0.4046 0.5981
vn -0.1312 -0.9893 0.0638
vn -0.7605 -0.0144 0.6492
vn -0.7487 -0.0073 0.6629
vn -0.9632 0.2005 0.1792
vn -0.9642 0.1910 0.1839
vn -0.4480 -0.7019 0.5538
vn -0.4810 -0.7632 0.4313
vn -0.7837 -0.2977 0.5452
vn -0.7543 0.2646 0.6009
vn -0.6769 0.3076 0.6687
vn -0.1491 -0.9869 0.0608
vn -0.1294 -0.9887 0.0759
vn -0.0634 -0.9770 0.2037
vn -0.0739 -0.9813 0.1776
vn -0.8678 -0.0163 0.4966
vn -0.3671 -0.7600 -0.5363
vn 0.1980 -0.9306 -0.3079
vn 0.1298 -0.9499 -0.2843
vn -0.4707 -0.2278 0.8523
vn -0.6491 -0.1963 0.7349
vn -0.2031 -0.9512 0.2325
vn -0.2208 -0.9537 0.2042
vn -0.8205 0.2610 0.5086
vn -0.8050 0.2499 0.5381
vn -0.5516 -0.7523 0.3602
vn -0.5940 -0.6220 0.5101
vn -0.7066 -0.2407 0.6655
vn -0.7519 -0.0041 0.6593
vn -0.4246 -0.3273 0.8441
vn -0.4074 -0.3413 0.8471
vn -0.8757 -0.1211 -0.4675
vn -0.2190 0.5445 -0.8097
vn -0.1189 0.4465 -0.8868
vn -0.9224 0.1630 0.3503
vn -0.9179 0.1277 0.3757
vn -0.8071 0.2142 0.5502
vn -0.7668 0.2304 0.5990
vn -0.9321 0.3562 0.0656
vn -0.9415 0.3262 0.0851
vn -0.4144 -0.5540 0.7221
vn -0.5167 -0.6061 0.6046
vn -0.6207 -0.2407 0.7462
vn -0.6199 -0.2400 0.7471
vn 0.5183 0.3645 0.7736
vn 0.3285 0.6347 0.6995
vn -0.6619 0.2775 0.6964
vn -0.7037 0.2504 0.6649
vn -0.8886 0.3510 -0.2953
vn -0.0224 -0.9929 0.1168
vn 0.1692 -0.9468 0.2737
vn 0.2506 0.7711 0.5853
vn 0.1359 0.7861 0.6030
vn -0.5518 -0.4977 0.6692
vn -0.5614 -0.5223 0.6418
vn -0.7502 0.1746 0.6377
vn -0.7209 0.1977 0.6643
vn -0.8675 0.0921 0.4889
vn -0.8758 0.0890 0.4743
vn 0.4647 0.6748 0.5733
vn -0.3856 -0.7975 -0.4641
vn -0.4625 -0.7716 -0.4368
vn 0.4209 0.8651 0.2729
vn -0.6166 -0.7383 0.2731
vn -0.6846 -0.6477 0.3344
vn -0.0000 -0.9977 -0.0681
vn 0.0059 -0.9967 -0.0814
vn 0.5512 0.7652 -0.3327
vn 0.6009 0.7755 -0.1937
vn -0.0450 -0.9060 0.4209
vn -0.9369 0.3384 0.0871
vn -0.9325 0.3523 0.0790
vn -0.9397 0.3042 0.1562
vn -0.0411 0.9034 0.4268
vn -0.1534 0.8705 0.4677
vn -0.8197 0.2332 0.5232
vn -0.7877 0.1851 0.5875
vn -0.6509 0.0587 0.7569
vn -0.6178 -0.1406 0.7737
vn 0.0784 -0.4934 0.8663
vn -0.8058 0.3527 -0.4757
vn -0.2557 -0.6423 -0.7226
vn -0.1341 0.3051 -0.9428
vn -0.2409 0.4444 -0.8628
vn -0.7875 0.2034 0.5818
vn -0.7616 0.2052 0.6147
vn 0.2360 0.9713 -0.0291
vn -0.1048 -0.9681 -0.2275
vn -0.1064 -0.9704 -0.2168
vn -0.7268 0.2070 0.6549
vn -0.6845 0.2392 0.6886
vn -0.5419 -0.6952 0.4723
vn -0.5420 -0.7006 0.4642
vn -0.6124 0.1522 0.7758
vn -0.6360 0.1265 0.7613
vn -0.3654 -0.7917 0.4896
vn -0.3783 -0.8179 0.4335
vn -0.0754 -0.9619 -0.2629
vn -0.6576 0.1350 0.7411
vn -0.7454 0.1549 0.6483
vn -0.7468 0.1543 0.6469
vn -0.0550 -0.9964 0.0639
vn -0.0968 -0.9922 0.0787
vn -0.1618 -0.9637 0.2123
vn -0.1746 -0.9641 0.1999
vn -0.8480 0.0706 0.5253
vn -0.9342 0.0020 0.3567
vn -0.5956 -0.2591 0.7604
vn -0.5945 -0.2554 0.7625
vn 0.2006 -0.5165 0.8324
vn 0.2013 -0.4653 0.8620
vn -0.9400 0.2631 0.2172
vn -0.9338 0.2957 0.2013
vn -0.6256 -0.1396 0.7676
vn -0.6138 -0.1197 0.7803
vn 0.4095 0.9112 0.0450
vn 0.2386 0.9616 0.1353
vn -0.1279 0.8691 0.4777
vn -0.0237 0.8767 0.4804
vn -0.7393 0.1425 0.6581
vn -0.7219 0.1513 0.6752
vn -0.6249 0.1552 0.7651
vn -0.6228 0.1580 0.7663
vn -0.5012 -0.6481 0.5734
vn 0.1383 -0.9839 0.1133
vn 0.0214 -0.6376 0.7701
vn -0.0043 -0.7209 0.6930
vn -0.8851 0.3851 0.2613
vn -0.2190 0.8853 0.4101
vn -0.4417 0.7033 0.5570
vn -0.3001 0.8081 -0.5069
vn 0.0627 -0.9813 -0.1818
vn -0.9007 0.4178 0.1192
vn -0.5688 0.0952 0.8170
vn -0.5824 0.0783 0.8092
vn -0.9095 0.1525 0.3866
vn -0.9110 0.2063 0.3572
vn 0.0615 -0.9896 -0.1300
vn -0.0176 -0.9991 0.0385
vn -0.1234 -0.9914 -0.0427
vn 0.0735 -0.9958 0.0544
vn -0.5094 -0.5384 0.6713
vn -0.5207 -0.5810 0.6256
vn -0.4160 -0.7393 0.5295
vn -0.4517 -0.6351 0.6266
vn -0.6558 0.0639 0.7522
vn -0.6868 0.0309 0.7262
vn 0.2301 0.9645 0.1296
vn 0.5027 0.6402 -0.5808
vn -0.6372 0.1390 0.7581
vn 0.1657 0.9349 0.3139
vn -0.8729 0.0980 0.4780
vn -0.8712 0.0902 0.4825
vn 0.5536 0.8023 -0.2234
vn -0.0669 -0.9960 0.0584
vn 0.1426 -0.4883 0.8609
vn 0.1877 -0.6759 0.7127
vn -0.1227 -0.9708 0.2063
vn -0.1366 -0.9709 0.1968
vn 0.0473 -0.9924 -0.1135
vn -0.5760 0.1059 0.8106
vn -0.5251 0.1902 0.8295
vn -0.5863 -0.1340 0.7989
vn -0.5462 0.0422 0.8366
vn -0.2919 -0.8372 0.4625
vn -0.3271 -0.8625 0.3862
vn -0.9055 0.1485 0.3974
vn -0.9303 0.1387 0.3397
vn -0.2823 0.4970 0.8206
vn -0.2804 0.5832 0.7624
vn -0.5789 -0.2625 0.7720
vn -0.5789 -0.2623 0.7721
vn -0.5669 -0.0624 0.8214
vn -0.5641 -0.0583 0.8237
vn -0.2906 0.6462 0.7057
vn 0.0280 0.9520 0.3049
vn 0.0023 0.9624 0.2715
vn -0.5447 0.0592 0.8365
vn -0.4689 0.1973 0.8609
vn -0.8425 0.5181 0.1472
vn -0.8407 0.5220 0.1441
vn -0.8396 0.4778 0.2585
vn -0.2668 -0.3450 0.8999
vn 0.0993 -0.6676 0.7379
vn 0.0470 -0.7294 0.6825
vn -0.5093 0.2412 0.8261
vn -0.2947 0.6551 0.6957
vn -0.0153 -0.9884 0.1508
vn 0.5221 0.6292 -0.5758
vn -0.0936 -0.9756 0.1988
vn -0.0651 -0.9750 0.2126
vn -0.4746 0.1658 0.8644
vn -0.3486 0.3798 0.8569
vn -0.3852 0.6874 0.6157
vn -0.5265 0.4950 0.6913
vn 0.0337 -0.9924 -0.1183
vn 0.0378 -0.9904 -0.1327
vn -0.8660 0.4259 0.2619
vn -0.8430 0.4850 0.2326
vn -0.3145 0.6768 0.6655
vn 0.1292 0.9898 -0.0603
vn 0.0629 0.8302 0.5538
vn -0.0721 -0.9974 0.0020
vn -0.1190 -0.9875 0.1034
vn -0.0732 0.5495 -0.8323
vn -0.1529 0.5792 -0.8007
vn -0.4577 -0.5960 0.6598
vn -0.4639 -0.6107 0.6417
vn -0.4107 -0.1295 0.9025
vn -0.4032 -0.1162 0.9077
vn 0.0317 -0.9927 -0.1162
vn -0.4474 -0.6355 0.6292
vn -0.5718 -0.3991 0.7167
vn -0.7249 0.6597 0.1983
vn -0.8554 0.3177 0.4090
vn -0.8652 0.3202 0.3859
vn -0.2753 -0.4106 0.8693
vn -0.5244 0.0387 0.8506
vn -0.5478 0.2756 0.7899
vn -0.2190 -0.8850 0.4109
vn -0.2288 -0.8892 0.3961
vn -0.3062 0.6729 0.6734
vn 0.3108 0.8334 -0.4571
vn -0.8369 0.1503 0.5263
vn -0.7799 0.0960 0.6184
vn -0.4242 0.1957 0.8842
vn -0.4769 0.4101 0.7774
vn -0.2904 0.9439 -0.1572
vn 0.0682 0.9961 -0.0564
vn 0.1628 0.9866 -0.0054
vn -0.8398 0.3130 0.4435
vn -0.8373 0.3117 0.4492
vn -0.3081 0.3812 0.8716
vn -0.3550 0.5434 0.7607
vn -0.0016 -0.9874 0.1581
vn -0.2420 0.6610 0.7103
vn 0.0186 -0.9904 0.1367
vn -0.5241 -0.2690 0.8081
vn -0.5144 -0.2938 0.8056
vn -0.2123 0.9575 -0.1951
vn -0.2504 -0.1310 0.9592
vn -0.3360 0.0393 0.9410
vn -0.0549 0.7257 -0.6858
vn -0.4031 0.4619 -0.7900
vn -0.2865 -0.4339 0.8542
vn -0.5915 0.7617 0.2645
vn -0.3516 0.4979 0.7928
vn -0.3347 0.5758 0.7459
vn -0.5357 0.8320 0.1442
vn -0.0430 -0.9851 -0.1667
vn 0.2514 -0.8974 -0.3625
vn -0.3082 -0.6387 0.7050
vn -0.3745 -0.7296 0.5723
vn -0.1934 0.6610 0.7250
vn -0.0947 -0.9056 0.4134
vn -0.1056 -0.9091 0.4029
vn -0.1985 -0.9781 0.0622
vn -0.2560 -0.9401 0.2253
vn 0.0832 -0.9931 -0.0831
vn -0.5114 -0.3932 0.7642
vn -0.5555 -0.2701 0.7864
vn 0.3225 0.8864 -0.3322
vn -0.5038 0.2910 0.8133
vn -0.5105 0.3396 0.7899
vn -0.3923 0.4385 0.8086
vn -0.4447 0.5787 0.6836
vn -0.3434 0.5475 0.7631
vn -0.3596 0.5744 0.7353
vn -0.2273 0.9714 0.0684
vn -0.3753 0.9264 0.0296
vn -0.6648 0.6998 0.2612
vn -0.6527 0.7012 0.2869
vn -0.1554 0.0792 0.9847
vn -0.3555 0.3911 0.8489
vn -0.1729 0.6647 0.7268
vn -0.3091 0.8519 -0.4227
vn -0.3063 0.8532 -0.4221
vn -0.6507 0.7469 0.1367
vn -0.4753 -0.3003 0.8270
vn -0.4199 -0.4379 0.7949
vn -0.3357 -0.4767 0.8125
vn -0.0255 -0.9967 -0.0766
vn -0.6626 0.6616 0.3510
vn -0.6728 0.6664 0.3214
vn 0.3375 0.8870 -0.3150
vn -0.7397 0.3938 0.5456
vn -0.7218 0.3722 0.5835
vn -0.3059 0.6068 0.7336
vn -0.1545 0.5554 0.8171
vn -0.1365 0.7020 0.6990
vn -0.7397 0.1442 0.6573
vn -0.7226 0.1216 0.6805
vn -0.7188 0.4697 0.5126
vn -0.7550 0.4945 0.4307
vn -0.0799 -0.9962 -0.0338
vn -0.0946 -0.7768 0.6225
vn -0.1151 -0.7570 0.6432
vn -0.3404 0.3987 0.8515
vn -0.2824 -0.9363 0.2090
vn -0.2147 -0.9694 0.1187
vn 0.2387 0.9261 -0.2922
vn 0.2470 0.9292 -0.2750
vn -0.5308 0.8368 0.1345
vn 0.1413 -0.7840 -0.6045
vn -0.5156 0.5028 0.6937
vn -0.8172 -0.1259 0.5625
vn -0.4873 -0.2425 0.8389
vn -0.4463 -0.3683 0.8155
vn -0.3437 0.6794 0.6482
vn -0.5132 0.5377 0.6690
vn -0.4769 0.4620 0.7478
vn -0.5073 0.1031 -0.8556
vn -0.4977 0.3473 0.7948
vn -0.4548 0.1763 0.8730
vn -0.4170 -0.5022 0.7576
vn -0.1624 -0.4284 0.8889
vn -0.1000 -0.6161 0.7813
vn -0.5006 0.5856 0.6375
vn -0.3100 0.3791 0.8719
vn -0.2692 0.3734 0.8877
vn -0.6526 0.6872 0.3191
vn 0.0416 0.6991 0.7138
vn 0.0562 0.5846 0.8093
vn -0.6487 -0.2951 -0.7015
vn -0.6469 -0.2890 -0.7057
vn -0.8258 -0.2170 0.5205
vn -0.5170 0.5053 0.6909
vn 0.1217 -0.7900 -0.6009
vn -0.8969 0.0485 0.4395
vn -0.9071 0.3765 -0.1882
vn -0.1352 -0.9773 0.1633
vn -0.1887 -0.9557 0.2260
vn 0.0178 -0.8453 -0.5340
vn -0.5540 -0.4896 0.6733
vn -0.8245 -0.2277 0.5181
vn -0.7676 0.2515 0.5895
vn -0.5830 0.4372 0.6848
vn -0.5406 0.3372 0.7707
vn -0.1952 0.9796 -0.0484
vn -0.2326 0.9726 -0.0052
vn -0.6825 -0.0584 0.7285
vn -0.8501 -0.5005 0.1639
vn -0.8515 -0.4986 0.1622
vn 0.1176 -0.0558 -0.9915
vn 0.1316 -0.0327 -0.9908
vn -0.7379 -0.0969 -0.6679
vn -0.7262 -0.0520 -0.6855
vn -0.3241 -0.3585 0.8755
vn -0.3149 -0.3727 0.8729
vn -0.6747 -0.4346 0.5966
vn -0.8029 -0.2909 0.5203
vn 0.0900 -0.8659 -0.4921
vn -0.5990 0.1727 0.7819
vn -0.6166 0.2027 0.7607
vn -0.0064 -0.9701 0.2428
vn -0.0230 -0.9789 0.2031
vn -0.7627 -0.3562 0.5399
vn -0.7177 0.3024 0.6273
vn -0.6821 0.2368 0.6918
vn -0.1264 0.9598 -0.2507
vn -0.4471 0.1793 0.8763
vn -0.3242 0.0131 0.9459
vn -0.5774 0.5858 0.5688
vn -0.5678 0.5747 0.5893
vn -0.6809 -0.0474 0.7309
vn -0.6108 0.3858 0.6915
vn -0.4460 0.2051 0.8712
vn -0.4446 0.7865 0.4286
vn -0.3933 -0.2290 0.8904
vn -0.9497 -0.1992 0.2416
vn -0.9663 -0.1497 0.2094
vn -0.1560 -0.3725 0.9148
vn -0.1283 -0.4049 0.9053
vn -0.5575 0.7334 0.3891
vn -0.5191 0.6888 0.5061
vn -0.5012 0.7423 0.4448
vn -0.5013 0.7424 0.4445
vn -0.6115 0.2828 0.7390
vn -0.6519 0.2306 0.7224
vn -0.7231 0.5622 -0.4013
vn -0.7280 0.5560 -0.4012
vn 0.0125 0.2201 -0.9754
vn 0.0485 0.1982 -0.9790
vn -0.3764 -0.4348 0.8181
vn -0.2879 -0.2952 0.9110
vn -0.4752 0.3497 0.8074
vn -0.4604 0.2500 0.8518
vn -0.7274 0.0096 0.6862
vn -0.6529 -0.0445 0.7561
vn -0.2032 0.0266 0.9788
vn -0.1422 -0.0245 0.9895
vn -0.3916 -0.1533 0.9073
vn -0.4062 -0.1495 0.9015
vn -0.8832 0.3849 0.2680
vn -0.9649 0.2071 0.1614
vn -0.5250 0.2069 0.8255
vn -0.5706 0.1581 0.8058
vn -0.2113 0.2459 0.9460
vn -0.2317 0.2276 0.9458
vn -0.1773 0.7445 -0.6436
vn -0.1537 0.7813 -0.6050
vn -0.1018 0.9945 -0.0254
vn -0.0738 0.9961 -0.0478
vn -0.2236 0.9745 0.0200
vn -0.6548 0.0120 0.7557
vn -0.6057 0.0630 0.7932
vn -0.4205 -0.0958 0.9022
vn -0.4226 -0.0985 0.9010
vn -0.4060 0.0885 0.9096
vn -0.4075 0.2267 0.8846
vn 0.7150 0.1265 -0.6876
vn 0.7360 0.1107 -0.6679
vn -0.6532 -0.1159 0.7483
vn -0.5029 -0.1785 0.8457
vn -0.2390 0.3049 0.9219
vn -0.2248 0.3196 0.9205
vn -0.4520 -0.0352 0.8913
vn -0.3979 0.0843 0.9136
vn -0.3684 -0.0555 0.9280
vn -0.3711 -0.0612 0.9266
vn -0.5363 0.8411 -0.0704
vn -0.4051 0.6053 0.6852
vn -0.4118 0.6000 0.6858
vn -0.2498 0.8129 0.5262
vn -0.1411 0.7923 0.5937
vn -0.5959 0.7969 0.0991
vn -0.5146 -0.1260 0.8481
vn -0.4582 -0.0593 0.8868
vn -0.2860 0.9398 -0.1872
vn 0.6411 0.4168 -0.6444
vn 0.6232 0.4293 -0.6537
vn -0.2224 0.0871 0.9711
vn -0.2294 0.0811 0.9699
vn -0.4886 0.1005 0.8667
vn -0.5511 0.0894 0.8297
vn 0.4463 -0.1090 0.8882
vn 0.4447 -0.1121 0.8886
vn -0.0315 0.9871 0.1568
vn -0.4456 0.3095 0.8400
vn -0.3921 0.4014 0.8277
vn -0.6064 -0.0848 0.7906
vn -0.5711 -0.1042 0.8143
vn -0.4922 -0.0003 0.8705
vn -0.4944 -0.0052 0.8692
vn 0.2327 0.8797 -0.4147
vn 0.2280 0.9013 -0.3684
vn -0.3269 0.7791 0.5349
vn -0.3015 0.7598 0.5760
vn -0.1003 0.9744 0.2015
vn 0.9875 0.1453 0.0616
vn 0.9889 0.1272 0.0764
vn -0.1445 0.9831 -0.1126
vn -0.4437 0.8541 0.2714
vn -0.0687 0.9973 0.0277
vn -0.0874 0.9960 0.0175
vn -0.2753 0.9504 0.1444
vn -0.2000 0.9571 0.2095
vn -0.1095 0.9940 0.0042
vn -0.2478 0.9320 0.2644
vn -0.2869 0.8641 0.4136
vn -0.4185 -0.0466 0.9070
vn -0.5807 -0.0024 0.8141
vn 0.3287 0.1742 0.9282
vn 0.3405 0.2209 0.9139
vn -0.2262 -0.0429 0.9731
vn -0.2317 -0.0397 0.9720
vn 0.3845 0.9227 0.0266
vn 0.4965 0.8559 0.1449
vn 0.2643 0.5936 0.7601
vn 0.0683 0.6525 0.7547
vn 0.8663 0.4927 0.0817
vn 0.8966 0.4228 0.1319
vn -0.2875 0.3982 0.8711
vn -0.3323 0.4041 0.8522
vn -0.2779 0.1143 0.9538
vn -0.4767 0.1406 0.8677
vn -0.1901 0.9226 0.3358
vn -0.2805 0.8657 0.4146
vn -0.2808 0.0857 0.9559
vn -0.2338 0.0577 0.9706
vn -0.9024 0.3728 -0.2162
vn -0.3670 0.1879 0.9111
vn -0.2549 0.3385 0.9058
vn -0.3575 0.6004 -0.7154
vn -0.3590 0.6009 -0.7142
vn -0.3634 0.7441 0.5606
vn -0.2589 0.7200 0.6438
vn -0.2462 0.4396 0.8638
vn -0.1191 0.5552 0.8231
vn -0.2791 0.0668 0.9579
vn -0.8927 0.1484 0.4254
vn -0.1503 0.8278 0.5405
vn -0.0446 0.8737 0.4844
vn 0.0041 -1.0000 0.0062
vn 0.0060 -0.9999 0.0122
vn -0.9127 0.3914 -0.1170
vn -0.1328 0.8990 0.4173
vn -0.1353 0.8995 0.4154
vn -0.5758 -0.5789 0.5774
vn -0.8961 0.1595 0.4142
vn -0.3178 0.1160 0.9410
vn -0.1322 0.5530 0.8226
vn -0.2187 0.5661 0.7948
vn -0.4813 0.2170 0.8493
vn -0.3863 0.8551 0.3457
vn -0.3395 0.6701 -0.6601
vn -0.8629 0.4973 -0.0898
vn -0.8994 0.3443 0.2694
vn -0.4065 0.8720 -0.2726
vn -0.4050 -0.1954 0.8932
vn -0.4792 0.2240 0.8487
vn 0.8543 0.2106 0.4753
vn -0.0006 -0.9990 0.0443
vn -0.0858 -0.9962 0.0151
vn 0.9078 -0.2873 0.3056
vn 0.8893 -0.1590 0.4288
vn -0.3810 0.7005 -0.6034
vn -0.5090 0.3878 -0.7684
vn 0.1192 0.6113 0.7824
vn 0.8382 0.5271 0.1401
vn -0.5250 0.4252 -0.7373
vn -0.5966 0.2093 -0.7747
vn 0.2604 -0.5872 0.7664
vn 0.2143 -0.5411 0.8132
vn 0.7027 0.7099 -0.0465
vn 0.7026 0.7103 -0.0434
vn -0.8706 0.0835 -0.4848
vn -0.0059 0.7499 0.6615
vn 0.0333 0.8298 0.5570
vn 0.8591 -0.5067 -0.0719
vn 0.6163 -0.7871 0.0269
vn -0.9830 0.1832 0.0104
vn -0.9861 0.1659 -0.0029
vn 0.9764 0.0734 -0.2030
vn -0.0803 -0.9849 0.1535
vn -0.3577 0.1284 0.9250
vn -0.4680 -0.1869 -0.8638
vn -0.9001 -0.1191 0.4191
vn -0.8488 -0.0519 0.5261
vn -0.0024 0.8539 0.5204
vn -0.3268 0.5343 0.7796
vn -0.0039 0.8978 0.4404
vn 0.7133 0.7001 -0.0327
vn -0.0553 -0.9985 -0.0027
vn 0.5267 0.5706 0.6301
vn 0.5422 0.8389 -0.0473
vn 0.6003 0.6920 0.4010
vn 0.5760 0.7234 0.3806
vn 0.8663 0.4397 -0.2371
vn -0.8937 0.2234 -0.3891
vn -0.9023 0.1305 -0.4110
vn -0.3639 0.1327 0.9219
vn -0.3951 0.5904 0.7038
vn -0.5201 0.4127 -0.7477
vn -0.2682 -0.5712 0.7758
vn -0.2278 -0.5421 0.8088
vn 0.7139 0.5471 0.4371
vn -0.4110 0.5857 0.6986
vn 0.3346 0.7461 0.5757
vn 0.3156 0.7669 0.5588
vn 0.9616 0.1047 -0.2537
vn 0.9156 0.0733 0.3954
vn 0.8853 0.0653 0.4604
vn 0.8920 0.1257 0.4342
vn 0.9505 0.1637 0.2643
vn 0.5690 0.7090 0.4165
vn 0.4250 0.4095 0.8073
vn 0.3638 0.4477 0.8168
vn 0.8258 0.5088 0.2432
vn 0.7883 0.5359 -0.3025
vn 0.2591 0.0220 0.9656
vn 0.2309 0.1122 0.9665
vn 0.3156 0.7304 0.6057
vn 0.3215 0.7490 0.5794
vn -0.0765 -0.9969 -0.0200
vn 0.9767 -0.1790 -0.1181
vn 0.9687 -0.2378 -0.0707
vn 0.3420 0.6353 0.6924
vn 0.8271 0.4739 0.3023
vn 0.8635 0.2299 0.4490
vn 0.4362 0.8660 0.2446
vn -0.5052 0.7240 0.4697
vn -0.5156 0.7091 0.4810
vn -0.2768 -0.9603 0.0346
vn -0.6753 0.2761 -0.6839
vn -0.6456 0.1077 -0.7561
vn 0.8467 0.5178 0.1227
vn 0.8983 0.2923 0.3282
vn 0.9796 -0.0264 0.1992
vn 0.0942 -0.9828 0.1588
vn -0.6299 0.1765 -0.7564
vn -0.6596 0.0043 -0.7516
vn -0.5302 0.0140 0.8477
vn 0.3606 -0.0690 0.9302
vn 0.6187 -0.0370 0.7847
vn 0.1566 0.8566 0.4916
vn 0.9099 0.3902 0.1404
vn -0.3914 0.8569 0.3354
vn -0.8474 0.0983 0.5217
vn -0.0185 -0.9978 -0.0631
vn 0.9366 -0.0065 -0.3503
vn 0.0713 -0.9859 0.1514
vn -0.2582 0.5667 -0.7824
vn -0.4802 0.6945 0.5357
vn 0.0667 -0.9977 0.0095
vn 0.9822 0.0593 -0.1783
vn 0.9867 -0.1070 -0.1221
vn -0.2819 -0.9421 0.1816
vn -0.3153 -0.9424 0.1113
vn -0.4474 0.6145 -0.6498
vn -0.3341 0.6604 -0.6724
vn 0.5432 -0.7543 -0.3687
vn 0.6959 -0.5299 -0.4847
vn -0.4547 -0.8898 -0.0390
vn -0.8620 0.1208 0.4924
vn -0.0198 -0.9966 -0.0804
vn 0.0019 -0.9992 -0.0395
vn 0.3448 -0.7987 0.4930
vn 0.4632 -0.7071 0.5342
vn 0.9691 -0.1085 0.2217
vn 0.5570 -0.6939 0.4565
vn 0.9755 0.1010 -0.1956
vn 0.9826 0.0512 -0.1784
vn -0.2638 0.1094 0.9584
vn -0.2952 0.0079 0.9554
vn -0.1972 0.7643 0.6140
vn -0.1952 0.7606 0.6192
vn -0.9969 0.0791 -0.0001
vn -0.9974 0.0720 -0.0047
vn -0.7902 0.3021 -0.5332
vn -0.7860 0.3160 -0.5314
vn -0.1743 0.8473 0.5018
vn -0.1714 0.8430 0.5099
vn -0.8486 -0.2041 0.4881
vn -0.7430 -0.1228 0.6579
vn -0.1988 0.7550 0.6249
vn -0.2826 0.6484 0.7069
vn -0.8040 0.4350 0.4054
vn -0.7819 -0.0886 -0.6170
vn -0.7197 -0.1757 -0.6717
vn 0.6165 -0.7694 0.1671
vn -0.8997 0.1386 -0.4139
vn -0.8983 0.1188 -0.4230
vn 0.9604 0.1870 -0.2065
vn 0.9654 0.1714 -0.1966
vn -0.9195 -0.0001 0.3932
vn -0.3907 -0.1869 -0.9013
vn -0.6699 -0.0111 -0.7423
vn -0.6579 -0.1241 -0.7428
vn 0.0693 -0.7526 0.6549
vn 0.0510 -0.7956 0.6037
vn 0.8386 -0.2801 -0.4671
vn -0.4836 -0.8695 0.1007
vn -0.3417 0.3530 0.8710
vn -0.3368 0.3506 0.8739
vn -0.4636 -0.4679 -0.7524
vn 0.8323 -0.3352 -0.4414
vn -0.8229 -0.3631 -0.4370
vn -0.6870 -0.4831 -0.5428
vn -0.6320 -0.6974 -0.3379
vn -0.6287 -0.7000 -0.3387
vn -0.3593 0.8316 -0.4234
vn -0.4197 0.7907 -0.4457
vn 0.4979 0.5060 0.7043
vn 0.9741 0.0832 -0.2104
vn 0.9760 0.0758 -0.2040
vn 0.4055 -0.4753 -0.7808
vn -0.3575 0.0327 0.9334
vn -0.0365 -0.0156 0.9992
vn 0.2336 0.7024 0.6723
vn -0.0368 -0.3518 -0.9354
vn 0.2028 0.8781 0.4334
vn 0.1610 0.7930 0.5876
vn 0.0002 -1.0000 0.0014
vn 0.5441 0.1784 0.8198
vn -0.9532 0.0022 -0.3024
vn -0.0681 -0.5201 -0.8514
vn 0.8389 -0.1666 -0.5181
vn 0.8410 -0.2335 -0.4881
vn 0.6455 0.0638 0.7611
vn -0.3200 -0.9315 0.1729
vn -0.3689 -0.9088 0.1948
vn 0.6159 -0.7742 -0.1459
vn 0.5881 -0.7984 -0.1294
vn -0.7447 0.0454 0.6659
vn -0.7372 0.0666 0.6723
vn 0.0383 0.5915 0.8054
vn 0.8239 -0.3093 -0.4748
vn -0.0134 -0.7984 0.6020
vn -0.6644 0.6358 0.3929
vn -0.6751 0.6399 0.3671
vn 0.4688 0.1524 0.8700
vn -0.5089 0.8600 0.0375
vn -0.6046 -0.0231 -0.7962
vn -0.5597 -0.1919 -0.8061
vn 0.8402 -0.0370 -0.5410
vn 0.8466 -0.0702 -0.5275
vn -0.9902 0.1395 -0.0041
vn -0.9810 0.1900 0.0399
vn 0.0004 -1.0000 -0.0007
vn -0.6471 0.7582 0.0801
vn -0.7178 -0.6957 0.0260
vn -0.8166 -0.5737 0.0632
vn -0.9324 -0.3495 -0.0922
vn 0.1871 -0.3766 -0.9073
vn -0.9103 0.0519 -0.4108
vn -0.9034 0.0104 -0.4287
vn -0.7360 0.5855 0.3399
vn 0.1053 -0.9904 0.0890
vn -0.6611 0.7400 0.1235
vn 0.1781 -0.4419 -0.8792
vn 0.1699 -0.4265 -0.8884
vn -0.6529 0.6716 0.3502
vn -0.6933 0.4078 0.5941
vn -0.6997 0.7083 0.0934
vn -0.2622 -0.8115 0.5223
vn -0.2243 -0.9037 0.3648
vn 0.8012 0.0703 -0.5943
vn 0.8404 -0.0233 -0.5414
vn 0.0007 -1.0000 0.0004
vn -0.0002 -1.0000 0.0026
vn -0.9525 -0.1275 -0.2767
vn 0.0220 -0.9976 -0.0659
vn 0.0001 -1.0000 -0.0001
vn -0.8661 0.3826 -0.3217
vn -0.8318 0.4640 -0.3046
vn 0.2078 -0.4377 -0.8748
vn 0.1874 -0.4106 -0.8924
vn -0.1072 -0.9850 0.1354
vn -0.9862 0.1652 0.0067
vn -0.5419 -0.1180 -0.8321
vn -0.4613 -0.3001 -0.8349
vn -0.8201 0.5535 -0.1454
vn 0.2179 -0.2928 -0.9310
vn 0.2210 -0.2866 -0.9322
vn 0.8052 -0.0345 -0.5920
vn 0.8035 -0.0312 -0.5944
vn -0.9590 0.2286 -0.1678
vn 0.0008 -1.0000 -0.0022
vn 0.0042 -0.9999 0.0091
vn -0.8378 0.4404 0.3225
vn -0.9665 0.2537 0.0398
vn -0.9745 0.2230 0.0267
vn 0.4504 -0.8254 -0.3403
vn 0.4305 -0.8478 -0.3098
vn -0.9615 0.2210 -0.1635
vn -0.4613 -0.3082 -0.8320
vn -0.3099 -0.1534 -0.9383
vn -0.3115 -0.9086 0.2784
vn -0.4810 -0.8021 0.3540
vn -0.9910 0.1255 0.0466
vn -0.9042 -0.0010 -0.4270
vn -0.8254 0.1407 -0.5467
vn 0.2116 -0.1894 -0.9588
vn 0.2226 -0.2149 -0.9509
vn -0.1486 -0.9888 -0.0105
vn -0.4579 0.8641 -0.2091
vn -0.4908 0.8391 -0.2345
vn -0.9778 -0.1197 -0.1722
vn -0.9872 -0.0131 -0.1589
vn -0.9441 0.2681 0.1918
vn -0.9392 0.3431 -0.0155
vn -0.9722 0.2326 0.0266
vn 0.2453 -0.1257 -0.9613
vn 0.2125 -0.0826 -0.9737
vn -0.3078 -0.2344 -0.9221
vn -0.2816 -0.1632 -0.9455
vn -0.3695 -0.9240 0.0985
vn -0.3905 -0.9144 0.1061
vn -0.8146 -0.5797 -0.0184
vn -0.8665 -0.4992 -0.0037
vn -0.8378 -0.0269 -0.5453
vn -0.7763 0.1790 -0.6044
vn -0.9757 0.1193 0.1837
vn -0.9966 -0.0381 0.0737
vn -0.2811 -0.1732 -0.9439
vn -0.2531 -0.0952 -0.9627
vn 0.0045 -1.0000 -0.0009
vn 0.0101 -0.9998 0.0163
vn -0.5543 -0.8311 0.0445
vn -0.5139 -0.8575 0.0251
vn 0.2489 -0.1180 -0.9613
vn 0.2450 -0.1139 -0.9628
vn -0.9624 0.2436 -0.1202
vn -0.9979 0.0643 -0.0107
vn -0.7885 0.0338 -0.6140
vn -0.7476 0.1717 -0.6415
vn -0.8578 0.4810 -0.1813
vn -0.8663 0.4611 -0.1921
vn 0.1285 -0.8856 -0.4463
vn 0.1260 -0.8793 -0.4593
vn -0.2534 -0.0856 -0.9636
vn -0.2422 -0.0685 -0.9678
vn -0.2781 0.4444 0.8516
vn -0.7588 -0.0055 -0.6513
vn -0.7607 -0.0102 -0.6490
vn -0.5006 0.8543 0.1398
vn -0.4977 0.8563 0.1382
vn 0.0104 -0.9999 0.0052
vn -0.9853 -0.0634 -0.1589
vn -0.9859 -0.0866 -0.1429
vn -0.5121 -0.8561 -0.0687
vn -0.5315 -0.8433 -0.0794
vn -0.9896 -0.0130 -0.1433
vn -0.9919 0.0257 -0.1244
vn -0.1901 -0.1412 -0.9716
vn -0.2420 -0.0763 -0.9673
vn -0.0757 -0.8867 -0.4561
vn -0.0876 -0.8763 -0.4737
vn -0.7599 -0.0645 -0.6469
vn -0.7868 -0.1336 -0.6026
vn -0.3337 0.4831 0.8095
vn -0.2998 0.5239 0.7973
vn -0.8646 -0.4986 -0.0626
vn -0.8937 -0.4474 -0.0341
vn -0.2853 0.4060 0.8682
vn -0.3925 -0.9195 0.0212
vn -0.4378 -0.8973 0.0554
vn -0.3539 0.7333 0.5806
vn -0.4033 0.6939 0.5965
vn -0.4012 -0.8632 -0.3065
vn -0.3959 -0.8687 -0.2977
vn -0.8793 0.4679 0.0884
vn -0.8779 0.4709 0.0871
vn -0.2151 -0.0812 -0.9732
vn -0.9980 0.0288 0.0557
vn -0.9978 0.0428 0.0500
vn -0.4374 -0.8986 -0.0343
vn -0.4210 -0.9068 -0.0244
vn -0.8945 -0.4466 0.0207
vn -0.8993 -0.4370 0.0166
vn -0.2541 -0.0901 -0.9630
vn -0.7666 0.4112 0.4933
vn -0.7743 0.3927 0.4961
vn -0.5696 0.3999 0.7181
vn -0.6411 0.2530 0.7245
vn 0.6661 0.4093 -0.6235
vn -0.9406 0.0404 0.3370
vn -0.9321 -0.1069 0.3460
vn -0.3453 -0.9384 -0.0134
vn -0.4208 -0.9064 -0.0374
vn -0.8939 -0.4343 0.1105
vn -0.7851 -0.6047 0.1339
vn -0.5735 0.3391 0.7457
vn 0.7330 0.5530 -0.3962
vn -0.6845 0.3912 0.6151
vn 0.2112 -0.3599 -0.9088
vn -0.8798 -0.1356 0.4555
vn -0.8683 -0.1897 0.4583
vn 0.3763 -0.0487 -0.9252
vn -0.9195 0.0657 0.3874
vn -0.8074 -0.1841 0.5606
vn -0.7495 -0.6122 0.2521
vn -0.7913 -0.5573 0.2514
vn -0.1959 -0.9757 0.0985
vn -0.3351 -0.9414 0.0395
vn 0.1263 0.9373 -0.3248
vn 0.5980 0.1255 -0.7916
vn -0.2164 0.9130 -0.3459
vn 0.5372 0.6547 -0.5318
vn -0.5853 -0.8003 0.1301
vn -0.7149 -0.5989 0.3608
vn -0.5278 -0.7941 0.3015
vn -0.4231 -0.8982 0.1189
vn 0.1156 0.5011 0.8576
vn 0.3187 -0.1498 0.9360
vn 0.3827 -0.1666 0.9087
vn 0.4959 0.4018 0.7698
vn 0.4872 0.3124 0.8155
vn 0.3351 0.2809 0.8993
vn -0.7173 0.4995 0.4859
vn -0.7691 0.3795 0.5143
vn -0.2912 -0.1090 0.9504
vn 0.5486 0.1065 0.8293
vn 0.4855 0.1385 0.8632
vn -0.9477 0.0349 0.3172
vn 0.9636 -0.0105 0.2672
vn 0.9084 0.1372 0.3950
vn -0.1298 0.5396 0.8319
vn -0.3517 0.3638 0.8625
vn 0.2809 0.7434 0.6070
vn 0.0116 0.7987 0.6016
vn -0.5794 0.3608 0.7309
vn -0.4599 0.4642 0.7570
vn -0.1103 0.6458 0.7555
vn 0.1053 0.5879 0.8020
vn -0.8649 0.3267 0.3810
vn 0.7162 0.2951 0.6324
vn 0.7393 0.3485 0.5761
vn 0.9476 -0.0186 -0.3190
vn 0.9742 0.1211 -0.1903
vn -0.4268 0.1555 0.8909
vn -0.5990 0.0089 0.8007
vn -0.0909 0.7739 0.6268
vn 0.6510 0.7584 0.0311
vn 0.9929 -0.0390 0.1127
vn 0.9776 -0.1449 0.1524
vn 0.4384 0.5745 0.6912
vn 0.7385 0.3521 0.5750
vn -0.8212 0.5585 -0.1175
vn -0.9713 0.0722 -0.2265
vn -0.9962 0.0589 -0.0634
vn -0.9992 0.0055 -0.0385
vn -0.9287 0.3475 0.1294
vn -0.9389 0.3154 0.1379
vn -0.6263 0.6909 0.3611
vn 0.5677 -0.5720 0.5921
vn 0.5661 -0.5777 0.5880
vn 0.3933 0.2480 0.8853
vn 0.3365 0.3001 0.8926
vn -0.0367 0.7474 0.6634
vn -0.5998 0.7389 0.3069
vn -0.9825 -0.0339 0.1831
vn -0.9155 -0.0674 0.3967
vn -0.3357 0.3138 0.8882
vn -0.2981 -0.0827 0.9510
vn 0.1855 -0.7100 -0.6794
vn 0.6448 -0.5039 -0.5747
vn 0.8680 0.0420 0.4947
vn -0.8701 -0.2854 0.4018
vn 0.4158 0.2326 0.8792
vn 0.1410 0.2999 0.9435
vn -0.1246 0.2375 0.9634
vn -0.4729 0.3173 0.8220
vn -0.4288 0.2738 0.8609
vn 0.5175 0.1162 0.8478
vn -0.7883 -0.5046 0.3521
vn -0.1294 0.1907 0.9731
vn -0.1387 -0.4723 -0.8705
vn -0.1706 -0.4130 -0.8946
vn -0.2246 -0.4144 -0.8819
vn -0.2197 -0.4301 -0.8756
vn -0.9059 -0.0474 -0.4209
vn -0.8963 -0.0429 -0.4414
vn -0.7306 0.5262 -0.4351
vn -0.0165 0.8766 -0.4810
vn -0.3838 -0.1889 -0.9039
vn -0.3047 0.1242 -0.9443
vn 0.5616 0.8152 0.1417
vn 0.6972 0.6403 -0.3224
vn -0.5357 0.8320 0.1441
vn -0.0737 0.8893 -0.4513
vn -0.0951 0.8771 -0.4707
vn 0.0390 0.7705 0.6362
vn 0.9127 0.3628 -0.1882
vn 0.2849 0.5714 -0.7696
vn 0.3008 0.5486 -0.7801
vn -0.8694 -0.3678 0.3301
vn -0.8168 -0.5075 0.2744
vn 0.8333 0.3445 -0.4322
vn 0.8405 0.3213 -0.4362
vn 0.9050 0.1412 0.4013
vn 0.8909 0.0266 0.4534
vn 0.2869 -0.4183 0.8618
vn 0.3482 -0.4545 0.8198
vn 0.6302 0.5952 -0.4986
vn 0.6459 0.5704 -0.5074
vn -0.2682 -0.4810 0.8347
vn 0.0708 -0.9966 0.0432
vn 0.0229 -0.9972 0.0714
vn 0.4109 0.8859 0.2155
vn 0.9691 0.2464 0.0106
vn 0.9658 0.2585 0.0184
vn 0.3426 -0.2086 0.9161
vn 0.3002 -0.9534 0.0308
vn -0.0023 -0.9993 -0.0371
vn -0.1550 -0.5770 0.8019
vn -0.1420 -0.6051 0.7834
vn 0.1259 0.6423 -0.7561
vn 0.1599 0.6152 -0.7719
vn 0.0788 -0.9961 -0.0396
vn 0.0237 -0.9976 -0.0646
vn 0.9356 0.3526 0.0196
vn 0.9301 0.3671 0.0112
vn 0.9215 0.0841 0.3791
vn 0.5888 -0.3351 0.7355
vn 0.9320 0.2387 0.2727
vn 0.0175 -0.3164 0.9485
vn 0.6523 -0.7360 -0.1813
vn 0.6287 -0.7505 -0.2038
vn 0.3352 0.6945 -0.6366
vn 0.2603 -0.6604 -0.7043
vn 0.2983 -0.6013 -0.7413
vn 0.2641 -0.9344 -0.2390
vn 0.3095 -0.9269 -0.2125
vn 0.7705 -0.5868 -0.2490
vn 0.7243 -0.6425 -0.2502
vn 0.6086 -0.1090 0.7860
vn 0.8759 -0.4684 -0.1158
vn 0.8366 -0.5427 -0.0744
vn 0.3385 -0.1825 -0.9231
vn 0.3619 -0.2131 -0.9075
vn 0.9326 0.0778 0.3523
vn 0.4812 0.6985 -0.5296
vn 0.7935 0.6045 -0.0701
vn 0.7154 0.6986 0.0123
vn 0.9147 0.3534 0.1960
vn 0.9243 0.2586 0.2808
vn 0.9470 -0.0354 -0.3194
vn 0.9526 -0.0713 -0.2958
vn 0.0930 -0.9716 -0.2176
vn 0.0889 -0.9716 -0.2194
vn 0.1845 0.7353 -0.6522
vn 0.1417 0.7106 -0.6891
vn -0.1414 -0.6751 -0.7241
vn -0.1466 -0.6661 -0.7313
vn 0.6516 -0.7354 -0.1862
vn 0.6523 -0.7346 -0.1867
vn 0.3259 -0.1674 -0.9305
vn 0.3380 -0.1914 -0.9215
vn 0.7841 -0.6157 -0.0784
vn 0.7857 -0.6137 -0.0775
vn 0.9906 -0.1345 -0.0256
vn 0.9860 -0.1664 0.0047
vn 0.9408 0.2608 0.2166
vn 0.9215 0.1629 0.3526
vn 0.2905 -0.9279 -0.2337
vn 0.2650 -0.9316 -0.2487
vn 0.9013 -0.4170 -0.1175
vn 0.8773 -0.4734 -0.0797
vn 0.9423 0.1809 -0.2817
vn 0.9814 0.0331 -0.1892
vn -0.1920 -0.1429 -0.9709
vn -0.2301 -0.1907 -0.9543
vn 0.3860 -0.4836 -0.7856
vn 0.3177 -0.3792 -0.8691
vn 0.9359 0.2040 -0.2871
vn 0.9484 0.3058 0.0841
vn 0.7714 0.5880 0.2432
vn 0.9815 0.0312 -0.1890
vn 0.9828 0.0222 -0.1832
vn 0.3991 0.8528 -0.3367
vn 0.0503 -0.9665 -0.2519
vn 0.0925 -0.9680 -0.2334
vn 0.4523 -0.4256 -0.7838
vn 0.4118 -0.3371 -0.8466
vn 0.6595 -0.7433 -0.1122
vn 0.6578 -0.7450 -0.1108
vn -0.2315 -0.1651 -0.9587
vn -0.2436 -0.1950 -0.9501
vn 0.4953 -0.3081 -0.8123
vn 0.4757 -0.2714 -0.8367
vn -0.5887 -0.6454 -0.4867
vn -0.5784 -0.6757 -0.4570
vn 0.9790 0.0827 -0.1861
vn 0.9805 0.0748 -0.1819
vn 0.9750 -0.2145 -0.0576
vn 0.9808 -0.1633 -0.1063
vn 0.3313 -0.9294 -0.1625
vn 0.2928 -0.9457 -0.1410
vn 0.9851 0.1706 -0.0205
vn 0.9883 0.1521 -0.0066
vn 0.9180 0.3903 0.0696
vn 0.5146 0.8511 -0.1043
vn 0.8829 -0.4623 -0.0816
vn 0.8998 -0.4157 -0.1324
vn -0.2194 -0.4250 -0.8782
vn -0.2789 -0.5543 -0.7842
vn 0.9635 0.1636 -0.2120
vn 0.9757 0.1215 -0.1824
vn 0.4644 0.0673 -0.8831
vn 0.9773 0.1396 -0.1594
vn 0.4965 -0.2572 -0.8291
vn 0.4986 -0.2603 -0.8268
vn 0.9889 0.1041 -0.1064
vn 0.5647 0.8216 0.0772
vn 0.6996 0.7133 0.0427
vn 0.8298 0.4992 0.2494
vn -0.7741 -0.0928 -0.6262
vn -0.7844 -0.1092 -0.6105
vn -0.1458 -0.7272 -0.6708
vn -0.3925 -0.4903 -0.7781
vn -0.0330 -0.9980 -0.0536
vn -0.3349 -0.3449 -0.8769
vn -0.3805 -0.5253 -0.7611
vn 0.8190 0.5545 0.1475
vn 0.7689 -0.6007 -0.2190
vn 0.9079 0.3778 -0.1817
vn 0.0155 -0.9865 -0.1628
vn 0.0476 -0.9881 -0.1464
vn 0.9479 -0.2046 -0.2443
vn 0.9510 -0.2745 -0.1420
vn -0.2012 -0.4947 -0.8455
vn 0.1314 -0.3421 -0.9304
vn 0.7579 0.5848 0.2892
vn 0.6190 0.6691 0.4112
vn 0.9509 0.2214 -0.2161
vn 0.9669 0.1793 -0.1813
vn -0.7796 -0.1727 -0.6020
vn 0.8890 -0.4580 0.0006
vn 0.5992 -0.8005 0.0142
vn 0.6664 -0.7445 -0.0400
vn 0.5668 -0.7981 -0.2045
vn 0.6079 -0.7883 -0.0951
vn 0.4936 -0.3344 -0.8028
vn -0.8148 -0.5651 -0.1295
vn -0.7484 -0.6467 -0.1470
vn 0.5671 0.7393 0.3631
vn 0.6684 -0.1230 0.7336
vn 0.9847 0.1544 -0.0810
vn 0.9838 0.1583 -0.0839
vn 0.7843 0.3769 0.4928
vn 0.7844 0.3723 0.4960
vn -0.1346 -0.5254 -0.8401
vn -0.1688 -0.5110 -0.8428
vn -0.4304 0.0964 0.8975
vn 0.0407 -0.6775 -0.7344
vn -0.2467 -0.4718 -0.8465
vn 0.0156 0.5802 0.8143
vn 0.4584 0.8877 -0.0431
vn 0.6966 -0.6410 -0.3224
vn 0.7699 -0.6118 -0.1813
vn 0.7425 0.0952 -0.6630
vn 0.3432 -0.9391 0.0154
vn 0.3365 -0.9415 0.0192
vn 0.9040 -0.4269 -0.0230
vn 0.8325 -0.3267 -0.4475
vn 0.9038 -0.3573 -0.2354
vn 0.0375 -0.3803 -0.9241
vn 0.4583 -0.3264 -0.8267
vn 0.8515 0.5196 0.0707
vn 0.8176 0.5758 0.0062
vn -0.2462 0.1871 -0.9510
vn 0.7891 0.3566 0.5002
vn 0.7889 0.3857 0.4785
vn 0.6336 -0.0114 0.7736
vn 0.6420 -0.1431 0.7532
vn 0.3537 -0.8537 -0.3823
vn -0.3964 0.5223 0.7550
vn 0.7461 0.0361 0.6649
vn 0.5103 0.8508 0.1254
vn 0.4641 0.8704 0.1642
vn 0.9700 0.1537 -0.1883
vn 0.8532 -0.5094 -0.1117
vn 0.6646 -0.7204 -0.1983
vn 0.6282 -0.0795 -0.7740
vn 0.8289 0.3099 0.4658
vn 0.7903 0.3811 0.4798
vn -0.8393 -0.0081 -0.5435
vn 0.8234 0.0777 -0.5621
vn 0.7868 -0.0258 -0.6166
vn -0.8422 -0.0722 -0.5343
vn -0.8653 -0.2829 -0.4138
vn 0.7061 -0.1257 -0.6969
vn -0.9794 -0.0621 -0.1921
vn -0.9808 -0.0801 -0.1777
vn 0.4133 0.6104 0.6758
vn 0.9226 0.3315 -0.1974
vn 0.9445 0.2925 -0.1493
vn 0.4512 0.7399 0.4989
vn 0.0248 -0.9994 0.0247
vn 0.0215 -0.9994 0.0265
vn 0.5732 -0.8054 -0.1509
vn 0.5365 -0.8231 -0.1862
vn 0.4468 0.5691 0.6903
vn 0.1214 0.9926 -0.0056
vn 0.1455 0.9884 -0.0426
vn -0.2852 0.7785 -0.5591
vn -0.4150 0.0081 -0.9098
vn -0.4869 0.0824 -0.8696
vn -0.1441 -0.5357 -0.8320
vn -0.1447 -0.5356 -0.8320
vn 0.1593 0.9076 0.3883
vn 0.8221 0.2427 0.5150
vn -0.8985 -0.0863 -0.4305
vn -0.8983 -0.2360 -0.3707
vn -0.7175 -0.6950 0.0468
vn -0.8130 -0.5637 0.1458
vn 0.7850 0.5536 0.2779
vn 0.6541 0.0351 0.7556
vn 0.6699 0.0251 0.7420
vn 0.2765 -0.9484 -0.1553
vn 0.1570 -0.9511 -0.2660
vn 0.8151 0.3597 0.4542
vn 0.8142 0.4423 0.3762
vn -0.8706 -0.3258 -0.3686
vn -0.7822 -0.5350 -0.3194
vn 0.4183 -0.8929 0.1667
vn 0.7790 -0.5931 0.2035
vn 0.7227 0.3330 -0.6056
vn 0.8117 0.0932 -0.5766
vn 0.8146 0.5778 -0.0510
vn 0.8019 0.5931 -0.0719
vn -0.9760 -0.1861 -0.1132
vn 0.9264 0.1853 0.3279
vn 0.4903 -0.7408 -0.4591
vn 0.6903 -0.6593 -0.2980
vn 0.6110 -0.7637 0.2085
vn 0.6123 -0.7628 0.2078
vn 0.6555 0.0051 0.7552
vn 0.3029 0.4232 0.8539
vn -0.9853 0.0095 -0.1704
vn 0.6076 -0.5582 0.5650
vn 0.9162 0.1612 -0.3669
vn 0.0853 0.8170 0.5703
vn 0.8845 0.0893 0.4579
vn -0.0660 -0.4974 -0.8650
vn -0.1120 -0.4920 -0.8634
vn 0.0394 0.6961 0.7169
vn 0.4354 -0.8813 0.1838
vn 0.3524 -0.9066 0.2320
vn 0.3985 0.5474 0.7359
vn 0.3998 0.5463 0.7360
vn 0.1197 0.5970 0.7933
vn 0.0996 0.5539 0.8266
vn 0.6236 -0.4762 0.6200
vn 0.4926 0.7322 0.4703
vn 0.4135 0.8476 0.3327
vn 0.9809 0.1426 -0.1324
vn 0.9635 0.1832 -0.1953
vn -0.9647 0.1617 0.2081
vn 0.5061 0.7549 0.4172
vn 0.5197 0.7386 0.4293
vn -0.4535 0.7540 -0.4752
vn -0.4506 0.7306 -0.5130
vn 0.7531 0.0382 0.6568
vn 0.6772 0.0701 0.7324
vn 0.6067 -0.7026 -0.3720
vn 0.5269 -0.6834 -0.5053
vn 0.1103 0.3999 0.9099
vn 0.1551 0.4821 0.8623
vn 0.1829 0.9817 0.0525
vn 0.1221 0.9896 0.0762
vn 0.5078 0.8422 0.1811
vn 0.4534 0.8806 0.1375
vn 0.2063 0.9579 0.1997
vn 0.2430 0.9591 0.1450
vn -0.3697 0.8317 0.4143
vn -0.4562 0.8310 0.3184
vn 0.8349 0.3878 0.3906
vn 0.8340 0.4614 0.3025
vn -0.9120 0.3805 0.1529
vn -0.9689 0.1363 0.2067
vn -0.9687 0.1436 0.2024
vn 0.1325 0.6278 0.7670
vn 0.3527 0.4804 0.8030
vn -0.5337 -0.0810 -0.8418
vn -0.5397 -0.0783 -0.8382
vn -0.8261 0.4833 0.2899
vn -0.9584 0.2049 0.1990
vn -0.9516 0.0990 0.2910
vn 0.2266 0.3344 0.9148
vn 0.1622 0.4110 0.8971
vn -0.8264 0.4369 0.3553
vn -0.8845 0.0892 0.4579
vn -0.5087 0.7209 0.4708
vn -0.4417 0.7852 0.4339
vn 0.1199 0.8747 0.4695
vn 0.0760 0.8947 0.4402
vn -0.9676 0.1001 0.2318
vn -0.9750 0.0390 0.2187
vn 0.0665 -0.9774 0.2006
vn 0.0320 -0.9749 0.2204
vn -0.4361 0.6075 0.6640
vn 0.6553 0.6822 -0.3244
vn 0.8671 0.3989 -0.2983
vn 0.8366 0.4789 -0.2662
vn -0.9147 0.3340 0.2277
vn 0.4067 0.5241 0.7483
vn -0.4581 0.5870 0.6675
vn -0.4783 0.6690 0.5690
vn -0.4250 0.3964 0.8138
vn -0.4731 0.5333 0.7012
vn -0.4911 0.6348 0.5965
vn 0.0083 -0.9999 -0.0102
vn -0.8911 -0.2170 0.3985
vn -0.8858 -0.2297 0.4031
vn -0.0794 -0.5121 -0.8553
vn -0.0800 -0.5106 -0.8561
vn 0.3810 0.9235 0.0447
vn 0.4477 0.8937 -0.0275
vn -0.8432 0.5019 -0.1926
vn 0.5539 -0.8004 -0.2292
vn 0.5257 -0.7939 -0.3054
vn 0.5667 -0.5744 0.5907
vn 0.8041 -0.5751 0.1506
vn 0.5148 -0.7358 0.4400
vn 0.2146 0.9544 0.2073
vn 0.2063 0.9573 0.2023
vn 0.2301 0.2986 0.9262
vn 0.3147 0.4395 0.8413
vn 0.0185 0.8751 0.4837
vn -0.4271 0.3356 0.8396
vn -0.4282 0.3374 0.8383
vn 0.4046 0.1404 0.9037
vn 0.7295 0.0085 0.6839
vn 0.7224 0.0466 0.6899
vn -0.5816 0.8124 0.0424
vn 0.2158 -0.9762 -0.0221
vn 0.1896 -0.9808 -0.0458
vn -0.9688 0.0146 0.2475
vn -0.9855 0.0921 -0.1423
vn 0.5686 -0.6567 0.4955
vn 0.5943 -0.4879 0.6393
vn 0.6304 0.0018 0.7762
vn -0.4028 0.2712 0.8742
vn 0.0912 0.6520 0.7527
vn 0.1354 0.6371 0.7588
vn 0.9177 0.2111 0.3365
vn 0.9217 0.2346 0.3089
vn 0.6111 -0.7615 0.2158
vn -0.0932 0.6539 0.7508
vn -0.7258 0.6309 0.2741
vn -0.3750 -0.1931 -0.9067
vn 0.8192 0.4563 -0.3475
vn 0.4235 -0.8579 0.2910
vn 0.4427 -0.8535 0.2748
vn 0.3572 0.5175 -0.7776
vn 0.7209 -0.6599 0.2117
vn 0.4366 0.4389 0.7854
vn -0.1133 -0.5371 -0.8359
vn -0.1002 -0.6235 -0.7753
vn 0.5162 0.5135 0.6854
vn 0.4357 0.5837 0.6851
vn -0.1391 0.2711 0.9524
vn -0.3034 0.1327 0.9436
vn 0.8857 0.4232 0.1909
vn 0.4297 0.8661 -0.2554
vn 0.0838 0.9866 0.1402
vn 0.1998 0.9547 0.2204
vn -0.2560 0.1203 0.9592
vn -0.5213 0.0809 0.8495
vn -0.5287 0.7021 -0.4770
vn -0.5359 0.7222 -0.4373
vn 0.4029 -0.8828 -0.2414
vn 0.4186 -0.9021 -0.1046
vn -0.3882 0.0210 -0.9213
vn -0.3768 -0.2094 -0.9023
vn -0.3880 -0.2049 -0.8986
vn 0.7293 0.0519 0.6822
vn 0.7293 -0.0078 0.6841
vn 0.7371 0.5907 -0.3284
vn 0.6603 0.6172 -0.4278
vn 0.8863 -0.2630 0.3812
vn 0.3759 0.8848 -0.2754
vn 0.4345 0.3620 0.8247
vn 0.5510 -0.0486 0.8331
vn 0.1383 0.9888 0.0561
vn 0.1560 0.9872 0.0335
vn 0.1574 0.5745 0.8033
vn 0.0813 0.6427 0.7618
vn 0.9157 -0.0419 0.3996
vn 0.1037 -0.9402 0.3245
vn 0.0742 -0.9355 0.3454
vn 0.4845 0.4751 0.7346
vn 0.9325 -0.2238 0.2833
vn 0.8306 0.4661 0.3046
vn 0.8344 0.4526 0.3147
vn -0.0070 -0.6774 -0.7356
vn -0.2049 -0.6951 -0.6890
vn 0.1209 0.9006 0.4174
vn 0.1584 0.8885 0.4306
vn -0.2627 0.1828 0.9474
vn 0.4686 0.2454 0.8487
vn 0.4414 0.3693 0.8178
vn 0.5093 0.7364 -0.4453
vn 0.4433 0.7202 -0.5337
vn 0.3535 -0.9332 -0.0643
vn 0.3393 -0.9357 -0.0968
vn 0.9605 -0.2088 0.1839
vn 0.1100 0.1244 0.9861
vn 0.2459 0.0802 0.9660
vn 0.2980 0.9300 -0.2154
vn 0.5655 -0.6435 -0.5159
vn 0.5911 -0.6349 -0.4976
vn 0.6851 -0.3143 0.6572
vn 0.7790 -0.4008 -0.4822
vn 0.7139 -0.4431 -0.5422
vn 0.5365 -0.5290 -0.6575
vn 0.5142 -0.5420 -0.6647
vn 0.3142 -0.9427 -0.1120
vn 0.3113 -0.9361 -0.1637
vn 0.6179 -0.7306 0.2906
vn 0.6465 -0.6252 0.4372
vn 0.7636 0.0149 0.6456
vn 0.7404 -0.1000 0.6646
vn 0.9305 0.0726 0.3590
vn 0.5230 -0.6767 0.5183
vn 0.4770 -0.6576 0.5831
vn 0.6575 0.7516 0.0532
vn 0.6281 -0.3457 -0.6971
vn 0.6104 -0.3600 -0.7055
vn 0.6062 -0.7201 -0.3376
vn 0.6061 -0.7201 -0.3378
vn 0.3522 -0.7306 -0.5849
vn 0.3887 -0.7973 -0.4617
vn 0.3883 -0.7973 -0.4621
vn -0.3811 -0.2407 -0.8926
vn -0.4100 -0.2330 -0.8818
vn 0.7298 0.6173 0.2937
vn 0.8734 -0.4113 -0.2606
vn 0.8235 -0.4611 -0.3305
vn 0.2827 0.5620 0.7774
vn 0.2226 0.6380 0.7372
vn -0.5418 0.1668 -0.8238
vn 0.1388 0.9708 -0.1957
vn 0.1191 0.9677 -0.2221
vn -0.1491 -0.7858 -0.6003
vn 0.3756 0.7439 -0.5527
vn 0.3345 0.7097 -0.6201
vn 0.2476 0.2010 0.9478
vn 0.1160 0.1960 0.9737
vn 0.3282 -0.9158 -0.2314
vn 0.4111 -0.8429 -0.3471
vn 0.3902 0.3702 0.8430
vn 0.9308 -0.1491 -0.3338
vn 0.8563 -0.2365 -0.4592
vn 0.3052 -0.4075 -0.8607
vn 0.3118 -0.4019 -0.8609
vn 0.6220 0.4076 0.6685
vn 0.5137 0.5120 0.6885
vn 0.6626 0.2099 0.7189
vn 0.2828 -0.7323 -0.6195
vn 0.9123 -0.1262 0.3896
vn 0.7181 0.4096 -0.5626
vn 0.5274 0.7046 -0.4747
vn 0.2016 -0.6665 -0.7177
vn 0.7249 -0.1429 -0.6739
vn 0.6768 -0.1974 -0.7092
vn 0.8904 -0.1158 0.4402
vn -0.4705 0.7009 -0.5360
vn -0.4790 0.7207 -0.5011
vn 0.7598 -0.1346 0.6361
vn 0.7955 -0.2252 0.5625
vn 0.8368 0.5475 -0.0019
vn 0.7586 0.6513 -0.0163
vn 0.2274 0.2347 0.9451
vn 0.6241 -0.7664 -0.1521
vn 0.6233 -0.7672 -0.1513
vn 0.3549 -0.2508 -0.9007
vn 0.3686 -0.2378 -0.8987
vn 0.2605 -0.7555 -0.6012
vn 0.9722 -0.1624 -0.1685
vn 0.9564 -0.1946 -0.2176
vn 0.3055 -0.8961 -0.3219
vn 0.2113 -0.8912 -0.4013
vn -0.5704 0.2089 -0.7943
vn -0.5289 0.1752 -0.8304
vn 0.1942 -0.7962 0.5730
vn 0.1509 -0.7710 0.6187
vn 0.8688 -0.4886 -0.0811
vn 0.8819 -0.4686 -0.0522
vn 0.8928 -0.4489 0.0376
vn 0.9591 0.0542 0.2777
vn 0.3488 -0.9290 -0.1237
vn 0.3527 -0.9258 -0.1359
vn 0.7230 -0.1294 -0.6786
vn 0.7226 0.0229 -0.6909
vn 0.2674 -0.6644 -0.6979
vn 0.9718 -0.0372 0.2327
vn 0.3673 0.5942 0.7156
vn 0.3344 0.6072 0.7207
vn 0.7287 -0.3655 0.5792
vn 0.3287 -0.9204 -0.2119
vn 0.3411 -0.5264 -0.7788
vn 0.3397 -0.7583 -0.5564
vn 0.4314 0.4915 -0.7565
vn 0.4351 0.4995 -0.7491
vn 0.5332 0.6863 0.4946
vn 0.6759 -0.2814 -0.6811
vn 0.1702 0.7530 -0.6356
vn 0.1597 0.7382 -0.6554
vn 0.4119 -0.1139 -0.9041
vn 0.4065 -0.0920 -0.9090
vn 0.9660 -0.0364 -0.2560
vn 0.9661 -0.0243 -0.2568
vn 0.1685 -0.3687 -0.9142
vn 0.1847 -0.3996 -0.8979
vn 0.2045 -0.9538 -0.2202
vn 0.2225 -0.9447 -0.2410
vn 0.4969 0.2761 0.8227
vn -0.0443 -0.7756 -0.6296
vn 0.8174 -0.0261 0.5755
vn 0.2215 0.9239 0.3120
vn 0.2194 0.9246 0.3113
vn -0.3850 -0.2740 -0.8813
vn -0.4311 -0.2735 -0.8599
vn 0.1593 -0.5326 -0.8313
vn 0.5890 -0.1899 0.7855
vn 0.5917 -0.1857 0.7845
vn 0.9800 0.1530 -0.1275
vn 0.9592 0.0320 -0.2809
vn 0.7243 0.4564 0.5169
vn 0.9195 0.0826 -0.3844
vn 0.3974 -0.1527 -0.9048
vn 0.3994 -0.1646 -0.9019
vn -0.0586 -0.7906 -0.6096
vn 0.3294 -0.9249 -0.1898
vn 0.3956 -0.9142 -0.0884
vn 0.9273 -0.2112 0.3091
vn 0.8788 -0.4713 0.0750
vn 0.9737 -0.0462 0.2229
vn 0.6641 0.2110 0.7172
vn 0.6663 0.1379 0.7328
vn 0.2411 0.3978 -0.8853
vn 0.1811 0.5046 -0.8441
vn 0.6739 -0.1095 -0.7307
vn 0.2592 -0.4246 -0.8675
vn 0.2895 -0.5292 -0.7976
vn 0.9859 -0.1574 0.0565
vn 0.9773 -0.2115 -0.0095
vn 0.6606 -0.7261 0.1908
vn 0.6760 -0.6959 0.2424
vn 0.1759 -0.2291 -0.9574
vn 0.1850 -0.2419 -0.9525
vn 0.9621 -0.1001 0.2537
vn 0.5293 -0.8473 0.0450
vn 0.6018 -0.7986 -0.0009
vn 0.2643 -0.4088 -0.8735
vn 0.1232 -0.5340 -0.8365
vn 0.9626 -0.0809 0.2586
vn 0.9858 0.1652 -0.0301
vn 0.9880 0.1327 -0.0791
vn -0.2676 -0.6161 0.7408
vn 0.2527 -0.9609 -0.1129
vn 0.9167 0.2589 0.3043
vn 0.9181 0.2422 0.3139
vn 0.8874 -0.4605 0.0216
vn -0.0363 -0.9981 -0.0504
vn -0.0264 -0.9987 -0.0443
vn 0.8263 -0.5480 0.1305
vn 0.8277 -0.5442 0.1369
vn 0.1925 -0.0834 -0.9777
vn 0.2178 -0.1714 -0.9608
vn 0.9160 0.0059 0.4012
vn 0.9070 -0.0371 0.4194
vn 0.6798 -0.5655 0.4670
vn 0.5955 -0.0015 0.8034
vn 0.5653 -0.0469 0.8235
vn 0.0721 -0.2729 -0.9593
vn 0.1452 -0.3697 -0.9177
vn 0.2023 -0.9709 -0.1282
vn 0.2051 -0.9701 -0.1299
vn 0.1908 0.1436 -0.9711
vn 0.2523 -0.9608 -0.1148
vn 0.8649 -0.2009 0.4601
vn 0.6878 0.1508 0.7100
vn 0.6867 0.1515 0.7110
vn 0.7361 -0.4779 -0.4795
vn -0.3985 -0.3224 -0.8586
vn -0.4483 -0.3218 -0.8340
vn 0.7089 0.3190 0.6290
vn 0.6168 0.4041 0.6754
vn 0.7798 -0.1573 0.6060
vn 0.7657 -0.1296 0.6301
vn 0.9685 0.0321 0.2468
vn 0.9635 -0.0806 0.2552
vn 0.2322 -0.2140 0.9488
vn 0.2143 -0.2389 0.9471
vn 0.4063 0.8133 0.4165
vn 0.4822 0.7712 0.4155
vn 0.2920 -0.8211 -0.4904
vn 0.7700 0.1065 0.6291
vn 0.5760 -0.6128 0.5409
vn 0.5671 -0.3442 0.7483
vn 0.1376 0.0318 -0.9900
vn 0.2058 -0.0779 -0.9755
vn 0.9784 0.1654 -0.1237
vn 0.9483 -0.2343 0.2140
vn 0.8501 -0.4858 0.2033
vn 0.9884 0.0965 0.1173
vn 0.9851 0.1101 0.1318
vn 0.8571 0.1577 -0.4905
vn 0.8444 0.2210 0.4880
vn 0.8465 0.2332 0.4785
vn -0.6103 0.2412 -0.7546
vn -0.5567 0.2172 -0.8018
vn 0.9412 -0.1944 0.2762
vn 0.9440 -0.2211 0.2451
vn 0.0731 -0.2309 -0.9702
vn -0.4856 0.7595 -0.4328
vn -0.4618 0.7034 -0.5404
vn 0.4563 -0.8805 0.1283
vn 0.5031 -0.8574 0.1084
vn 0.2207 -0.9750 -0.0246
vn 0.8438 0.0781 0.5310
vn 0.8067 0.1193 0.5788
vn 0.6297 0.0658 0.7741
vn 0.6295 0.0655 0.7742
vn 0.3019 0.7908 -0.5324
vn 0.1771 -0.9350 -0.3073
vn 0.2866 -0.9451 -0.1571
vn 0.8897 0.0129 0.4563
vn 0.9002 -0.0132 0.4353
vn 0.2012 0.0113 0.9795
vn 0.1918 -0.0021 0.9814
vn 0.6375 -0.7509 0.1725
vn 0.6446 -0.7371 0.2030
vn 0.1733 -0.9845 -0.0279
vn 0.9662 0.2449 0.0809
vn 0.1958 -0.9806 -0.0077
vn 0.9657 0.2502 0.0695
vn 0.9476 0.3184 0.0273
vn 0.7684 -0.5459 0.3341
vn 0.7084 -0.6069 0.3603
vn 0.8809 -0.2860 0.3770
vn 0.8811 -0.2915 0.3724
vn 0.2056 0.9224 0.3270
vn 0.2085 0.9215 0.3276
vn 0.5788 0.2719 0.7688
vn 0.5576 0.2368 0.7956
vn 0.5268 -0.5955 0.6065
vn 0.4869 -0.7096 0.5094
vn 0.8335 0.1608 0.5287
vn 0.7453 0.1958 0.6373
vn 0.1648 -0.6290 0.7597
vn 0.1753 -0.6705 0.7209
vn 0.0210 -0.1994 -0.9797
vn 0.0348 -0.1939 -0.9804
vn 0.9096 0.1003 0.4031
vn 0.9435 0.0160 0.3311
vn 0.2126 -0.9704 0.1147
vn 0.2386 -0.9672 -0.0870
vn 0.1536 -0.9861 0.0638
vn 0.8019 -0.2825 0.5265
vn 0.7540 -0.1764 0.6327
vn 0.0489 0.0328 -0.9983
vn 0.6194 -0.0897 0.7799
vn 0.6208 -0.0921 0.7786
vn 0.8495 -0.3165 0.4221
vn 0.8385 -0.2809 0.4669
vn 0.7244 0.6856 -0.0726
vn 0.6909 0.7161 -0.0990
vn 0.9457 0.2555 0.2008
vn 0.9392 0.2934 0.1782
vn 0.9615 0.2641 0.0761
vn 0.2649 -0.9451 0.1915
vn 0.4167 -0.8893 0.1885
vn 0.1590 0.1026 0.9819
vn 0.1549 0.0960 0.9832
vn -0.6579 0.2691 -0.7034
vn -0.5821 0.2560 -0.7718
vn 0.6963 0.2414 0.6759
vn 0.6444 0.2720 0.7146
vn 0.1483 0.1103 -0.9828
vn 0.7848 0.4080 0.4665
vn 0.5616 -0.4213 0.7122
vn 0.5819 -0.4933 0.6466
vn 0.7165 -0.4527 0.5308
vn 0.7129 -0.5561 0.4273
vn 0.1976 -0.9796 0.0357
vn 0.5761 -0.6660 0.4739
vn 0.5745 -0.6645 0.4779
vn -0.0735 -0.8976 -0.4347
vn 0.1027 -0.9646 -0.2428
vn 0.1273 0.3243 0.9374
vn 0.1409 0.3395 0.9300
vn 0.6550 -0.7062 0.2687
vn 0.6295 -0.7560 0.1797
vn 0.1614 -0.9862 0.0369
vn 0.8255 0.0346 0.5633
vn 0.8561 -0.0017 0.5168
vn 0.1924 -0.9645 0.1808
vn 0.2306 -0.9669 0.1090
vn 0.2807 -0.9373 0.2068
vn 0.2920 -0.9400 0.1764
vn 0.7605 0.2851 0.5833
vn 0.8685 0.2375 0.4351
vn 0.7590 -0.3496 0.5492
vn 0.7593 -0.3502 0.5485
vn 0.9498 0.3097 0.0449
vn 0.9659 0.2520 0.0595
vn 0.0838 0.0057 -0.9965
vn 0.0779 -0.0123 -0.9969
vn 0.8708 0.2077 0.4456
vn 0.8889 0.2630 0.3751
vn -0.5217 0.7767 -0.3530
vn -0.4953 0.7561 -0.4279
vn 0.9462 0.2627 0.1892
vn 0.1587 -0.1971 0.9674
vn 0.1765 -0.1501 0.9728
vn 0.8444 0.1436 0.5161
vn 0.9656 0.2549 0.0508
vn 0.9700 0.2351 0.0624
vn -0.6767 0.2910 -0.6763
vn -0.6200 0.2904 -0.7289
vn 0.8580 0.4377 -0.2687
vn 0.9002 0.3913 -0.1912
vn 0.1384 0.1462 -0.9795
vn 0.1685 0.1098 -0.9796
vn 0.6338 -0.3965 0.6642
vn 0.6308 -0.4369 0.6413
vn 0.1801 -0.4765 0.8606
vn 0.1953 -0.4414 0.8758
vn 0.9400 0.3034 0.1563
vn 0.9261 0.3216 0.1970
vn 0.6208 -0.4637 0.6322
vn 0.6126 -0.4557 0.6458
vn 0.6995 0.1708 0.6939
vn 0.6398 0.2039 0.7410
vn 0.1750 0.8883 0.4246
vn 0.1197 0.8966 0.4263
vn 0.6918 -0.4046 0.5981
vn 0.6642 -0.3468 0.6622
vn 0.1312 -0.9893 0.0638
vn 0.7487 -0.0073 0.6629
vn 0.7605 -0.0144 0.6492
vn 0.9642 0.1910 0.1839
vn 0.9632 0.2005 0.1792
vn 0.4810 -0.7632 0.4313
vn 0.4480 -0.7019 0.5538
vn 0.7837 -0.2977 0.5452
vn 0.6769 0.3076 0.6687
vn 0.7543 0.2646 0.6009
vn 0.1294 -0.9887 0.0759
vn 0.1491 -0.9869 0.0608
vn 0.0739 -0.9813 0.1776
vn 0.0634 -0.9770 0.2037
vn 0.8678 -0.0163 0.4966
vn 0.3671 -0.7600 -0.5363
vn -0.1298 -0.9499 -0.2843
vn -0.1980 -0.9306 -0.3079
vn 0.6491 -0.1963 0.7349
vn 0.4707 -0.2278 0.8523
vn 0.2208 -0.9537 0.2042
vn 0.2031 -0.9512 0.2325
vn 0.8050 0.2499 0.5381
vn 0.8205 0.2610 0.5086
vn 0.5940 -0.6220 0.5101
vn 0.5516 -0.7523 0.3602
vn 0.7518 -0.0041 0.6593
vn 0.7066 -0.2407 0.6655
vn 0.4074 -0.3413 0.8471
vn 0.4246 -0.3273 0.8441
vn 0.8757 -0.1211 -0.4675
vn 0.1189 0.4465 -0.8868
vn 0.2190 0.5445 -0.8097
vn 0.9179 0.1277 0.3757
vn 0.9224 0.1630 0.3503
vn 0.7668 0.2304 0.5990
vn 0.8071 0.2142 0.5502
vn 0.9415 0.3262 0.0851
vn 0.9321 0.3562 0.0656
vn 0.5167 -0.6061 0.6046
vn 0.4144 -0.5540 0.7221
vn 0.6199 -0.2400 0.7471
vn 0.6207 -0.2407 0.7462
vn -0.3285 0.6347 0.6995
vn -0.5183 0.3645 0.7736
vn 0.7037 0.2504 0.6649
vn 0.6619 0.2775 0.6964
vn 0.8886 0.3510 -0.2953
vn -0.1692 -0.9468 0.2737
vn 0.0224 -0.9929 0.1168
vn -0.1359 0.7861 0.6030
vn -0.2506 0.7711 0.5853
vn 0.5614 -0.5223 0.6418
vn 0.5518 -0.4977 0.6692
vn 0.7209 0.1977 0.6643
vn 0.7502 0.1746 0.6377
vn 0.8758 0.0890 0.4743
vn 0.8675 0.0921 0.4889
vn -0.4647 0.6748 0.5733
vn 0.4625 -0.7716 -0.4368
vn 0.3856 -0.7975 -0.4641
vn -0.4209 0.8651 0.2729
vn 0.6846 -0.6477 0.3344
vn 0.6166 -0.7383 0.2731
vn -0.0059 -0.9967 -0.0814
vn -0.6009 0.7755 -0.1936
vn -0.5512 0.7652 -0.3327
vn 0.0450 -0.9060 0.4209
vn 0.9325 0.3523 0.0790
vn 0.9369 0.3384 0.0871
vn 0.9397 0.3042 0.1562
vn 0.1534 0.8705 0.4677
vn 0.0411 0.9034 0.4268
vn 0.7877 0.1851 0.5875
vn 0.8197 0.2332 0.5232
vn 0.6178 -0.1406 0.7737
vn 0.6509 0.0587 0.7569
vn -0.0784 -0.4934 0.8663
vn 0.8058 0.3527 -0.4757
vn 0.2557 -0.6423 -0.7226
vn 0.2409 0.4444 -0.8628
vn 0.1341 0.3051 -0.9428
vn 0.7616 0.2052 0.6147
vn 0.7875 0.2034 0.5818
vn -0.2360 0.9713 -0.0291
vn 0.1064 -0.9704 -0.2168
vn 0.1048 -0.9681 -0.2275
vn 0.6845 0.2392 0.6886
vn 0.7268 0.2070 0.6549
vn 0.5420 -0.7006 0.4642
vn 0.5419 -0.6952 0.4723
vn 0.6360 0.1265 0.7613
vn 0.6124 0.1522 0.7758
vn 0.3783 -0.8179 0.4335
vn 0.3654 -0.7917 0.4896
vn 0.0754 -0.9619 -0.2629
vn 0.6576 0.1350 0.7411
vn 0.7468 0.1543 0.6469
vn 0.7454 0.1549 0.6483
vn 0.0550 -0.9964 0.0639
vn 0.0968 -0.9922 0.0787
vn 0.1746 -0.9641 0.1999
vn 0.1618 -0.9637 0.2123
vn 0.9342 0.0020 0.3567
vn 0.8480 0.0706 0.5253
vn 0.5945 -0.2554 0.7625
vn 0.5956 -0.2591 0.7604
vn -0.2013 -0.4653 0.8620
vn -0.2006 -0.5165 0.8324
vn 0.9338 0.2957 0.2013
vn 0.9400 0.2631 0.2172
vn 0.6138 -0.1197 0.7803
vn 0.6256 -0.1396 0.7676
vn -0.4095 0.9112 0.0450
vn -0.2386 0.9616 0.1353
vn 0.0237 0.8767 0.4804
vn 0.1279 0.8691 0.4777
vn 0.7219 0.1513 0.6752
vn 0.7393 0.1425 0.6581
vn 0.6228 0.1580 0.7663
vn 0.6249 0.1552 0.7651
vn 0.5012 -0.6481 0.5734
vn -0.1383 -0.9839 0.1133
vn 0.0043 -0.7209 0.6930
vn -0.0214 -0.6376 0.7701
vn 0.8851 0.3851 0.2613
vn 0.4417 0.7033 0.5570
vn 0.2190 0.8853 0.4101
vn 0.3001 0.8081 -0.5069
vn -0.0627 -0.9813 -0.1818
vn 0.9007 0.4178 0.1192
vn 0.5824 0.0783 0.8092
vn 0.5688 0.0952 0.8170
vn 0.9110 0.2063 0.3572
vn 0.9095 0.1525 0.3866
vn 0.0176 -0.9991 0.0385
vn -0.0615 -0.9896 -0.1300
vn -0.0735 -0.9958 0.0544
vn 0.1234 -0.9914 -0.0427
vn 0.5207 -0.5810 0.6256
vn 0.5094 -0.5384 0.6713
vn 0.4517 -0.6351 0.6267
vn 0.4160 -0.7393 0.5295
vn 0.6868 0.0309 0.7262
vn 0.6558 0.0639 0.7522
vn -0.2301 0.9645 0.1296
vn -0.5027 0.6402 -0.5808
vn 0.6372 0.1390 0.7581
vn -0.1657 0.9349 0.3139
vn 0.8712 0.0902 0.4825
vn 0.8729 0.0980 0.4780
vn -0.5536 0.8023 -0.2234
vn 0.0669 -0.9960 0.0584
vn -0.1877 -0.6759 0.7127
vn -0.1426 -0.4883 0.8609
vn 0.1366 -0.9709 0.1968
vn 0.1227 -0.9708 0.2063
vn -0.0473 -0.9924 -0.1135
vn 0.5251 0.1902 0.8295
vn 0.5760 0.1059 0.8106
vn 0.5462 0.0422 0.8366
vn 0.5863 -0.1340 0.7989
vn 0.3271 -0.8625 0.3862
vn 0.2919 -0.8372 0.4625
vn 0.9303 0.1387 0.3397
vn 0.9055 0.1485 0.3974
vn 0.2823 0.4970 0.8206
vn 0.2804 0.5832 0.7624
vn 0.5789 -0.2623 0.7721
vn 0.5789 -0.2625 0.7720
vn 0.5641 -0.0583 0.8237
vn 0.5669 -0.0624 0.8214
vn 0.2906 0.6462 0.7057
vn -0.0023 0.9624 0.2715
vn -0.0280 0.9520 0.3049
vn 0.4689 0.1973 0.8609
vn 0.5447 0.0592 0.8365
vn 0.8407 0.5220 0.1441
vn 0.8425 0.5181 0.1472
vn 0.8396 0.4778 0.2585
vn 0.2668 -0.3450 0.8999
vn -0.0470 -0.7294 0.6825
vn -0.0993 -0.6676 0.7379
vn 0.5093 0.2412 0.8261
vn 0.2947 0.6551 0.6957
vn 0.0153 -0.9884 0.1508
vn -0.5221 0.6292 -0.5758
vn 0.0651 -0.9750 0.2126
vn 0.0936 -0.9756 0.1988
vn 0.3486 0.3798 0.8569
vn 0.4746 0.1658 0.8644
vn 0.5265 0.4950 0.6913
vn 0.3852 0.6874 0.6157
vn -0.0379 -0.9904 -0.1327
vn -0.0337 -0.9924 -0.1183
vn 0.8430 0.4850 0.2326
vn 0.8660 0.4259 0.2619
vn 0.3145 0.6768 0.6655
vn -0.1292 0.9898 -0.0603
vn -0.0629 0.8302 0.5538
vn 0.1190 -0.9875 0.1034
vn 0.0721 -0.9974 0.0020
vn 0.1529 0.5792 -0.8007
vn 0.0732 0.5495 -0.8323
vn 0.4639 -0.6107 0.6417
vn 0.4577 -0.5960 0.6598
vn 0.4032 -0.1162 0.9077
vn 0.4107 -0.1295 0.9025
vn -0.0317 -0.9927 -0.1162
vn 0.5718 -0.3991 0.7167
vn 0.4474 -0.6355 0.6292
vn 0.7249 0.6597 0.1983
vn 0.8652 0.3202 0.3859
vn 0.8554 0.3177 0.4090
vn 0.2753 -0.4106 0.8693
vn 0.5478 0.2756 0.7899
vn 0.5244 0.0387 0.8506
vn 0.2288 -0.8892 0.3961
vn 0.2190 -0.8850 0.4109
vn 0.3062 0.6729 0.6734
vn -0.3108 0.8334 -0.4571
vn 0.7799 0.0960 0.6184
vn 0.8369 0.1503 0.5263
vn 0.4769 0.4101 0.7774
vn 0.4242 0.1957 0.8842
vn 0.2904 0.9439 -0.1572
vn -0.1628 0.9866 -0.0054
vn -0.0682 0.9961 -0.0564
vn 0.8373 0.3117 0.4492
vn 0.8398 0.3130 0.4435
vn 0.3550 0.5434 0.7607
vn 0.3081 0.3812 0.8716
vn 0.0016 -0.9874 0.1581
vn 0.2420 0.6610 0.7103
vn -0.0186 -0.9904 0.1367
vn 0.5144 -0.2938 0.8056
vn 0.5241 -0.2690 0.8081
vn 0.2123 0.9575 -0.1951
vn 0.3360 0.0393 0.9410
vn 0.2504 -0.1310 0.9592
vn 0.4031 0.4619 -0.7900
vn 0.0549 0.7257 -0.6858
vn 0.2865 -0.4339 0.8542
vn 0.5915 0.7617 0.2645
vn 0.3347 0.5758 0.7459
vn 0.3516 0.4979 0.7928
vn 0.5357 0.8320 0.1442
vn -0.2514 -0.8974 -0.3625
vn 0.0430 -0.9851 -0.1667
vn 0.3745 -0.7296 0.5723
vn 0.3082 -0.6387 0.7051
vn 0.1934 0.6610 0.7250
vn 0.1056 -0.9091 0.4029
vn 0.0947 -0.9056 0.4134
vn 0.2560 -0.9401 0.2253
vn 0.1985 -0.9781 0.0622
vn -0.0832 -0.9931 -0.0831
vn 0.5555 -0.2701 0.7864
vn 0.5114 -0.3932 0.7642
vn -0.3225 0.8864 -0.3322
vn 0.5105 0.3396 0.7899
vn 0.5038 0.2910 0.8133
vn 0.4447 0.5787 0.6836
vn 0.3923 0.4385 0.8086
vn 0.3596 0.5744 0.7353
vn 0.3434 0.5475 0.7631
vn 0.3753 0.9264 0.0296
vn 0.2273 0.9714 0.0684
vn 0.6527 0.7012 0.2869
vn 0.6648 0.6998 0.2612
vn 0.3555 0.3911 0.8489
vn 0.1554 0.0792 0.9847
vn 0.1729 0.6647 0.7268
vn 0.3063 0.8532 -0.4221
vn 0.3091 0.8519 -0.4227
vn 0.6507 0.7469 0.1367
vn 0.4199 -0.4379 0.7949
vn 0.4753 -0.3003 0.8270
vn 0.3357 -0.4767 0.8125
vn 0.0255 -0.9967 -0.0766
vn 0.6728 0.6664 0.3214
vn 0.6626 0.6616 0.3510
vn -0.3375 0.8870 -0.3150
vn 0.7218 0.3722 0.5835
vn 0.7397 0.3938 0.5456
vn 0.3059 0.6068 0.7336
vn 0.1365 0.7020 0.6990
vn 0.1545 0.5554 0.8171
vn 0.7226 0.1216 0.6805
vn 0.7397 0.1442 0.6573
vn 0.7550 0.4945 0.4307
vn 0.7188 0.4697 0.5126
vn 0.0799 -0.9962 -0.0338
vn 0.1151 -0.7570 0.6432
vn 0.0946 -0.7768 0.6225
vn 0.3404 0.3987 0.8515
vn 0.2147 -0.9694 0.1187
vn 0.2824 -0.9363 0.2090
vn -0.2470 0.9292 -0.2750
vn -0.2387 0.9261 -0.2922
vn 0.5308 0.8368 0.1345
vn -0.1413 -0.7840 -0.6045
vn 0.5156 0.5028 0.6937
vn 0.8172 -0.1259 0.5625
vn 0.4463 -0.3683 0.8155
vn 0.4873 -0.2425 0.8389
vn 0.3437 0.6794 0.6482
vn 0.4769 0.4620 0.7478
vn 0.5132 0.5377 0.6690
vn 0.5073 0.1031 -0.8556
vn 0.4548 0.1763 0.8730
vn 0.4977 0.3473 0.7948
vn 0.4170 -0.5022 0.7576
vn 0.1000 -0.6161 0.7813
vn 0.1624 -0.4284 0.8889
vn 0.5006 0.5856 0.6375
vn 0.2692 0.3734 0.8877
vn 0.3100 0.3791 0.8719
vn 0.6526 0.6872 0.3191
vn -0.0562 0.5846 0.8094
vn -0.0416 0.6991 0.7138
vn 0.6469 -0.2890 -0.7057
vn 0.6487 -0.2951 -0.7015
vn 0.8258 -0.2170 0.5205
vn 0.5170 0.5053 0.6909
vn -0.1217 -0.7900 -0.6009
vn 0.8969 0.0485 0.4395
vn 0.9071 0.3765 -0.1882
vn 0.1887 -0.9557 0.2260
vn 0.1352 -0.9773 0.1633
vn -0.0178 -0.8453 -0.5340
vn 0.5540 -0.4896 0.6733
vn 0.8245 -0.2277 0.5181
vn 0.7676 0.2515 0.5895
vn 0.5406 0.3372 0.7707
vn 0.5830 0.4372 0.6848
vn 0.2326 0.9726 -0.0052
vn 0.1952 0.9796 -0.0484
vn 0.6825 -0.0584 0.7285
vn 0.8515 -0.4986 0.1622
vn 0.8501 -0.5005 0.1639
vn -0.1316 -0.0327 -0.9908
vn -0.1176 -0.0558 -0.9915
vn 0.7262 -0.0520 -0.6855
vn 0.7379 -0.0969 -0.6679
vn 0.3149 -0.3727 0.8729
vn 0.3241 -0.3585 0.8755
vn 0.6747 -0.4346 0.5966
vn 0.8029 -0.2909 0.5203
vn -0.0900 -0.8659 -0.4921
vn 0.6166 0.2027 0.7607
vn 0.5990 0.1727 0.7819
vn 0.0230 -0.9789 0.2031
vn 0.0064 -0.9701 0.2428
vn 0.7627 -0.3562 0.5399
vn 0.6821 0.2368 0.6918
vn 0.7177 0.3024 0.6273
vn 0.1264 0.9598 -0.2507
vn 0.3242 0.0131 0.9459
vn 0.4471 0.1793 0.8763
vn 0.5678 0.5747 0.5893
vn 0.5774 0.5858 0.5688
vn 0.6809 -0.0474 0.7309
vn 0.4460 0.2051 0.8712
vn 0.6108 0.3858 0.6915
vn 0.4446 0.7865 0.4286
vn 0.3933 -0.2290 0.8904
vn 0.9663 -0.1497 0.2094
vn 0.9497 -0.1992 0.2416
vn 0.1283 -0.4049 0.9053
vn 0.1560 -0.3725 0.9148
vn 0.5191 0.6888 0.5061
vn 0.5575 0.7334 0.3891
vn 0.5013 0.7424 0.4445
vn 0.5012 0.7423 0.4448
vn 0.6519 0.2306 0.7224
vn 0.6115 0.2828 0.7390
vn 0.7280 0.5560 -0.4012
vn 0.7231 0.5622 -0.4013
vn -0.0485 0.1982 -0.9790
vn -0.0125 0.2201 -0.9754
vn 0.2879 -0.2952 0.9110
vn 0.3764 -0.4348 0.8181
vn 0.4604 0.2500 0.8518
vn 0.4752 0.3497 0.8074
vn 0.6529 -0.0445 0.7561
vn 0.7274 0.0096 0.6862
vn 0.1422 -0.0245 0.9895
vn 0.2032 0.0266 0.9788
vn 0.4062 -0.1495 0.9015
vn 0.3916 -0.1533 0.9073
vn 0.9649 0.2071 0.1614
vn 0.8832 0.3849 0.2680
vn 0.5706 0.1581 0.8058
vn 0.5250 0.2069 0.8255
vn 0.2317 0.2276 0.9458
vn 0.2113 0.2459 0.9460
vn 0.1537 0.7813 -0.6050
vn 0.1773 0.7445 -0.6436
vn 0.0738 0.9961 -0.0478
vn 0.1018 0.9945 -0.0254
vn 0.2236 0.9745 0.0200
vn 0.6057 0.0630 0.7932
vn 0.6548 0.0120 0.7557
vn 0.4226 -0.0985 0.9010
vn 0.4205 -0.0958 0.9022
vn 0.4074 0.2267 0.8846
vn 0.4060 0.0884 0.9096
vn -0.7360 0.1107 -0.6679
vn -0.7150 0.1265 -0.6876
vn 0.5029 -0.1785 0.8457
vn 0.6532 -0.1159 0.7483
vn 0.2248 0.3196 0.9205
vn 0.2390 0.3049 0.9219
vn 0.3979 0.0843 0.9136
vn 0.4520 -0.0352 0.8913
vn 0.3711 -0.0612 0.9266
vn 0.3684 -0.0555 0.9280
vn 0.5363 0.8411 -0.0704
vn 0.4118 0.6000 0.6858
vn 0.4051 0.6053 0.6852
vn 0.1411 0.7923 0.5937
vn 0.2498 0.8129 0.5262
vn 0.5959 0.7969 0.0991
vn 0.4582 -0.0593 0.8868
vn 0.5146 -0.1260 0.8481
vn 0.2860 0.9398 -0.1872
vn -0.6232 0.4293 -0.6537
vn -0.6411 0.4168 -0.6444
vn 0.2294 0.0811 0.9699
vn 0.2224 0.0871 0.9711
vn 0.5511 0.0894 0.8297
vn 0.4886 0.1005 0.8667
vn -0.4447 -0.1121 0.8886
vn -0.4463 -0.1090 0.8882
vn 0.0315 0.9871 0.1568
vn 0.3921 0.4014 0.8277
vn 0.4456 0.3095 0.8400
vn 0.5711 -0.1042 0.8143
vn 0.6064 -0.0848 0.7906
vn 0.4944 -0.0052 0.8692
vn 0.4922 -0.0003 0.8705
vn -0.2280 0.9013 -0.3684
vn -0.2327 0.8797 -0.4147
vn 0.3015 0.7598 0.5760
vn 0.3269 0.7791 0.5349
vn 0.1003 0.9744 0.2014
vn -0.9889 0.1272 0.0764
vn -0.9875 0.1453 0.0616
vn 0.1445 0.9831 -0.1126
vn 0.4437 0.8541 0.2714
vn 0.0874 0.9960 0.0175
vn 0.0687 0.9973 0.0277
vn 0.2000 0.9571 0.2095
vn 0.2753 0.9504 0.1444
vn 0.1095 0.9940 0.0042
vn 0.2478 0.9320 0.2644
vn 0.2869 0.8641 0.4136
vn 0.5807 -0.0024 0.8141
vn 0.4185 -0.0466 0.9070
vn -0.3405 0.2209 0.9139
vn -0.3287 0.1742 0.9282
vn 0.2317 -0.0397 0.9720
vn 0.2262 -0.0429 0.9731
vn -0.4965 0.8559 0.1449
vn -0.3845 0.9227 0.0266
vn -0.0683 0.6525 0.7547
vn -0.2643 0.5936 0.7601
vn -0.8966 0.4228 0.1319
vn -0.8663 0.4927 0.0817
vn 0.3323 0.4041 0.8522
vn 0.2875 0.3982 0.8711
vn 0.4767 0.1406 0.8677
vn 0.2779 0.1143 0.9538
vn 0.2805 0.8657 0.4146
vn 0.1901 0.9226 0.3358
vn 0.2338 0.0577 0.9706
vn 0.2808 0.0857 0.9559
vn 0.9024 0.3728 -0.2162
vn 0.2549 0.3385 0.9058
vn 0.3670 0.1879 0.9111
vn 0.3590 0.6009 -0.7142
vn 0.3575 0.6004 -0.7154
vn 0.2589 0.7200 0.6438
vn 0.3634 0.7441 0.5606
vn 0.1191 0.5552 0.8231
vn 0.2462 0.4396 0.8638
vn 0.2791 0.0669 0.9579
vn 0.8927 0.1484 0.4254
vn 0.0446 0.8737 0.4844
vn 0.1503 0.8278 0.5405
vn -0.0060 -0.9999 0.0122
vn -0.0041 -1.0000 0.0062
vn 0.9127 0.3914 -0.1170
vn 0.1353 0.8995 0.4154
vn 0.1328 0.8990 0.4173
vn 0.5758 -0.5789 0.5774
vn 0.8961 0.1595 0.4142
vn 0.3178 0.1160 0.9410
vn 0.2187 0.5661 0.7948
vn 0.1322 0.5530 0.8226
vn 0.4813 0.2170 0.8493
vn 0.3863 0.8551 0.3457
vn 0.3395 0.6701 -0.6601
vn 0.8629 0.4973 -0.0898
vn 0.8994 0.3443 0.2694
vn 0.4065 0.8720 -0.2726
vn 0.4050 -0.1954 0.8932
vn 0.4792 0.2240 0.8487
vn -0.8543 0.2106 0.4753
vn 0.0858 -0.9962 0.0151
vn 0.0006 -0.9990 0.0443
vn -0.8893 -0.1590 0.4288
vn -0.9078 -0.2873 0.3056
vn 0.5090 0.3878 -0.7684
vn 0.3810 0.7005 -0.6034
vn -0.1192 0.6113 0.7824
vn -0.8382 0.5271 0.1401
vn 0.5966 0.2093 -0.7747
vn 0.5250 0.4252 -0.7373
vn -0.2143 -0.5411 0.8132
vn -0.2604 -0.5872 0.7664
vn -0.7026 0.7103 -0.0434
vn -0.7027 0.7099 -0.0465
vn 0.8706 0.0835 -0.4848
vn -0.0333 0.8298 0.5570
vn 0.0059 0.7499 0.6615
vn -0.6163 -0.7871 0.0269
vn -0.8591 -0.5067 -0.0719
vn 0.9861 0.1659 -0.0029
vn 0.9830 0.1832 0.0104
vn -0.9764 0.0734 -0.2030
vn 0.0803 -0.9849 0.1535
vn 0.3577 0.1284 0.9250
vn 0.4680 -0.1869 -0.8638
vn 0.8488 -0.0519 0.5261
vn 0.9001 -0.1191 0.4191
vn 0.0024 0.8539 0.5204
vn 0.3268 0.5343 0.7796
vn 0.0039 0.8978 0.4404
vn -0.7133 0.7001 -0.0327
vn 0.0553 -0.9985 -0.0027
vn -0.5267 0.5706 0.6301
vn -0.5422 0.8389 -0.0473
vn -0.5760 0.7234 0.3806
vn -0.6003 0.6920 0.4010
vn -0.8663 0.4397 -0.2371
vn 0.9023 0.1305 -0.4110
vn 0.8937 0.2234 -0.3891
vn 0.3639 0.1327 0.9219
vn 0.3951 0.5904 0.7038
vn 0.5201 0.4128 -0.7477
vn 0.2278 -0.5421 0.8088
vn 0.2682 -0.5712 0.7758
vn -0.7139 0.5471 0.4371
vn 0.4110 0.5857 0.6986
vn -0.3156 0.7669 0.5588
vn -0.3346 0.7461 0.5757
vn -0.9616 0.1047 -0.2537
vn -0.9156 0.0733 0.3954
vn -0.8920 0.1257 0.4342
vn -0.8853 0.0653 0.4604
vn -0.9505 0.1637 0.2643
vn -0.5690 0.7090 0.4165
vn -0.3638 0.4477 0.8168
vn -0.4250 0.4095 0.8073
vn -0.8258 0.5088 0.2432
vn -0.7882 0.5359 -0.3025
vn -0.2309 0.1122 0.9665
vn -0.2591 0.0220 0.9656
vn -0.3215 0.7490 0.5794
vn -0.3156 0.7304 0.6057
vn 0.0765 -0.9969 -0.0200
vn -0.9687 -0.2378 -0.0707
vn -0.9767 -0.1790 -0.1181
vn -0.3420 0.6353 0.6924
vn -0.8635 0.2299 0.4490
vn -0.8271 0.4739 0.3023
vn -0.4362 0.8660 0.2446
vn 0.5156 0.7091 0.4810
vn 0.5052 0.7240 0.4697
vn 0.2768 -0.9603 0.0346
vn 0.6456 0.1077 -0.7561
vn 0.6753 0.2761 -0.6839
vn -0.8983 0.2923 0.3282
vn -0.8467 0.5178 0.1227
vn -0.9666 0.1474 0.2099
vn -0.8304 -0.0343 0.5560
vn -0.0942 -0.9828 0.1588
vn 0.6596 0.0043 -0.7516
vn 0.6299 0.1765 -0.7564
vn 0.5302 0.0140 0.8477
vn -0.6187 -0.0370 0.7847
vn -0.3606 -0.0690 0.9302
vn -0.1566 0.8566 0.4916
vn -0.9099 0.3902 0.1404
vn 0.3914 0.8569 0.3354
vn 0.8474 0.0983 0.5217
vn 0.0185 -0.9978 -0.0631
vn -0.9366 -0.0065 -0.3503
vn -0.0713 -0.9859 0.1514
vn 0.2582 0.5667 -0.7824
vn 0.4802 0.6945 0.5357
vn -0.0667 -0.9977 0.0095
vn -0.9867 -0.1070 -0.1221
vn -0.9822 0.0593 -0.1783
vn 0.3153 -0.9424 0.1113
vn 0.2819 -0.9421 0.1816
vn 0.4474 0.6145 -0.6498
vn 0.3341 0.6604 -0.6724
vn -0.6959 -0.5299 -0.4847
vn -0.5432 -0.7543 -0.3687
vn 0.4547 -0.8898 -0.0390
vn 0.8985 0.1898 0.3959
vn -0.0019 -0.9992 -0.0395
vn 0.0198 -0.9966 -0.0804
vn -0.4632 -0.7071 0.5342
vn -0.3448 -0.7987 0.4930
vn -0.9914 0.1290 0.0212
vn -0.5570 -0.6938 0.4565
vn -0.9826 0.0512 -0.1784
vn -0.9755 0.1010 -0.1956
vn 0.2952 0.0079 0.9554
vn 0.2638 0.1094 0.9584
vn 0.1952 0.7606 0.6192
vn 0.1972 0.7643 0.6140
vn 0.9974 0.0720 -0.0047
vn 0.9969 0.0791 -0.0001
vn 0.7860 0.3160 -0.5314
vn 0.7902 0.3021 -0.5332
vn 0.1714 0.8430 0.5099
vn 0.1743 0.8473 0.5018
vn 0.7430 -0.1228 0.6579
vn 0.8486 -0.2041 0.4881
vn 0.2826 0.6484 0.7069
vn 0.1988 0.7550 0.6249
vn 0.8040 0.4350 0.4054
vn 0.7197 -0.1757 -0.6717
vn 0.7819 -0.0886 -0.6170
vn -0.5617 -0.7906 0.2439
vn 0.8983 0.1188 -0.4230
vn 0.8997 0.1386 -0.4139
vn -0.9654 0.1714 -0.1966
vn -0.9604 0.1870 -0.2065
vn 0.9195 -0.0001 0.3932
vn 0.7754 0.2446 0.5822
vn 0.3907 -0.1869 -0.9013
vn 0.6579 -0.1241 -0.7428
vn 0.6699 -0.0111 -0.7423
vn -0.0510 -0.7956 0.6037
vn -0.0693 -0.7526 0.6549
vn -0.8386 -0.2801 -0.4671
vn 0.4836 -0.8695 0.1007
vn 0.3368 0.3506 0.8739
vn 0.3417 0.3530 0.8710
vn 0.4636 -0.4679 -0.7524
vn -0.8323 -0.3352 -0.4414
vn 0.6870 -0.4831 -0.5428
vn 0.8229 -0.3631 -0.4370
vn 0.6320 -0.6974 -0.3379
vn 0.6287 -0.7000 -0.3387
vn 0.4197 0.7907 -0.4457
vn 0.3593 0.8316 -0.4234
vn -0.4979 0.5060 0.7043
vn -0.9760 0.0758 -0.2040
vn -0.9741 0.0832 -0.2104
vn -0.4055 -0.4753 -0.7808
vn 0.0365 -0.0156 0.9992
vn 0.3575 0.0327 0.9334
vn -0.2336 0.7024 0.6723
vn 0.0368 -0.3518 -0.9354
vn -0.2028 0.8781 0.4334
vn -0.1610 0.7930 0.5876
vn -0.0002 -1.0000 0.0014
vn -0.5441 0.1784 0.8198
vn 0.9532 0.0022 -0.3024
vn 0.0680 -0.5201 -0.8514
vn -0.8410 -0.2335 -0.4881
vn -0.8389 -0.1666 -0.5181
vn -0.6455 0.0638 0.7611
vn 0.3689 -0.9088 0.1948
vn 0.3200 -0.9315 0.1729
vn -0.5881 -0.7984 -0.1294
vn -0.6159 -0.7742 -0.1459
vn 0.7372 0.0666 0.6723
vn 0.7446 0.0454 0.6659
vn -0.0383 0.5915 0.8054
vn -0.8239 -0.3093 -0.4748
vn 0.0134 -0.7984 0.6020
vn 0.6751 0.6399 0.3671
vn 0.6644 0.6358 0.3929
vn -0.4688 0.1524 0.8700
vn 0.5089 0.8600 0.0375
vn 0.5597 -0.1919 -0.8061
vn 0.6046 -0.0231 -0.7962
vn -0.8466 -0.0702 -0.5275
vn -0.8402 -0.0370 -0.5410
vn 0.9810 0.1900 0.0399
vn 0.9902 0.1395 -0.0041
vn -0.0004 -1.0000 -0.0007
vn 0.6470 0.7582 0.0801
vn 0.8166 -0.5737 0.0632
vn 0.7178 -0.6957 0.0260
vn 0.9324 -0.3495 -0.0922
vn -0.1871 -0.3766 -0.9073
vn 0.9034 0.0104 -0.4287
vn 0.9103 0.0519 -0.4108
vn 0.7360 0.5855 0.3399
vn -0.1054 -0.9904 0.0890
vn 0.6611 0.7400 0.1235
vn -0.1699 -0.4265 -0.8884
vn -0.1781 -0.4419 -0.8792
vn 0.6933 0.4078 0.5941
vn 0.6529 0.6716 0.3502
vn 0.6997 0.7083 0.0934
vn 0.2243 -0.9037 0.3647
vn 0.2622 -0.8115 0.5223
vn -0.8404 -0.0233 -0.5414
vn -0.8012 0.0703 -0.5943
vn 0.0002 -1.0000 0.0026
vn -0.0007 -1.0000 0.0004
vn 0.9525 -0.1275 -0.2767
vn -0.0220 -0.9976 -0.0659
vn -0.0001 -1.0000 -0.0001
vn 0.8318 0.4640 -0.3046
vn 0.8661 0.3826 -0.3217
vn -0.1874 -0.4106 -0.8924
vn -0.2078 -0.4377 -0.8748
vn 0.1072 -0.9850 0.1354
vn 0.9862 0.1652 0.0067
vn 0.4613 -0.3001 -0.8349
vn 0.5419 -0.1180 -0.8321
vn 0.8201 0.5535 -0.1454
vn -0.2210 -0.2866 -0.9322
vn -0.2179 -0.2928 -0.9310
vn -0.8035 -0.0312 -0.5944
vn -0.8052 -0.0345 -0.5920
vn 0.9590 0.2286 -0.1678
vn -0.0042 -0.9999 0.0091
vn -0.0008 -1.0000 -0.0022
vn 0.8378 0.4404 0.3225
vn 0.9745 0.2230 0.0267
vn 0.9665 0.2537 0.0398
vn -0.4305 -0.8478 -0.3098
vn -0.4504 -0.8254 -0.3403
vn 0.9615 0.2210 -0.1635
vn 0.3099 -0.1534 -0.9383
vn 0.4613 -0.3082 -0.8320
vn 0.4810 -0.8021 0.3540
vn 0.3115 -0.9086 0.2784
vn 0.9910 0.1255 0.0466
vn 0.8254 0.1407 -0.5467
vn 0.9042 -0.0010 -0.4270
vn -0.2226 -0.2149 -0.9509
vn -0.2116 -0.1894 -0.9588
vn 0.1486 -0.9888 -0.0105
vn 0.4908 0.8391 -0.2345
vn 0.4579 0.8641 -0.2091
vn 0.9872 -0.0131 -0.1589
vn 0.9778 -0.1197 -0.1722
vn 0.9441 0.2681 0.1918
vn 0.9722 0.2326 0.0266
vn 0.9392 0.3431 -0.0155
vn -0.2125 -0.0826 -0.9737
vn -0.2453 -0.1257 -0.9613
vn 0.2816 -0.1632 -0.9455
vn 0.3078 -0.2344 -0.9221
vn 0.3905 -0.9144 0.1061
vn 0.3695 -0.9240 0.0985
vn 0.8665 -0.4992 -0.0037
vn 0.8146 -0.5797 -0.0184
vn 0.7763 0.1790 -0.6044
vn 0.8378 -0.0269 -0.5453
vn 0.9757 0.1194 0.1837
vn 0.9966 -0.0381 0.0737
vn 0.2531 -0.0952 -0.9627
vn 0.2811 -0.1732 -0.9439
vn -0.0101 -0.9998 0.0163
vn -0.0045 -1.0000 -0.0009
vn 0.5139 -0.8575 0.0251
vn 0.5543 -0.8311 0.0445
vn -0.2450 -0.1139 -0.9628
vn -0.2489 -0.1180 -0.9613
vn 0.9979 0.0643 -0.0107
vn 0.9624 0.2436 -0.1202
vn 0.7476 0.1717 -0.6415
vn 0.7885 0.0338 -0.6140
vn 0.8663 0.4611 -0.1921
vn 0.8578 0.4810 -0.1813
vn -0.1260 -0.8793 -0.4593
vn -0.1285 -0.8856 -0.4463
vn 0.2422 -0.0685 -0.9678
vn 0.2534 -0.0856 -0.9636
vn 0.2781 0.4444 0.8516
vn 0.7607 -0.0102 -0.6490
vn 0.7588 -0.0055 -0.6513
vn 0.4977 0.8563 0.1382
vn 0.5006 0.8543 0.1398
vn -0.0104 -0.9999 0.0052
vn 0.9859 -0.0866 -0.1429
vn 0.9853 -0.0634 -0.1589
vn 0.5315 -0.8433 -0.0794
vn 0.5121 -0.8561 -0.0687
vn 0.9919 0.0257 -0.1244
vn 0.9896 -0.0130 -0.1433
vn 0.2420 -0.0763 -0.9673
vn 0.1901 -0.1412 -0.9716
vn 0.0876 -0.8763 -0.4737
vn 0.0757 -0.8867 -0.4561
vn 0.7868 -0.1336 -0.6025
vn 0.7599 -0.0645 -0.6469
vn 0.2998 0.5239 0.7973
vn 0.3337 0.4831 0.8095
vn 0.8937 -0.4474 -0.0341
vn 0.8646 -0.4986 -0.0626
vn 0.2853 0.4060 0.8682
vn 0.4378 -0.8973 0.0554
vn 0.3925 -0.9195 0.0212
vn 0.4033 0.6939 0.5965
vn 0.3539 0.7333 0.5806
vn 0.3959 -0.8687 -0.2977
vn 0.4012 -0.8632 -0.3065
vn 0.8779 0.4709 0.0871
vn 0.8793 0.4679 0.0884
vn 0.2151 -0.0812 -0.9732
vn 0.9978 0.0428 0.0500
vn 0.9980 0.0288 0.0557
vn 0.4210 -0.9068 -0.0244
vn 0.4374 -0.8986 -0.0343
vn 0.8993 -0.4370 0.0166
vn 0.8945 -0.4466 0.0207
vn 0.2541 -0.0901 -0.9630
vn 0.7743 0.3927 0.4961
vn 0.7666 0.4112 0.4933
vn 0.5696 0.3999 0.7181
vn 0.6411 0.2530 0.7245
vn -0.6661 0.4093 -0.6235
vn 0.9321 -0.1069 0.3460
vn 0.9406 0.0404 0.3370
vn 0.3453 -0.9384 -0.0134
vn 0.4208 -0.9064 -0.0374
vn 0.7851 -0.6047 0.1339
vn 0.8939 -0.4343 0.1105
vn 0.5735 0.3391 0.7457
vn -0.7330 0.5530 -0.3962
vn 0.6845 0.3912 0.6151
vn -0.2112 -0.3599 -0.9088
vn 0.8683 -0.1897 0.4583
vn 0.8798 -0.1356 0.4555
vn -0.3763 -0.0487 -0.9252
vn 0.9195 0.0658 0.3874
vn 0.8074 -0.1841 0.5606
vn 0.7913 -0.5573 0.2514
vn 0.7495 -0.6122 0.2521
vn 0.1959 -0.9757 0.0985
vn 0.3351 -0.9414 0.0395
vn -0.1263 0.9373 -0.3248
vn -0.5980 0.1255 -0.7916
vn 0.2164 0.9130 -0.3459
vn -0.5372 0.6547 -0.5318
vn 0.5853 -0.8003 0.1301
vn 0.7149 -0.5989 0.3608
vn 0.5278 -0.7941 0.3015
vn 0.4231 -0.8982 0.1189
vn -0.1156 0.5011 0.8576
vn -0.3827 -0.1666 0.9087
vn -0.3187 -0.1498 0.9360
vn -0.4872 0.3124 0.8155
vn -0.4959 0.4018 0.7698
vn -0.3351 0.2809 0.8993
vn 0.7691 0.3795 0.5143
vn 0.7173 0.4995 0.4859
vn 0.2912 -0.1090 0.9504
vn -0.5486 0.1065 0.8293
vn -0.4855 0.1385 0.8632
vn 0.9477 0.0349 0.3172
vn -0.9636 -0.0105 0.2672
vn -0.9084 0.1372 0.3950
vn 0.1298 0.5396 0.8319
vn 0.3517 0.3638 0.8625
vn -0.0116 0.7987 0.6016
vn -0.2809 0.7434 0.6070
vn 0.4599 0.4642 0.7570
vn 0.5794 0.3608 0.7308
vn 0.1103 0.6458 0.7555
vn -0.1053 0.5879 0.8020
vn 0.8649 0.3267 0.3810
vn -0.7393 0.3485 0.5761
vn -0.7162 0.2951 0.6324
vn -0.9476 -0.0186 -0.3190
vn -0.9742 0.1210 -0.1903
vn 0.4268 0.1555 0.8909
vn 0.5990 0.0089 0.8007
vn 0.0909 0.7739 0.6268
vn -0.6510 0.7584 0.0311
vn -0.9929 -0.0389 0.1127
vn -0.9776 -0.1449 0.1524
vn -0.4384 0.5745 0.6912
vn -0.7385 0.3521 0.5750
vn 0.8212 0.5585 -0.1175
vn 0.9713 0.0722 -0.2265
vn 0.9962 0.0589 -0.0634
vn 0.9992 0.0055 -0.0385
vn 0.9287 0.3475 0.1294
vn 0.9389 0.3154 0.1379
vn 0.6263 0.6909 0.3611
vn -0.5661 -0.5777 0.5880
vn -0.5677 -0.5720 0.5921
vn -0.3365 0.3001 0.8926
vn -0.3933 0.2480 0.8853
vn 0.0367 0.7474 0.6634
vn 0.5998 0.7389 0.3069
vn 0.9826 -0.0343 0.1824
vn 0.9155 -0.0674 0.3967
vn 0.3357 0.3138 0.8882
vn 0.2982 -0.0832 0.9509
vn -0.6423 -0.5005 -0.5805
vn -0.1860 -0.7085 -0.6808
vn -0.8677 0.0391 0.4956
vn 0.8731 -0.2822 0.3975
vn -0.4171 0.2297 0.8793
vn -0.1410 0.2999 0.9435
vn 0.1246 0.2375 0.9634
vn 0.4729 0.3173 0.8220
vn 0.4288 0.2738 0.8609
vn -0.5194 0.1142 0.8469
vn 0.7909 -0.4990 0.3543
vn 0.1294 0.1907 0.9731
vn 0.1706 -0.4130 -0.8946
vn 0.1387 -0.4723 -0.8705
vn 0.2246 -0.4144 -0.8819
vn 0.2196 -0.4301 -0.8756
vn 0.9059 -0.0474 -0.4209
vn 0.8963 -0.0429 -0.4414
vn 0.7306 0.5262 -0.4351
vn 0.0165 0.8766 -0.4810
vn 0.3838 -0.1889 -0.9039
vn 0.3047 0.1242 -0.9443
vn -0.5616 0.8152 0.1417
vn -0.6972 0.6403 -0.3224
vn 0.5357 0.8320 0.1441
vn 0.0737 0.8893 -0.4513
vn 0.0951 0.8771 -0.4707
vn -0.0390 0.7705 0.6362
vn 0.5617 -0.7906 0.2439
vn 0.5275 -0.8253 0.2015
vn -0.6165 -0.7694 0.1671
vn -0.5275 -0.8253 0.2015
vn -0.9691 -0.1085 0.2217
vn 0.9914 0.1290 0.0212
vn 0.8752 0.4156 -0.2476
vn 0.7211 0.6701 -0.1760
vn 0.5008 0.8625 -0.0727
vn 0.2342 0.9707 0.0528
vn -0.0512 0.9810 0.1873
vn -0.0512 0.9810 0.1874
vn -0.3243 0.8915 0.3163
vn -0.5560 0.7137 0.4260
vn -0.7241 0.4682 0.5063
vn -0.8148 0.1805 0.5509
vn -0.8216 -0.1230 0.5566
vn -0.7440 -0.4157 0.5232
vn -0.5874 -0.6709 0.4526
vn -0.3646 -0.8628 0.3502
vn -0.0962 -0.9695 0.2253
vn 0.1893 -0.9777 0.0908
vn 0.4609 -0.8866 -0.0387
vn 0.6901 -0.7082 -0.1494
vn 0.6901 -0.7081 -0.1494
vn 0.8557 -0.4632 -0.2306
vn 0.8557 -0.4633 -0.2306
vn 0.9448 -0.1770 -0.2758
vn 0.9514 0.1246 -0.2816
vn 0.9248 0.3772 0.0493
vn 0.7866 0.6066 0.1155
vn 0.7865 0.6066 0.1156
vn 0.5890 0.7802 0.2107
vn 0.3496 0.8785 0.3256
vn 0.0923 0.8892 0.4481
vn 0.0923 0.8892 0.4482
vn -0.1553 0.8102 0.5653
vn -0.1553 0.8102 0.5652
vn -0.3669 0.6506 0.6649
vn -0.3669 0.6507 0.6648
vn -0.5215 0.4286 0.7378
vn -0.6054 0.1669 0.7783
vn -0.6116 -0.1097 0.7835
vn -0.6116 -0.1098 0.7835
vn -0.5399 -0.3761 0.7531
vn -0.5398 -0.3761 0.7531
vn -0.3958 -0.6072 0.6890
vn -0.1920 -0.7797 0.5960
vn 0.0516 -0.8743 0.4826
vn 0.3092 -0.8802 0.3601
vn 0.5531 -0.7973 0.2417
vn 0.5532 -0.7972 0.2417
vn 0.7588 -0.6362 0.1399
vn 0.7587 -0.6362 0.1399
vn 0.9073 -0.4155 0.0648
vn 0.9073 -0.4154 0.0648
vn 0.9873 -0.1573 0.0229
vn 0.9873 -0.1573 0.0228
vn 0.9932 0.1147 0.0175
vn 0.8952 0.3110 0.3192
vn 0.7820 0.4980 0.3748
vn 0.6208 0.6391 0.4541
vn 0.4261 0.7189 0.5492
vn 0.2168 0.7280 0.6504
vn 0.0147 0.6646 0.7470
vn -0.1590 0.5355 0.8295
vn -0.2868 0.3543 0.8901
vn -0.3565 0.1396 0.9238
vn -0.3564 0.1396 0.9238
vn -0.3617 -0.0878 0.9282
vn -0.3020 -0.3064 0.9027
vn -0.1828 -0.4951 0.8494
vn -0.1828 -0.4952 0.8493
vn -0.0153 -0.6350 0.7724
vn 0.1836 -0.7112 0.6786
vn 0.1836 -0.7111 0.6787
vn 0.3932 -0.7154 0.5775
vn 0.5916 -0.6480 0.4796
vn 0.5917 -0.6480 0.4796
vn 0.7593 -0.5172 0.3950
vn 0.8808 -0.3374 0.3321
vn 0.9465 -0.1264 0.2969
vn 0.9514 0.0963 0.2925
vn 0.8284 0.2464 0.5031
vn 0.8284 0.2463 0.5031
vn 0.7391 0.3927 0.5473
vn 0.6126 0.5026 0.6100
vn 0.6126 0.5025 0.6101
vn 0.4603 0.5645 0.6852
vn 0.2970 0.5715 0.7650
vn 0.1392 0.5222 0.8414
vn 0.0032 0.4216 0.9068
vn -0.0972 0.2801 0.9550
vn -0.1521 0.1118 0.9820
vn -0.1562 -0.0667 0.9855
vn -0.1091 -0.2381 0.9651
vn -0.1092 -0.2382 0.9651
vn -0.0154 -0.3857 0.9225
vn 0.1157 -0.4947 0.8613
vn 0.2711 -0.5538 0.7873
vn 0.2711 -0.5539 0.7872
vn 0.4347 -0.5573 0.7075
vn 0.5898 -0.5051 0.6301
vn 0.7212 -0.4033 0.5632
vn 0.8170 -0.2627 0.5133
vn 0.8689 -0.0972 0.4853
vn 0.8690 -0.0971 0.4852
vn 0.8728 0.0779 0.4818
vn 0.6938 0.1499 0.7044
vn 0.6938 0.1500 0.7044
vn 0.6403 0.2365 0.7308
vn 0.6403 0.2364 0.7308
vn 0.5650 0.3009 0.7682
vn 0.5650 0.3010 0.7682
vn 0.4748 0.3370 0.8130
vn 0.3786 0.3408 0.8605
vn 0.3786 0.3408 0.8606
vn 0.2858 0.3117 0.9062
vn 0.2859 0.3117 0.9062
vn 0.2058 0.2524 0.9455
vn 0.2057 0.2524 0.9455
vn 0.1466 0.1690 0.9747
vn 0.1466 0.1691 0.9746
vn 0.1141 0.0696 0.9910
vn 0.1117 -0.0359 0.9931
vn 0.1117 -0.0358 0.9931
vn 0.1395 -0.1372 0.9807
vn 0.1395 -0.1373 0.9807
vn 0.1948 -0.2242 0.9549
vn 0.1948 -0.2241 0.9549
vn 0.2720 -0.2883 0.9181
vn 0.2720 -0.2884 0.9181
vn 0.3634 -0.3233 0.8737
vn 0.4597 -0.3257 0.8262
vn 0.4596 -0.3256 0.8263
vn 0.5514 -0.2953 0.7802
vn 0.5515 -0.2953 0.7802
vn 0.6296 -0.2356 0.7403
vn 0.6297 -0.2356 0.7403
vn 0.6870 -0.1526 0.7105
vn 0.7182 -0.0543 0.6937
vn 0.7182 -0.0544 0.6937
vn 0.7206 0.0498 0.6916
vn 0.5492 0.0638 0.8332
vn 0.5281 0.0976 0.8436
vn 0.4984 0.1228 0.8582
vn 0.4630 0.1367 0.8758
vn 0.4253 0.1380 0.8944
vn 0.3893 0.1265 0.9124
vn 0.3581 0.1033 0.9280
vn 0.3351 0.0708 0.9395
vn 0.3225 0.0320 0.9460
vn 0.3216 -0.0092 0.9468
vn 0.3324 -0.0488 0.9419
vn 0.3538 -0.0826 0.9317
vn 0.3839 -0.1078 0.9171
vn 0.4195 -0.1215 0.8996
vn 0.4570 -0.1226 0.8810
vn 0.4931 -0.1109 0.8629
vn 0.5239 -0.0877 0.8473
vn 0.5466 -0.0552 0.8356
vn 0.5590 -0.0166 0.8290
vn 0.5599 0.0243 0.8282
vn -0.8752 0.4156 -0.2476
vn -0.7211 0.6701 -0.1760
vn -0.5008 0.8625 -0.0727
vn -0.2342 0.9707 0.0528
vn 0.0512 0.9810 0.1874
vn 0.0512 0.9810 0.1873
vn 0.3243 0.8915 0.3163
vn 0.5560 0.7137 0.4260
vn 0.7241 0.4682 0.5063
vn 0.8148 0.1805 0.5509
vn 0.8216 -0.1230 0.5566
vn 0.7440 -0.4157 0.5232
vn 0.5874 -0.6709 0.4526
vn 0.3646 -0.8628 0.3502
vn 0.0962 -0.9695 0.2253
vn -0.1893 -0.9777 0.0908
vn -0.4609 -0.8866 -0.0387
vn -0.6901 -0.7081 -0.1494
vn -0.6901 -0.7082 -0.1494
vn -0.8557 -0.4633 -0.2306
vn -0.8557 -0.4632 -0.2306
vn -0.9448 -0.1770 -0.2758
vn -0.9514 0.1246 -0.2816
vn -0.9248 0.3772 0.0493
vn -0.7866 0.6066 0.1156
vn -0.5890 0.7802 0.2107
vn -0.3496 0.8785 0.3256
vn -0.0923 0.8892 0.4482
vn -0.0923 0.8892 0.4481
vn 0.1553 0.8102 0.5652
vn 0.1553 0.8102 0.5653
vn 0.3669 0.6507 0.6648
vn 0.3669 0.6506 0.6649
vn 0.5215 0.4286 0.7378
vn 0.6054 0.1669 0.7783
vn 0.6116 -0.1098 0.7835
vn 0.6116 -0.1097 0.7835
vn 0.5398 -0.3761 0.7531
vn 0.5399 -0.3761 0.7531
vn 0.3958 -0.6072 0.6890
vn 0.1920 -0.7797 0.5960
vn -0.0516 -0.8743 0.4826
vn -0.3092 -0.8802 0.3601
vn -0.5532 -0.7972 0.2417
vn -0.5531 -0.7973 0.2417
vn -0.7587 -0.6362 0.1399
vn -0.7588 -0.6362 0.1399
vn -0.9073 -0.4154 0.0648
vn -0.9073 -0.4155 0.0648
vn -0.9873 -0.1574 0.0228
vn -0.9873 -0.1573 0.0229
vn -0.9932 0.1147 0.0175
vn -0.8952 0.3110 0.3192
vn -0.7820 0.4980 0.3748
vn -0.6208 0.6391 0.4541
vn -0.4261 0.7189 0.5492
vn -0.2168 0.7280 0.6504
vn -0.0147 0.6646 0.7470
vn 0.1590 0.5355 0.8295
vn 0.2868 0.3543 0.8901
vn 0.3564 0.1396 0.9238
vn 0.3565 0.1396 0.9238
vn 0.3617 -0.0878 0.9282
vn 0.3020 -0.3064 0.9027
vn 0.1828 -0.4952 0.8493
vn 0.1828 -0.4951 0.8494
vn 0.0153 -0.6350 0.7724
vn -0.1836 -0.7111 0.6787
vn -0.1836 -0.7112 0.6786
vn -0.3932 -0.7154 0.5775
vn -0.5917 -0.6480 0.4796
vn -0.5916 -0.6480 0.4796
vn -0.7593 -0.5172 0.3950
vn -0.8808 -0.3374 0.3321
vn -0.9465 -0.1264 0.2969
vn -0.9514 0.0963 0.2925
vn -0.8284 0.2463 0.5031
vn -0.8284 0.2464 0.5031
vn -0.7391 0.3927 0.5473
vn -0.6126 0.5025 0.6100
vn -0.6126 0.5026 0.6100
vn -0.4603 0.5645 0.6852
vn -0.2970 0.5715 0.7650
vn -0.1392 0.5222 0.8414
vn -0.0032 0.4216 0.9068
vn 0.0972 0.2801 0.9550
vn 0.1521 0.1118 0.9820
vn 0.1562 -0.0667 0.9855
vn 0.1092 -0.2382 0.9651
vn 0.1091 -0.2381 0.9651
vn 0.0154 -0.3857 0.9225
vn -0.1157 -0.4947 0.8613
vn -0.2711 -0.5539 0.7872
vn -0.2711 -0.5538 0.7873
vn -0.4347 -0.5573 0.7075
vn -0.5898 -0.5051 0.6301
vn -0.7212 -0.4033 0.5632
vn -0.8170 -0.2627 0.5133
vn -0.8690 -0.0971 0.4852
vn -0.8689 -0.0972 0.4853
vn -0.8728 0.0779 0.4818
vn -0.6938 0.1500 0.7044
vn -0.6938 0.1499 0.7044
vn -0.6403 0.2364 0.7308
vn -0.6403 0.2365 0.7308
vn -0.5650 0.3010 0.7682
vn -0.5650 0.3009 0.7682
vn -0.4748 0.3370 0.8130
vn -0.3786 0.3408 0.8606
vn -0.2859 0.3117 0.9062
vn -0.2858 0.3117 0.9062
vn -0.2057 0.2524 0.9455
vn -0.2058 0.2524 0.9455
vn -0.1466 0.1690 0.9746
vn -0.1466 0.1690 0.9747
vn -0.1141 0.0696 0.9910
vn -0.1117 -0.0358 0.9931
vn -0.1117 -0.0359 0.9931
vn -0.1395 -0.1373 0.9807
vn -0.1395 -0.1372 0.9807
vn -0.1948 -0.2241 0.9549
vn -0.1948 -0.2242 0.9549
vn -0.2720 -0.2884 0.9181
vn -0.2720 -0.2883 0.9181
vn -0.3634 -0.3233 0.8737
vn -0.4596 -0.3256 0.8263
vn -0.4597 -0.3257 0.8262
vn -0.5515 -0.2953 0.7802
vn -0.5514 -0.2953 0.7802
vn -0.6297 -0.2356 0.7403
vn -0.6296 -0.2356 0.7403
vn -0.6870 -0.1526 0.7105
vn -0.7182 -0.0544 0.6937
vn -0.7182 -0.0543 0.6937
vn -0.7206 0.0498 0.6916
vn -0.5492 0.0638 0.8332
vn -0.5281 0.0976 0.8436
vn -0.4984 0.1228 0.8582
vn -0.4630 0.1367 0.8758
vn -0.4253 0.1380 0.8944
vn -0.3893 0.1265 0.9124
vn -0.3581 0.1033 0.9280
vn -0.3351 0.0708 0.9395
vn -0.3225 0.0320 0.9460
vn -0.3216 -0.0092 0.9468
vn -0.3324 -0.0488 0.9419
vn -0.3538 -0.0826 0.9317
vn -0.3839 -0.1078 0.9171
vn -0.4195 -0.1216 0.8996
vn -0.4570 -0.1226 0.8810
vn -0.4931 -0.1109 0.8629
vn -0.5239 -0.0877 0.8473
vn -0.5466 -0.0552 0.8356
vn -0.5590 -0.0166 0.8290
vn -0.5599 0.0243 0.8282
vn -0.3298 -0.7261 -0.6033
vn -0.3297 -0.2805 -0.9015
vn -0.1864 -0.5464 -0.8165
vn -0.6606 -0.6126 -0.4340
vn -0.9429 -0.1848 -0.2770
vn -0.7936 -0.3381 -0.5059
vn -0.6603 -0.1670 -0.7322
vn -0.6612 -0.7471 -0.0685
vn -0.6622 -0.6012 0.4473
vn -0.7946 -0.5846 0.1638
vn -0.9435 -0.3193 0.0885
vn -0.3302 -0.9438 -0.0123
vn -0.1876 -0.9452 0.2673
vn -0.3305 -0.7982 0.5036
vn -0.1248 -0.9311 -0.3427
vn -0.1243 0.0382 -0.9915
vn -0.6605 0.2221 -0.7172
vn -0.9432 0.2044 -0.2620
vn -0.7940 0.3751 -0.4784
vn -0.6278 0.6886 -0.3630
vn -0.9441 -0.0133 0.3294
vn -0.6628 -0.2952 0.6882
vn -0.7957 -0.0238 0.6052
vn -0.6631 0.2405 0.7088
vn -0.1264 -0.6136 0.7795
vn -0.3299 0.3487 -0.8773
vn -0.3077 0.8063 -0.5052
vn -0.1434 0.6697 -0.7287
vn -0.9439 0.3104 0.1128
vn -0.6698 0.5173 0.5326
vn -0.8033 0.5593 0.2046
vn -0.6608 0.7505 -0.0079
vn -0.3309 -0.3029 0.8937
vn -0.1887 -0.0379 0.9813
vn -0.3310 0.2327 0.9145
vn -0.1290 0.9542 -0.2699
vn -0.3386 0.9390 0.0604
vn -0.3803 0.6822 0.6244
vn -0.1933 0.9207 0.3389
vn -0.1961 0.4563 0.8680
vn 0.3298 -0.7261 -0.6033
vn 0.3297 -0.2805 -0.9015
vn 0.1864 -0.5464 -0.8165
vn 0.6606 -0.6126 -0.4340
vn 0.9429 -0.1848 -0.2770
vn 0.7936 -0.3381 -0.5059
vn 0.6603 -0.1670 -0.7322
vn 0.6612 -0.7471 -0.0685
vn 0.6622 -0.6012 0.4473
vn 0.7946 -0.5846 0.1638
vn 0.9435 -0.3193 0.0885
vn 0.3302 -0.9438 -0.0123
vn 0.1876 -0.9452 0.2673
vn 0.3305 -0.7982 0.5036
vn 0.1248 -0.9311 -0.3427
vn 0.1243 0.0382 -0.9915
vn 0.6605 0.2221 -0.7172
vn 0.9432 0.2044 -0.2620
vn 0.7940 0.3751 -0.4784
vn 0.6278 0.6886 -0.3630
vn 0.9441 -0.0133 0.3294
vn 0.6628 -0.2952 0.6882
vn 0.7957 -0.0238 0.6052
vn 0.6631 0.2405 0.7088
vn 0.1264 -0.6136 0.7795
vn 0.3299 0.3487 -0.8773
vn 0.3077 0.8063 -0.5052
vn 0.1434 0.6697 -0.7287
vn 0.9439 0.3104 0.1128
vn 0.6698 0.5173 0.5326
vn 0.8033 0.5593 0.2046
vn 0.6608 0.7505 -0.0079
vn 0.3309 -0.3029 0.8937
vn 0.1887 -0.0379 0.9813
vn 0.3310 0.2327 0.9145
vn 0.1290 0.9542 -0.2699
vn 0.3386 0.9390 0.0604
vn 0.3803 0.6822 0.6244
vn 0.1933 0.9207 0.3389
vn 0.1961 0.4563 0.8680
vn -0.1820 -0.8829 0.4328
vn -0.1136 -0.9933 -0.0234
vn -0.1299 -0.9908 -0.0381
vn -0.2113 -0.9773 -0.0125
vn -0.1300 -0.9860 -0.1041
vn -0.1702 0.7993 0.5764
vn -0.1856 0.8932 0.4097
vn -0.0745 0.9970 0.0193
vn -0.0552 0.9984 0.0075
vn -0.0575 0.9905 0.1245
vn -0.0746 0.9878 0.1370
vn -0.4345 0.9007 0.0073
vn -0.4661 0.8846 0.0171
vn -0.4301 0.8802 0.2007
vn -0.4342 0.8776 0.2032
vn -0.0565 0.9596 0.2757
vn -0.4130 0.8231 0.3898
vn -0.2108 -0.9774 0.0166
vn -0.2105 -0.9774 0.0169
vn 0.1820 -0.8829 0.4328
vn 0.1299 -0.9908 -0.0381
vn 0.1136 -0.9933 -0.0234
vn 0.1300 -0.9860 -0.1041
vn 0.2113 -0.9773 -0.0125
vn 0.1702 0.7993 0.5764
vn 0.1856 0.8932 0.4097
vn 0.0552 0.9984 0.0075
vn 0.0745 0.9970 0.0193
vn 0.0746 0.9878 0.1370
vn 0.0575 0.9905 0.1245
vn 0.4661 0.8846 0.0171
vn 0.4345 0.9007 0.0073
vn 0.4342 0.8776 0.2032
vn 0.4301 0.8802 0.2007
vn 0.0565 0.9596 0.2757
vn 0.4130 0.8231 0.3898
vn 0.2105 -0.9774 0.0169
vn 0.2108 -0.9774 0.0166
vn -0.6961 0.2718 0.6645
vn -0.0294 0.3104 -0.9501
vn 0.9454 0.2320 0.2291
vn -0.8683 0.4720 0.1526
vn -0.1437 0.2552 0.9562
vn -0.1531 0.2655 0.9519
vn -0.6156 -0.6698 0.4153
vn -0.8146 -0.3881 0.4311
vn -0.2396 -0.4191 0.8758
vn -0.8959 -0.4441 -0.0130
vn 0.0197 -0.2174 -0.9759
vn 0.8818 -0.2813 0.3786
vn -0.1780 -0.0988 -0.9791
vn 0.9708 -0.2288 -0.0725
vn -0.2459 -0.4328 0.8673
vn -0.2481 -0.4346 0.8658
vn -0.7032 0.2341 0.6713
vn -0.8843 0.4378 -0.1622
vn 0.7084 0.3446 0.6160
vn -0.0298 0.2682 -0.9629
vn 0.9524 0.1993 0.2307
vn -0.4132 0.2549 0.8742
vn -0.4107 0.2522 0.8762
vn 0.7592 -0.4610 0.4594
vn 0.2351 -0.3939 -0.8886
vn 0.2287 -0.3995 -0.8877
vn -0.8353 -0.4734 -0.2796
vn 0.6184 -0.5326 0.5779
vn -0.5436 -0.3988 0.7385
vn -0.5383 -0.3918 0.7461
vn 0.4741 -0.4608 -0.7502
vn 0.5100 -0.4301 -0.7450
vn -0.5760 -0.5889 0.5670
vn -0.1744 -0.1638 -0.9709
vn 0.9471 -0.2988 0.1175
vn -0.9054 0.3390 0.2556
vn -0.1634 0.2616 0.9513
vn -0.0772 0.2532 -0.9643
vn 0.9838 0.1790 -0.0057
vn 0.8946 0.2419 0.3756
vn 0.2458 0.3719 -0.8951
vn 0.2339 0.3856 -0.8925
vn 0.4589 0.4345 -0.7750
vn 0.3876 0.4961 -0.7770
vn 0.6961 0.2718 0.6645
vn 0.0294 0.3104 -0.9501
vn -0.9454 0.2320 0.2291
vn 0.8738 0.4618 0.1526
vn 0.1562 0.2636 0.9519
vn 0.1467 0.2535 0.9562
vn 0.6156 -0.6698 0.4153
vn 0.8146 -0.3881 0.4311
vn 0.2396 -0.4191 0.8758
vn 0.8959 -0.4441 -0.0130
vn -0.0197 -0.2174 -0.9759
vn -0.8818 -0.2813 0.3786
vn 0.1780 -0.0988 -0.9791
vn -0.9708 -0.2288 -0.0725
vn 0.2481 -0.4346 0.8658
vn 0.2459 -0.4328 0.8673
vn 0.7032 0.2341 0.6713
vn 0.8843 0.4378 -0.1622
vn -0.7084 0.3446 0.6160
vn 0.0298 0.2682 -0.9629
vn -0.9524 0.1993 0.2307
vn 0.4107 0.2522 0.8762
vn 0.4132 0.2549 0.8742
vn -0.7592 -0.4610 0.4594
vn -0.2287 -0.3995 -0.8877
vn -0.2351 -0.3939 -0.8886
vn 0.8353 -0.4734 -0.2796
vn -0.6184 -0.5326 0.5779
vn 0.5383 -0.3918 0.7461
vn 0.5436 -0.3988 0.7385
vn -0.5100 -0.4301 -0.7450
vn -0.4741 -0.4608 -0.7502
vn 0.5760 -0.5889 0.5670
vn 0.1744 -0.1638 -0.9709
vn -0.9470 -0.2988 0.1175
vn 0.9054 0.3390 0.2556
vn 0.1634 0.2616 0.9513
vn 0.0772 0.2532 -0.9643
vn -0.9838 0.1790 -0.0057
vn -0.8917 0.2524 0.3756
vn -0.2294 0.3883 -0.8925
vn -0.2414 0.3748 -0.8951
vn -0.3876 0.4961 -0.7770
vn -0.4589 0.4345 -0.7750
vn 0.3011 -0.6193 0.7251
vn 0.3541 -0.5524 0.7547
vn 0.3375 -0.7307 0.5935
vn -0.1598 0.0319 -0.9866
vn -0.2754 0.3572 -0.8925
vn 0.2997 -0.5693 0.7656
vn -0.4212 0.2377 -0.8753
vn -0.2897 0.2934 -0.9110
vn 0.3466 -0.9231 0.1667
vn -0.1151 -0.3719 -0.9211
vn 0.2804 -0.4486 0.8486
vn 0.2344 -0.5795 0.7806
vn -0.4002 0.2194 -0.8898
vn -0.3764 0.3308 -0.8654
vn -0.1743 -0.4016 -0.8991
vn -0.3545 0.1165 -0.9278
vn 0.3844 -0.9096 0.1574
vn -0.4144 0.0727 -0.9072
vn 0.4751 -0.6557 0.5868
vn 0.4478 -0.5648 0.6932
vn -0.2694 0.3590 -0.8936
vn 0.3633 -0.2614 0.8943
vn 0.3606 -0.2651 0.8943
vn 0.4570 -0.2211 0.8615
vn 0.4587 -0.2161 0.8619
vn 0.4094 -0.2197 0.8855
vn 0.4061 -0.2561 0.8772
vn 0.4798 -0.6919 0.5394
vn -0.0111 -0.8917 0.4525
vn 0.0029 -0.8603 0.5098
vn -0.0433 -0.8548 0.5172
vn -0.0285 -0.8257 0.5634
vn -0.1232 -0.8059 0.5791
vn -0.1024 -0.7801 0.6172
vn 0.0845 -0.5668 0.8195
vn 0.0528 -0.5903 0.8055
vn 0.7113 -0.3284 0.6215
vn 0.7518 -0.2765 0.5987
vn 0.3516 -0.6664 0.6575
vn 0.4433 -0.7406 0.5050
vn 0.2942 -0.2734 0.9158
vn 0.2226 -0.4172 0.8811
vn 0.7621 -0.3428 0.5492
vn 0.0588 -0.6038 0.7950
vn 0.7252 -0.3009 0.6193
vn 0.4235 -0.4270 0.7990
vn 0.1036 -0.6208 0.7771
vn 0.1947 -0.5573 0.8072
vn 0.2965 -0.3524 0.8877
vn 0.3142 -0.3831 0.8686
vn 0.0968 -0.8766 0.4715
vn 0.1032 -0.9059 0.4108
vn -0.4221 0.3009 0.8552
vn -0.4139 0.2109 0.8856
vn 0.3712 0.4517 0.8113
vn 0.4079 0.3701 0.8346
vn 0.4568 0.5209 0.7211
vn 0.4425 0.4528 0.7741
vn 0.5225 0.4876 0.6995
vn 0.5284 0.5098 0.6789
vn 0.6108 0.4628 0.6424
vn 0.6129 0.4698 0.6353
vn 0.7306 0.4172 0.5406
vn 0.7330 0.4245 0.5315
vn 0.9563 -0.0495 0.2881
vn -0.5824 0.6757 -0.4519
vn -0.5999 0.5896 -0.5408
vn -0.4170 0.8156 -0.4011
vn -0.4116 0.8253 -0.3865
vn -0.0374 0.6658 -0.7452
vn -0.0376 0.6656 -0.7453
vn 0.0947 0.6385 -0.7638
vn 0.1381 0.7078 -0.6927
vn 0.0157 0.6622 -0.7492
vn 0.0132 0.6521 -0.7580
vn 0.3568 0.9336 -0.0329
vn 0.3605 0.9327 -0.0104
vn 0.4581 0.8859 -0.0734
vn 0.4633 0.8848 -0.0504
vn 0.6004 0.7883 -0.1347
vn 0.6126 0.7845 -0.0959
vn 0.7877 0.3859 -0.4801
vn -0.3105 0.8954 0.3192
vn -0.2955 0.8933 0.3387
vn -0.6958 0.6863 0.2118
vn -0.7102 0.6183 0.3367
vn 0.0370 0.4323 -0.9010
vn -0.2607 0.0832 -0.9618
vn -0.1423 0.0997 -0.9848
vn -0.1435 0.1262 -0.9816
vn -0.1843 0.1066 -0.9771
vn -0.3197 0.0697 -0.9450
vn -0.3204 0.0645 -0.9451
vn -0.3246 0.1397 -0.9355
vn -0.3420 0.0688 -0.9372
vn -0.3842 0.0753 -0.9202
vn -0.3586 0.1400 -0.9229
vn 0.7309 0.0970 -0.6755
vn -0.5174 0.1757 -0.8375
vn -0.4827 0.2251 -0.8464
vn -0.0816 0.3665 -0.9269
vn -0.0981 0.3694 -0.9241
vn -0.3252 -0.0082 -0.9456
vn -0.3223 0.0022 -0.9466
vn -0.2137 0.6660 -0.7147
vn -0.1942 0.6852 -0.7020
vn 0.2209 0.9751 0.0198
vn 0.2067 0.9742 -0.0911
vn -0.7652 -0.6117 0.2006
vn -0.8240 -0.5650 0.0424
vn -0.9158 -0.3873 -0.1065
vn 0.9938 -0.0662 -0.0890
vn 0.7239 0.2988 -0.6219
vn -0.5052 0.1526 -0.8494
vn -0.0790 0.2770 -0.9576
vn 0.4337 -0.2952 0.8514
vn 0.4828 -0.2190 0.8479
vn 0.7863 0.3333 0.5202
vn 0.7989 0.3699 0.4744
vn 0.6024 0.7473 -0.2805
vn 0.6798 0.7156 -0.1609
vn 0.1890 0.6463 -0.7393
vn 0.2575 0.6712 -0.6952
vn -0.3238 0.1759 -0.9296
vn -0.4164 0.0780 -0.9058
vn -0.6606 -0.6992 -0.2734
vn -0.0778 -0.7186 0.6910
vn -0.1471 -0.7688 0.6223
vn -0.1410 0.1274 -0.9818
vn -0.2072 0.1778 -0.9620
vn 0.5738 -0.7057 0.4155
vn 0.5926 -0.7149 0.3712
vn 0.3875 -0.1873 0.9026
vn 0.3914 -0.1219 0.9121
vn 0.0405 0.6453 0.7629
vn 0.0123 0.6642 0.7475
vn -0.2025 0.9325 0.2992
vn -0.1900 0.9303 0.3136
vn -0.3863 0.8010 -0.4574
vn -0.4199 0.8216 -0.3857
vn -0.1388 0.2106 -0.9677
vn 0.1455 -0.5531 -0.8203
vn 0.3062 -0.5831 -0.7525
vn 0.4643 -0.6862 0.5599
vn 0.2927 -0.2230 0.9298
vn 0.3001 -0.2259 0.9268
vn -0.0136 0.6260 0.7797
vn -0.0146 0.6202 0.7843
vn -0.2367 0.9214 0.3081
vn -0.2391 0.9162 0.3216
vn -0.4207 0.8255 -0.3763
vn 0.5771 -0.7260 0.3739
vn 0.5691 -0.7209 0.3956
vn 0.3561 -0.1411 0.9237
vn 0.3994 -0.1819 0.8986
vn -0.0683 0.6313 0.7725
vn -0.0953 0.6478 0.7558
vn 0.1763 -0.1728 0.9691
vn 0.2430 -0.2141 0.9461
vn 0.3274 -0.2184 0.9193
vn 0.2903 -0.1944 0.9370
vn 0.5604 -0.7258 0.3989
vn 0.4853 -0.6894 0.5377
vn -0.1140 0.1309 -0.9848
vn -0.1156 0.1090 -0.9873
vn -0.4562 0.7884 -0.4126
vn -0.4500 0.8009 -0.3950
vn -0.3979 0.8434 0.3610
vn -0.4177 0.8444 0.3354
vn -0.2068 0.5971 0.7750
vn -0.2919 0.6341 0.7161
vn -0.0836 0.4066 -0.9098
vn 0.7091 -0.3133 0.6317
vn 0.4445 -0.4999 0.7433
vn 0.2937 -0.5949 0.7482
vn -0.3168 0.6196 0.7181
vn -0.2971 0.4341 0.8505
vn -0.5509 0.7416 0.3828
vn -0.5829 0.7392 0.3374
vn -0.5935 0.7137 -0.3721
vn -0.5430 0.7022 -0.4605
vn -0.3583 0.3621 -0.8605
vn -0.3137 0.1340 -0.9400
vn -0.5011 0.2592 -0.8256
vn -0.4954 0.2665 -0.8268
vn -0.2796 0.1662 -0.9456
vn -0.3976 0.6033 -0.6913
vn -0.5778 0.6084 -0.5441
vn -0.7426 0.6642 0.0856
vn -0.6843 0.6985 0.2094
vn 0.4261 -0.7506 0.5051
vn 0.1560 -0.1797 0.9713
vn 0.1696 -0.3446 0.9233
vn -0.4673 0.3268 0.8215
vn -0.4179 0.3042 0.8561
vn 0.0361 -0.8947 0.4452
vn 0.0423 -0.8791 0.4748
vn 0.3227 -0.2712 0.9068
vn 0.3351 -0.3429 0.8776
vn -0.3054 0.0663 -0.9499
vn -0.3295 -0.0002 -0.9442
vn -0.1327 0.6663 -0.7338
vn -0.1007 0.6960 -0.7110
vn 0.0788 0.9848 -0.1547
vn 0.0802 0.9938 -0.0776
vn -0.4196 0.2497 -0.8727
vn -0.3339 0.2922 -0.8962
vn 0.2614 -0.5330 -0.8047
vn 0.2213 -0.4879 -0.8444
vn 0.2443 -0.5048 -0.8279
vn 0.2692 -0.5280 -0.8054
vn 0.5061 -0.7873 -0.3522
vn 0.5086 -0.8175 -0.2703
vn 0.5122 -0.8253 -0.2376
vn 0.4779 -0.8450 -0.2397
vn 0.4805 -0.8514 -0.2101
vn 0.0303 -0.9733 0.2276
vn 0.0294 -0.9552 0.2945
vn -0.2336 -0.7241 0.6489
vn -0.7286 -0.6666 0.1578
vn -0.8504 -0.5206 -0.0764
vn -0.8414 -0.5403 0.0113
vn -0.9124 -0.3941 -0.1106
vn 0.4422 -0.8184 -0.3670
vn 0.4564 -0.7975 -0.3946
vn 0.5290 -0.7703 -0.3561
vn -0.2589 -0.7547 -0.6028
vn -0.2609 -0.7519 -0.6055
vn -0.8514 -0.5190 -0.0751
vn -0.8341 -0.2313 -0.5008
vn 0.2045 -0.4933 -0.8455
vn 0.3937 -0.7284 -0.5608
vn 0.2498 -0.8612 0.4426
vn 0.5625 -0.7537 0.3401
vn -0.5427 -0.8208 -0.1783
vn -0.6462 -0.7544 -0.1155
vn -0.6358 -0.7679 -0.0779
vn -0.6940 -0.5612 -0.4510
vn -0.5453 -0.3026 -0.7817
vn -0.5656 -0.2976 -0.7691
vn -0.1043 0.0670 -0.9923
vn -0.2642 0.0372 -0.9638
vn -0.0840 -0.0422 -0.9956
vn 0.5483 -0.7869 0.2833
vn 0.8793 0.2991 -0.3707
vn 0.9910 0.1312 -0.0268
vn 0.9937 0.1058 -0.0372
vn 0.9990 0.0168 -0.0405
vn 0.9399 -0.3326 0.0775
vn 0.8112 -0.4000 -0.4266
vn 0.7814 0.3845 -0.4915
vn 0.9670 0.0332 0.2526
vn -0.7805 -0.5812 0.2303
vn -0.7927 -0.5508 0.2611
vn 0.8003 0.2412 -0.5489
vn 0.7888 0.1399 -0.5984
vn 0.3127 -0.5667 -0.7623
vn 0.5620 -0.7134 0.4185
vn -0.4371 0.4885 -0.7552
vn -0.1240 -0.0158 -0.9922
vn -0.3736 0.8057 -0.4597
vn 0.4542 -0.4912 0.7433
vn 0.3059 -0.6195 0.7229
vn -0.2709 0.2143 -0.9384
vn -0.3084 0.1755 -0.9349
vn -0.3032 0.2924 -0.9070
vn -0.0697 0.3386 -0.9383
vn 0.2129 -0.5481 0.8089
vn -0.2854 0.1001 -0.9532
vn 0.0340 -0.7525 0.6577
vn 0.0474 -0.7528 0.6566
vn 0.0513 -0.7505 0.6589
vn 0.1674 -0.7094 0.6846
vn -0.2739 0.2042 -0.9398
vn -0.2817 0.2457 -0.9275
vn 0.5416 -0.4364 0.7185
vn -0.3627 0.2949 -0.8840
vn -0.4840 0.2861 -0.8270
vn 0.5424 -0.4990 0.6759
vn 0.2514 -0.5168 0.8184
vn -0.0714 0.3703 -0.9262
vn -0.2117 0.3280 -0.9207
vn -0.2186 0.2855 -0.9331
vn -0.2216 0.2849 -0.9326
vn -0.2268 0.2287 -0.9467
vn -0.2429 0.2258 -0.9434
vn -0.2847 0.2122 -0.9348
vn 0.4161 -0.5885 0.6932
vn 0.2042 -0.5899 0.7812
vn 0.2502 -0.6965 0.6725
vn 0.1921 -0.6817 0.7060
vn 0.1239 -0.7462 0.6541
vn 0.1096 -0.7363 0.6677
vn 0.0519 -0.6761 0.7350
vn -0.2806 0.1777 -0.9432
vn 0.5279 -0.7769 0.3433
vn 0.5046 -0.8201 -0.2698
vn 0.4960 -0.7866 -0.3676
vn 0.5555 -0.7628 0.3310
vn 0.8786 0.3092 -0.3640
vn 0.9987 -0.0044 0.0508
vn -0.3011 -0.6193 0.7251
vn -0.3541 -0.5524 0.7547
vn -0.3375 -0.7307 0.5935
vn 0.1598 0.0319 -0.9866
vn 0.2479 0.3635 -0.8980
vn -0.2997 -0.5693 0.7656
vn 0.4212 0.2377 -0.8753
vn 0.2897 0.2934 -0.9110
vn -0.3466 -0.9231 0.1667
vn 0.1151 -0.3719 -0.9211
vn -0.2804 -0.4486 0.8486
vn -0.2344 -0.5795 0.7806
vn 0.4002 0.2194 -0.8898
vn 0.3764 0.3308 -0.8654
vn 0.1743 -0.4016 -0.8991
vn 0.3545 0.1165 -0.9278
vn -0.3844 -0.9096 0.1574
vn 0.4144 0.0727 -0.9072
vn -0.4751 -0.6557 0.5868
vn -0.4478 -0.5648 0.6932
vn 0.2735 0.3559 -0.8936
vn -0.3606 -0.2651 0.8943
vn -0.3633 -0.2614 0.8943
vn -0.4587 -0.2161 0.8619
vn -0.4570 -0.2211 0.8615
vn -0.4061 -0.2561 0.8772
vn -0.4094 -0.2197 0.8855
vn -0.4798 -0.6919 0.5394
vn -0.0029 -0.8603 0.5098
vn 0.0111 -0.8917 0.4525
vn 0.0285 -0.8257 0.5634
vn 0.0433 -0.8548 0.5172
vn 0.1024 -0.7801 0.6172
vn 0.1232 -0.8059 0.5791
vn -0.0528 -0.5903 0.8055
vn -0.0845 -0.5668 0.8195
vn -0.7518 -0.2765 0.5987
vn -0.7113 -0.3284 0.6215
vn -0.3516 -0.6664 0.6575
vn -0.4433 -0.7406 0.5050
vn -0.2942 -0.2734 0.9158
vn -0.2226 -0.4172 0.8811
vn -0.7621 -0.3428 0.5492
vn -0.0588 -0.6038 0.7950
vn -0.7252 -0.3009 0.6193
vn -0.4235 -0.4270 0.7990
vn -0.1036 -0.6208 0.7771
vn -0.1947 -0.5573 0.8072
vn -0.3142 -0.3831 0.8686
vn -0.2965 -0.3524 0.8877
vn -0.1032 -0.9059 0.4108
vn -0.0968 -0.8766 0.4715
vn 0.4139 0.2109 0.8856
vn 0.4221 0.3009 0.8552
vn -0.4079 0.3701 0.8346
vn -0.3712 0.4517 0.8113
vn -0.4425 0.4528 0.7741
vn -0.4568 0.5209 0.7211
vn -0.5284 0.5098 0.6789
vn -0.5225 0.4876 0.6995
vn -0.6129 0.4698 0.6353
vn -0.6108 0.4628 0.6424
vn -0.7330 0.4245 0.5315
vn -0.7306 0.4172 0.5406
vn -0.9563 -0.0495 0.2881
vn 0.5999 0.5896 -0.5408
vn 0.5824 0.6757 -0.4519
vn 0.4116 0.8253 -0.3865
vn 0.4170 0.8156 -0.4011
vn 0.0376 0.6656 -0.7453
vn 0.0374 0.6658 -0.7452
vn -0.1381 0.7078 -0.6927
vn -0.0947 0.6385 -0.7638
vn -0.0132 0.6521 -0.7580
vn -0.0157 0.6622 -0.7492
vn -0.3605 0.9327 -0.0104
vn -0.3568 0.9336 -0.0329
vn -0.4633 0.8848 -0.0504
vn -0.4581 0.8859 -0.0734
vn -0.6126 0.7845 -0.0959
vn -0.6004 0.7883 -0.1347
vn -0.7877 0.3859 -0.4801
vn 0.2955 0.8933 0.3387
vn 0.3105 0.8954 0.3192
vn 0.7102 0.6183 0.3367
vn 0.6958 0.6863 0.2118
vn -0.0370 0.4323 -0.9010
vn 0.2607 0.0832 -0.9618
vn 0.1435 0.1262 -0.9816
vn 0.1423 0.0997 -0.9848
vn 0.1843 0.1066 -0.9771
vn 0.3204 0.0645 -0.9451
vn 0.3197 0.0697 -0.9450
vn 0.3420 0.0688 -0.9372
vn 0.3246 0.1397 -0.9355
vn 0.3586 0.1400 -0.9229
vn 0.3842 0.0753 -0.9202
vn -0.7309 0.0970 -0.6755
vn 0.4827 0.2251 -0.8464
vn 0.5174 0.1757 -0.8375
vn 0.0981 0.3694 -0.9241
vn 0.0816 0.3665 -0.9269
vn 0.3223 0.0022 -0.9466
vn 0.3252 -0.0083 -0.9456
vn 0.1942 0.6852 -0.7020
vn 0.2137 0.6660 -0.7147
vn -0.2067 0.9742 -0.0911
vn -0.2209 0.9751 0.0198
vn 0.8240 -0.5650 0.0424
vn 0.7652 -0.6117 0.2006
vn 0.9158 -0.3873 -0.1065
vn -0.9938 -0.0662 -0.0889
vn -0.7239 0.2988 -0.6219
vn 0.5052 0.1526 -0.8494
vn 0.0790 0.2770 -0.9576
vn -0.4828 -0.2190 0.8479
vn -0.4337 -0.2952 0.8514
vn -0.7989 0.3699 0.4744
vn -0.7863 0.3333 0.5202
vn -0.6798 0.7156 -0.1609
vn -0.6024 0.7473 -0.2805
vn -0.2575 0.6712 -0.6952
vn -0.1889 0.6463 -0.7393
vn 0.4164 0.0780 -0.9058
vn 0.3238 0.1759 -0.9296
vn 0.6606 -0.6992 -0.2734
vn 0.1471 -0.7688 0.6223
vn 0.0778 -0.7186 0.6910
vn 0.2072 0.1778 -0.9620
vn 0.1410 0.1274 -0.9818
vn -0.5926 -0.7149 0.3712
vn -0.5738 -0.7057 0.4155
vn -0.3914 -0.1219 0.9121
vn -0.3875 -0.1873 0.9026
vn -0.0123 0.6642 0.7475
vn -0.0405 0.6453 0.7629
vn 0.1900 0.9303 0.3136
vn 0.2025 0.9325 0.2992
vn 0.4199 0.8216 -0.3857
vn 0.3863 0.8010 -0.4574
vn 0.1388 0.2106 -0.9677
vn -0.3062 -0.5831 -0.7525
vn -0.1455 -0.5531 -0.8203
vn -0.4643 -0.6862 0.5599
vn -0.3001 -0.2259 0.9268
vn -0.2927 -0.2230 0.9298
vn 0.0146 0.6202 0.7843
vn 0.0136 0.6260 0.7797
vn 0.2391 0.9162 0.3216
vn 0.2368 0.9214 0.3081
vn 0.4207 0.8255 -0.3763
vn -0.5691 -0.7209 0.3956
vn -0.5771 -0.7260 0.3739
vn -0.3994 -0.1819 0.8986
vn -0.3561 -0.1411 0.9237
vn 0.0953 0.6478 0.7558
vn 0.0683 0.6313 0.7725
vn -0.2430 -0.2140 0.9461
vn -0.1763 -0.1728 0.9691
vn -0.2903 -0.1944 0.9370
vn -0.3274 -0.2184 0.9193
vn -0.4853 -0.6894 0.5377
vn -0.5604 -0.7258 0.3989
vn 0.1156 0.1090 -0.9873
vn 0.1140 0.1309 -0.9848
vn 0.4500 0.8009 -0.3950
vn 0.4562 0.7884 -0.4126
vn 0.4177 0.8444 0.3354
vn 0.3979 0.8434 0.3610
vn 0.2919 0.6341 0.7161
vn 0.2068 0.5971 0.7750
vn 0.0836 0.4066 -0.9098
vn -0.7091 -0.3133 0.6317
vn -0.4445 -0.4999 0.7433
vn -0.2937 -0.5949 0.7482
vn 0.2971 0.4341 0.8505
vn 0.3168 0.6196 0.7181
vn 0.5829 0.7392 0.3374
vn 0.5509 0.7416 0.3828
vn 0.5430 0.7022 -0.4605
vn 0.5935 0.7137 -0.3721
vn 0.3583 0.3621 -0.8605
vn 0.3137 0.1340 -0.9400
vn 0.5011 0.2592 -0.8256
vn 0.4954 0.2665 -0.8268
vn 0.2796 0.1662 -0.9456
vn 0.5778 0.6084 -0.5441
vn 0.3976 0.6033 -0.6913
vn 0.6843 0.6985 0.2094
vn 0.7426 0.6642 0.0856
vn -0.4261 -0.7506 0.5051
vn -0.1696 -0.3446 0.9233
vn -0.1560 -0.1797 0.9713
vn 0.4179 0.3042 0.8561
vn 0.4673 0.3268 0.8215
vn -0.0423 -0.8791 0.4748
vn -0.0361 -0.8947 0.4452
vn -0.3351 -0.3429 0.8776
vn -0.3227 -0.2712 0.9068
vn 0.3295 -0.0002 -0.9442
vn 0.3054 0.0663 -0.9499
vn 0.1007 0.6960 -0.7110
vn 0.1327 0.6663 -0.7338
vn -0.0802 0.9938 -0.0776
vn -0.0788 0.9848 -0.1547
vn 0.4196 0.2497 -0.8727
vn 0.3339 0.2922 -0.8962
vn -0.2213 -0.4879 -0.8444
vn -0.2614 -0.5330 -0.8047
vn -0.2692 -0.5280 -0.8054
vn -0.2443 -0.5048 -0.8279
vn -0.5061 -0.7873 -0.3522
vn -0.5122 -0.8253 -0.2376
vn -0.5086 -0.8175 -0.2703
vn -0.4805 -0.8514 -0.2101
vn -0.4779 -0.8450 -0.2397
vn -0.0294 -0.9552 0.2945
vn -0.0303 -0.9733 0.2276
vn 0.7286 -0.6666 0.1578
vn 0.2336 -0.7242 0.6489
vn 0.8414 -0.5403 0.0113
vn 0.8504 -0.5206 -0.0764
vn 0.9124 -0.3941 -0.1106
vn -0.4564 -0.7975 -0.3946
vn -0.4422 -0.8184 -0.3670
vn -0.5290 -0.7703 -0.3561
vn 0.2696 -0.7041 -0.6569
vn 0.2301 -0.7671 -0.5989
vn 0.8341 -0.2313 -0.5008
vn 0.8514 -0.5190 -0.0751
vn -0.4368 -0.7741 -0.4582
vn -0.2045 -0.4933 -0.8455
vn -0.2498 -0.8612 0.4426
vn -0.5625 -0.7536 0.3401
vn 0.5427 -0.8208 -0.1783
vn 0.6358 -0.7679 -0.0779
vn 0.6462 -0.7544 -0.1155
vn 0.5453 -0.3026 -0.7817
vn 0.6940 -0.5612 -0.4510
vn 0.5656 -0.2976 -0.7691
vn 0.1043 0.0670 -0.9923
vn 0.2642 0.0372 -0.9638
vn 0.0840 -0.0422 -0.9956
vn -0.5483 -0.7869 0.2833
vn -0.8793 0.2991 -0.3707
vn -0.9910 0.1312 -0.0268
vn -0.9937 0.1058 -0.0372
vn -0.9990 0.0168 -0.0405
vn -0.9399 -0.3326 0.0775
vn -0.8112 -0.3999 -0.4267
vn -0.7814 0.3845 -0.4915
vn -0.9670 0.0332 0.2526
vn 0.7805 -0.5812 0.2303
vn 0.7927 -0.5508 0.2611
vn -0.8003 0.2412 -0.5489
vn -0.7888 0.1399 -0.5984
vn -0.3127 -0.5667 -0.7623
vn -0.5620 -0.7134 0.4185
vn 0.4371 0.4885 -0.7552
vn 0.1240 -0.0158 -0.9922
vn 0.3736 0.8057 -0.4597
vn -0.4542 -0.4912 0.7433
vn -0.3059 -0.6195 0.7229
vn 0.3084 0.1755 -0.9349
vn 0.2709 0.2143 -0.9384
vn 0.3032 0.2924 -0.9070
vn 0.0697 0.3386 -0.9383
vn -0.2129 -0.5481 0.8089
vn 0.2854 0.1001 -0.9532
vn -0.0340 -0.7525 0.6577
vn -0.0513 -0.7505 0.6589
vn -0.0474 -0.7528 0.6566
vn -0.1674 -0.7094 0.6846
vn 0.2739 0.2042 -0.9398
vn 0.2817 0.2457 -0.9275
vn -0.5416 -0.4364 0.7185
vn 0.3627 0.2949 -0.8840
vn 0.4840 0.2861 -0.8270
vn -0.5424 -0.4990 0.6759
vn -0.2514 -0.5168 0.8184
vn 0.0714 0.3703 -0.9262
vn 0.2117 0.3280 -0.9207
vn 0.2186 0.2854 -0.9331
vn 0.2216 0.2849 -0.9326
vn 0.2268 0.2287 -0.9467
vn 0.2429 0.2258 -0.9434
vn 0.2847 0.2122 -0.9348
vn -0.4161 -0.5885 0.6932
vn -0.2042 -0.5899 0.7812
vn -0.2502 -0.6965 0.6725
vn -0.1921 -0.6817 0.7060
vn -0.1239 -0.7462 0.6541
vn -0.1096 -0.7363 0.6677
vn -0.0519 -0.6761 0.7350
vn 0.2806 0.1777 -0.9432
vn -0.5279 -0.7769 0.3433
vn -0.5046 -0.8201 -0.2698
vn -0.4960 -0.7866 -0.3676
vn -0.5555 -0.7628 0.3310
vn -0.8785 0.3092 -0.3641
vn -0.9987 -0.0044 0.0508
vn 0.8716 0.2144 0.4408
vn -0.8023 0.3940 0.4484
vn 0.4023 0.2716 0.8743
vn -0.3136 0.0649 0.9474
vn -0.9364 0.2544 -0.2416
vn 0.7385 -0.6588 0.1437
vn 0.9165 -0.3135 0.2486
vn -0.9206 0.3084 -0.2397
vn -0.9638 0.1915 0.1858
vn -0.7090 -0.2825 0.6462
vn 0.1760 -0.5617 0.8084
vn 0.1622 -0.5428 0.8241
vn -0.4111 0.8834 0.2251
vn -0.0408 -0.9988 -0.0270
vn -0.1993 -0.9786 0.0512
vn 0.1318 -0.6051 0.7852
vn 0.1359 -0.5957 0.7917
vn -0.7836 -0.2017 0.5876
vn -0.0623 -0.2179 0.9740
vn -0.6152 -0.7713 -0.1632
vn -0.4118 0.5999 -0.6859
vn -0.2888 -0.9329 -0.2154
vn -0.2113 -0.9634 -0.1652
vn -0.8659 -0.5001 0.0135
vn -0.4515 -0.1822 -0.8735
vn -0.9612 0.2022 0.1877
vn -0.9418 0.3213 0.0987
vn -0.9567 0.2046 0.2071
vn -0.9864 0.0637 -0.1518
vn 0.2434 -0.2057 -0.9479
vn 0.2084 -0.2287 -0.9509
vn -0.4761 -0.4072 -0.7794
vn -0.7442 0.6547 0.1324
vn -0.9511 0.2922 -0.1003
vn -0.6309 0.7171 -0.2962
vn -0.9997 0.0163 -0.0156
vn -0.9975 0.0537 -0.0456
vn -0.8612 -0.4853 -0.1509
vn -0.8649 -0.4740 -0.1653
vn 0.2018 -0.5381 -0.8184
vn -0.5900 -0.2849 -0.7554
vn -0.7433 0.6542 0.1399
vn -0.7600 0.5963 0.2586
vn 0.8632 -0.1806 -0.4714
vn 0.8717 -0.1677 -0.4604
vn 0.3862 -0.3974 -0.8324
vn -0.0173 -0.9998 0.0125
vn -0.7471 0.6526 0.1266
vn 0.4280 0.0599 -0.9018
vn -0.5597 0.7356 0.3816
vn -0.9655 0.2599 -0.0131
vn -0.9450 0.3193 -0.0708
vn -0.4378 -0.8988 -0.0217
vn -0.6297 -0.7689 -0.1104
vn -0.5921 -0.7770 -0.2136
vn -0.7711 0.3593 0.5256
vn 0.5090 0.0246 -0.8604
vn 0.5043 0.0218 -0.8632
vn 0.0216 0.6939 0.7197
vn -0.3104 -0.6745 -0.6698
vn -0.1096 -0.6004 -0.7922
vn -0.7649 -0.5680 -0.3039
vn -0.6545 -0.0641 -0.7533
vn -0.0021 -1.0000 0.0023
vn 0.0011 -0.9998 0.0189
vn -0.7175 0.6965 -0.0126
vn -0.7802 0.6209 0.0764
vn -0.5326 0.1814 0.8267
vn -0.6194 -0.1596 0.7687
vn -0.3378 0.5729 0.7468
vn -0.9910 0.0175 -0.1326
vn -0.3303 -0.1982 -0.9228
vn 0.8957 -0.2634 -0.3583
vn 0.8657 -0.1478 -0.4782
vn -0.6011 -0.2738 -0.7508
vn -0.9548 0.2973 0.0036
vn -0.9445 0.3277 -0.0228
vn -0.1891 0.9816 0.0268
vn -0.1931 0.9812 -0.0055
vn -0.3926 0.7354 0.5522
vn 0.7301 -0.6055 -0.3168
vn 0.7691 -0.5434 -0.3365
vn 0.0027 -0.9999 0.0133
vn -0.5967 -0.7373 -0.3169
vn -0.6434 -0.7169 -0.2684
vn -0.4352 -0.9003 0.0058
vn -0.3105 -0.9408 0.1359
vn -0.4317 0.6031 0.6707
vn -0.9553 0.1002 -0.2783
vn 0.4434 -0.3372 -0.8305
vn 0.0042 -1.0000 -0.0068
vn -0.1001 0.7158 0.6911
vn -0.4041 0.6930 0.5970
vn -0.9735 0.2280 0.0179
vn -0.9722 0.2340 0.0105
vn -0.5709 0.2279 0.7887
vn -0.6715 0.1459 0.7265
vn -0.2078 0.9772 0.0426
vn -0.3577 0.9204 0.1577
vn -0.3874 0.9188 0.0752
vn 0.3978 0.7345 0.5498
vn 0.9951 -0.0978 0.0111
vn 0.9695 0.0994 0.2239
vn 0.9769 0.0628 0.2042
vn -0.5572 0.8044 -0.2059
vn -0.8474 0.5206 -0.1043
vn 0.5399 0.5930 0.5974
vn 0.5320 0.2540 0.8077
vn 0.6200 0.3617 0.6962
vn 0.0519 -0.9970 0.0572
vn 0.5805 -0.4612 0.6710
vn 0.7606 -0.2661 0.5921
vn -0.7676 -0.4361 0.4698
vn -0.3848 0.8978 0.2142
vn -0.3183 0.9398 0.1241
vn -0.5443 0.4536 0.7056
vn -0.5203 0.3574 0.7756
vn -0.5012 0.1016 0.8593
vn -0.3599 -0.9167 0.1736
vn -0.0010 -0.9998 -0.0198
vn -0.3150 -0.9317 0.1808
vn -0.6116 0.4566 0.6461
vn 0.4149 0.1169 0.9023
vn 0.1675 0.3379 0.9262
vn -0.2164 0.9637 0.1566
vn -0.1643 0.9514 0.2606
vn 0.7187 0.1465 0.6797
vn -0.4176 -0.8945 -0.1598
vn -0.4204 -0.8941 -0.1543
vn -0.8053 0.5847 -0.0981
vn -0.7021 0.0173 0.7118
vn -0.8767 -0.1252 0.4645
vn 0.2497 -0.6252 -0.7394
vn 0.0043 -1.0000 0.0073
vn -0.0006 -1.0000 -0.0059
vn -0.6556 0.2998 0.6930
vn -0.4470 -0.8945 -0.0010
vn -0.4980 -0.8627 0.0879
vn -0.0971 0.1486 0.9841
vn -0.6945 -0.5707 -0.4382
vn -0.7087 -0.5640 -0.4239
vn -0.4402 -0.2586 -0.8598
vn -0.7577 0.2126 0.6170
vn -0.8950 0.0062 0.4460
vn -0.2911 -0.8519 -0.4354
vn -0.3061 -0.8617 -0.4047
vn -0.1624 0.9495 -0.2685
vn -0.1608 0.9493 -0.2703
vn -0.6692 0.2869 0.6854
vn -0.8968 -0.1880 -0.4006
vn -0.4288 0.7806 0.4547
vn -0.7791 0.2938 -0.5538
vn -0.7319 0.4010 -0.5509
vn -0.4339 -0.1137 -0.8938
vn -0.8948 -0.0445 0.4442
vn -0.6536 -0.7459 -0.1285
vn -0.3145 -0.6000 0.7356
vn -0.6842 0.6837 0.2539
vn -0.6852 0.2159 0.6956
vn -0.2055 0.9099 0.3603
vn -0.9735 0.2255 -0.0369
vn -0.9530 0.1884 0.2371
vn -0.8594 0.2104 0.4661
vn -0.2383 0.5064 -0.8287
vn -0.3375 0.3512 -0.8733
vn -0.2073 -0.3922 -0.8962
vn -0.3172 -0.3486 -0.8820
vn -0.9464 -0.3064 -0.1021
vn -0.9645 -0.2609 -0.0403
vn -0.6685 -0.7414 0.0582
vn -0.9492 -0.3088 -0.0603
vn -0.7438 0.1750 0.6451
vn -0.8666 -0.2649 -0.4230
vn -0.8546 -0.3601 0.3742
vn -0.9079 -0.1490 0.3919
vn -0.9117 -0.3436 0.2251
vn -0.9105 -0.2931 0.2916
vn -0.6096 0.6576 -0.4427
vn -0.3367 -0.1182 0.9342
vn -0.1308 -0.1233 -0.9837
vn -0.8919 0.1670 0.4202
vn -0.9167 0.1447 0.3723
vn -0.2224 -0.9739 0.0461
vn -0.5157 -0.8345 0.1941
vn -0.3628 0.0814 0.9283
vn -0.4111 0.1281 0.9025
vn 0.5601 0.0895 -0.8236
vn 0.4947 0.0490 -0.8677
vn -0.5817 -0.7238 0.3711
vn -0.5327 -0.7203 0.4443
vn -0.5788 -0.7427 0.3368
vn -0.4074 -0.9128 0.0270
vn -0.8274 -0.3043 0.4719
vn -0.8271 -0.3014 0.4744
vn -0.3918 -0.3334 0.8575
vn -0.3792 -0.3644 0.8505
vn -0.2410 0.6345 0.7344
vn -0.3626 -0.7914 0.4921
vn -0.3963 -0.8458 0.3573
vn -0.1100 -0.9860 0.1250
vn -0.1227 -0.9859 0.1141
vn -0.5409 -0.2400 0.8061
vn -0.6476 -0.3213 0.6910
vn -0.5260 -0.2904 0.7994
vn -0.4351 -0.3615 0.8246
vn -0.9080 0.0121 -0.4187
vn -0.2663 0.3958 -0.8789
vn -0.8912 0.1693 0.4207
vn -0.8855 0.1193 0.4491
vn -0.5257 -0.2664 0.8079
vn -0.6322 -0.3296 0.7012
vn 0.1457 0.8954 0.4208
vn -0.0629 0.8396 0.5396
vn -0.2497 -0.9251 -0.2861
vn -0.2534 -0.9249 -0.2833
vn 0.3511 0.9361 0.0194
vn -0.6289 -0.4906 0.6032
vn -0.6679 -0.3659 0.6481
vn 0.5868 0.7130 -0.3840
vn -0.2130 -0.9168 -0.3379
vn -0.7602 0.1599 0.6297
vn -0.7414 0.1803 0.6464
vn -0.5923 0.1127 0.7978
vn -0.7748 0.0878 0.6261
vn -0.9437 0.0468 0.3274
vn -0.5662 -0.3749 0.7341
vn -0.5706 -0.4149 0.7087
vn 0.1780 -0.5128 0.8398
vn 0.1720 -0.5873 0.7909
vn 0.2069 0.9666 0.1509
vn -0.0544 0.8479 0.5274
vn -0.9144 0.2837 0.2889
vn -0.2057 0.8829 0.4222
vn -0.4747 0.5864 0.6563
vn -0.5134 0.7270 -0.4560
vn 0.0662 -0.9815 -0.1797
vn -0.6172 0.7711 0.1566
vn -0.6196 0.7675 0.1645
vn 0.0356 -0.9890 -0.1437
vn -0.1696 -0.9696 0.1761
vn -0.1027 -0.9924 -0.0673
vn -0.5312 -0.5321 0.6593
vn -0.5545 -0.0993 0.8262
vn -0.6246 -0.0266 0.7805
vn -0.6235 0.0257 0.7814
vn 0.5036 0.6556 -0.5626
vn -0.2695 0.6267 0.7312
vn 0.0250 0.9985 0.0480
vn 0.1357 0.9871 0.0855
vn -0.5545 0.0669 0.8295
vn -0.2369 -0.2833 0.9293
vn 0.1442 -0.5905 0.7941
vn 0.0684 -0.7285 0.6817
vn -0.3116 0.6737 0.6701
vn -0.3652 -0.1487 0.9190
vn -0.2833 0.2109 0.9356
vn -0.8696 0.1549 0.4688
vn -0.8269 0.1477 0.5426
vn 0.2922 0.8622 -0.4138
vn -0.8667 0.2676 0.4211
vn -0.8733 0.2732 0.4033
vn -0.2119 0.6543 0.7260
vn -0.2804 -0.4285 0.8589
vn -0.1302 -0.9242 0.3591
vn -0.1787 0.9829 -0.0445
vn -0.4811 -0.4346 0.7613
vn -0.4035 -0.5857 0.7030
vn -0.3761 -0.5110 0.7729
vn -0.0229 -0.9956 -0.0911
vn -0.0254 -0.9955 -0.0917
vn -0.5982 0.7219 0.3478
vn -0.5894 0.7278 0.3505
vn 0.3053 0.9011 -0.3079
vn -0.6488 0.4518 0.6123
vn -0.6306 0.3754 0.6793
vn -0.2805 0.6349 0.7199
vn -0.2447 0.5940 0.7664
vn -0.2100 0.6965 0.6861
vn -0.6762 0.2975 0.6740
vn -0.6676 0.2900 0.6858
vn -0.2682 0.2153 0.9390
vn -0.2265 -0.9618 0.1540
vn -0.2058 -0.9707 0.1238
vn 0.2250 0.9204 -0.3196
vn -0.8376 -0.1578 0.5230
vn -0.5128 -0.0897 0.8538
vn -0.4946 -0.1659 0.8531
vn -0.4555 0.4543 0.7656
vn -0.4537 0.4520 0.7680
vn -0.6750 0.0883 -0.7325
vn -0.1887 -0.5966 0.7800
vn -0.1070 -0.6958 0.7102
vn -0.4206 0.6515 0.6314
vn -0.4512 0.4422 0.7752
vn -0.2636 0.6291 0.7313
vn 0.1008 0.6931 0.7137
vn 0.0947 0.7204 0.6870
vn -0.8446 -0.3904 -0.3664
vn -0.8524 -0.3301 -0.4055
vn -0.0984 -0.9744 0.2021
vn -0.0908 -0.9781 0.1874
vn -0.8702 -0.0073 0.4926
vn -0.3939 -0.1876 0.8998
vn 0.2291 -0.0160 -0.9733
vn 0.2898 0.1343 -0.9476
vn -0.9235 -0.1295 -0.3611
vn -0.9150 -0.0393 -0.4016
vn -0.2440 -0.2238 0.9436
vn -0.3004 -0.1243 0.9457
vn -0.5759 -0.5061 0.6420
vn -0.8141 -0.2707 0.5137
vn -0.7330 -0.3988 0.5511
vn -0.2095 0.2712 0.9394
vn -0.6423 0.6730 0.3667
vn 0.0001 0.4598 -0.8880
vn 0.2113 0.3473 -0.9136
vn -0.6296 -0.4692 0.6192
vn -0.5969 -0.3272 0.7326
vn -0.4877 0.3616 0.7946
vn -0.4025 -0.1097 0.9088
vn -0.4130 -0.1180 0.9031
vn -0.4666 0.1684 0.8683
vn -0.4443 0.4066 0.7983
vn -0.2305 -0.0000 0.9731
vn -0.2033 0.0118 0.9791
vn -0.4509 -0.0378 0.8918
vn -0.3768 0.1239 0.9180
vn -0.6502 -0.1498 0.7448
vn -0.6530 -0.1584 0.7406
vn -0.7098 0.7004 -0.0748
vn -0.4409 0.0624 0.8954
vn -0.2194 0.8952 -0.3879
vn -0.4783 0.3330 0.8126
vn -0.4401 0.0617 0.8958
vn -0.3029 0.7595 0.5757
vn 0.9816 0.1736 -0.0799
vn 0.9539 0.2658 -0.1392
vn -0.5952 0.6740 0.4376
vn 0.1210 0.9926 0.0030
vn -0.1478 0.8792 0.4530
vn 0.3139 0.2048 0.9271
vn 0.3561 0.3071 0.8825
vn 0.8273 0.5422 -0.1471
vn 0.8699 0.4833 -0.0989
vn -0.2316 0.0535 0.9713
vn -0.5352 0.5741 -0.6197
vn -0.3380 0.3396 0.8777
vn -0.0987 0.5286 0.8431
vn -0.3020 0.1862 0.9349
vn -0.0329 0.8885 0.4577
vn -0.8054 -0.4197 0.4186
vn -0.3064 0.1789 0.9349
vn -0.1495 0.5211 0.8403
vn -0.3788 0.5370 0.7538
vn -0.6871 0.6736 0.2723
vn 0.9560 -0.2205 0.1935
vn 0.9592 -0.1781 0.2198
vn -0.7494 0.4690 -0.4674
vn -0.4950 0.3373 -0.8008
vn -0.4369 0.1387 0.8887
vn 0.7365 0.6735 0.0633
vn -0.4630 0.2993 -0.8343
vn -0.6505 -0.1541 -0.7437
vn 0.0707 -0.9975 0.0003
vn 0.4608 0.7285 0.5070
vn -0.4119 0.7141 0.5661
vn 0.3740 0.6187 0.6909
vn 0.3490 0.6420 0.6826
vn 0.9746 0.0708 0.2124
vn 0.9744 0.0375 0.2216
vn 0.9494 0.0718 0.3058
vn 0.1976 0.0176 0.9801
vn 0.1747 0.1134 0.9781
vn 0.3388 0.6873 0.6425
vn -0.3172 -0.9388 0.1346
vn -0.0452 -0.9986 0.0263
vn 0.7927 0.4883 0.3651
vn 0.8645 0.4655 0.1896
vn -0.5446 0.2278 -0.8071
vn -0.5554 0.0469 -0.8303
vn 0.4270 -0.0387 0.9034
vn -0.8847 0.0923 0.4569
vn 0.0038 -1.0000 -0.0086
vn -0.3892 0.3903 -0.8344
vn -0.7368 0.4202 -0.5297
vn -0.6784 0.6347 -0.3701
vn -0.6536 0.6707 -0.3507
vn 0.7055 -0.6404 -0.3037
vn 0.8242 -0.4351 -0.3624
vn -0.6451 -0.7641 -0.0009
vn 0.9885 0.1103 -0.1037
vn -0.7056 0.0784 0.7043
vn -0.7117 0.0457 0.7010
vn -0.7261 0.5859 0.3600
vn -0.2168 0.6062 0.7652
vn -0.3139 0.5139 0.7983
vn -0.7188 0.1473 -0.6794
vn -0.9542 0.1968 -0.2251
vn -0.9553 0.1774 -0.2365
vn -0.6202 -0.0978 -0.7783
vn 0.9176 -0.2239 -0.3283
vn 0.8924 -0.2805 -0.3534
vn -0.3509 -0.0232 0.9361
vn 0.5707 0.1380 0.8095
vn -0.0053 -0.4257 -0.9048
vn -0.0399 -0.5064 -0.8614
vn 0.9116 -0.0567 -0.4071
vn 0.9089 -0.2050 -0.3632
vn -0.9967 0.0790 0.0206
vn -0.6997 0.6827 0.2104
vn -0.5649 -0.1237 -0.8158
vn 0.8769 -0.0172 -0.4803
vn 0.9112 -0.0648 -0.4067
vn -0.6242 -0.7723 0.1182
vn -0.9339 -0.1724 -0.3132
vn -0.0614 -0.4212 -0.9049
vn -0.0076 -0.4900 -0.8717
vn -0.9645 0.1142 -0.2379
vn -0.0078 -0.9999 0.0139
vn -0.0470 -0.1935 -0.9800
vn -0.0632 -0.2704 -0.9607
vn -0.6959 0.7180 -0.0125
vn -0.7175 0.6960 -0.0283
vn -0.9776 -0.1823 -0.1054
vn -0.9912 -0.1128 -0.0687
vn -0.9466 0.0292 -0.3211
vn -0.9187 0.1825 -0.3502
vn 0.0026 -1.0000 0.0011
vn 0.0086 -0.9999 0.0124
vn -0.9331 -0.0552 -0.3553
vn -0.8805 0.0484 -0.4716
vn -0.0480 -0.1591 -0.9861
vn 0.0229 -0.2199 -0.9753
vn -0.4446 0.3289 0.8331
vn -0.9932 -0.1126 -0.0284
vn -0.9978 -0.0662 -0.0015
vn -0.3926 -0.9197 -0.0054
vn -0.4211 -0.9070 0.0050
vn -0.6066 0.6233 0.4935
vn -0.6201 0.6014 0.5038
vn -0.3545 0.0116 -0.9350
vn 0.6650 0.5581 -0.4963
vn -0.9862 -0.0654 0.1519
vn -0.9521 -0.2112 0.2211
vn 0.2611 -0.2125 -0.9416
vn -0.8335 -0.0660 0.5486
vn -0.7804 -0.5509 0.2957
vn -0.0621 -0.9972 0.0419
vn -0.0496 0.9563 -0.2882
vn 0.5347 0.0065 -0.8450
vn -0.2690 0.8527 -0.4477
vn 0.5577 0.5475 -0.6239
vn -0.5893 -0.7927 0.1558
vn -0.7370 -0.5733 0.3580
vn 0.2163 0.5391 0.8140
vn 0.2860 -0.1337 0.9488
vn 0.4033 0.5276 0.7476
vn 0.3070 0.5235 0.7948
vn -0.9938 0.0698 -0.0869
vn -0.9940 0.0742 -0.0799
vn -0.4220 -0.1846 0.8876
vn 0.5143 0.0768 0.8542
vn -0.2732 0.6280 0.7287
vn 0.9621 -0.0326 -0.2709
vn 0.9934 -0.1133 0.0182
vn -0.5763 0.3235 0.7505
vn -0.0516 -0.1441 0.9882
vn 0.1622 0.2569 0.9527
vn -0.1460 -0.4899 -0.8595
vn -0.1943 -0.4111 -0.8906
vn -0.9245 -0.1741 -0.3391
vn -0.9258 -0.1743 -0.3356
vn -0.6658 0.6603 -0.3474
vn 0.0011 -0.9976 0.0696
vn 0.4025 0.2665 -0.8758
vn -0.3341 -0.6361 0.6955
vn 0.4148 0.2721 -0.8683
vn -0.4368 -0.7446 0.5048
vn -0.1296 -0.6344 0.7621
vn 0.2906 0.3681 -0.8832
vn -0.4759 -0.7506 0.4583
vn 0.3188 0.3678 -0.8735
vn -0.5903 -0.0692 0.8042
vn -0.4691 -0.7343 0.4907
vn -0.5044 -0.6172 0.6039
vn -0.1409 -0.6583 0.7395
vn -0.1349 -0.6767 0.7238
vn -0.4281 -0.6265 0.6513
vn -0.1434 -0.7587 0.6354
vn -0.1663 -0.6756 0.7182
vn 0.3361 0.1611 0.9279
vn -0.4361 0.1814 0.8814
vn -0.3994 0.0574 0.9150
vn -0.5264 0.1845 0.8300
vn -0.5204 0.1719 0.8364
vn -0.9566 -0.1199 -0.2654
vn -0.2561 0.6963 -0.6705
vn -0.2372 0.8915 -0.3860
vn -0.2180 0.8689 -0.4443
vn 0.7381 0.6697 0.0821
vn 0.2501 0.2394 -0.9381
vn 0.2498 0.2663 -0.9310
vn 0.1843 0.4052 -0.8955
vn 0.1775 0.4291 -0.8856
vn 0.2551 0.3684 -0.8940
vn 0.2514 0.4005 -0.8811
vn -0.0221 0.9070 -0.4205
vn -0.0588 0.9268 -0.3710
vn 0.7425 0.0561 -0.6675
vn 0.5636 -0.7603 -0.3230
vn -0.0682 0.4036 0.9124
vn -0.1696 0.2945 0.9405
vn 0.3221 0.9458 0.0416
vn 0.3212 0.9436 0.0802
vn 0.3624 0.4171 -0.8335
vn -0.4683 -0.5142 0.7185
vn 0.4883 0.8659 0.1087
vn 0.5087 0.8592 0.0551
vn 0.0473 0.3487 0.9360
vn 0.0321 0.3020 0.9528
vn 0.3445 0.3146 -0.8845
vn -0.4703 -0.7928 -0.3876
vn -0.1604 -0.8451 -0.5100
vn -0.3352 -0.5047 0.7956
vn -0.4450 -0.4811 0.7553
vn -0.1729 -0.6627 0.7287
vn 0.2987 0.1763 -0.9379
vn 0.2521 0.2388 -0.9378
vn 0.2463 0.3227 -0.9139
vn 0.2616 0.1792 -0.9484
vn -0.0060 -0.7514 0.6598
vn -0.0687 -0.7516 0.6561
vn -0.0668 -0.7530 0.6546
vn 0.1868 0.3436 -0.9204
vn 0.3532 0.3212 -0.8787
vn -0.0348 -0.6495 0.7595
vn 0.1338 0.4272 -0.8942
vn -0.6866 0.1637 0.7083
vn -0.4371 0.7809 -0.4462
vn -0.9624 0.2516 0.1027
vn 0.5161 0.0197 -0.8563
vn 0.1230 0.8460 0.5188
vn -0.7656 0.0363 0.6423
vn -0.4599 -0.5267 -0.7149
vn -0.5680 -0.0646 -0.8205
vn -0.6209 0.0027 0.7839
vn -0.5971 -0.0144 0.8020
vn -0.4256 0.2994 0.8540
vn -0.6065 -0.1708 0.7766
vn -0.8621 0.3993 -0.3119
vn -0.2534 -0.6567 0.7103
vn -0.2921 -0.8718 0.3933
vn -0.4644 -0.3937 0.7933
vn -0.1375 0.4098 -0.9017
vn 0.2290 -0.6035 0.7638
vn 0.6802 -0.0013 -0.7331
vn -0.1526 0.3490 -0.9246
vn -0.8490 -0.2409 0.4703
vn -0.2285 -0.5274 0.8183
vn 0.1217 -0.7288 0.6738
vn -0.6413 0.2815 0.7138
vn -0.3494 0.4633 0.8144
vn -0.3130 -0.9394 0.1398
vn -0.7228 -0.1578 -0.6728
vn -0.6081 0.3514 0.7118
vn -0.2946 0.2266 0.9284
vn -0.1244 -0.0922 -0.9879
vn -0.1296 -0.0870 -0.9877
vn -0.4592 -0.1868 -0.8685
vn -0.8405 0.0833 0.5353
vn -0.7802 0.1328 0.6113
vn -0.1712 -0.9248 0.3397
vn -0.2825 0.8324 0.4767
vn -0.9169 0.2893 0.2749
vn -0.9062 -0.2001 -0.3724
vn -0.8963 -0.2039 -0.3939
vn -0.3353 0.0927 0.9375
vn -0.9342 0.3414 0.1030
vn -0.9149 0.3775 0.1432
vn -0.6810 0.6951 0.2305
vn -0.3314 0.9388 0.0941
vn -0.1783 0.9763 0.1227
vn -0.3256 0.7848 0.5273
vn -0.7414 0.2545 0.6209
vn 0.5261 0.0298 -0.8499
vn 0.5270 0.7467 -0.4058
vn -0.9700 0.2271 0.0871
vn -0.9660 0.2368 0.1041
vn 0.0874 0.7680 0.6345
vn 0.7339 0.6720 0.0988
vn -0.9303 -0.0331 0.3654
vn 0.9230 0.0736 0.3777
vn -0.9741 0.0943 -0.2055
vn 0.0808 0.7136 0.6959
vn -0.9856 0.0944 -0.1405
vn -0.9273 -0.1959 -0.3191
vn 0.9933 0.0800 -0.0840
vn 0.9549 0.1457 -0.2588
vn 0.0938 0.7605 0.6425
vn -0.1906 -0.9279 0.3203
vn -0.2875 -0.9502 -0.1205
vn -0.9175 -0.3931 -0.0610
vn -0.6471 0.7016 -0.2984
vn -0.6663 0.6563 -0.3539
vn -0.1875 0.6640 -0.7239
vn -0.2311 0.6666 -0.7087
vn -0.7781 0.5348 0.3295
vn 0.7821 0.3824 0.4921
vn 0.3766 -0.4237 -0.8238
vn -0.5302 -0.2444 -0.8119
vn -0.5590 0.7505 -0.3525
vn -0.0969 0.2269 0.9691
vn 0.0172 0.1326 0.9910
vn -0.0003 -0.9998 -0.0220
vn 0.6182 -0.4425 -0.6497
vn 0.5409 -0.8384 -0.0665
vn 0.0046 -1.0000 -0.0006
vn 0.0184 -0.9988 -0.0456
vn -0.8591 0.0546 0.5088
vn 0.0829 0.9960 0.0340
vn -0.7389 0.1917 0.6459
vn -0.3015 -0.5946 -0.7453
vn -0.7755 -0.2750 0.5683
vn -0.3569 0.8630 -0.3575
vn -0.3569 0.3575 -0.8630
vn -0.5768 0.5776 -0.5776
vn -0.8629 0.3574 -0.3574
vn -0.3569 0.8630 0.3575
vn -0.8332 0.3451 0.4319
vn -0.5935 0.5427 0.5944
vn -0.4034 0.3502 0.8454
vn -0.3569 -0.8630 -0.3575
vn -0.8629 -0.3574 -0.3574
vn -0.5768 -0.5776 -0.5776
vn -0.3569 -0.3575 -0.8630
vn -0.3569 -0.8630 0.3575
vn -0.4494 -0.3419 0.8253
vn -0.6167 -0.4880 0.6176
vn -0.8141 -0.3372 0.4727
vn -0.1521 0.8534 -0.4986
vn 0.2882 -0.2593 -0.9218
vn 0.5879 0.8036 -0.0931
vn -0.6353 0.2312 0.7369
vn -0.6737 0.2575 0.6927
vn -0.2676 0.7344 0.6238
vn -0.6832 0.1281 0.7189
vn -0.1311 -0.9594 -0.2498
vn -0.5904 -0.0801 0.8032
vn -0.7526 -0.2552 0.6070
vn 0.6059 0.7373 -0.2989
vn -0.0066 -0.0449 0.9990
vn -0.7178 -0.1824 0.6720
vn -0.4328 0.8236 0.3666
vn -0.9470 0.0135 -0.3208
vn -0.9650 0.1595 0.2080
vn -0.9724 0.1167 0.2020
vn -0.6858 -0.2745 0.6740
vn -0.8731 -0.0588 0.4840
vn -0.7546 -0.5704 0.3244
vn -0.4294 0.0067 0.9031
vn 0.4058 0.2687 0.8735
vn 0.5164 0.3980 0.7582
vn -0.5055 0.4201 0.7536
vn -0.5057 0.4212 0.7529
vn -0.9590 0.2767 -0.0614
vn -0.9806 0.1777 -0.0832
vn -0.1259 0.4754 0.8707
vn -0.9761 0.1444 -0.1626
vn 0.9588 0.2110 0.1900
vn -0.5318 -0.2881 -0.7964
vn -0.4360 -0.3655 -0.8224
vn -0.5343 -0.2424 -0.8098
vn -0.3132 0.5044 0.8047
vn -0.5896 0.0848 0.8032
vn -0.4276 -0.6326 0.6458
vn -0.8470 -0.2321 0.4782
vn 0.3441 0.3072 -0.8873
vn 0.3372 0.3850 -0.8591
vn 0.4265 0.3311 -0.8417
vn -0.2358 -0.7413 0.6284
vn -0.3420 -0.5271 0.7780
vn 0.2824 0.2868 -0.9154
vn 0.2451 0.2395 -0.9395
vn -0.5959 -0.6573 0.4614
vn 0.2105 0.2569 -0.9432
vn -0.2831 -0.9385 -0.1976
vn -0.1796 -0.9783 0.1029
vn -0.2155 -0.9722 -0.0916
vn -0.2836 -0.4286 -0.8578
vn -0.7207 -0.6674 -0.1877
vn -0.2715 -0.9332 -0.2354
vn -0.4594 0.1477 -0.8759
vn -0.1748 0.0163 -0.9845
vn -0.2279 0.9315 -0.2835
vn -0.2053 0.9787 -0.0103
vn -0.1092 0.9939 0.0166
vn -0.2075 0.9469 -0.2456
vn -0.2601 0.5375 -0.8022
vn -0.1586 0.5182 -0.8405
vn 0.0228 -0.9997 0.0057
vn -0.9986 0.0485 -0.0202
vn -0.9160 -0.1545 -0.3702
vn 0.9364 0.2544 -0.2416
vn -0.9165 -0.3135 0.2486
vn -0.7385 -0.6588 0.1437
vn 0.9206 0.3084 -0.2397
vn 0.9638 0.1915 0.1858
vn 0.7090 -0.2825 0.6462
vn -0.1622 -0.5428 0.8241
vn -0.1760 -0.5617 0.8084
vn 0.4111 0.8834 0.2251
vn 0.1993 -0.9786 0.0512
vn 0.0408 -0.9988 -0.0270
vn -0.1359 -0.5957 0.7917
vn -0.1318 -0.6051 0.7852
vn 0.7836 -0.2017 0.5876
vn 0.0623 -0.2179 0.9740
vn 0.6152 -0.7713 -0.1632
vn 0.4118 0.5999 -0.6859
vn 0.2888 -0.9329 -0.2154
vn 0.2113 -0.9634 -0.1652
vn 0.8659 -0.5001 0.0135
vn 0.4515 -0.1822 -0.8735
vn 0.9418 0.3213 0.0987
vn 0.9612 0.2022 0.1877
vn 0.9567 0.2046 0.2071
vn 0.9864 0.0637 -0.1518
vn -0.2434 -0.2057 -0.9479
vn -0.2084 -0.2287 -0.9509
vn 0.4761 -0.4072 -0.7794
vn 0.7442 0.6547 0.1324
vn 0.9511 0.2922 -0.1003
vn 0.6309 0.7171 -0.2962
vn 0.9975 0.0537 -0.0456
vn 0.9997 0.0163 -0.0156
vn 0.8649 -0.4740 -0.1653
vn 0.8612 -0.4853 -0.1509
vn -0.2018 -0.5381 -0.8184
vn 0.5900 -0.2849 -0.7554
vn 0.7433 0.6542 0.1399
vn 0.7600 0.5963 0.2586
vn -0.8632 -0.1806 -0.4714
vn -0.8717 -0.1677 -0.4604
vn -0.3862 -0.3974 -0.8324
vn 0.0173 -0.9998 0.0125
vn 0.7471 0.6526 0.1266
vn -0.4280 0.0599 -0.9018
vn 0.5597 0.7356 0.3816
vn 0.9450 0.3193 -0.0708
vn 0.9655 0.2599 -0.0131
vn 0.4378 -0.8988 -0.0217
vn 0.5921 -0.7770 -0.2136
vn 0.6297 -0.7689 -0.1104
vn 0.7711 0.3593 0.5256
vn -0.5090 0.0246 -0.8604
vn -0.5043 0.0218 -0.8632
vn -0.0216 0.6939 0.7197
vn 0.1096 -0.6004 -0.7922
vn 0.3104 -0.6745 -0.6698
vn 0.7649 -0.5680 -0.3039
vn 0.6545 -0.0641 -0.7533
vn -0.0011 -0.9998 0.0189
vn 0.0021 -1.0000 0.0023
vn 0.7802 0.6209 0.0764
vn 0.7175 0.6965 -0.0125
vn 0.5326 0.1814 0.8267
vn 0.6194 -0.1596 0.7687
vn 0.3378 0.5729 0.7468
vn 0.9910 0.0175 -0.1326
vn 0.3303 -0.1982 -0.9228
vn -0.8657 -0.1478 -0.4782
vn -0.8957 -0.2634 -0.3583
vn 0.6011 -0.2738 -0.7508
vn 0.9445 0.3277 -0.0228
vn 0.9548 0.2973 0.0036
vn 0.1931 0.9812 -0.0055
vn 0.1891 0.9816 0.0268
vn 0.3926 0.7354 0.5522
vn -0.7691 -0.5434 -0.3365
vn -0.7301 -0.6055 -0.3168
vn -0.0027 -0.9999 0.0133
vn 0.5967 -0.7373 -0.3169
vn 0.6434 -0.7169 -0.2684
vn 0.3105 -0.9408 0.1359
vn 0.4352 -0.9003 0.0058
vn 0.4317 0.6031 0.6707
vn 0.9553 0.1002 -0.2783
vn -0.4434 -0.3372 -0.8305
vn -0.0042 -1.0000 -0.0068
vn 0.1001 0.7158 0.6911
vn 0.4041 0.6930 0.5970
vn 0.9722 0.2340 0.0105
vn 0.9735 0.2280 0.0179
vn 0.6715 0.1459 0.7265
vn 0.5709 0.2279 0.7887
vn 0.2078 0.9772 0.0426
vn 0.3874 0.9188 0.0752
vn 0.3577 0.9204 0.1577
vn -0.3978 0.7345 0.5498
vn -0.9951 -0.0978 0.0111
vn -0.9695 0.0994 0.2239
vn -0.9769 0.0628 0.2042
vn 0.5572 0.8044 -0.2059
vn 0.8474 0.5206 -0.1043
vn -0.5399 0.5930 0.5974
vn -0.5320 0.2540 0.8077
vn -0.6200 0.3617 0.6962
vn -0.0519 -0.9970 0.0572
vn -0.7606 -0.2661 0.5921
vn -0.5805 -0.4612 0.6710
vn 0.7676 -0.4361 0.4698
vn 0.3183 0.9398 0.1241
vn 0.3848 0.8978 0.2142
vn 0.5203 0.3574 0.7756
vn 0.5443 0.4536 0.7056
vn 0.5012 0.1017 0.8593
vn 0.3599 -0.9167 0.1736
vn 0.0010 -0.9998 -0.0198
vn 0.3150 -0.9317 0.1808
vn 0.6116 0.4566 0.6461
vn -0.1675 0.3379 0.9262
vn -0.4149 0.1169 0.9023
vn 0.2164 0.9637 0.1566
vn 0.1643 0.9514 0.2606
vn -0.7187 0.1465 0.6797
vn 0.4204 -0.8941 -0.1543
vn 0.4176 -0.8945 -0.1598
vn 0.8053 0.5847 -0.0981
vn 0.7021 0.0173 0.7118
vn 0.8767 -0.1252 0.4645
vn -0.2497 -0.6252 -0.7394
vn 0.0006 -1.0000 -0.0059
vn -0.0043 -1.0000 0.0073
vn 0.6556 0.2998 0.6930
vn 0.4470 -0.8945 -0.0010
vn 0.4980 -0.8627 0.0879
vn 0.0971 0.1486 0.9841
vn 0.7087 -0.5640 -0.4239
vn 0.6945 -0.5707 -0.4382
vn 0.4402 -0.2586 -0.8598
vn 0.7577 0.2126 0.6170
vn 0.8950 0.0062 0.4460
vn 0.2911 -0.8519 -0.4354
vn 0.3061 -0.8617 -0.4047
vn 0.1608 0.9493 -0.2703
vn 0.1624 0.9495 -0.2685
vn 0.6692 0.2869 0.6854
vn 0.8968 -0.1880 -0.4006
vn 0.4288 0.7806 0.4547
vn 0.7319 0.4010 -0.5509
vn 0.7791 0.2938 -0.5538
vn 0.4339 -0.1137 -0.8938
vn 0.8948 -0.0445 0.4442
vn 0.6536 -0.7459 -0.1285
vn 0.3145 -0.6000 0.7356
vn 0.6842 0.6837 0.2539
vn 0.6852 0.2159 0.6956
vn 0.2055 0.9099 0.3603
vn 0.9735 0.2255 -0.0369
vn 0.9530 0.1884 0.2371
vn 0.8594 0.2104 0.4661
vn 0.3375 0.3512 -0.8733
vn 0.2383 0.5064 -0.8287
vn 0.3172 -0.3486 -0.8820
vn 0.2073 -0.3922 -0.8962
vn 0.9645 -0.2609 -0.0403
vn 0.9464 -0.3064 -0.1021
vn 0.6685 -0.7414 0.0582
vn 0.9492 -0.3088 -0.0603
vn 0.7438 0.1750 0.6451
vn 0.8666 -0.2649 -0.4230
vn 0.9079 -0.1490 0.3919
vn 0.8546 -0.3601 0.3742
vn 0.9105 -0.2931 0.2916
vn 0.9117 -0.3436 0.2251
vn 0.6096 0.6576 -0.4427
vn 0.3367 -0.1182 0.9342
vn 0.1308 -0.1233 -0.9837
vn 0.8919 0.1670 0.4202
vn 0.9167 0.1447 0.3723
vn 0.2224 -0.9739 0.0461
vn 0.5157 -0.8345 0.1941
vn 0.4111 0.1281 0.9025
vn 0.3628 0.0814 0.9283
vn -0.5601 0.0895 -0.8236
vn -0.4947 0.0490 -0.8677
vn 0.5817 -0.7238 0.3711
vn 0.5327 -0.7203 0.4443
vn 0.5788 -0.7427 0.3368
vn 0.4074 -0.9128 0.0270
vn 0.8271 -0.3014 0.4744
vn 0.8274 -0.3043 0.4719
vn 0.3792 -0.3644 0.8505
vn 0.3918 -0.3334 0.8575
vn 0.2410 0.6345 0.7344
vn 0.3963 -0.8458 0.3573
vn 0.3626 -0.7914 0.4921
vn 0.1100 -0.9860 0.1250
vn 0.1227 -0.9859 0.1141
vn 0.6476 -0.3213 0.6910
vn 0.5409 -0.2400 0.8061
vn 0.4351 -0.3615 0.8246
vn 0.5260 -0.2904 0.7994
vn 0.9080 0.0121 -0.4187
vn 0.2663 0.3958 -0.8789
vn 0.8855 0.1193 0.4491
vn 0.8912 0.1693 0.4207
vn 0.6322 -0.3296 0.7012
vn 0.5257 -0.2664 0.8079
vn 0.0629 0.8396 0.5395
vn -0.1457 0.8954 0.4208
vn 0.2497 -0.9251 -0.2861
vn 0.2534 -0.9249 -0.2833
vn -0.3511 0.9361 0.0194
vn 0.6289 -0.4906 0.6032
vn 0.6679 -0.3659 0.6481
vn -0.5868 0.7130 -0.3840
vn 0.2130 -0.9168 -0.3379
vn 0.7414 0.1803 0.6464
vn 0.7602 0.1599 0.6297
vn 0.5923 0.1127 0.7978
vn 0.9437 0.0468 0.3274
vn 0.7748 0.0878 0.6260
vn 0.5706 -0.4149 0.7087
vn 0.5662 -0.3749 0.7341
vn -0.1720 -0.5873 0.7909
vn -0.1780 -0.5128 0.8398
vn -0.2069 0.9666 0.1509
vn 0.0544 0.8478 0.5274
vn 0.9144 0.2837 0.2889
vn 0.4747 0.5864 0.6563
vn 0.2057 0.8829 0.4222
vn 0.5134 0.7270 -0.4560
vn -0.0662 -0.9815 -0.1797
vn 0.6196 0.7675 0.1645
vn 0.6172 0.7711 0.1566
vn 0.1696 -0.9696 0.1761
vn -0.0356 -0.9890 -0.1438
vn 0.1027 -0.9924 -0.0673
vn 0.5545 -0.0993 0.8262
vn 0.5312 -0.5321 0.6593
vn 0.6246 -0.0266 0.7805
vn 0.6235 0.0257 0.7814
vn -0.5036 0.6556 -0.5626
vn 0.2695 0.6267 0.7312
vn -0.1357 0.9871 0.0855
vn -0.0250 0.9985 0.0480
vn 0.5545 0.0669 0.8295
vn 0.2369 -0.2833 0.9293
vn -0.0684 -0.7285 0.6817
vn -0.1442 -0.5905 0.7941
vn 0.3116 0.6737 0.6701
vn 0.2833 0.2109 0.9356
vn 0.3652 -0.1487 0.9190
vn 0.8269 0.1477 0.5426
vn 0.8696 0.1549 0.4688
vn -0.2922 0.8622 -0.4138
vn 0.8733 0.2732 0.4033
vn 0.8667 0.2676 0.4211
vn 0.2119 0.6543 0.7260
vn 0.2804 -0.4285 0.8589
vn 0.1302 -0.9242 0.3591
vn 0.1787 0.9829 -0.0445
vn 0.4035 -0.5857 0.7030
vn 0.4811 -0.4346 0.7613
vn 0.3761 -0.5110 0.7729
vn 0.0229 -0.9956 -0.0911
vn 0.0254 -0.9955 -0.0917
vn 0.5982 0.7219 0.3478
vn 0.5894 0.7278 0.3505
vn -0.3053 0.9011 -0.3079
vn 0.6306 0.3754 0.6793
vn 0.6488 0.4518 0.6123
vn 0.2805 0.6349 0.7199
vn 0.2100 0.6965 0.6861
vn 0.2447 0.5940 0.7664
vn 0.6676 0.2900 0.6858
vn 0.6762 0.2975 0.6740
vn 0.2682 0.2153 0.9390
vn 0.2058 -0.9707 0.1238
vn 0.2265 -0.9618 0.1540
vn -0.2250 0.9204 -0.3196
vn 0.8376 -0.1578 0.5230
vn 0.4946 -0.1659 0.8531
vn 0.5128 -0.0897 0.8538
vn 0.4537 0.4520 0.7680
vn 0.4555 0.4543 0.7656
vn 0.6750 0.0883 -0.7325
vn 0.1070 -0.6958 0.7102
vn 0.1887 -0.5966 0.7800
vn 0.4206 0.6515 0.6314
vn 0.4512 0.4422 0.7752
vn 0.2636 0.6291 0.7313
vn -0.0947 0.7204 0.6870
vn -0.1008 0.6931 0.7137
vn 0.8524 -0.3301 -0.4055
vn 0.8446 -0.3904 -0.3664
vn 0.0984 -0.9744 0.2021
vn 0.0908 -0.9781 0.1874
vn 0.8702 -0.0073 0.4926
vn 0.3939 -0.1876 0.8998
vn -0.2898 0.1343 -0.9476
vn -0.2291 -0.0160 -0.9733
vn 0.9150 -0.0393 -0.4016
vn 0.9235 -0.1295 -0.3611
vn 0.2440 -0.2238 0.9436
vn 0.3004 -0.1243 0.9457
vn 0.5759 -0.5061 0.6420
vn 0.8141 -0.2707 0.5137
vn 0.7330 -0.3988 0.5511
vn 0.2095 0.2712 0.9394
vn 0.6423 0.6730 0.3667
vn -0.2113 0.3473 -0.9136
vn -0.0001 0.4598 -0.8880
vn 0.5969 -0.3272 0.7326
vn 0.6296 -0.4692 0.6192
vn 0.4877 0.3616 0.7946
vn 0.4130 -0.1180 0.9031
vn 0.4025 -0.1097 0.9088
vn 0.4443 0.4066 0.7983
vn 0.4666 0.1684 0.8683
vn 0.2305 -0.0000 0.9731
vn 0.2033 0.0118 0.9791
vn 0.3768 0.1239 0.9180
vn 0.4509 -0.0378 0.8918
vn 0.6530 -0.1584 0.7406
vn 0.6502 -0.1498 0.7448
vn 0.7098 0.7004 -0.0748
vn 0.4409 0.0624 0.8954
vn 0.2194 0.8952 -0.3879
vn 0.4783 0.3330 0.8126
vn 0.4401 0.0617 0.8958
vn 0.3029 0.7595 0.5757
vn -0.9539 0.2658 -0.1392
vn -0.9816 0.1736 -0.0799
vn 0.5952 0.6740 0.4376
vn -0.1210 0.9926 0.0030
vn 0.1478 0.8792 0.4530
vn -0.3561 0.3071 0.8825
vn -0.3139 0.2048 0.9271
vn -0.8699 0.4833 -0.0989
vn -0.8273 0.5422 -0.1471
vn 0.2316 0.0535 0.9713
vn 0.5352 0.5741 -0.6197
vn 0.0987 0.5286 0.8431
vn 0.3380 0.3396 0.8777
vn 0.3020 0.1862 0.9349
vn 0.1339 0.8985 0.4181
vn 0.1856 0.8407 0.5087
vn 0.8054 -0.4197 0.4186
vn 0.3064 0.1789 0.9349
vn 0.3788 0.5370 0.7538
vn 0.1495 0.5211 0.8403
vn 0.6871 0.6736 0.2723
vn -0.9592 -0.1781 0.2198
vn -0.9560 -0.2205 0.1935
vn 0.4950 0.3373 -0.8008
vn 0.7494 0.4690 -0.4674
vn 0.4369 0.1387 0.8887
vn -0.7365 0.6735 0.0633
vn 0.4630 0.2993 -0.8343
vn 0.6505 -0.1541 -0.7437
vn -0.0707 -0.9975 0.0003
vn -0.4608 0.7285 0.5070
vn 0.4119 0.7141 0.5661
vn -0.3490 0.6420 0.6826
vn -0.3740 0.6187 0.6909
vn -0.9744 0.0375 0.2216
vn -0.9746 0.0708 0.2124
vn -0.9494 0.0718 0.3058
vn -0.1747 0.1134 0.9781
vn -0.1976 0.0176 0.9801
vn -0.3388 0.6873 0.6425
vn 0.3172 -0.9388 0.1346
vn 0.0452 -0.9986 0.0263
vn -0.8645 0.4655 0.1896
vn -0.7927 0.4883 0.3651
vn 0.5554 0.0469 -0.8303
vn 0.5446 0.2278 -0.8071
vn -0.4270 -0.0387 0.9034
vn 0.8847 0.0923 0.4569
vn -0.0038 -1.0000 -0.0086
vn 0.3892 0.3903 -0.8344
vn 0.7368 0.4202 -0.5297
vn 0.6536 0.6707 -0.3507
vn 0.6784 0.6347 -0.3701
vn -0.8242 -0.4351 -0.3624
vn -0.7055 -0.6404 -0.3037
vn 0.6451 -0.7641 -0.0009
vn -0.9885 0.1103 -0.1037
vn 0.7117 0.0457 0.7010
vn 0.7056 0.0784 0.7043
vn 0.7261 0.5859 0.3600
vn 0.3139 0.5139 0.7983
vn 0.2168 0.6062 0.7652
vn 0.7188 0.1473 -0.6794
vn 0.9553 0.1774 -0.2365
vn 0.9542 0.1968 -0.2251
vn 0.6202 -0.0978 -0.7783
vn -0.8924 -0.2805 -0.3534
vn -0.9176 -0.2239 -0.3283
vn 0.3509 -0.0232 0.9361
vn -0.5707 0.1380 0.8095
vn 0.0053 -0.4257 -0.9048
vn 0.0399 -0.5064 -0.8614
vn -0.9089 -0.2050 -0.3632
vn -0.9116 -0.0567 -0.4071
vn 0.9967 0.0790 0.0206
vn 0.6997 0.6827 0.2104
vn 0.5649 -0.1237 -0.8158
vn -0.9112 -0.0648 -0.4067
vn -0.8769 -0.0172 -0.4803
vn 0.6242 -0.7723 0.1182
vn 0.9339 -0.1724 -0.3132
vn 0.0614 -0.4212 -0.9049
vn 0.0076 -0.4900 -0.8717
vn 0.9645 0.1142 -0.2379
vn 0.0078 -0.9999 0.0139
vn 0.0470 -0.1935 -0.9800
vn 0.0632 -0.2704 -0.9607
vn 0.7175 0.6960 -0.0283
vn 0.6959 0.7180 -0.0125
vn 0.9912 -0.1128 -0.0687
vn 0.9776 -0.1823 -0.1054
vn 0.9187 0.1825 -0.3502
vn 0.9466 0.0292 -0.3211
vn -0.0086 -0.9999 0.0124
vn -0.0026 -1.0000 0.0011
vn 0.8805 0.0484 -0.4716
vn 0.9331 -0.0552 -0.3553
vn 0.0480 -0.1591 -0.9861
vn -0.0229 -0.2199 -0.9753
vn 0.4446 0.3289 0.8331
vn 0.9978 -0.0662 -0.0015
vn 0.9932 -0.1126 -0.0284
vn 0.4211 -0.9070 0.0050
vn 0.3926 -0.9197 -0.0054
vn 0.6201 0.6014 0.5038
vn 0.6066 0.6233 0.4935
vn 0.3545 0.0116 -0.9350
vn -0.6650 0.5581 -0.4963
vn 0.9521 -0.2112 0.2211
vn 0.9862 -0.0654 0.1519
vn -0.2611 -0.2125 -0.9416
vn 0.8335 -0.0660 0.5486
vn 0.7804 -0.5509 0.2957
vn 0.0621 -0.9972 0.0419
vn 0.0496 0.9563 -0.2882
vn -0.5347 0.0065 -0.8450
vn 0.2690 0.8527 -0.4477
vn -0.5577 0.5475 -0.6239
vn 0.5893 -0.7927 0.1558
vn 0.7370 -0.5733 0.3580
vn -0.2163 0.5391 0.8140
vn -0.2860 -0.1337 0.9488
vn -0.4033 0.5276 0.7476
vn -0.3070 0.5235 0.7948
vn 0.9938 0.0698 -0.0869
vn 0.9940 0.0742 -0.0799
vn 0.4220 -0.1846 0.8876
vn -0.5143 0.0768 0.8542
vn 0.2732 0.6280 0.7287
vn -0.9621 -0.0326 -0.2709
vn -0.9934 -0.1133 0.0182
vn 0.5763 0.3235 0.7505
vn 0.0516 -0.1441 0.9882
vn -0.1622 0.2569 0.9527
vn 0.1943 -0.4111 -0.8906
vn 0.1460 -0.4899 -0.8595
vn 0.9245 -0.1741 -0.3391
vn 0.9258 -0.1743 -0.3356
vn 0.6658 0.6603 -0.3474
vn -0.0011 -0.9976 0.0696
vn -0.4025 0.2665 -0.8758
vn 0.3341 -0.6361 0.6955
vn -0.4148 0.2721 -0.8683
vn 0.4368 -0.7446 0.5048
vn 0.1296 -0.6344 0.7621
vn -0.2906 0.3681 -0.8832
vn 0.4759 -0.7506 0.4583
vn -0.3188 0.3678 -0.8735
vn 0.5903 -0.0692 0.8042
vn 0.5044 -0.6172 0.6039
vn 0.4691 -0.7343 0.4907
vn 0.1349 -0.6767 0.7238
vn 0.1409 -0.6583 0.7395
vn 0.4281 -0.6265 0.6513
vn 0.1663 -0.6756 0.7182
vn 0.1434 -0.7587 0.6354
vn -0.3361 0.1611 0.9279
vn 0.4361 0.1814 0.8814
vn 0.3994 0.0574 0.9150
vn 0.5204 0.1719 0.8364
vn 0.5264 0.1845 0.8300
vn 0.9566 -0.1199 -0.2654
vn 0.2561 0.6963 -0.6705
vn 0.2180 0.8689 -0.4443
vn 0.2372 0.8915 -0.3860
vn -0.7381 0.6697 0.0821
vn -0.2498 0.2663 -0.9310
vn -0.2501 0.2394 -0.9381
vn -0.1775 0.4291 -0.8856
vn -0.1843 0.4052 -0.8955
vn -0.2551 0.3684 -0.8940
vn -0.2514 0.4005 -0.8811
vn 0.0221 0.9070 -0.4205
vn 0.0588 0.9268 -0.3710
vn -0.7425 0.0561 -0.6675
vn -0.5636 -0.7603 -0.3230
vn 0.1696 0.2945 0.9405
vn 0.0682 0.4036 0.9124
vn -0.3221 0.9458 0.0416
vn -0.3212 0.9436 0.0802
vn -0.3624 0.4171 -0.8335
vn 0.4683 -0.5142 0.7185
vn -0.5087 0.8592 0.0551
vn -0.4883 0.8659 0.1087
vn -0.0473 0.3487 0.9360
vn -0.0321 0.3020 0.9528
vn -0.3445 0.3146 -0.8845
vn 0.4703 -0.7928 -0.3876
vn 0.1604 -0.8451 -0.5100
vn 0.3352 -0.5047 0.7956
vn 0.4451 -0.4811 0.7553
vn 0.1729 -0.6627 0.7287
vn -0.2521 0.2388 -0.9378
vn -0.2987 0.1763 -0.9379
vn -0.2463 0.3227 -0.9139
vn -0.2616 0.1792 -0.9484
vn 0.0060 -0.7514 0.6598
vn 0.0668 -0.7530 0.6546
vn 0.0687 -0.7516 0.6561
vn -0.3532 0.3212 -0.8787
vn -0.1868 0.3436 -0.9204
vn 0.0348 -0.6495 0.7595
vn -0.1338 0.4272 -0.8942
vn 0.6866 0.1637 0.7083
vn 0.4371 0.7809 -0.4462
vn 0.9624 0.2516 0.1027
vn -0.5161 0.0197 -0.8563
vn -0.1230 0.8460 0.5188
vn 0.7656 0.0363 0.6423
vn 0.4599 -0.5267 -0.7149
vn 0.5680 -0.0646 -0.8205
vn 0.6209 0.0027 0.7839
vn 0.5971 -0.0144 0.8020
vn 0.4256 0.2994 0.8540
vn 0.6065 -0.1708 0.7766
vn 0.8621 0.3993 -0.3119
vn 0.2534 -0.6567 0.7103
vn 0.2921 -0.8718 0.3933
vn 0.4644 -0.3937 0.7933
vn 0.1375 0.4098 -0.9017
vn -0.2290 -0.6035 0.7638
vn -0.6802 -0.0013 -0.7331
vn 0.1526 0.3490 -0.9246
vn 0.8490 -0.2409 0.4703
vn -0.1217 -0.7288 0.6738
vn 0.2285 -0.5274 0.8183
vn 0.6413 0.2815 0.7138
vn 0.3494 0.4633 0.8144
vn 0.3130 -0.9394 0.1398
vn 0.7228 -0.1578 -0.6728
vn 0.6081 0.3514 0.7118
vn 0.2946 0.2266 0.9284
vn 0.1296 -0.0870 -0.9877
vn 0.1244 -0.0922 -0.9879
vn 0.4592 -0.1868 -0.8685
vn 0.8405 0.0833 0.5353
vn 0.7802 0.1328 0.6113
vn 0.1712 -0.9248 0.3397
vn 0.2327 0.8549 0.4636
vn 0.9169 0.2893 0.2749
vn 0.9062 -0.2001 -0.3724
vn 0.8963 -0.2039 -0.3939
vn 0.3353 0.0927 0.9375
vn 0.9149 0.3775 0.1432
vn 0.9342 0.3414 0.1030
vn 0.6810 0.6951 0.2305
vn 0.3314 0.9388 0.0941
vn 0.1783 0.9763 0.1227
vn 0.3256 0.7848 0.5273
vn 0.7414 0.2545 0.6209
vn -0.5261 0.0298 -0.8499
vn -0.5270 0.7467 -0.4058
vn 0.9700 0.2271 0.0871
vn 0.9660 0.2368 0.1041
vn -0.0874 0.7680 0.6345
vn -0.7339 0.6720 0.0988
vn 0.9303 -0.0331 0.3654
vn -0.9230 0.0736 0.3777
vn 0.9741 0.0943 -0.2055
vn -0.0808 0.7136 0.6959
vn 0.9856 0.0944 -0.1405
vn 0.9273 -0.1959 -0.3191
vn -0.9933 0.0800 -0.0840
vn -0.9549 0.1457 -0.2588
vn -0.0938 0.7605 0.6425
vn 0.1906 -0.9279 0.3203
vn 0.2875 -0.9502 -0.1205
vn 0.9175 -0.3931 -0.0610
vn 0.6471 0.7016 -0.2984
vn 0.6663 0.6563 -0.3539
vn 0.1875 0.6640 -0.7239
vn 0.2311 0.6666 -0.7087
vn 0.7781 0.5348 0.3295
vn -0.7821 0.3824 0.4921
vn -0.3766 -0.4237 -0.8238
vn 0.5302 -0.2444 -0.8119
vn 0.5590 0.7505 -0.3525
vn 0.0969 0.2269 0.9691
vn -0.0172 0.1326 0.9910
vn 0.0003 -0.9998 -0.0220
vn -0.6182 -0.4425 -0.6497
vn -0.5409 -0.8384 -0.0665
vn -0.0046 -1.0000 -0.0006
vn -0.0184 -0.9988 -0.0456
vn 0.8591 0.0546 0.5088
vn -0.0829 0.9960 0.0340
vn 0.7389 0.1917 0.6459
vn 0.3015 -0.5946 -0.7453
vn 0.7755 -0.2750 0.5683
vn 0.3569 0.8630 -0.3575
vn 0.3569 0.3575 -0.8630
vn 0.5768 0.5776 -0.5776
vn 0.8629 0.3574 -0.3574
vn 0.3569 0.8630 0.3575
vn 0.8332 0.3451 0.4319
vn 0.5935 0.5427 0.5944
vn 0.4034 0.3502 0.8454
vn 0.3569 -0.8630 -0.3575
vn 0.8629 -0.3574 -0.3574
vn 0.5768 -0.5776 -0.5776
vn 0.3569 -0.3575 -0.8630
vn 0.3569 -0.8630 0.3575
vn 0.4494 -0.3419 0.8253
vn 0.6167 -0.4880 0.6176
vn 0.8141 -0.3372 0.4727
vn 0.1521 0.8534 -0.4986
vn -0.2882 -0.2593 -0.9218
vn -0.5879 0.8036 -0.0931
vn 0.6353 0.2312 0.7369
vn 0.6737 0.2575 0.6927
vn 0.2676 0.7344 0.6238
vn 0.6832 0.1281 0.7189
vn 0.1311 -0.9594 -0.2498
vn 0.5904 -0.0801 0.8032
vn 0.7526 -0.2552 0.6070
vn -0.6059 0.7373 -0.2989
vn 0.0066 -0.0449 0.9990
vn 0.7178 -0.1824 0.6720
vn 0.4328 0.8236 0.3666
vn 0.9470 0.0135 -0.3208
vn 0.9650 0.1595 0.2080
vn 0.9724 0.1167 0.2020
vn 0.6858 -0.2745 0.6740
vn 0.8731 -0.0588 0.4840
vn 0.7546 -0.5704 0.3244
vn 0.4294 0.0067 0.9031
vn -0.5164 0.3980 0.7582
vn -0.4058 0.2687 0.8735
vn 0.5055 0.4201 0.7536
vn 0.5057 0.4212 0.7529
vn 0.9806 0.1777 -0.0832
vn 0.9590 0.2767 -0.0614
vn 0.1259 0.4754 0.8707
vn 0.9761 0.1444 -0.1626
vn -0.9588 0.2110 0.1900
vn 0.5318 -0.2881 -0.7964
vn 0.4360 -0.3655 -0.8224
vn 0.5343 -0.2424 -0.8098
vn 0.3132 0.5044 0.8047
vn 0.5896 0.0848 0.8032
vn 0.4276 -0.6326 0.6458
vn 0.8470 -0.2321 0.4782
vn -0.3441 0.3072 -0.8873
vn -0.3372 0.3850 -0.8591
vn -0.4265 0.3311 -0.8417
vn 0.2358 -0.7413 0.6284
vn 0.3420 -0.5271 0.7780
vn -0.2824 0.2868 -0.9154
vn -0.2451 0.2395 -0.9395
vn 0.5959 -0.6573 0.4614
vn -0.2105 0.2569 -0.9432
vn 0.2831 -0.9385 -0.1976
vn 0.1796 -0.9783 0.1029
vn 0.2155 -0.9722 -0.0916
vn 0.2836 -0.4286 -0.8578
vn 0.7207 -0.6674 -0.1877
vn 0.2715 -0.9332 -0.2354
vn 0.4594 0.1477 -0.8759
vn 0.1748 0.0163 -0.9845
vn 0.2279 0.9315 -0.2835
vn 0.2053 0.9787 -0.0103
vn 0.1092 0.9939 0.0166
vn 0.2075 0.9469 -0.2456
vn 0.2601 0.5375 -0.8022
vn 0.1586 0.5182 -0.8405
vn -0.0228 -0.9997 0.0057
vn 0.9986 0.0485 -0.0202
vn 0.9160 -0.1545 -0.3702
vn -0.2327 0.8549 0.4636
vn 0.2825 0.8324 0.4767
vn -0.1055 -0.9921 -0.0679
vn 0.1055 -0.9921 -0.0679
vn -0.1339 0.8985 0.4181
vn -0.1856 0.8407 0.5087
vn 0.0329 0.8885 0.4577
vn 0.1176 0.9534 0.2777
vn -0.1176 0.9534 0.2777
vn 0.7909 0.6028 0.1050
vn 0.3668 0.8676 0.3358
vn -0.1166 0.7946 0.5959
vn -0.4632 0.4186 0.7812
vn -0.5475 -0.1065 0.8300
vn -0.3434 -0.5926 0.7286
vn 0.0819 -0.8585 0.5063
vn 0.5645 -0.7886 0.2438
vn 0.9093 -0.4133 0.0488
vn 0.9934 0.1144 -0.0036
vn 0.7426 0.3693 0.5588
vn 0.4838 0.5351 0.6925
vn 0.1801 0.5002 0.8470
vn -0.0479 0.2706 0.9615
vn -0.1056 -0.0642 0.9923
vn 0.0311 -0.3712 0.9280
vn 0.0311 -0.3711 0.9281
vn 0.3056 -0.5280 0.7923
vn 0.3056 -0.5281 0.7923
vn 0.6048 -0.4765 0.6381
vn 0.8144 -0.2457 0.5257
vn 0.8653 0.0734 0.4958
vn 0.5856 0.1382 0.7987
vn 0.4925 0.1951 0.8482
vn 0.3867 0.1805 0.9044
vn 0.3090 0.0994 0.9458
vn 0.2896 -0.0169 0.9570
vn 0.3360 -0.1238 0.9337
vn 0.4302 -0.1803 0.8846
vn 0.5356 -0.1647 0.8283
vn 0.6120 -0.0836 0.7864
vn 0.6310 0.0319 0.7751
vn -0.7909 0.6028 0.1050
vn -0.3668 0.8676 0.3358
vn 0.1166 0.7946 0.5959
vn 0.4632 0.4186 0.7812
vn 0.5475 -0.1065 0.8300
vn 0.3434 -0.5926 0.7286
vn -0.0819 -0.8585 0.5063
vn -0.5645 -0.7886 0.2438
vn -0.5645 -0.7886 0.2439
vn -0.9093 -0.4133 0.0488
vn -0.9934 0.1144 -0.0036
vn -0.7426 0.3693 0.5588
vn -0.4838 0.5351 0.6925
vn -0.1801 0.5002 0.8470
vn 0.0479 0.2706 0.9615
vn 0.1056 -0.0642 0.9923
vn -0.0311 -0.3711 0.9281
vn -0.0311 -0.3712 0.9281
vn -0.3056 -0.5281 0.7923
vn -0.3056 -0.5280 0.7923
vn -0.6048 -0.4765 0.6381
vn -0.8144 -0.2457 0.5257
vn -0.8653 0.0734 0.4958
vn -0.8653 0.0735 0.4958
vn -0.5856 0.1382 0.7987
vn -0.4925 0.1951 0.8482
vn -0.3867 0.1805 0.9044
vn -0.3090 0.0994 0.9458
vn -0.2896 -0.0169 0.9570
vn -0.3360 -0.1238 0.9337
vn -0.4302 -0.1803 0.8846
vn -0.5356 -0.1647 0.8283
vn -0.6120 -0.0836 0.7864
vn -0.6310 0.0319 0.7751
vn 0.1725 0.6377 -0.7507
vn 0.2268 0.6481 -0.7270
vn 0.8833 0.2955 -0.3638
vn 0.9331 0.1777 0.3125
vn 0.8909 0.0314 0.4532
vn 0.2883 -0.4008 0.8696
vn 0.3740 -0.4490 0.8115
vn 0.0748 -0.9971 0.0153
vn 0.0151 -0.9973 0.0714
vn 0.3374 -0.0918 0.9369
vn 0.1980 -0.9779 0.0671
vn 0.0138 -0.9978 -0.0646
vn 0.9475 0.3193 0.0150
vn 0.9461 0.3238 0.0110
vn 0.7820 -0.2413 0.5747
vn 0.0737 -0.2225 0.9721
vn 0.6237 -0.7586 -0.1884
vn 0.2078 0.7022 -0.6810
vn 0.2373 0.6803 -0.6935
vn 0.2133 -0.9443 -0.2507
vn 0.9335 -0.3467 -0.0914
vn 0.3600 -0.2105 -0.9089
vn 0.9300 0.3161 0.1876
vn 0.9207 0.2172 0.3241
vn 0.3255 -0.1149 -0.9385
vn 0.3617 -0.1875 -0.9132
vn -0.1889 -0.2235 -0.9562
vn 0.3952 -0.4733 -0.7873
vn 0.3179 -0.3763 -0.8703
vn 0.9809 0.0403 -0.1902
vn 0.9823 0.0328 -0.1845
vn 0.4730 -0.3865 -0.7918
vn 0.4214 -0.3209 -0.8482
vn 0.5642 -0.8092 -0.1639
vn 0.5394 -0.8289 -0.1484
vn -0.2572 -0.1655 -0.9521
vn -0.2477 -0.1415 -0.9585
vn -0.7149 -0.5882 -0.3780
vn -0.6883 -0.6383 -0.3447
vn 0.9775 0.0970 -0.1875
vn 0.9752 0.1051 -0.1946
vn 0.9113 -0.4021 -0.0884
vn 0.9279 -0.3416 -0.1497
vn -0.2200 -0.4253 -0.8779
vn -0.2895 -0.5495 -0.7837
vn 0.9437 0.2059 -0.2588
vn 0.5123 -0.2866 -0.8096
vn 0.4871 -0.2659 -0.8319
vn 0.6875 0.7259 -0.0180
vn 0.6766 0.7361 -0.0185
vn -0.8803 -0.0794 -0.4678
vn -0.8836 -0.0905 -0.4595
vn -0.4137 -0.3785 -0.8280
vn -0.3234 -0.4356 -0.8401
vn -0.3387 -0.5176 -0.7857
vn 0.1202 -0.9747 -0.1886
vn 0.1448 -0.9737 -0.1758
vn -0.1844 -0.1313 -0.9740
vn 0.9613 0.1917 -0.1981
vn -0.8793 -0.1565 -0.4498
vn 0.9175 -0.3964 -0.0321
vn 0.6359 -0.7689 0.0665
vn 0.5785 -0.8005 -0.1568
vn 0.6059 -0.7900 -0.0938
vn 0.5854 0.7163 0.3798
vn 0.7857 0.3714 0.4946
vn 0.7858 0.3737 0.4929
vn -0.3987 -0.2581 -0.8800
vn -0.4208 -0.2441 -0.8737
vn 0.0809 -0.6403 -0.7638
vn -0.0708 -0.5682 -0.8198
vn 0.7907 -0.5524 -0.2640
vn 0.7668 -0.5651 -0.3044
vn 0.5936 0.0083 -0.8047
vn 0.8525 0.5218 0.0317
vn 0.8097 0.5864 -0.0203
vn 0.7944 0.3440 0.5007
vn 0.7992 0.3794 0.4661
vn 0.6434 0.0196 0.7653
vn 0.6733 -0.1192 0.7297
vn 0.5281 0.3838 0.7575
vn -0.8381 -0.2816 -0.4672
vn -0.8539 -0.1364 -0.5022
vn -0.8703 -0.2758 -0.4080
vn 0.4382 0.6043 0.6654
vn 0.1244 -0.9919 0.0245
vn 0.1271 -0.9916 0.0224
vn 0.7517 0.5463 0.3694
vn -0.9025 -0.0754 -0.4240
vn -0.8925 -0.2743 -0.3581
vn -0.7195 -0.6943 -0.0163
vn -0.8066 -0.5908 0.0216
vn 0.4343 -0.8389 0.3280
vn 0.8089 0.3479 0.4739
vn 0.8253 0.4141 0.3839
vn -0.8774 -0.3207 -0.3567
vn -0.8941 -0.2569 -0.3668
vn 0.3316 -0.9434 0.0057
vn 0.7058 -0.7006 0.1049
vn 0.5751 -0.8011 0.1658
vn 0.6452 -0.7560 0.1107
vn 0.4915 0.4670 0.7350
vn 0.5606 0.3977 0.7263
vn 0.3284 0.4501 0.8304
vn 0.1199 0.5878 0.8001
vn -0.2021 -0.4261 -0.8818
vn 0.1232 0.5645 0.8162
vn 0.1081 0.5378 0.8361
vn 0.5168 0.7338 0.4410
vn 0.3882 0.8294 0.4018
vn -0.9864 0.1447 0.0779
vn -0.4955 0.7149 -0.4934
vn -0.4958 0.7124 -0.4967
vn 0.6023 -0.7304 -0.3221
vn 0.5035 -0.7212 -0.4757
vn 0.1194 0.3776 0.9182
vn 0.1825 0.4576 0.8702
vn 0.5098 0.8489 0.1396
vn 0.4184 0.9039 0.0889
vn -0.3499 0.8120 0.4671
vn -0.5341 0.7622 0.3658
vn -0.9803 0.0612 0.1876
vn -0.9776 0.1107 0.1789
vn -0.9743 0.0522 0.2191
vn -0.8061 0.4800 0.3460
vn 0.4361 0.6075 0.6640
vn 0.1086 0.8963 0.4299
vn 0.1017 0.8996 0.4247
vn -0.9692 0.0972 0.2264
vn -0.9744 0.0496 0.2195
vn 0.1586 -0.9672 0.1985
vn 0.1324 -0.9663 0.2207
vn 0.6433 0.7296 -0.2322
vn -0.9780 0.1986 0.0638
vn -0.4428 0.6310 0.6370
vn -0.4600 0.6758 0.5759
vn -0.4260 0.3834 0.8194
vn -0.4807 0.4974 0.7221
vn -0.9169 -0.1121 0.3830
vn -0.8796 -0.2196 0.4219
vn -0.2170 -0.4413 -0.8707
vn -0.2096 -0.4690 -0.8580
vn 0.8959 -0.4397 0.0630
vn 0.5186 -0.6719 0.5288
vn 0.1280 0.9795 0.1554
vn 0.1953 0.3086 0.9309
vn 0.3165 0.4303 0.8454
vn 0.1921 0.8037 0.5631
vn -0.4299 0.2440 0.8693
vn -0.3604 0.3286 0.8730
vn 0.7291 0.0216 0.6841
vn 0.7356 0.0159 0.6773
vn 0.3278 -0.9251 0.1919
vn 0.6115 -0.0107 0.7912
vn 0.5798 -0.7709 0.2635
vn 0.6181 -0.7369 0.2739
vn -0.1400 0.2835 0.9487
vn -0.3629 0.1472 0.9201
vn 0.4193 0.8899 -0.1797
vn 0.1062 0.9815 0.1595
vn 0.1012 0.9809 0.1662
vn -0.2572 0.1274 0.9579
vn -0.7904 0.0968 0.6049
vn 0.4392 -0.8560 -0.2727
vn 0.4667 -0.8612 -0.2013
vn 0.8759 -0.2742 0.3970
vn 0.3963 0.8993 -0.1850
vn 0.2161 0.5590 0.8005
vn 0.0985 0.6588 0.7458
vn 0.9410 -0.1091 0.3205
vn 0.1670 -0.9237 0.3448
vn 0.8425 -0.2947 0.4508
vn -0.0681 -0.7281 -0.6821
vn -0.2630 0.1828 0.9473
vn 0.4518 0.3807 0.8068
vn 0.4443 -0.8937 0.0618
vn 0.4548 -0.8830 0.1160
vn 0.9599 -0.2110 0.1847
vn 0.2460 0.0803 0.9659
vn 0.2827 0.9508 -0.1265
vn 0.5861 -0.6804 -0.4400
vn 0.5873 -0.6798 -0.4393
vn 0.6776 -0.2952 0.6736
vn 0.7952 -0.4175 -0.4398
vn 0.4386 -0.5323 -0.7240
vn 0.3300 -0.9369 -0.1157
vn 0.3169 -0.9334 -0.1684
vn 0.7855 -0.0587 0.6161
vn 0.7118 0.0096 0.7023
vn 0.9486 0.0442 0.3133
vn 0.8471 -0.2479 0.4701
vn 0.5136 -0.2929 -0.8065
vn 0.3265 -0.6827 -0.6537
vn 0.4073 -0.8303 -0.3806
vn 0.3558 -0.8379 -0.4140
vn -0.5250 0.0296 -0.8506
vn 0.0568 0.9828 -0.1760
vn 0.1059 0.9853 -0.1340
vn -0.1313 -0.7741 -0.6193
vn -0.1545 -0.7712 -0.6175
vn 0.9391 -0.1343 -0.3164
vn 0.6296 0.3863 0.6741
vn 0.5368 0.4767 0.6962
vn 0.6783 0.1782 0.7128
vn 0.8209 -0.1383 0.5541
vn 0.9385 -0.1583 0.3069
vn 0.7655 -0.1393 0.6282
vn 0.7884 -0.2135 0.5769
vn 0.7805 0.6249 0.0177
vn 0.7670 0.6415 0.0148
vn 0.6292 -0.7460 -0.2183
vn 0.6202 -0.7552 -0.2123
vn 0.3055 -0.8961 -0.3218
vn 0.2665 -0.8957 -0.3558
vn -0.5781 0.0625 -0.8136
vn -0.5260 0.0288 -0.8500
vn 0.3021 -0.7248 0.6192
vn 0.8720 -0.4698 -0.1376
vn 0.8642 -0.4807 -0.1484
vn 0.9212 -0.3622 0.1423
vn 0.2898 -0.6264 -0.7237
vn 0.9530 -0.0161 0.3025
vn 0.3562 0.5769 0.7350
vn 0.2789 0.6170 0.7359
vn 0.3737 -0.8914 -0.2563
vn 0.5765 -0.1559 -0.8021
vn 0.9551 -0.1675 -0.2442
vn 0.2135 -0.9522 -0.2184
vn -0.3891 -0.2771 -0.8786
vn 0.1819 -0.4562 -0.8711
vn 0.9818 0.1632 -0.0967
vn 0.6772 0.5252 0.5154
vn 0.9228 -0.0414 -0.3830
vn 0.4669 -0.8842 -0.0155
vn 0.4898 -0.8711 0.0346
vn 0.9552 -0.0251 0.2950
vn 0.2411 0.3977 -0.8853
vn 0.5742 -0.1344 -0.8076
vn 0.2549 -0.4103 -0.8756
vn 0.9907 -0.1361 -0.0031
vn 0.9728 -0.2183 -0.0774
vn 0.2674 -0.2733 -0.9240
vn 0.2381 -0.2295 -0.9437
vn 0.9580 -0.2216 0.1822
vn 0.5054 -0.8599 0.0721
vn 0.5912 -0.8050 0.0490
vn 0.2512 -0.4215 -0.8713
vn 0.2165 -0.4540 -0.8643
vn 0.9720 -0.0775 0.2217
vn 0.2262 -0.9649 -0.1335
vn 0.8968 0.2649 0.3543
vn 0.9021 0.2229 0.3696
vn 0.8112 -0.5463 0.2087
vn 0.8080 -0.5549 0.1982
vn 0.6887 -0.5590 0.4618
vn 0.7224 0.1043 0.6836
vn 0.1319 -0.2511 -0.9589
vn 0.2201 -0.9686 -0.1153
vn 0.2482 -0.9605 -0.1256
vn 0.2108 0.0370 -0.9768
vn 0.2415 -0.9666 -0.0861
vn 0.6883 0.1511 0.7095
vn 0.6672 0.1703 0.7251
vn -0.4740 -0.4398 -0.7628
vn 0.7100 0.2832 0.6448
vn 0.6228 0.3820 0.6828
vn 0.9533 0.0303 0.3006
vn 0.9502 -0.0847 0.3000
vn 0.3414 -0.2068 0.9169
vn 0.3377 -0.2144 0.9165
vn 0.7634 0.1618 0.6254
vn 0.7006 -0.5589 0.4436
vn 0.7106 -0.5057 0.4893
vn 0.2582 0.0754 -0.9631
vn 0.9845 0.1410 -0.1039
vn 0.9386 -0.2249 0.2617
vn 0.8424 -0.4880 0.2285
vn 0.9909 0.1118 0.0745
vn 0.9927 0.1014 0.0658
vn 0.9191 -0.2433 0.3098
vn 0.9191 -0.2420 0.3109
vn 0.1242 -0.2795 -0.9521
vn -0.4887 0.7741 -0.4025
vn -0.4838 0.6970 -0.5293
vn 0.7352 0.0538 0.6757
vn 0.1911 0.0113 0.9815
vn 0.9586 0.2746 0.0757
vn 0.2042 0.9096 0.3619
vn 0.1845 0.9162 0.3558
vn 0.6699 0.2452 0.7008
vn 0.6649 0.2204 0.7137
vn 0.8385 0.1584 0.5213
vn 0.8964 0.0865 0.4348
vn 0.9264 -0.0022 0.3766
vn 0.1859 -0.9814 0.0478
vn 0.1909 -0.9814 0.0226
vn 0.7992 -0.2848 0.5293
vn 0.7572 -0.1454 0.6368
vn 0.1952 0.0770 -0.9777
vn 0.7219 -0.0679 0.6887
vn 0.7245 -0.0749 0.6852
vn 0.7754 0.6145 -0.1458
vn 0.7216 0.6597 -0.2100
vn 0.9585 0.2455 0.1450
vn 0.9492 0.2859 0.1316
vn 0.9543 0.2892 0.0752
vn 0.3583 -0.9193 0.1631
vn 0.4515 -0.8752 0.1739
vn -0.6401 0.2793 -0.7157
vn 0.6936 -0.3203 0.6452
vn 0.6997 -0.4036 0.5895
vn 0.7489 -0.4567 0.4801
vn 0.7164 -0.5804 0.3872
vn 0.1914 -0.9800 0.0552
vn 0.1471 -0.9883 0.0411
vn 0.6061 -0.6940 0.3886
vn 0.4685 -0.8833 -0.0167
vn 0.1815 -0.9659 0.1849
vn 0.2457 -0.9530 0.1773
vn 0.2375 -0.9455 0.2226
vn 0.7303 0.2492 0.6361
vn 0.8524 0.2338 0.4677
vn 0.8032 -0.3479 0.4836
vn 0.7991 -0.3186 0.5099
vn 0.8550 0.1893 0.4828
vn 0.8556 0.1936 0.4801
vn 0.1801 -0.4764 0.8606
vn 0.2042 -0.4202 0.8842
vn 0.7043 0.1767 0.6875
vn 0.6395 0.2340 0.7323
vn 0.7776 0.0230 0.6283
vn 0.8112 -0.0222 0.5843
vn 0.9579 0.2534 0.1350
vn 0.9606 0.2385 0.1424
vn 0.4463 -0.7864 0.4272
vn 0.4342 -0.7046 0.5612
vn 0.1469 -0.9867 0.0695
vn 0.1438 -0.9869 0.0731
vn 0.0770 -0.9811 0.1775
vn 0.0659 -0.9768 0.2040
vn 0.8764 0.0485 0.4792
vn 0.1829 -0.9806 0.0707
vn 0.6269 -0.6975 0.3470
vn 0.6492 -0.1963 0.7349
vn 0.8823 0.0992 0.4600
vn 0.5167 -0.6061 0.6047
vn -0.5183 0.3645 0.7737
vn 0.6889 0.2383 0.6846
vn 0.7193 0.2229 0.6579
vn 0.9004 0.3638 -0.2384
vn 0.5459 -0.5506 0.6315
vn 0.5402 -0.5029 0.6747
vn -0.4647 0.6747 0.5734
vn -0.0059 -0.9967 -0.0813
vn -0.5583 0.7998 -0.2205
vn -0.5337 0.7577 -0.3757
vn 0.9350 0.3094 0.1731
vn 0.6509 0.0586 0.7569
vn 0.7594 0.1844 0.6239
vn 0.7877 0.1683 0.5926
vn 0.5420 -0.7005 0.4642
vn 0.6302 0.1386 0.7640
vn 0.6140 0.1486 0.7752
vn 0.6487 0.1288 0.7501
vn 0.0840 -0.9935 0.0769
vn 0.0563 -0.9967 0.0584
vn 0.1974 -0.9631 0.1828
vn 0.1901 -0.9618 0.1971
vn 0.9418 0.0558 0.3316
vn 0.8481 0.0692 0.5253
vn 0.5891 -0.2595 0.7653
vn 0.5897 -0.2636 0.7634
vn 0.0583 0.8916 0.4490
vn 0.1203 0.8805 0.4584
vn 0.7270 0.1586 0.6681
vn 0.7421 0.1463 0.6541
vn -0.0268 -0.6191 0.7849
vn 0.8994 0.3406 0.2739
vn 0.4880 0.6104 0.6239
vn 0.2193 0.8854 0.4099
vn -0.0699 -0.9816 -0.1774
vn 0.9165 0.3882 0.0965
vn 0.5416 0.1140 0.8328
vn 0.5685 0.0961 0.8170
vn 0.0610 -0.9956 0.0713
vn -0.0557 -0.9895 -0.1331
vn -0.1149 -0.9933 0.0086
vn 0.1167 -0.9930 -0.0204
vn 0.4975 -0.5233 0.6919
vn 0.4219 -0.7379 0.5268
vn -0.5032 0.6482 -0.5715
vn -0.7019 0.7108 -0.0472
vn -0.6567 0.7380 -0.1555
vn 0.1216 -0.9727 0.1978
vn -0.0454 -0.9916 -0.1209
vn 0.5264 0.1700 0.8331
vn 0.5801 -0.1372 0.8029
vn 0.3581 -0.8594 0.3650
vn 0.3436 -0.8126 0.4708
vn 0.2792 0.6077 0.7434
vn 0.3301 0.4039 0.8532
vn 0.5334 0.1099 0.8387
vn 0.8916 0.4196 0.1704
vn 0.2631 -0.3688 0.8915
vn 0.2925 0.6527 0.6989
vn 0.8916 0.4288 0.1456
vn 0.9169 0.3574 0.1778
vn 0.0953 0.5541 -0.8270
vn 0.1205 0.5222 -0.8442
vn 0.5208 -0.5951 0.6121
vn 0.5165 -0.5592 0.6485
vn 0.3513 -0.0424 0.9353
vn 0.3855 -0.1403 0.9120
vn 0.7240 0.6704 0.1622
vn 0.1986 -0.8944 0.4007
vn 0.1937 -0.8918 0.4089
vn -0.3381 0.7830 -0.5221
vn 0.8667 0.2676 0.4210
vn 0.2270 0.6577 0.7182
vn 0.5735 -0.3378 0.7463
vn 0.5986 -0.2566 0.7588
vn 0.6141 0.7732 0.1582
vn 0.5824 0.7757 0.2432
vn 0.4086 0.5873 0.6987
vn 0.4041 0.5991 0.6912
vn -0.2193 -0.9256 -0.3086
vn 0.0255 -0.9886 -0.1482
vn 0.3289 -0.7386 0.5884
vn 0.2690 -0.6427 0.7173
vn 0.3194 -0.8933 0.3162
vn 0.1591 -0.9872 0.0131
vn -0.0589 -0.9954 -0.0758
vn 0.6006 -0.1214 0.7902
vn 0.4820 -0.5235 0.7026
vn -0.3131 0.9246 -0.2170
vn 0.5205 0.3336 0.7860
vn 0.5141 0.1714 0.8404
vn 0.4449 0.5578 0.7007
vn 0.3389 0.4024 0.8504
vn 0.2139 0.9764 -0.0286
vn 0.3391 0.3994 0.8518
vn 0.1802 -0.0303 0.9832
vn 0.1795 0.6622 0.7275
vn 0.3696 -0.4387 0.8191
vn 0.4034 -0.3494 0.8457
vn 0.3504 -0.4893 0.7986
vn 0.6446 0.7093 0.2852
vn 0.6246 0.7154 0.3131
vn -0.2666 0.9163 -0.2989
vn 0.6913 0.3887 0.6091
vn 0.7080 0.4156 0.5709
vn 0.3474 0.5855 0.7325
vn 0.1117 0.7029 0.7024
vn 0.1200 0.6289 0.7682
vn 0.7127 0.2796 0.6433
vn 0.7017 0.2760 0.6568
vn 0.3404 0.3988 0.8515
vn 0.1863 -0.9732 0.1348
vn 0.2994 -0.8987 0.3204
vn -0.1154 -0.7919 -0.5996
vn 0.4167 -0.3665 0.8319
vn 0.4862 -0.1068 0.8673
vn 0.4678 0.5005 0.7285
vn 0.5130 0.5205 0.6826
vn 0.4511 -0.5126 0.7306
vn 0.2854 0.3718 0.8834
vn -0.0818 -0.8665 -0.4924
vn -0.0283 -0.8141 -0.5801
vn 0.5145 0.3120 0.7987
vn 0.5393 0.4532 0.7098
vn -0.1176 -0.0557 -0.9915
vn 0.9240 -0.1447 -0.3539
vn 0.2377 -0.3966 0.8867
vn 0.2552 -0.3504 0.9012
vn 0.6356 -0.4643 0.6168
vn 0.5763 0.3127 0.7551
vn 0.6116 0.3324 0.7179
vn 0.3519 0.2140 0.9112
vn 0.2095 0.2475 0.9460
vn 0.4675 0.7655 0.4421
vn 0.5683 0.7549 0.3275
vn -0.0116 0.2944 -0.9556
vn -0.0226 0.2899 -0.9568
vn 0.6148 -0.0990 0.7825
vn 0.6850 -0.0321 0.7278
vn 0.4536 0.3513 0.8191
vn 0.0990 0.9950 -0.0105
vn 0.0286 0.9996 0.0052
vn 0.4163 0.3018 0.8577
vn 0.4373 0.1048 0.8932
vn 0.2252 0.2924 0.9294
vn 0.2092 0.3075 0.9283
vn 0.7092 0.7025 -0.0595
vn 0.4704 0.0252 0.8821
vn 0.2588 0.9183 -0.2996
vn -0.5801 0.5180 -0.6287
vn -0.6108 0.5034 -0.6112
vn 0.2304 -0.0057 0.9731
vn 0.2184 0.0009 0.9759
vn 0.4214 0.2929 0.8583
vn 0.4345 0.1595 0.8864
vn 0.4688 0.0214 0.8830
vn 0.2338 0.7756 0.5863
vn 0.1003 0.9744 0.2015
vn 0.0476 0.9795 -0.1957
vn -0.0559 0.9915 0.1178
vn -0.8523 0.5023 0.1459
vn -0.8225 0.5635 0.0775
vn 0.2795 0.0715 0.9575
vn 0.8721 0.4545 -0.1812
vn 0.3492 0.6368 -0.6874
vn 0.3736 0.7457 0.5517
vn 0.2790 0.0669 0.9579
vn 0.1542 0.8854 0.4384
vn 0.0923 0.8026 0.5893
vn -0.0067 -0.9999 0.0120
vn -0.0054 -1.0000 0.0079
vn -0.8604 0.2207 0.4594
vn 0.3164 0.4803 -0.8181
vn 0.5668 0.1379 -0.8122
vn -0.6658 0.7386 -0.1057
vn -0.6617 0.7443 -0.0902
vn 0.1058 0.8140 0.5712
vn 0.0997 0.8297 0.5492
vn 0.9818 0.1897 -0.0037
vn 0.9785 0.2058 0.0141
vn 0.8980 -0.1160 0.4244
vn -0.5477 0.7773 0.3096
vn 0.5027 0.2295 0.8334
vn -0.9194 0.1682 -0.3555
vn -0.9671 0.1441 0.2097
vn 0.3188 -0.9348 0.1563
vn 0.0769 -0.9966 0.0290
vn -0.8553 0.2659 0.4447
vn 0.6681 0.1108 -0.7357
vn 0.6924 0.2615 -0.6725
vn 0.5362 0.0361 -0.8433
vn 0.5309 0.1740 -0.8294
vn 0.5420 0.2089 0.8140
vn -0.5874 0.1137 0.8013
vn -0.4330 0.0809 0.8977
vn 0.5427 0.7395 0.3983
vn -0.9207 0.1718 -0.3505
vn 0.2528 0.5598 -0.7891
vn 0.5913 0.5633 -0.5771
vn 0.4394 0.7760 -0.4525
vn -0.7477 -0.4061 -0.5254
vn 0.6842 -0.7292 -0.0034
vn 0.0032 -0.9988 -0.0492
vn -0.9755 0.0309 0.2179
vn -0.9784 0.1068 -0.1772
vn -0.9692 0.1423 -0.2011
vn 0.1867 0.8060 0.5617
vn 0.1889 0.8074 0.5590
vn 0.8519 0.2074 -0.4809
vn 0.8329 0.3284 -0.4454
vn 0.3139 0.5139 0.7984
vn 0.8929 0.1777 0.4136
vn 0.9049 0.1615 0.3938
vn 0.6646 0.1119 -0.7388
vn 0.9072 0.0713 -0.4145
vn 0.9251 0.1704 -0.3393
vn 0.6035 -0.1105 -0.7897
vn -0.0537 -0.7704 0.6353
vn -0.0613 -0.7518 0.6566
vn 0.8479 -0.4493 -0.2815
vn -0.9743 0.1028 -0.2003
vn -0.9715 0.1101 -0.2098
vn -0.1123 0.0405 0.9929
vn 0.3513 0.1467 0.9247
vn -0.3057 0.7329 0.6078
vn -0.0521 -0.4455 -0.8938
vn -0.2966 0.7622 0.5755
vn -0.6473 0.2143 0.7315
vn -0.0428 -0.4631 -0.8853
vn -0.6264 0.2307 0.7446
vn 0.3690 -0.9088 0.1948
vn 0.7447 0.0454 0.6659
vn -0.1593 -0.7576 0.6330
vn 0.7467 0.6017 0.2836
vn 0.7221 0.6099 0.3265
vn 0.6420 0.7661 0.0314
vn 0.6833 0.7293 0.0342
vn -0.8473 -0.0479 -0.5290
vn -0.8218 0.0098 -0.5696
vn 0.9016 -0.4316 0.0274
vn 0.6630 -0.7369 -0.1319
vn 0.9638 -0.1930 -0.1841
vn 0.9120 0.3268 -0.2478
vn 0.9277 0.2565 -0.2712
vn -0.2180 -0.2928 -0.9310
vn -0.8219 -0.0271 -0.5690
vn -0.8055 -0.0055 -0.5925
vn 0.9525 0.2471 -0.1782
vn -0.2230 -0.1527 -0.9628
vn -0.2295 -0.1604 -0.9600
vn 0.9872 0.1570 0.0274
vn 0.9547 0.2902 -0.0657
vn 0.9386 -0.3436 -0.0317
vn 0.8968 -0.4379 -0.0630
vn 0.9508 0.2124 0.2255
vn 0.9952 0.0654 0.0731
vn 0.2475 -0.0828 -0.9653
vn 0.2830 -0.1316 -0.9500
vn -0.2291 -0.1056 -0.9677
vn -0.2488 -0.1200 -0.9611
vn 0.7562 0.0875 -0.6484
vn 0.7889 0.0176 -0.6143
vn 0.9325 0.3223 -0.1628
vn 0.9298 0.3347 -0.1532
vn 0.9964 -0.0394 -0.0754
vn 0.9863 0.0403 -0.1599
vn 0.2477 -0.0738 -0.9660
vn 0.1906 -0.1250 -0.9737
vn 0.7901 -0.0971 -0.6053
vn 0.7592 -0.0470 -0.6492
vn 0.9553 -0.2920 -0.0458
vn 0.9354 -0.3428 -0.0870
vn 0.9383 0.3390 0.0678
vn 0.9420 0.3270 0.0755
vn 0.9602 -0.2783 0.0233
vn 0.9563 -0.2907 0.0312
vn 0.8606 0.2666 0.4340
vn 0.8522 0.3079 0.4231
vn 0.7299 0.1537 0.6660
vn 0.8676 -0.4619 0.1838
vn 0.9522 -0.2759 0.1312
vn 0.8820 -0.1066 0.4591
vn 0.7452 -0.5695 0.3470
vn 0.8159 -0.4770 0.3269
vn -0.1483 0.5505 0.8215
vn -0.6101 -0.1088 0.7848
vn -0.3691 0.4505 0.8129
vn -0.4192 0.4534 0.7866
vn 0.9284 0.3494 0.1268
vn 0.5537 -0.0700 0.8297
vn -0.5340 0.2119 0.8185
vn -0.5626 0.2001 0.8021
vn -0.9505 0.0361 0.3087
vn -0.2150 0.7402 0.6371
vn -0.2489 0.7305 0.6359
vn 0.4767 0.4220 0.7712
vn -0.4900 0.5562 0.6713
vn -0.7197 0.3201 0.6161
vn 0.5284 0.2260 0.8183
vn 0.5392 0.2203 0.8129
vn 0.1890 0.8187 0.5423
vn -0.9988 -0.0490 -0.0055
vn -0.9939 -0.1095 0.0103
vn 0.9484 0.2349 -0.2128
vn 0.9795 0.1788 0.0924
vn -0.5733 -0.5509 0.6065
vn -0.3482 0.3055 0.8862
vn 0.9825 -0.0339 0.1831
vn 0.8239 -0.0331 0.5658
vn 0.3185 -0.1545 0.9352
vn 0.6814 -0.5831 0.4424
vn 0.7577 0.5545 -0.3442
vn 0.3361 0.0510 -0.9405
vn 0.2543 0.9237 -0.2866
vn -0.9825 0.1688 0.0784
vn 0.0873 -0.9851 0.1483
vn 0.0949 0.9235 0.3717
vn 0.0544 0.9102 0.4107
vn 0.6961 0.2717 0.6645
vn 0.8683 0.4720 0.1526
vn 0.1531 0.2655 0.9519
vn 0.1437 0.2552 0.9562
vn 0.2481 -0.4347 0.8658
vn 0.4132 0.2548 0.8742
vn 0.5436 -0.3988 0.7386
vn -0.5099 -0.4301 -0.7450
vn -0.9471 -0.2988 0.1175
vn 0.9054 0.3389 0.2556
vn -0.8946 0.2419 0.3756
vn -0.2339 0.3856 -0.8925
vn -0.2458 0.3719 -0.8951
vn 0.3276 -0.6574 0.6786
vn -0.1589 0.0434 -0.9863
vn 0.2992 -0.5883 0.7513
vn -0.4231 0.1796 -0.8881
vn 0.3582 -0.9251 0.1258
vn -0.1741 -0.3237 -0.9300
vn 0.1659 -0.6161 0.7700
vn -0.3500 0.3239 -0.8790
vn -0.3768 0.2048 -0.9034
vn 0.4168 -0.6196 0.6651
vn -0.3028 0.3374 -0.8913
vn 0.6006 -0.0705 0.7964
vn 0.4933 -0.2131 0.8434
vn 0.4994 -0.7302 0.4663
vn 0.1866 -0.1692 0.9678
vn 0.2316 -0.4141 0.8803
vn 0.8274 -0.2631 0.4962
vn 0.4288 -0.7372 0.5222
vn 0.1120 -0.8754 0.4703
vn 0.1149 -0.8898 0.4417
vn -0.4487 0.3399 0.8265
vn -0.3920 0.2183 0.8937
vn 0.9165 -0.1117 0.3841
vn -0.5178 0.7179 -0.4653
vn -0.5288 0.5393 -0.6554
vn 0.1513 0.6264 -0.7647
vn 0.2429 0.7017 -0.6698
vn 0.6477 0.4488 -0.6158
vn -0.7381 0.6694 0.0838
vn -0.6652 0.6657 0.3381
vn -0.1657 0.0790 -0.9830
vn -0.3193 0.0128 -0.9476
vn 0.0719 0.3354 -0.9393
vn -0.1361 0.1173 -0.9837
vn -0.1993 0.1817 -0.9629
vn 0.5746 -0.7052 0.4153
vn 0.5858 -0.7161 0.3795
vn 0.3911 -0.1856 0.9014
vn 0.3884 -0.1523 0.9088
vn 0.0103 0.6348 0.7726
vn -0.0229 0.6622 0.7490
vn -0.2342 0.9223 0.3075
vn -0.2294 0.9211 0.3147
vn -0.3961 0.7972 -0.4556
vn -0.4168 0.8198 -0.3926
vn -0.4345 0.2416 -0.8676
vn -0.2426 0.1602 -0.9568
vn 0.2430 -0.2140 0.9461
vn 0.3343 -0.1806 0.9250
vn 0.3306 -0.1770 0.9270
vn 0.5684 -0.7275 0.3842
vn 0.5445 -0.7073 0.4508
vn -0.1178 0.1014 -0.9878
vn -0.1203 0.1243 -0.9849
vn -0.4394 0.7958 -0.4166
vn -0.4341 0.8120 -0.3901
vn -0.3578 0.8642 0.3537
vn -0.3652 0.8660 0.3416
vn -0.1463 0.6094 0.7793
vn -0.2315 0.6664 0.7088
vn -0.3397 0.3553 -0.8708
vn -0.3218 0.1900 -0.9276
vn 0.2440 -0.5050 -0.8279
vn 0.2519 -0.5135 -0.8203
vn 0.4939 -0.7880 -0.3676
vn 0.5125 -0.8188 -0.2587
vn 0.4707 -0.8442 -0.2563
vn 0.2193 -0.5297 -0.8194
vn 0.5103 -0.7515 0.4181
vn -0.1430 0.0889 -0.9857
vn -0.0978 -0.1013 -0.9900
vn 0.4522 -0.8778 0.1580
vn 0.7224 -0.3329 0.6060
vn 0.8438 -0.2186 0.4901
vn 0.1327 -0.8465 -0.5156
vn 0.4457 -0.4859 0.7519
vn -0.3076 0.2927 -0.9054
vn -0.2704 0.2136 -0.9388
vn 0.2376 -0.5287 0.8149
vn 0.4623 -0.4799 0.7456
vn -0.4199 0.2777 -0.8641
vn -0.1455 0.3710 -0.9172
vn -0.2173 0.3320 -0.9179
vn -0.2324 0.2304 -0.9449
vn -0.2710 0.2143 -0.9384
vn 0.2056 -0.5900 0.7808
vn 0.2236 -0.6901 0.6883
vn 0.1354 -0.7451 0.6530
vn 0.1183 -0.7241 0.6795
vn 0.5356 -0.7666 0.3542
vn -0.0894 -0.8139 0.5741
vn -0.4665 -0.8531 0.2335
vn -0.6018 -0.2754 -0.7497
vn -0.2917 0.1393 -0.9463
vn 0.7681 0.4095 0.4923
vn 0.6579 0.7461 -0.1024
vn 0.4941 0.4535 0.7418
vn 0.5310 -0.2786 -0.8003
vn 0.3287 -0.6373 -0.6970
vn -0.4136 -0.2956 -0.8612
vn 0.8260 0.5415 0.1566
vn 0.8294 0.0947 0.5505
vn 0.9580 0.2820 0.0527
vn 0.9450 -0.0838 -0.3162
vn 0.8262 -0.0165 0.5631
vn -0.2281 -0.1022 -0.9683
vn -0.1351 -0.4121 -0.9011
vn -0.4229 0.1511 -0.8935
vn -0.1710 0.8177 0.5497
vn -0.8533 0.4711 0.2233
vn 0.7116 0.3317 0.6194
vn 0.9038 0.1272 0.4086
vn -0.2585 -0.1426 -0.9554
vn 0.5841 -0.3872 -0.7134
vn 0.5905 0.5681 -0.5733
vn 0.5865 -0.1000 -0.8038
vn 0.6645 0.2336 0.7098
vn 0.6631 0.2273 0.7132
vn 0.4904 0.3254 0.8085
vn -0.9527 0.1731 0.2499
vn -0.6111 0.7129 0.3439
vn 0.5185 0.7500 0.4107
vn 0.4964 0.3929 -0.7741
vn 0.3307 0.5029 -0.7986
vn 0.8136 0.3662 -0.4516
vn 0.3246 -0.9271 -0.1876
vn 0.2345 -0.7890 0.5679
vn 0.3378 -0.1721 0.9254
vn 0.7287 0.0169 0.6846
vn 0.1068 -0.9755 0.1924
vn 0.2513 -0.9669 0.0450
vn 0.4408 -0.4272 0.7894
vn 0.2189 -0.9273 -0.3037
vn 0.3569 -0.9306 -0.0810
vn 0.4757 -0.8294 0.2928
vn 0.7795 0.5198 0.3495
vn 0.9978 0.0016 -0.0659
vn 0.0316 0.4125 -0.9104
vn -0.4973 0.2541 -0.8295
vn 0.1402 0.3994 -0.9060
vn 0.8436 -0.2175 0.4910
vn 0.1620 -0.5754 0.8017
vn 0.6012 0.3808 0.7026
vn 0.5782 -0.8159 0.0098
vn 0.6620 -0.1056 0.7421
vn 0.6185 0.3950 0.6793
vn 0.3526 0.1120 0.9291
vn 0.2504 -0.0240 0.9678
vn 0.0472 0.0032 -0.9989
vn 0.0913 -0.0122 -0.9957
vn 0.8067 -0.3755 -0.4563
vn 0.8488 0.2863 0.4444
vn 0.1137 0.8832 0.4549
vn 0.2478 0.9676 -0.0484
vn 0.3797 0.9190 0.1060
vn 0.0818 0.8773 -0.4730
vn 0.1462 0.7356 0.6615
vn 0.2364 0.8767 0.4188
vn 0.2969 0.8136 0.5000
vn 0.1045 0.9934 -0.0481
vn 0.1962 0.8092 -0.5538
vn -0.2268 0.6481 -0.7270
vn -0.1725 0.6377 -0.7507
vn -0.8833 0.2955 -0.3638
vn -0.8909 0.0314 0.4532
vn -0.9331 0.1777 0.3125
vn -0.3740 -0.4490 0.8115
vn -0.2883 -0.4008 0.8696
vn -0.0151 -0.9973 0.0714
vn -0.0748 -0.9971 0.0153
vn -0.3374 -0.0918 0.9369
vn -0.0138 -0.9978 -0.0646
vn -0.1980 -0.9779 0.0671
vn -0.9461 0.3238 0.0110
vn -0.9475 0.3193 0.0150
vn -0.7820 -0.2413 0.5747
vn -0.0737 -0.2225 0.9721
vn -0.6237 -0.7586 -0.1884
vn -0.2078 0.7022 -0.6810
vn -0.2373 0.6803 -0.6935
vn -0.2133 -0.9443 -0.2507
vn -0.9335 -0.3467 -0.0914
vn -0.3600 -0.2105 -0.9089
vn -0.9207 0.2172 0.3241
vn -0.9300 0.3161 0.1876
vn -0.3617 -0.1875 -0.9132
vn -0.3255 -0.1149 -0.9385
vn 0.1889 -0.2235 -0.9562
vn -0.3179 -0.3763 -0.8703
vn -0.3952 -0.4733 -0.7873
vn -0.9823 0.0328 -0.1845
vn -0.9809 0.0403 -0.1902
vn -0.4214 -0.3209 -0.8482
vn -0.4730 -0.3865 -0.7918
vn -0.5394 -0.8289 -0.1484
vn -0.5642 -0.8092 -0.1639
vn 0.2477 -0.1415 -0.9585
vn 0.2572 -0.1655 -0.9521
vn 0.6883 -0.6383 -0.3447
vn 0.7149 -0.5882 -0.3780
vn -0.9752 0.1051 -0.1946
vn -0.9775 0.0970 -0.1875
vn -0.9279 -0.3416 -0.1497
vn -0.9113 -0.4021 -0.0884
vn 0.2895 -0.5495 -0.7837
vn 0.2200 -0.4253 -0.8779
vn -0.9437 0.2059 -0.2588
vn -0.4871 -0.2659 -0.8319
vn -0.5123 -0.2866 -0.8096
vn -0.6766 0.7361 -0.0185
vn -0.6875 0.7259 -0.0180
vn 0.8836 -0.0905 -0.4595
vn 0.8803 -0.0794 -0.4678
vn 0.4137 -0.3785 -0.8280
vn 0.3387 -0.5176 -0.7857
vn 0.3234 -0.4356 -0.8401
vn -0.7689 -0.6007 -0.2189
vn -0.1448 -0.9737 -0.1758
vn -0.1202 -0.9747 -0.1886
vn 0.1844 -0.1313 -0.9740
vn -0.9613 0.1917 -0.1981
vn 0.8793 -0.1565 -0.4498
vn -0.9175 -0.3964 -0.0321
vn -0.6359 -0.7689 0.0665
vn -0.6059 -0.7900 -0.0938
vn -0.5785 -0.8005 -0.1568
vn -0.5854 0.7163 0.3798
vn -0.7858 0.3737 0.4929
vn -0.7857 0.3714 0.4946
vn 0.3987 -0.2581 -0.8800
vn 0.4208 -0.2441 -0.8737
vn 0.0708 -0.5682 -0.8198
vn -0.0809 -0.6403 -0.7638
vn -0.7668 -0.5651 -0.3044
vn -0.7907 -0.5524 -0.2640
vn -0.5936 0.0083 -0.8047
vn -0.8097 0.5864 -0.0203
vn -0.8525 0.5218 0.0317
vn -0.7992 0.3795 0.4661
vn -0.7944 0.3440 0.5007
vn -0.6434 0.0196 0.7653
vn -0.6733 -0.1192 0.7297
vn -0.5281 0.3838 0.7575
vn 0.8381 -0.2816 -0.4672
vn 0.8703 -0.2758 -0.4080
vn 0.8539 -0.1364 -0.5022
vn -0.4382 0.6043 0.6654
vn -0.1271 -0.9916 0.0224
vn -0.1244 -0.9919 0.0245
vn -0.1594 0.9076 0.3883
vn -0.7517 0.5463 0.3694
vn 0.8925 -0.2743 -0.3581
vn 0.9025 -0.0754 -0.4240
vn 0.8066 -0.5908 0.0216
vn 0.7195 -0.6943 -0.0163
vn -0.4343 -0.8389 0.3280
vn -0.8253 0.4141 0.3839
vn -0.8089 0.3479 0.4739
vn 0.8941 -0.2569 -0.3668
vn 0.8774 -0.3207 -0.3567
vn -0.7058 -0.7006 0.1049
vn -0.3316 -0.9434 0.0057
vn -0.6452 -0.7560 0.1107
vn -0.5751 -0.8011 0.1658
vn -0.4915 0.4670 0.7350
vn -0.5606 0.3977 0.7263
vn -0.1199 0.5878 0.8001
vn -0.3284 0.4501 0.8304
vn 0.2021 -0.4261 -0.8818
vn -0.1081 0.5378 0.8361
vn -0.1232 0.5645 0.8162
vn -0.5168 0.7338 0.4410
vn -0.3882 0.8294 0.4018
vn 0.9864 0.1447 0.0779
vn 0.4955 0.7149 -0.4934
vn 0.4958 0.7124 -0.4967
vn -0.5035 -0.7212 -0.4757
vn -0.6023 -0.7304 -0.3221
vn -0.1825 0.4576 0.8702
vn -0.1194 0.3776 0.9182
vn -0.4184 0.9039 0.0889
vn -0.5098 0.8489 0.1396
vn 0.5341 0.7622 0.3658
vn 0.3499 0.8120 0.4671
vn 0.9803 0.0612 0.1876
vn 0.9743 0.0522 0.2191
vn 0.9776 0.1107 0.1789
vn 0.8062 0.4800 0.3460
vn -0.1017 0.8996 0.4247
vn -0.1086 0.8963 0.4299
vn 0.9744 0.0496 0.2195
vn 0.9692 0.0972 0.2264
vn -0.1324 -0.9663 0.2207
vn -0.1586 -0.9672 0.1985
vn -0.6433 0.7296 -0.2322
vn 0.9780 0.1986 0.0638
vn 0.4600 0.6758 0.5759
vn 0.4428 0.6310 0.6370
vn 0.4807 0.4974 0.7221
vn 0.4260 0.3834 0.8194
vn 0.8796 -0.2196 0.4219
vn 0.9169 -0.1121 0.3830
vn 0.2096 -0.4690 -0.8580
vn 0.2170 -0.4413 -0.8707
vn -0.5186 -0.6719 0.5288
vn -0.8959 -0.4397 0.0630
vn -0.1280 0.9795 0.1554
vn -0.3165 0.4303 0.8454
vn -0.1953 0.3086 0.9309
vn -0.1921 0.8037 0.5631
vn 0.4299 0.2440 0.8693
vn 0.3604 0.3286 0.8730
vn -0.7291 0.0216 0.6841
vn -0.7356 0.0159 0.6773
vn -0.3278 -0.9251 0.1919
vn -0.6115 -0.0107 0.7912
vn -0.5798 -0.7709 0.2635
vn -0.6181 -0.7369 0.2739
vn 0.3629 0.1472 0.9201
vn 0.1400 0.2835 0.9487
vn -0.4193 0.8899 -0.1797
vn -0.1062 0.9815 0.1595
vn -0.1012 0.9809 0.1662
vn 0.7904 0.0968 0.6049
vn 0.2572 0.1274 0.9579
vn -0.4667 -0.8612 -0.2013
vn -0.4392 -0.8560 -0.2727
vn -0.8759 -0.2742 0.3970
vn -0.3963 0.8993 -0.1850
vn -0.0985 0.6588 0.7458
vn -0.2161 0.5590 0.8005
vn -0.9410 -0.1091 0.3205
vn -0.1670 -0.9237 0.3448
vn -0.8425 -0.2947 0.4508
vn 0.0681 -0.7281 -0.6821
vn -0.4518 0.3807 0.8068
vn -0.4443 -0.8937 0.0618
vn -0.4548 -0.8830 0.1160
vn -0.2827 0.9508 -0.1265
vn -0.5873 -0.6798 -0.4393
vn -0.5861 -0.6804 -0.4400
vn -0.6776 -0.2952 0.6736
vn -0.7952 -0.4175 -0.4398
vn -0.4386 -0.5323 -0.7240
vn -0.3169 -0.9334 -0.1684
vn -0.3300 -0.9369 -0.1157
vn -0.7855 -0.0587 0.6161
vn -0.7118 0.0096 0.7023
vn -0.9486 0.0442 0.3133
vn -0.8471 -0.2479 0.4701
vn -0.5136 -0.2929 -0.8065
vn -0.3265 -0.6827 -0.6537
vn -0.3558 -0.8379 -0.4140
vn -0.4073 -0.8303 -0.3806
vn 0.5250 0.0296 -0.8506
vn -0.1059 0.9853 -0.1340
vn -0.0568 0.9828 -0.1760
vn 0.1545 -0.7712 -0.6175
vn 0.1313 -0.7741 -0.6193
vn -0.9391 -0.1343 -0.3164
vn -0.5368 0.4767 0.6962
vn -0.6296 0.3863 0.6741
vn -0.6783 0.1782 0.7128
vn -0.8209 -0.1383 0.5541
vn -0.9385 -0.1583 0.3069
vn -0.7884 -0.2135 0.5769
vn -0.7655 -0.1393 0.6282
vn -0.7670 0.6415 0.0148
vn -0.7805 0.6249 0.0177
vn -0.6202 -0.7552 -0.2123
vn -0.6292 -0.7460 -0.2183
vn -0.2665 -0.8957 -0.3558
vn 0.5260 0.0288 -0.8500
vn 0.5781 0.0625 -0.8136
vn -0.3021 -0.7248 0.6192
vn -0.8642 -0.4807 -0.1484
vn -0.8720 -0.4698 -0.1376
vn -0.9212 -0.3621 0.1423
vn -0.2898 -0.6264 -0.7237
vn -0.9530 -0.0161 0.3025
vn -0.2789 0.6170 0.7359
vn -0.3562 0.5769 0.7350
vn -0.3737 -0.8914 -0.2563
vn -0.5765 -0.1559 -0.8021
vn -0.9551 -0.1675 -0.2442
vn -0.2135 -0.9522 -0.2184
vn 0.3891 -0.2771 -0.8786
vn -0.1819 -0.4562 -0.8711
vn -0.9818 0.1632 -0.0967
vn -0.6772 0.5252 0.5154
vn -0.9228 -0.0414 -0.3830
vn -0.4669 -0.8842 -0.0155
vn -0.4898 -0.8711 0.0346
vn -0.9552 -0.0251 0.2950
vn -0.2410 0.3977 -0.8853
vn -0.5742 -0.1344 -0.8076
vn -0.2549 -0.4103 -0.8756
vn -0.9728 -0.2183 -0.0774
vn -0.9907 -0.1361 -0.0031
vn -0.2381 -0.2295 -0.9437
vn -0.2674 -0.2733 -0.9240
vn -0.9580 -0.2216 0.1822
vn -0.5912 -0.8050 0.0490
vn -0.5054 -0.8599 0.0721
vn -0.2165 -0.4540 -0.8643
vn -0.2512 -0.4215 -0.8713
vn -0.9720 -0.0775 0.2217
vn -0.2262 -0.9649 -0.1335
vn -0.9021 0.2229 0.3696
vn -0.8968 0.2649 0.3543
vn -0.8079 -0.5549 0.1982
vn -0.8112 -0.5463 0.2087
vn -0.6887 -0.5590 0.4618
vn -0.7224 0.1043 0.6836
vn -0.1319 -0.2511 -0.9589
vn -0.2482 -0.9605 -0.1256
vn -0.2201 -0.9686 -0.1153
vn -0.2108 0.0370 -0.9768
vn -0.2415 -0.9666 -0.0861
vn -0.6672 0.1703 0.7251
vn -0.6883 0.1511 0.7095
vn 0.4740 -0.4398 -0.7628
vn -0.6228 0.3820 0.6828
vn -0.7100 0.2832 0.6448
vn -0.9502 -0.0847 0.3000
vn -0.9533 0.0303 0.3006
vn -0.3377 -0.2144 0.9165
vn -0.3414 -0.2068 0.9169
vn -0.7634 0.1618 0.6254
vn -0.7106 -0.5057 0.4893
vn -0.7006 -0.5589 0.4436
vn -0.2582 0.0754 -0.9631
vn -0.9845 0.1410 -0.1039
vn -0.8424 -0.4880 0.2285
vn -0.9386 -0.2249 0.2617
vn -0.9927 0.1014 0.0658
vn -0.9909 0.1118 0.0745
vn -0.9191 -0.2420 0.3109
vn -0.9191 -0.2433 0.3098
vn -0.1242 -0.2795 -0.9521
vn 0.4838 0.6970 -0.5293
vn 0.4887 0.7741 -0.4025
vn -0.7352 0.0538 0.6757
vn -0.1911 0.0113 0.9815
vn -0.9586 0.2746 0.0757
vn -0.1845 0.9162 0.3558
vn -0.2042 0.9096 0.3619
vn -0.6649 0.2204 0.7137
vn -0.6699 0.2452 0.7008
vn -0.4868 -0.7096 0.5094
vn -0.8385 0.1584 0.5213
vn -0.9264 -0.0022 0.3766
vn -0.8964 0.0865 0.4348
vn -0.1859 -0.9814 0.0478
vn -0.1909 -0.9814 0.0226
vn -0.7572 -0.1454 0.6368
vn -0.7992 -0.2848 0.5293
vn -0.1952 0.0770 -0.9777
vn -0.7245 -0.0749 0.6852
vn -0.7219 -0.0679 0.6887
vn -0.7216 0.6597 -0.2100
vn -0.7754 0.6145 -0.1458
vn -0.9492 0.2859 0.1316
vn -0.9585 0.2455 0.1450
vn -0.9543 0.2892 0.0752
vn -0.4515 -0.8752 0.1739
vn -0.3583 -0.9193 0.1631
vn 0.6401 0.2793 -0.7157
vn -0.6997 -0.4036 0.5895
vn -0.6936 -0.3203 0.6452
vn -0.7164 -0.5804 0.3872
vn -0.7489 -0.4567 0.4801
vn -0.1471 -0.9883 0.0411
vn -0.1914 -0.9800 0.0552
vn -0.6061 -0.6940 0.3886
vn -0.4685 -0.8833 -0.0167
vn -0.1815 -0.9659 0.1849
vn -0.2375 -0.9455 0.2226
vn -0.2457 -0.9530 0.1773
vn -0.7303 0.2492 0.6361
vn -0.8524 0.2338 0.4677
vn -0.7991 -0.3186 0.5099
vn -0.8032 -0.3479 0.4836
vn -0.8550 0.1893 0.4828
vn -0.8556 0.1936 0.4801
vn -0.2042 -0.4202 0.8842
vn -0.6395 0.2340 0.7323
vn -0.7043 0.1767 0.6875
vn -0.8112 -0.0222 0.5843
vn -0.7776 0.0230 0.6283
vn -0.9606 0.2385 0.1424
vn -0.9579 0.2534 0.1350
vn -0.4342 -0.7046 0.5612
vn -0.4463 -0.7864 0.4272
vn -0.1438 -0.9869 0.0731
vn -0.1469 -0.9867 0.0695
vn -0.0659 -0.9768 0.2040
vn -0.0770 -0.9811 0.1775
vn -0.8764 0.0485 0.4792
vn -0.6269 -0.6975 0.3470
vn -0.1829 -0.9806 0.0707
vn -0.7518 -0.0041 0.6593
vn -0.8823 0.0992 0.4600
vn 0.5183 0.3645 0.7737
vn -0.6889 0.2383 0.6846
vn -0.7193 0.2229 0.6579
vn -0.9004 0.3639 -0.2384
vn -0.5402 -0.5029 0.6747
vn -0.5459 -0.5506 0.6315
vn 0.4647 0.6747 0.5734
vn -0.6166 -0.7383 0.2732
vn 0.0059 -0.9967 -0.0813
vn 0.5337 0.7577 -0.3757
vn 0.5583 0.7998 -0.2205
vn -0.9350 0.3094 0.1731
vn -0.7877 0.1683 0.5926
vn -0.7594 0.1844 0.6239
vn -0.6302 0.1386 0.7640
vn -0.6140 0.1486 0.7752
vn -0.6487 0.1288 0.7501
vn -0.0840 -0.9935 0.0769
vn -0.0563 -0.9967 0.0584
vn -0.1901 -0.9618 0.1971
vn -0.1974 -0.9631 0.1828
vn -0.8481 0.0692 0.5253
vn -0.9418 0.0558 0.3316
vn -0.5897 -0.2637 0.7634
vn -0.5891 -0.2595 0.7653
vn -0.1203 0.8805 0.4584
vn -0.0583 0.8916 0.4490
vn -0.7421 0.1463 0.6541
vn -0.7270 0.1586 0.6681
vn 0.0268 -0.6191 0.7849
vn -0.8994 0.3406 0.2739
vn -0.2193 0.8854 0.4099
vn -0.4880 0.6104 0.6239
vn 0.0699 -0.9816 -0.1774
vn -0.9165 0.3882 0.0965
vn -0.5416 0.1140 0.8328
vn -0.5685 0.0961 0.8170
vn 0.0557 -0.9895 -0.1331
vn -0.0610 -0.9956 0.0713
vn -0.1167 -0.9930 -0.0204
vn 0.1149 -0.9933 0.0086
vn -0.4219 -0.7379 0.5268
vn -0.4975 -0.5232 0.6919
vn 0.5032 0.6482 -0.5715
vn 0.6567 0.7380 -0.1555
vn 0.7018 0.7108 -0.0472
vn -0.1216 -0.9727 0.1978
vn 0.0454 -0.9916 -0.1209
vn -0.5801 -0.1372 0.8029
vn -0.5264 0.1700 0.8331
vn -0.3436 -0.8126 0.4708
vn -0.3581 -0.8594 0.3650
vn -0.2793 0.6077 0.7434
vn -0.3301 0.4039 0.8532
vn -0.5334 0.1099 0.8387
vn -0.8916 0.4196 0.1704
vn -0.2631 -0.3688 0.8915
vn -0.2925 0.6527 0.6989
vn -0.9169 0.3574 0.1778
vn -0.8916 0.4289 0.1456
vn -0.0953 0.5541 -0.8270
vn -0.1205 0.5223 -0.8442
vn -0.5165 -0.5592 0.6485
vn -0.5207 -0.5951 0.6121
vn -0.3855 -0.1403 0.9120
vn -0.3513 -0.0424 0.9353
vn -0.7240 0.6704 0.1622
vn -0.1937 -0.8918 0.4089
vn -0.1986 -0.8944 0.4007
vn 0.3381 0.7830 -0.5221
vn -0.2270 0.6577 0.7182
vn -0.5986 -0.2566 0.7588
vn -0.5735 -0.3378 0.7463
vn -0.6141 0.7732 0.1582
vn -0.5824 0.7757 0.2432
vn -0.4041 0.5991 0.6912
vn -0.4086 0.5873 0.6987
vn -0.0255 -0.9886 -0.1482
vn 0.2193 -0.9256 -0.3086
vn -0.2690 -0.6427 0.7174
vn -0.3289 -0.7386 0.5884
vn -0.1591 -0.9872 0.0131
vn -0.3194 -0.8933 0.3162
vn 0.0589 -0.9954 -0.0758
vn -0.4820 -0.5235 0.7026
vn -0.6006 -0.1214 0.7902
vn 0.3131 0.9246 -0.2170
vn -0.5141 0.1714 0.8404
vn -0.5205 0.3336 0.7860
vn -0.3389 0.4024 0.8504
vn -0.4449 0.5578 0.7007
vn -0.2139 0.9764 -0.0286
vn -0.1802 -0.0303 0.9832
vn -0.3391 0.3994 0.8517
vn -0.1795 0.6622 0.7275
vn -0.4034 -0.3494 0.8457
vn -0.3696 -0.4387 0.8191
vn -0.3504 -0.4893 0.7986
vn -0.6246 0.7154 0.3131
vn -0.6446 0.7093 0.2852
vn 0.2666 0.9163 -0.2989
vn -0.7080 0.4156 0.5709
vn -0.6913 0.3887 0.6091
vn -0.3474 0.5855 0.7325
vn -0.1200 0.6289 0.7682
vn -0.1117 0.7029 0.7024
vn -0.7017 0.2760 0.6568
vn -0.7127 0.2796 0.6433
vn -0.3404 0.3988 0.8515
vn -0.2994 -0.8987 0.3204
vn -0.1863 -0.9732 0.1348
vn 0.1154 -0.7919 -0.5996
vn -0.4862 -0.1068 0.8673
vn -0.4167 -0.3665 0.8319
vn -0.5130 0.5205 0.6826
vn -0.4678 0.5005 0.7285
vn -0.5072 0.1031 -0.8556
vn -0.4511 -0.5126 0.7306
vn -0.2853 0.3718 0.8834
vn 0.1008 0.6932 0.7137
vn 0.0283 -0.8141 -0.5801
vn 0.0818 -0.8665 -0.4924
vn -0.5393 0.4532 0.7098
vn -0.5145 0.3120 0.7987
vn -0.9240 -0.1447 -0.3539
vn -0.2377 -0.3966 0.8867
vn -0.2552 -0.3504 0.9012
vn -0.6356 -0.4643 0.6168
vn -0.6116 0.3324 0.7179
vn -0.5763 0.3127 0.7551
vn -0.3519 0.2140 0.9112
vn -0.2096 0.2475 0.9460
vn -0.5683 0.7549 0.3275
vn -0.4675 0.7655 0.4421
vn 0.0226 0.2899 -0.9568
vn 0.0116 0.2944 -0.9556
vn -0.6850 -0.0321 0.7278
vn -0.6148 -0.0990 0.7825
vn -0.4536 0.3513 0.8191
vn -0.0286 0.9996 0.0052
vn -0.0990 0.9950 -0.0105
vn -0.4373 0.1048 0.8932
vn -0.4163 0.3018 0.8577
vn -0.2092 0.3075 0.9283
vn -0.2252 0.2924 0.9294
vn -0.7092 0.7025 -0.0595
vn -0.4704 0.0252 0.8821
vn -0.2588 0.9183 -0.2996
vn 0.6108 0.5034 -0.6112
vn 0.5801 0.5180 -0.6287
vn -0.2184 0.0009 0.9759
vn -0.2304 -0.0057 0.9731
vn -0.4214 0.2929 0.8583
vn -0.4688 0.0214 0.8830
vn -0.4345 0.1595 0.8864
vn -0.2338 0.7756 0.5863
vn -0.0476 0.9795 -0.1957
vn 0.0559 0.9915 0.1178
vn 0.8225 0.5635 0.0775
vn 0.8523 0.5023 0.1459
vn -0.2795 0.0715 0.9575
vn -0.8721 0.4545 -0.1812
vn -0.3492 0.6368 -0.6874
vn -0.3736 0.7457 0.5517
vn -0.2791 0.0669 0.9579
vn -0.1542 0.8854 0.4384
vn -0.0923 0.8026 0.5893
vn 0.0054 -1.0000 0.0079
vn 0.0067 -0.9999 0.0120
vn 0.8604 0.2207 0.4594
vn -0.3164 0.4803 -0.8181
vn -0.5668 0.1379 -0.8122
vn 0.6658 0.7386 -0.1057
vn 0.6617 0.7443 -0.0902
vn -0.0997 0.8297 0.5492
vn -0.1058 0.8140 0.5712
vn -0.9785 0.2058 0.0141
vn -0.9818 0.1897 -0.0037
vn -0.8980 -0.1160 0.4244
vn 0.5477 0.7773 0.3096
vn -0.5027 0.2295 0.8334
vn 0.9194 0.1682 -0.3555
vn 0.9671 0.1441 0.2097
vn -0.3188 -0.9348 0.1563
vn -0.0769 -0.9966 0.0290
vn 0.8553 0.2659 0.4447
vn -0.6924 0.2615 -0.6725
vn -0.6681 0.1108 -0.7357
vn -0.5309 0.1740 -0.8294
vn -0.5362 0.0361 -0.8433
vn -0.5420 0.2089 0.8140
vn 0.4330 0.0809 0.8977
vn 0.5874 0.1137 0.8013
vn -0.5427 0.7395 0.3983
vn 0.9207 0.1718 -0.3505
vn -0.2528 0.5598 -0.7891
vn -0.5913 0.5633 -0.5771
vn -0.4394 0.7760 -0.4525
vn 0.7477 -0.4061 -0.5254
vn -0.6842 -0.7292 -0.0034
vn -0.0032 -0.9988 -0.0492
vn 0.9755 0.0309 0.2179
vn 0.5570 -0.6938 0.4565
vn 0.9692 0.1423 -0.2011
vn 0.9784 0.1068 -0.1772
vn -0.1889 0.8074 0.5590
vn -0.1867 0.8060 0.5617
vn -0.9969 0.0790 -0.0001
vn -0.8329 0.3284 -0.4454
vn -0.8519 0.2074 -0.4809
vn -0.9049 0.1615 0.3938
vn -0.8929 0.1777 0.4136
vn -0.6646 0.1119 -0.7388
vn -0.9251 0.1704 -0.3393
vn -0.9072 0.0713 -0.4145
vn -0.6035 -0.1105 -0.7897
vn 0.0613 -0.7518 0.6566
vn 0.0537 -0.7704 0.6353
vn 0.8387 -0.2801 -0.4671
vn -0.8479 -0.4493 -0.2815
vn 0.9715 0.1101 -0.2098
vn 0.9743 0.1028 -0.2003
vn -0.3513 0.1467 0.9247
vn 0.1123 0.0405 0.9929
vn 0.3057 0.7329 0.6078
vn 0.0521 -0.4455 -0.8938
vn 0.2966 0.7622 0.5755
vn 0.6473 0.2143 0.7315
vn 0.0428 -0.4631 -0.8853
vn 0.6264 0.2307 0.7446
vn 0.1592 -0.7576 0.6330
vn -0.7221 0.6099 0.3265
vn -0.7467 0.6017 0.2836
vn -0.6833 0.7293 0.0342
vn -0.6420 0.7661 0.0314
vn 0.8218 0.0098 -0.5696
vn 0.8473 -0.0479 -0.5290
vn -0.6630 -0.7369 -0.1319
vn -0.9016 -0.4316 0.0274
vn -0.9638 -0.1930 -0.1841
vn -0.2243 -0.9037 0.3647
vn -0.9277 0.2565 -0.2712
vn -0.9120 0.3268 -0.2478
vn 0.2180 -0.2928 -0.9310
vn 0.8055 -0.0055 -0.5925
vn 0.8219 -0.0271 -0.5690
vn -0.9525 0.2471 -0.1782
vn 0.2295 -0.1604 -0.9600
vn 0.2230 -0.1527 -0.9628
vn -0.9547 0.2902 -0.0657
vn -0.9872 0.1570 0.0274
vn -0.8968 -0.4379 -0.0630
vn -0.9386 -0.3436 -0.0317
vn -0.9508 0.2124 0.2255
vn -0.9952 0.0654 0.0731
vn -0.2830 -0.1316 -0.9500
vn -0.2475 -0.0828 -0.9653
vn 0.2488 -0.1200 -0.9611
vn 0.2291 -0.1056 -0.9677
vn -0.7889 0.0176 -0.6143
vn -0.7563 0.0875 -0.6484
vn -0.9298 0.3347 -0.1532
vn -0.9325 0.3223 -0.1628
vn -0.9863 0.0403 -0.1599
vn -0.9964 -0.0394 -0.0754
vn -0.5122 -0.8561 -0.0687
vn -0.1906 -0.1250 -0.9737
vn -0.2477 -0.0738 -0.9660
vn -0.7592 -0.0470 -0.6492
vn -0.7901 -0.0971 -0.6053
vn -0.9354 -0.3428 -0.0870
vn -0.9553 -0.2920 -0.0458
vn -0.9420 0.3270 0.0755
vn -0.9383 0.3390 0.0678
vn -0.9563 -0.2907 0.0312
vn -0.9602 -0.2783 0.0233
vn -0.8522 0.3079 0.4231
vn -0.8606 0.2666 0.4340
vn -0.7299 0.1537 0.6660
vn -0.9522 -0.2759 0.1312
vn -0.8676 -0.4619 0.1838
vn -0.8820 -0.1066 0.4591
vn -0.8159 -0.4770 0.3269
vn -0.7452 -0.5695 0.3470
vn 0.1483 0.5505 0.8215
vn 0.6101 -0.1088 0.7848
vn 0.3691 0.4505 0.8129
vn 0.4192 0.4534 0.7866
vn -0.9284 0.3494 0.1268
vn -0.5537 -0.0700 0.8297
vn 0.5340 0.2119 0.8185
vn 0.5626 0.2001 0.8021
vn 0.9505 0.0361 0.3087
vn 0.2489 0.7305 0.6359
vn 0.2150 0.7402 0.6371
vn -0.4767 0.4220 0.7712
vn 0.7197 0.3201 0.6161
vn 0.4900 0.5562 0.6713
vn 0.9742 0.1210 -0.1903
vn -0.5284 0.2260 0.8183
vn -0.5392 0.2203 0.8129
vn -0.1890 0.8187 0.5423
vn 0.9988 -0.0490 -0.0055
vn 0.9939 -0.1095 0.0103
vn -0.9484 0.2349 -0.2128
vn -0.9795 0.1788 0.0924
vn 0.5733 -0.5509 0.6065
vn 0.3482 0.3055 0.8862
vn -0.8239 -0.0331 0.5658
vn -0.3185 -0.1545 0.9352
vn -0.6814 -0.5831 0.4424
vn -0.7577 0.5545 -0.3442
vn -0.3361 0.0510 -0.9405
vn -0.2543 0.9237 -0.2866
vn 0.9825 0.1688 0.0784
vn -0.0873 -0.9851 0.1483
vn -0.0544 0.9102 0.4107
vn -0.0949 0.9235 0.3717
vn -0.1780 -0.0987 -0.9791
vn -0.2481 -0.4347 0.8658
vn -0.5436 -0.3988 0.7386
vn 0.5099 -0.4301 -0.7450
vn -0.3276 -0.6574 0.6786
vn 0.1589 0.0434 -0.9863
vn -0.2992 -0.5883 0.7513
vn 0.4231 0.1796 -0.8881
vn -0.3582 -0.9251 0.1258
vn 0.1741 -0.3237 -0.9300
vn -0.1659 -0.6161 0.7700
vn 0.3500 0.3239 -0.8790
vn 0.3768 0.2048 -0.9034
vn -0.4168 -0.6196 0.6651
vn 0.3028 0.3374 -0.8913
vn -0.6006 -0.0705 0.7964
vn -0.4933 -0.2131 0.8434
vn -0.4994 -0.7302 0.4663
vn -0.1866 -0.1692 0.9678
vn -0.2316 -0.4141 0.8803
vn -0.8274 -0.2631 0.4962
vn -0.4288 -0.7372 0.5222
vn -0.1149 -0.8898 0.4417
vn -0.1120 -0.8754 0.4703
vn 0.4487 0.3399 0.8265
vn 0.3920 0.2183 0.8937
vn -0.9165 -0.1117 0.3841
vn 0.5288 0.5393 -0.6554
vn 0.5178 0.7179 -0.4653
vn -0.2429 0.7017 -0.6698
vn -0.1513 0.6264 -0.7647
vn -0.6477 0.4488 -0.6158
vn 0.6652 0.6657 0.3381
vn 0.7381 0.6694 0.0838
vn 0.1657 0.0790 -0.9830
vn 0.3193 0.0128 -0.9476
vn -0.0719 0.3354 -0.9393
vn 0.1993 0.1817 -0.9629
vn 0.1361 0.1173 -0.9837
vn -0.5858 -0.7161 0.3795
vn -0.5746 -0.7052 0.4153
vn -0.3884 -0.1523 0.9088
vn -0.3911 -0.1856 0.9014
vn 0.0229 0.6622 0.7490
vn -0.0103 0.6348 0.7726
vn 0.2294 0.9211 0.3147
vn 0.2342 0.9223 0.3075
vn 0.4168 0.8198 -0.3926
vn 0.3961 0.7972 -0.4556
vn 0.4345 0.2416 -0.8676
vn 0.2426 0.1602 -0.9568
vn -0.3306 -0.1770 0.9270
vn -0.3343 -0.1806 0.9250
vn -0.5445 -0.7073 0.4508
vn -0.5684 -0.7275 0.3842
vn 0.1203 0.1243 -0.9849
vn 0.1178 0.1014 -0.9878
vn 0.4341 0.8120 -0.3901
vn 0.4394 0.7958 -0.4166
vn 0.3652 0.8660 0.3416
vn 0.3578 0.8642 0.3537
vn 0.2315 0.6664 0.7088
vn 0.1463 0.6094 0.7793
vn 0.3397 0.3553 -0.8708
vn 0.3218 0.1900 -0.9276
vn -0.2519 -0.5135 -0.8203
vn -0.2440 -0.5050 -0.8279
vn -0.5125 -0.8188 -0.2587
vn -0.4939 -0.7880 -0.3676
vn -0.4707 -0.8442 -0.2564
vn -0.2193 -0.5297 -0.8194
vn -0.5103 -0.7515 0.4181
vn 0.1430 0.0889 -0.9857
vn 0.0978 -0.1013 -0.9900
vn -0.4522 -0.8778 0.1580
vn -0.8438 -0.2186 0.4901
vn -0.7224 -0.3329 0.6060
vn -0.1327 -0.8465 -0.5156
vn -0.4457 -0.4859 0.7519
vn 0.3076 0.2927 -0.9054
vn 0.2704 0.2136 -0.9388
vn -0.2376 -0.5287 0.8149
vn -0.4623 -0.4799 0.7456
vn 0.4199 0.2777 -0.8641
vn 0.1455 0.3710 -0.9172
vn 0.2173 0.3320 -0.9179
vn 0.2186 0.2855 -0.9331
vn 0.2324 0.2304 -0.9449
vn 0.2710 0.2143 -0.9384
vn -0.2056 -0.5900 0.7808
vn -0.2236 -0.6901 0.6883
vn -0.1354 -0.7451 0.6530
vn -0.1183 -0.7241 0.6795
vn -0.5356 -0.7666 0.3542
vn 0.0894 -0.8139 0.5741
vn 0.4665 -0.8531 0.2335
vn 0.2917 0.1393 -0.9463
vn 0.6018 -0.2754 -0.7497
vn -0.7681 0.4095 0.4923
vn -0.6579 0.7461 -0.1024
vn -0.4941 0.4535 0.7418
vn -0.5310 -0.2786 -0.8003
vn -0.3287 -0.6373 -0.6970
vn 0.4136 -0.2956 -0.8612
vn -0.8260 0.5415 0.1566
vn -0.8294 0.0947 0.5505
vn -0.9580 0.2820 0.0527
vn -0.9450 -0.0838 -0.3162
vn -0.8262 -0.0165 0.5631
vn 0.2281 -0.1022 -0.9683
vn 0.1351 -0.4121 -0.9011
vn 0.4229 0.1511 -0.8935
vn 0.1710 0.8177 0.5497
vn 0.8533 0.4711 0.2233
vn -0.7116 0.3317 0.6194
vn -0.9038 0.1271 0.4086
vn 0.2585 -0.1426 -0.9554
vn -0.5841 -0.3872 -0.7134
vn -0.5905 0.5681 -0.5733
vn -0.5865 -0.1000 -0.8038
vn -0.6645 0.2336 0.7098
vn -0.6631 0.2273 0.7132
vn -0.4904 0.3254 0.8085
vn 0.9527 0.1731 0.2499
vn 0.6112 0.7129 0.3439
vn -0.5185 0.7500 0.4107
vn -0.4964 0.3929 -0.7741
vn -0.3307 0.5029 -0.7986
vn -0.8136 0.3662 -0.4516
vn -0.3246 -0.9271 -0.1876
vn -0.2345 -0.7890 0.5679
vn -0.3378 -0.1721 0.9254
vn -0.7287 0.0169 0.6846
vn -0.1068 -0.9755 0.1924
vn -0.2513 -0.9669 0.0450
vn -0.4408 -0.4272 0.7894
vn -0.2189 -0.9273 -0.3037
vn -0.3569 -0.9306 -0.0810
vn -0.4757 -0.8294 0.2928
vn -0.7795 0.5198 0.3495
vn -0.9978 0.0016 -0.0659
vn -0.0316 0.4125 -0.9104
vn 0.4973 0.2541 -0.8295
vn -0.1402 0.3994 -0.9060
vn -0.8436 -0.2175 0.4910
vn -0.1620 -0.5754 0.8017
vn -0.6012 0.3808 0.7026
vn -0.5782 -0.8159 0.0098
vn -0.6619 -0.1056 0.7421
vn -0.6185 0.3950 0.6793
vn -0.3526 0.1120 0.9291
vn -0.2505 -0.0240 0.9678
vn -0.0913 -0.0122 -0.9958
vn -0.0472 0.0032 -0.9989
vn -0.8067 -0.3755 -0.4563
vn -0.8488 0.2863 0.4444
vn -0.1137 0.8832 0.4549
vn -0.2478 0.9676 -0.0484
vn -0.3797 0.9190 0.1060
vn -0.0818 0.8773 -0.4730
vn -0.1462 0.7356 0.6615
vn -0.2364 0.8767 0.4188
vn -0.2969 0.8136 0.5000
vn -0.1045 0.9934 -0.0481
vn -0.1962 0.8092 -0.5538
vn 0.1456 -0.9640 -0.2226
vn -0.1456 -0.9640 -0.2226
vn 0.5394 -0.8255 -0.1664
vn -0.5394 -0.8255 -0.1664
vn 0.4030 0.2063 0.8916
vn 0.3382 0.1786 0.9240
vn 0.2879 0.1253 0.9494
vn 0.2598 0.0546 0.9641
vn 0.2582 -0.0230 0.9658
vn 0.2834 -0.0954 0.9542
vn 0.3314 -0.1518 0.9312
vn 0.3951 -0.1834 0.9002
vn 0.4646 -0.1856 0.8659
vn 0.5294 -0.1579 0.8335
vn 0.5797 -0.1047 0.8081
vn 0.6078 -0.0339 0.7934
vn 0.6094 0.0436 0.7917
vn 0.5842 0.1161 0.8033
vn 0.5362 0.1724 0.8263
vn 0.4725 0.2041 0.8573
vn 0.2786 0.5638 0.7775
vn 0.0949 0.4854 0.8691
vn -0.0475 0.3345 0.9412
vn -0.1270 0.1340 0.9828
vn -0.1315 -0.0856 0.9876
vn -0.0603 -0.2908 0.9549
vn 0.0758 -0.4505 0.8896
vn 0.2561 -0.5402 0.8017
vn 0.4530 -0.5463 0.7045
vn 0.6367 -0.4680 0.6129
vn 0.7791 -0.3170 0.5408
vn 0.8586 -0.1165 0.4992
vn 0.8631 0.1031 0.4944
vn 0.7919 0.3083 0.5272
vn 0.6558 0.4679 0.5925
vn 0.4756 0.5576 0.6804
vn 0.1131 0.8303 0.5457
vn -0.1598 0.7139 0.6818
vn -0.3713 0.4897 0.7889
vn -0.4894 0.1918 0.8507
vn -0.4961 -0.1344 0.8578
vn -0.3903 -0.4392 0.8092
vn -0.1882 -0.6763 0.7121
vn 0.0796 -0.8096 0.5815
vn 0.3722 -0.8187 0.4372
vn 0.6450 -0.7023 0.3012
vn 0.8566 -0.4781 0.1941
vn 0.9747 -0.1803 0.1323
vn 0.9813 0.1459 0.1251
vn 0.8755 0.4508 0.1738
vn 0.6734 0.6879 0.2708
vn 0.4056 0.8212 0.4014
vn -0.0672 0.9696 0.2353
vn -0.0673 0.9696 0.2353
vn -0.3874 0.8330 0.3950
vn -0.6357 0.5699 0.5207
vn -0.7743 0.2203 0.5932
vn -0.7821 -0.1624 0.6016
vn -0.6580 -0.5202 0.5445
vn -0.4207 -0.7984 0.4307
vn -0.1066 -0.9548 0.2774
vn 0.2368 -0.9655 0.1080
vn 0.5569 -0.8290 -0.0516
vn 0.8052 -0.5659 -0.1773
vn 0.9438 -0.2163 -0.2498
vn 0.9516 0.1665 -0.2582
vn 0.8275 0.5242 -0.2011
vn 0.5903 0.8025 -0.0873
vn 0.2761 0.9589 0.0660
vn -0.4030 0.2063 0.8916
vn -0.3382 0.1786 0.9240
vn -0.2879 0.1253 0.9494
vn -0.2598 0.0545 0.9641
vn -0.2582 -0.0230 0.9658
vn -0.2834 -0.0954 0.9542
vn -0.3314 -0.1518 0.9312
vn -0.3951 -0.1834 0.9002
vn -0.4646 -0.1856 0.8659
vn -0.5294 -0.1579 0.8335
vn -0.5797 -0.1047 0.8081
vn -0.6078 -0.0339 0.7934
vn -0.6094 0.0436 0.7917
vn -0.5842 0.1161 0.8033
vn -0.5362 0.1724 0.8263
vn -0.4725 0.2041 0.8573
vn -0.2786 0.5638 0.7775
vn -0.0950 0.4854 0.8691
vn -0.0949 0.4854 0.8691
vn 0.0475 0.3345 0.9412
vn 0.1270 0.1340 0.9828
vn 0.1315 -0.0856 0.9876
vn 0.0603 -0.2908 0.9549
vn -0.0758 -0.4505 0.8896
vn -0.2561 -0.5402 0.8017
vn -0.4530 -0.5463 0.7045
vn -0.6367 -0.4680 0.6129
vn -0.7791 -0.3170 0.5408
vn -0.8586 -0.1165 0.4992
vn -0.8631 0.1031 0.4944
vn -0.7919 0.3083 0.5272
vn -0.6558 0.4679 0.5925
vn -0.4756 0.5576 0.6804
vn -0.1131 0.8303 0.5457
vn 0.1598 0.7139 0.6818
vn 0.3713 0.4897 0.7889
vn 0.4894 0.1918 0.8507
vn 0.4961 -0.1344 0.8578
vn 0.3903 -0.4392 0.8092
vn 0.1881 -0.6763 0.7121
vn 0.1882 -0.6763 0.7121
vn -0.0796 -0.8096 0.5815
vn -0.3721 -0.8187 0.4372
vn -0.6450 -0.7023 0.3012
vn -0.8566 -0.4781 0.1941
vn -0.9747 -0.1803 0.1323
vn -0.9813 0.1459 0.1251
vn -0.8755 0.4508 0.1738
vn -0.6734 0.6879 0.2708
vn -0.4056 0.8212 0.4014
vn 0.0672 0.9696 0.2353
vn 0.3874 0.8330 0.3950
vn 0.6357 0.5699 0.5207
vn 0.7743 0.2203 0.5932
vn 0.7821 -0.1624 0.6016
vn 0.6580 -0.5202 0.5445
vn 0.4207 -0.7984 0.4307
vn 0.4207 -0.7984 0.4306
vn 0.1066 -0.9548 0.2774
vn -0.2368 -0.9655 0.1080
vn -0.5569 -0.8290 -0.0516
vn -0.8052 -0.5659 -0.1773
vn -0.9438 -0.2163 -0.2498
vn -0.9516 0.1665 -0.2582
vn -0.8275 0.5242 -0.2011
vn -0.5903 0.8025 -0.0873
vn -0.2761 0.9589 0.0660
vt 0.179243 0.494655
vt 0.152668 0.459227
vt 0.169949 0.448297
vt 0.154941 0.430475
vt 0.132566 0.417772
vt 0.150274 0.391993
vt 0.171149 0.403575
vt 0.654396 0.886610
vt 0.678068 0.925607
vt 0.669260 0.932518
vt 0.632123 0.885039
vt 0.600505 0.719030
vt 0.578839 0.706149
vt 0.617920 0.673400
vt 0.634547 0.689440
vt 0.637835 0.786400
vt 0.629465 0.817739
vt 0.600993 0.812927
vt 0.605305 0.773951
vt 0.655737 0.842375
vt 0.623974 0.840950
vt 0.660118 0.817617
vt 0.127788 0.384438
vt 0.144702 0.342967
vt 0.172376 0.349328
vt 0.026474 0.364855
vt 0.023504 0.336848
vt 0.040020 0.335073
vt 0.042246 0.364839
vt 0.185547 0.451917
vt 0.578711 0.761705
vt 0.625692 0.732191
vt 0.049681 0.334466
vt 0.037264 0.296850
vt 0.059071 0.292875
vt 0.613317 0.852449
vt 0.170539 0.434095
vt 0.187448 0.414847
vt 0.019820 0.300022
vt 0.556133 0.748265
vt 0.575546 0.787616
vt 0.593698 0.826273
vt 0.078691 0.280122
vt 0.052150 0.251226
vt 0.071575 0.247367
vt 0.193448 0.376025
vt 0.399908 0.820840
vt 0.403492 0.828368
vt 0.375154 0.836344
vt 0.373751 0.827951
vt 0.031948 0.256680
vt 0.431273 0.804000
vt 0.437270 0.811005
vt 0.565731 0.803830
vt 0.095205 0.244661
vt 0.101483 0.272849
vt 0.409251 0.852145
vt 0.379905 0.861055
vt 0.151585 0.303934
vt 0.182814 0.308601
vt 0.549027 0.771565
vt 0.445183 0.832835
vt 0.014269 0.258472
vt 0.197933 0.403589
vt 0.347231 0.830753
vt 0.346069 0.839557
vt 0.065738 0.214859
vt 0.046282 0.215461
vt 0.412376 0.868713
vt 0.382375 0.876356
vt 0.452575 0.792332
vt 0.458181 0.798791
vt 0.127643 0.243000
vt 0.130025 0.270458
vt 0.542352 0.789320
vt 0.027627 0.216929
vt 0.092028 0.213812
vt 0.448375 0.856968
vt 0.446657 0.845086
vt 0.349912 0.864239
vt 0.413182 0.887333
vt 0.384446 0.898170
vt 0.469685 0.824506
vt 0.464985 0.809822
vt 0.151587 0.284612
vt 0.447034 0.872878
vt 0.206654 0.343394
vt 0.009771 0.218835
vt 0.413727 0.903937
vt 0.385824 0.915362
vt 0.063283 0.185946
vt 0.043876 0.184519
vt 0.351251 0.878732
vt 0.413530 0.921601
vt 0.386200 0.931449
vt 0.603926 0.871676
vt 0.600938 0.877872
vt 0.587410 0.866755
vt 0.591674 0.861866
vt 0.446186 0.888780
vt 0.124393 0.211670
vt 0.026780 0.184112
vt 0.151000 0.241669
vt 0.151964 0.270084
vt 0.462391 0.841395
vt 0.092924 0.188126
vt 0.352961 0.896055
vt 0.446225 0.909886
vt 0.208456 0.384906
vt 0.266890 0.395964
vt 0.212941 0.412470
vt 0.631892 0.255870
vt 0.616426 0.246633
vt 0.638420 0.229724
vt 0.413310 0.940299
vt 0.385576 0.949465
vt 0.601862 0.270072
vt 0.625142 0.221530
vt 0.607099 0.240368
vt 0.611471 0.217535
vt 0.185996 0.272286
vt 0.589761 0.893583
vt 0.574804 0.881604
vt 0.353278 0.911957
vt 0.372274 0.932542
vt 0.222509 0.020320
vt 0.195526 0.049565
vt 0.183346 0.013270
vt 0.695821 0.292665
vt 0.715573 0.256892
vt 0.720191 0.259385
vt 0.221662 0.352275
vt 0.008727 0.183171
vt 0.119976 0.193634
vt 0.700674 0.255526
vt 0.488208 0.853672
vt 0.494498 0.838398
vt 0.446111 0.930133
vt 0.582778 0.902736
vt 0.074728 0.169653
vt 0.062739 0.155891
vt 0.045697 0.152375
vt 0.721516 0.225141
vt 0.728292 0.225872
vt 0.399072 0.967006
vt 0.576315 0.846585
vt 0.570701 0.851768
vt 0.485635 0.823432
vt 0.917610 0.597640
vt 0.869669 0.558466
vt 0.888974 0.549811
vt 0.150300 0.210492
vt 0.484836 0.866992
vt 0.701235 0.219718
vt 0.596453 0.243129
vt 0.579473 0.246119
vt 0.362875 0.933117
vt 0.376789 0.951762
vt 0.209453 0.310004
vt 0.094324 0.178245
vt 0.079511 0.166414
vt 0.416813 0.966773
vt 0.030117 0.149654
vt 0.118407 0.186100
vt 0.392673 0.978561
vt 0.707606 0.928826
vt 0.726561 0.918781
vt 0.747874 0.920157
vt 0.759787 0.931182
vt 0.184226 0.241036
vt 0.686424 0.256482
vt 0.482032 0.884135
vt 0.852573 0.513674
vt 0.874250 0.504859
vt 0.897130 0.546545
vt 0.595988 0.222952
vt 0.587192 0.229402
vt 0.905392 0.546409
vt 0.211303 0.273512
vt 0.069821 0.153510
vt 0.404477 0.988223
vt 0.480084 0.904019
vt 0.561273 0.888364
vt 0.422337 0.995621
vt 0.577397 0.915729
vt 0.556804 0.896850
vt 0.136603 0.187965
vt 0.128621 0.180726
vt 0.560116 0.863502
vt 0.499197 0.825209
vt 0.448836 0.957757
vt 0.246187 0.334916
vt 0.011993 0.146378
vt 0.734161 0.198346
vt 0.724949 0.194793
vt 0.920733 0.544054
vt 0.231179 0.326035
vt 0.231872 0.311326
vt 0.676213 0.258068
vt 0.679380 0.218045
vt 0.704847 0.187960
vt 0.933066 0.545613
vt 0.596245 0.172734
vt 0.606762 0.170648
vt 0.605193 0.194114
vt 0.571479 0.927293
vt 0.551705 0.905281
vt 0.565318 0.834604
vt 0.561654 0.840005
vt 0.594976 0.160936
vt 0.844453 0.475984
vt 0.865478 0.465043
vt 0.894962 0.504218
vt 0.885262 0.501127
vt 0.478943 0.924380
vt 0.568081 0.930970
vt 0.549309 0.908738
vt 0.064020 0.125695
vt 0.061368 0.124013
vt 0.136557 0.167855
vt 0.153608 0.169152
vt 0.183913 0.211464
vt 0.767134 0.952822
vt 0.701902 0.957077
vt 0.555252 0.870103
vt 0.588605 0.188652
vt 0.743899 0.164875
vt 0.731883 0.159972
vt 0.052450 0.121843
vt 0.902464 0.503628
vt 0.881032 0.501372
vt 0.517357 0.860781
vt 0.577477 0.214104
vt 0.708962 0.155214
vt 0.013498 0.057708
vt 0.014759 0.029454
vt 0.037032 0.042053
vt 0.521599 0.848476
vt 0.514254 0.829144
vt 0.038263 0.117373
vt 0.922598 0.496319
vt 0.513541 0.873586
vt 0.580109 0.167449
vt 0.580582 0.154380
vt 0.453780 0.991753
vt 0.554621 0.844040
vt 0.547551 0.853456
vt 0.579250 0.184231
vt 0.663240 0.219997
vt 0.826665 0.434882
vt 0.852599 0.426995
vt 0.745471 0.115237
vt 0.760383 0.118123
vt 0.509675 0.888903
vt 0.226410 0.285754
vt 0.233771 0.291803
vt 0.209678 0.240737
vt 0.221037 0.273562
vt 0.566909 0.169431
vt 0.565667 0.159656
vt 0.479367 0.949624
vt 0.539170 0.872908
vt 0.535662 0.882332
vt 0.872001 0.459731
vt 0.671757 0.186427
vt 0.552551 0.169596
vt 0.543193 0.861548
vt 0.504434 0.906362
vt 0.569514 0.187461
vt 0.552680 0.190921
vt 0.938095 0.494997
vt 0.531484 0.893354
vt 0.019611 0.111290
vt 0.178543 0.180064
vt 0.137139 0.142039
vt 0.152787 0.140210
vt 0.844964 0.120542
vt 0.828786 0.127367
vt 0.836516 0.110144
vt 0.538486 0.845127
vt 0.251863 0.058807
vt 0.238316 0.025165
vt 0.272975 0.029286
vt 0.527375 0.903626
vt 0.530393 0.908259
vt 0.713105 0.113463
vt 0.212063 0.214651
vt 0.811647 0.123074
vt 0.799981 0.104799
vt 0.812131 0.102534
vt 0.752379 0.077424
vt 0.768951 0.079891
vt 0.889860 0.457151
vt 0.073535 0.110827
vt 0.069315 0.106506
vt 0.222750 0.254597
vt 0.502050 0.924903
vt 0.821051 0.122085
vt 0.825089 0.103394
vt 0.842278 0.136680
vt 0.814617 0.148012
vt 0.808111 0.377166
vt 0.839139 0.376431
vt 0.899844 0.456818
vt 0.795588 0.124532
vt 0.766400 0.969471
vt 0.702573 0.976224
vt 0.908493 0.456748
vt 0.519543 0.913917
vt 0.863766 0.424624
vt 0.482983 0.979643
vt 0.060837 0.098168
vt 0.684787 0.151800
vt 0.270886 0.274921
vt 0.241418 0.285754
vt 0.236045 0.273562
vt 0.048647 0.090431
vt 0.248779 0.291803
vt 0.499783 0.948770
vt 0.716470 0.075006
vt 0.925074 0.455362
vt 0.512822 0.926040
vt 0.237758 0.254597
vt 0.196397 0.186200
vt 0.233943 0.234170
vt 0.234118 0.243204
vt 0.523369 0.915229
vt 0.517993 0.926417
vt 0.651948 0.189357
vt 0.753037 0.053678
vt 0.771557 0.054294
vt 0.679704 0.112605
vt 0.802907 0.330764
vt 0.832579 0.332666
vt 0.180337 0.147340
vt 0.079697 0.098748
vt 0.878597 0.420290
vt 0.235000 0.217167
vt 0.852272 0.374251
vt 0.090998 0.102331
vt 0.081973 0.106518
vt 0.031071 0.079247
vt 0.249126 0.243204
vt 0.070438 0.086417
vt 0.148425 0.115427
vt 0.132159 0.117470
vt 0.718252 0.049148
vt 0.944095 0.456926
vt 0.752421 0.987007
vt 0.724412 0.990588
vt 0.509513 0.948796
vt 0.202642 0.169275
vt 0.891273 0.417939
vt 0.900787 0.416091
vt 0.088435 0.094381
vt 0.520552 0.926030
vt 0.515178 0.949914
vt 0.215776 0.193254
vt 0.265531 0.146262
vt 0.270451 0.115445
vt 0.300682 0.127004
vt 0.297405 0.157748
vt 0.261037 0.179704
vt 0.295463 0.184205
vt 0.968870 0.731728
vt 0.988211 0.758358
vt 0.940201 0.767375
vt 0.932582 0.745130
vt 0.752975 0.029949
vt 0.773001 0.027342
vt 0.912688 0.414990
vt 0.803546 0.301156
vt 0.832263 0.299093
vt 0.110345 0.097907
vt 0.111101 0.090820
vt 0.059001 0.074062
vt 0.168240 0.123533
vt 0.990003 0.798127
vt 0.943622 0.796288
vt 0.332842 0.133378
vt 0.327379 0.165098
vt 0.936121 0.703501
vt 0.309325 0.088472
vt 0.281552 0.071872
vt 0.674760 0.075167
vt 0.325740 0.187623
vt 0.848643 0.331623
vt 0.660263 0.151593
vt 0.237734 0.201263
vt 0.220534 0.181248
vt 0.508961 0.967893
vt 0.501234 0.972130
vt 0.340856 0.092430
vt 0.128980 0.102723
vt 0.259987 0.211060
vt 0.296301 0.211130
vt 0.901902 0.766265
vt 0.904505 0.744928
vt 0.936777 0.413701
vt 0.876429 0.372914
vt 0.910612 0.711211
vt 0.081193 0.080050
vt 0.188364 0.142445
vt 0.207407 0.160868
vt 0.945295 0.823724
vt 0.992500 0.824429
vt 0.125508 0.097744
vt 0.633627 0.157787
vt 0.892677 0.370531
vt 0.175003 0.122170
vt 0.140714 0.099520
vt 0.357770 0.166710
vt 0.360122 0.136254
vt 0.897458 0.795374
vt 0.908910 0.687416
vt 0.325734 0.210883
vt 0.316860 0.050674
vt 0.289009 0.038280
vt 0.643381 0.113889
vt 0.042817 0.059410
vt 0.357532 0.189623
vt 0.116363 0.085435
vt 0.097386 0.072937
vt 0.751625 0.014283
vt 0.772772 0.008217
vt 0.196862 0.139933
vt 0.213875 0.156196
vt 0.878847 0.716330
vt 0.850692 0.296170
vt 0.832251 0.263665
vt 0.808238 0.270204
vt 0.880239 0.702144
vt 0.225370 0.173112
vt 0.159192 0.098271
vt 0.971210 0.837111
vt 0.241003 0.190658
vt 0.895980 0.827818
vt 0.181557 0.119902
vt 0.872242 0.741109
vt 0.867110 0.761683
vt 0.350783 0.050430
vt 0.716543 0.019603
vt 0.958874 0.417239
vt 0.670843 0.046349
vt 0.070909 0.063552
vt 0.263860 0.234419
vt 0.299266 0.233866
vt 0.995809 0.844250
vt 0.230613 0.167204
vt 0.901948 0.369602
vt 0.101651 0.069906
vt 0.130077 0.082382
vt 0.878922 0.332341
vt 0.244704 0.182790
vt 0.932464 0.847920
vt 0.857487 0.705067
vt 0.852643 0.717483
vt 0.359285 0.210487
vt 0.915615 0.367172
vt 0.860512 0.794336
vt 0.166497 0.097547
vt 0.386536 0.165432
vt 0.385738 0.132167
vt 0.844161 0.736586
vt 0.327174 0.231013
vt 0.553775 0.815688
vt 0.547678 0.817553
vt 0.546955 0.816306
vt 0.386047 0.090395
vt 0.146582 0.077355
vt 0.172276 0.095720
vt 0.179728 0.063047
vt 0.170325 0.012751
vt 0.389011 0.189223
vt 0.248155 0.177198
vt 0.116792 0.066054
vt 0.834717 0.242603
vt 0.809157 0.247938
vt 0.084926 0.055279
vt 0.833051 0.755638
vt 0.388109 0.050314
vt 0.894341 0.884866
vt 0.848992 0.871194
vt 0.885028 0.297024
vt 0.790026 0.732829
vt 0.832039 0.713250
vt 0.831316 0.733049
vt 0.667074 0.024096
vt 0.946941 0.365370
vt 0.896831 0.331508
vt 0.155768 0.072636
vt 0.056483 0.046886
vt 0.848123 0.268235
vt 0.860886 0.275688
vt 0.823481 0.701325
vt 0.089960 0.051890
vt 0.854797 0.826367
vt 0.282001 0.258441
vt 0.161422 0.068641
vt 0.361220 0.228347
vt 0.820206 0.752101
vt 0.136262 0.060883
vt 0.630895 0.080342
vt 0.393532 0.209754
vt 0.611116 0.119916
vt 0.415497 0.161553
vt 0.410932 0.128431
vt 0.863258 0.244586
vt 0.104839 0.045828
vt 0.806423 0.758104
vt 0.905181 0.331680
vt 0.145722 0.054369
vt 0.072152 0.036410
vt 0.917406 0.331082
vt 0.406120 0.083195
vt 0.307362 0.269709
vt 0.331484 0.263821
vt 0.416487 0.189719
vt 0.152140 0.047580
vt 0.975308 0.369208
vt 0.125310 0.040742
vt 0.482366 0.782730
vt 0.484704 0.791637
vt 0.876870 0.267870
vt 0.077202 0.032429
vt 0.815127 0.789246
vt 0.819268 0.761641
vt 0.401365 0.224848
vt 0.418828 0.044735
vt 0.437528 0.064934
vt 0.429421 0.120910
vt 0.904546 0.295157
vt 0.136042 0.035865
vt 0.418134 0.207996
vt 0.876161 0.259455
vt 0.358276 0.259041
vt 0.287112 0.289472
vt 0.445897 0.146424
vt 0.092599 0.024559
vt 0.622510 0.052114
vt 0.950572 0.329956
vt 0.143906 0.032283
vt 0.435285 0.177507
vt 0.433529 0.192135
vt 0.452942 0.108661
vt 0.456819 0.164495
vt 0.912068 0.296381
vt 0.114191 0.016347
vt 0.919595 0.296698
vt 0.422499 0.222817
vt 0.438899 0.034830
vt 0.455820 0.049689
vt 0.472655 0.130648
vt 0.389984 0.244792
vt 0.410468 0.236956
vt 0.433137 0.207152
vt 0.312919 0.299043
vt 0.290643 0.306050
vt 0.808006 0.831191
vt 0.822346 0.844385
vt 0.373816 0.258054
vt 0.596390 0.089356
vt 0.879631 0.244957
vt 0.124406 0.011366
vt 0.895135 0.267581
vt 0.336035 0.292923
vt 0.620096 0.027535
vt 0.895779 0.262033
vt 0.825715 0.869388
vt 0.449922 0.185592
vt 0.443837 0.196146
vt 0.132056 0.006814
vt 0.906687 0.248081
vt 0.466457 0.175057
vt 0.952358 0.292023
vt 0.983299 0.331607
vt 0.442808 0.206326
vt 0.473116 0.093860
vt 0.438403 0.222547
vt 0.360956 0.286696
vt 0.484035 0.146649
vt 0.915159 0.266595
vt 0.427568 0.233141
vt 0.491476 0.076104
vt 0.464401 0.009101
vt 0.482034 0.020780
vt 0.770199 0.858202
vt 0.797460 0.831191
vt 0.811800 0.844385
vt 0.918777 0.273726
vt 0.455849 0.199564
vt 0.462074 0.189346
vt 0.499318 0.115459
vt 0.390705 0.259126
vt 0.402049 0.251623
vt 0.924557 0.273293
vt 0.447997 0.212484
vt 0.454274 0.204791
vt 0.815169 0.869388
vt 0.886233 0.931003
vt 0.846448 0.922931
vt 0.377803 0.283380
vt 0.416347 0.243950
vt 0.318051 0.326014
vt 0.296926 0.332086
vt 0.457602 0.207925
vt 0.474838 0.181006
vt 0.463068 0.199673
vt 0.463085 0.198842
vt 0.440492 0.230937
vt 0.464134 0.200418
vt 0.467384 0.193435
vt 0.494035 0.160345
vt 0.430461 0.239372
vt 0.390611 0.281379
vt 0.925916 0.916248
vt 0.906816 0.919490
vt 0.907467 0.918202
vt 0.469741 0.209280
vt 0.472319 0.201054
vt 0.910549 0.912892
vt 0.466303 0.214606
vt 0.017511 0.015601
vt 0.047424 0.031661
vt 0.584730 0.055847
vt 0.925792 0.921391
vt 0.907306 0.920562
vt 0.341386 0.319461
vt 0.478706 0.186883
vt 0.405550 0.262552
vt 0.412293 0.257303
vt 0.461359 0.223507
vt 0.811729 0.889927
vt 0.911290 0.923516
vt 0.822275 0.889927
vt 0.422590 0.251187
vt 0.916641 0.904978
vt 0.487365 0.208240
vt 0.483980 0.215882
vt 0.442555 0.236756
vt 0.481841 0.222361
vt 0.459501 0.233102
vt 0.513924 0.132192
vt 0.917402 0.929785
vt 0.434147 0.247163
vt 0.506815 0.061060
vt 0.521507 0.102124
vt 0.407431 0.281732
vt 0.501735 0.168902
vt 0.946245 0.922355
vt 0.950608 0.916090
vt 0.364319 0.313101
vt 0.479979 0.230820
vt 0.930091 0.898609
vt 0.985858 0.292607
vt 0.445159 0.245295
vt 0.460328 0.239462
vt 0.931813 0.248998
vt 0.050928 0.025153
vt 0.023031 0.009706
vt 0.505917 0.174255
vt 0.798188 0.902280
vt 0.931946 0.937228
vt 0.300482 0.355207
vt 0.477460 0.241127
vt 0.383578 0.308687
vt 0.512608 0.229124
vt 0.508194 0.235180
vt 0.956447 0.938354
vt 0.522990 0.145690
vt 0.504939 0.240321
vt 0.459935 0.248305
vt 0.965534 0.906299
vt 0.928040 0.890832
vt 0.968856 0.916431
vt 0.394973 0.304302
vt 0.600388 0.024371
vt 0.521211 0.047091
vt 0.969531 0.924393
vt 0.542153 0.089166
vt 0.927304 0.943639
vt 0.475530 0.247868
vt 0.501762 0.245556
vt 0.538238 0.119430
vt 0.411663 0.299828
vt 0.062683 0.927433
vt 0.070084 0.849266
vt 0.075090 0.851798
vt 0.081243 0.856909
vt 0.528401 0.156228
vt 0.472876 0.255894
vt 0.086306 0.864694
vt 0.986503 0.916155
vt 0.983066 0.898289
vt 0.495571 0.253309
vt 0.350035 0.352378
vt 0.328914 0.362646
vt 0.055854 0.851864
vt 0.985480 0.926149
vt 0.948580 0.250236
vt 0.090740 0.873103
vt 0.937550 0.880134
vt 0.557389 0.075370
vt 0.489773 0.259027
vt 0.530461 0.161518
vt 0.940966 0.952074
vt 0.936845 0.957103
vt 0.376165 0.340831
vt 0.094278 0.886631
vt 0.958226 0.873848
vt 0.984298 0.255274
vt 0.535995 0.249783
vt 0.532394 0.255642
vt 0.811372 0.922792
vt 0.808734 0.902280
vt 0.547215 0.132075
vt 0.484576 0.265392
vt 0.528159 0.259537
vt 0.306733 0.374192
vt 0.396617 0.330729
vt 0.042700 0.857909
vt 0.522322 0.263074
vt 0.558113 0.105652
vt 0.095528 0.901712
vt 0.406631 0.326647
vt 0.512613 0.268320
vt 0.883343 0.974798
vt 0.888865 0.952954
vt 0.902376 0.976154
vt 0.972680 0.863476
vt 0.419164 0.319100
vt 0.503051 0.272440
vt 0.982117 0.942080
vt 0.095595 0.917339
vt 0.552600 0.140460
vt 0.846569 0.977195
vt 0.495478 0.276905
vt 0.826934 0.943871
vt 0.811841 0.934018
vt 0.029859 0.871075
vt 0.320919 0.389227
vt 0.555622 0.146244
vt 0.293983 0.397864
vt 0.947748 0.969741
vt 0.958034 0.968812
vt 0.567066 0.118475
vt 0.094510 0.933846
vt 0.572716 0.090023
vt 0.560292 0.268772
vt 0.556207 0.273948
vt 0.549269 0.277694
vt 0.948688 0.870285
vt 0.539879 0.280580
vt 0.527708 0.283408
vt 0.515280 0.288104
vt 0.292760 0.417594
vt 0.330320 0.399238
vt 0.336324 0.419139
vt 0.339106 0.387525
vt 0.361678 0.388974
vt 0.505677 0.290826
vt 0.092241 0.951623
vt 0.831663 0.969412
vt 0.570403 0.125913
vt 0.020642 0.888379
vt 0.973452 0.976007
vt 0.371745 0.380704
vt 0.393293 0.363047
vt 0.957355 0.863447
vt 0.419598 0.342674
vt 0.429000 0.336203
vt 0.085757 0.967124
vt 0.573886 0.133583
vt 0.410684 0.349979
vt 0.583773 0.102913
vt 0.515599 0.306544
vt 0.577982 0.287734
vt 0.582413 0.282584
vt 0.968822 0.855323
vt 0.958455 0.978898
vt 0.531143 0.307149
vt 0.080046 0.971344
vt 0.571372 0.294183
vt 0.088313 0.969777
vt 0.544626 0.305923
vt 0.559697 0.300063
vt 0.782349 0.967184
vt 0.799075 0.938458
vt 0.814168 0.948311
vt 0.017504 0.908517
vt 0.589505 0.110244
vt 0.496084 0.814921
vt 0.500692 0.808629
vt 0.504700 0.809556
vt 0.593521 0.117024
vt 0.960420 0.135713
vt 0.988409 0.136426
vt 0.983558 0.184366
vt 0.950200 0.179208
vt 0.065911 0.967508
vt 0.964469 0.983421
vt 0.818897 0.973852
vt 0.591011 0.296930
vt 0.593970 0.291346
vt 0.019482 0.924483
vt 0.051183 0.961241
vt 0.524501 0.321042
vt 0.433837 0.355236
vt 0.441155 0.349106
vt 0.331704 0.448282
vt 0.295307 0.455172
vt 0.513078 0.317341
vt 0.660525 0.356343
vt 0.622172 0.360732
vt 0.621041 0.318289
vt 0.663924 0.315401
vt 0.924370 0.135937
vt 0.921465 0.172235
vt 0.964510 0.213476
vt 0.942342 0.199130
vt 0.584767 0.304442
vt 0.026046 0.938083
vt 0.038232 0.952041
vt 0.970353 0.986474
vt 0.425042 0.365793
vt 0.603851 0.298396
vt 0.600624 0.304316
vt 0.534554 0.325951
vt 0.823575 0.984637
vt 0.574292 0.313801
vt 0.411244 0.378457
vt 0.512294 0.336411
vt 0.559147 0.325146
vt 0.810809 0.989077
vt 0.503732 0.332410
vt 0.662014 0.379584
vt 0.629471 0.390966
vt 0.595143 0.311978
vt 0.372888 0.402623
vt 0.386263 0.399458
vt 0.545804 0.336493
vt 0.944157 0.224875
vt 0.933142 0.211919
vt 0.920519 0.191573
vt 0.690978 0.321793
vt 0.689442 0.358565
vt 0.449563 0.363745
vt 0.452560 0.355653
vt 0.521783 0.342341
vt 0.584085 0.324257
vt 0.497633 0.350789
vt 0.492162 0.345051
vt 0.644118 0.405282
vt 0.664580 0.394345
vt 0.446932 0.379130
vt 0.568743 0.337880
vt 0.917886 0.207319
vt 0.334321 0.476552
vt 0.297227 0.483508
vt 0.350872 0.428287
vt 0.532549 0.350735
vt 0.479736 0.353172
vt 0.484196 0.361682
vt 0.464454 0.356986
vt 0.462120 0.365919
vt 0.897623 0.170402
vt 0.897895 0.136008
vt 0.505449 0.358811
vt 0.556601 0.348025
vt 0.684406 0.381651
vt 0.915339 0.227021
vt 0.450297 0.401758
vt 0.369338 0.424061
vt 0.375769 0.438537
vt 0.668241 0.415549
vt 0.487699 0.371628
vt 0.901069 0.191970
vt 0.543395 0.361156
vt 0.465754 0.380429
vt 0.723214 0.331324
vt 0.721030 0.367813
vt 0.678296 0.398801
vt 0.514707 0.367605
vt 0.904837 0.209106
vt 0.406668 0.425331
vt 0.865000 0.170379
vt 0.868142 0.134827
vt 0.359312 0.459199
vt 0.353093 0.473227
vt 0.377915 0.448229
vt 0.892093 0.217497
vt 0.691200 0.411100
vt 0.494235 0.382728
vt 0.710809 0.394314
vt 0.526951 0.378844
vt 0.873639 0.197999
vt 0.473519 0.393117
vt 0.397465 0.448223
vt 0.509188 0.397996
vt 0.381544 0.487883
vt 0.364363 0.472434
vt 0.382966 0.461464
vt 0.497076 0.397572
vt 0.485796 0.406580
vt 0.376042 0.494472
vt 0.358144 0.486462
vt 0.434283 0.434437
vt 0.451034 0.425430
vt 0.392208 0.484606
vt 0.402516 0.461458
vt 0.421175 0.450496
vt 0.409255 0.455604
vt 0.235977 0.010960
vt 0.281699 0.010776
vt 0.429605 0.447226
vt 0.518508 0.408670
vt 0.517209 0.426007
vt 0.506396 0.408246
vt 0.495116 0.417254
vt 0.404010 0.486700
vt 0.414306 0.468839
vt 0.465034 0.430726
vt 0.486322 0.416730
vt 0.495642 0.427404
vt 0.394521 0.504276
vt 0.439334 0.447672
vt 0.456085 0.438665
vt 0.460097 0.468351
vt 0.434656 0.460461
vt 0.470085 0.443961
vt 0.547868 0.845591
vt 0.051511 0.366541
vt 0.689250 0.883691
vt 0.699813 0.909788
vt 0.137660 0.441405
vt 0.121819 0.428422
vt 0.845509 0.019915
vt 0.822082 0.043587
vt 0.814198 0.033989
vt 0.831243 0.051634
vt 0.110999 0.411325
vt 0.686769 0.844589
vt 0.810582 0.056072
vt 0.822920 0.070147
vt 0.140020 0.468579
vt 0.801168 0.044678
vt 0.751495 0.660324
vt 0.753691 0.666234
vt 0.730559 0.677181
vt 0.727845 0.670422
vt 0.656349 0.747181
vt 0.850633 0.061097
vt 0.028985 0.392669
vt 0.805666 0.013850
vt 0.136682 0.480140
vt 0.665584 0.791570
vt 0.791894 0.052418
vt 0.791500 0.031560
vt 0.798466 0.069232
vt 0.813806 0.077440
vt 0.775598 0.277374
vt 0.743365 0.304019
vt 0.739015 0.264291
vt 0.802611 0.227325
vt 0.791312 0.196993
vt 0.802541 0.191845
vt 0.783833 0.179186
vt 0.802614 0.173295
vt 0.832296 0.082451
vt 0.653603 0.705161
vt 0.125012 0.450757
vt 0.688865 0.812722
vt 0.713498 0.877382
vt 0.724616 0.871261
vt 0.728631 0.877098
vt 0.813789 0.196728
vt 0.730574 0.852925
vt 0.730841 0.863649
vt 0.721474 0.843657
vt 0.771805 0.203072
vt 0.701751 0.881114
vt 0.708351 0.904645
vt 0.784775 0.163350
vt 0.740226 0.857046
vt 0.740480 0.858595
vt 0.771687 0.175134
vt 0.696745 0.844716
vt 0.710494 0.844354
vt 0.052157 0.392057
vt 0.761188 0.680299
vt 0.742686 0.692632
vt 0.715445 0.901145
vt 0.803179 0.154737
vt 0.820886 0.178919
vt 0.105132 0.418886
vt 0.729558 0.898257
vt 0.758900 0.188805
vt 0.762445 0.260517
vt 0.650115 0.659612
vt 0.661910 0.674782
vt 0.791389 0.010465
vt 0.747465 0.857440
vt 0.747415 0.855814
vt 0.737410 0.881671
vt 0.821364 0.164410
vt 0.833383 0.202692
vt 0.252687 0.099632
vt 0.232765 0.139408
vt 0.212723 0.100011
vt 0.851929 0.085740
vt 0.740154 0.250378
vt 0.104258 0.451498
vt 0.121674 0.462318
vt 0.791944 0.259346
vt 0.765534 0.685653
vt 0.747355 0.697527
vt 0.029718 0.404681
vt 0.052690 0.405779
vt 0.117505 0.464577
vt 0.704024 0.689843
vt 0.698279 0.680846
vt 0.069573 0.394868
vt 0.835329 0.177757
vt 0.257752 0.079836
vt 0.206974 0.082480
vt 0.752948 0.867772
vt 0.747369 0.867206
vt 0.752192 0.855327
vt 0.749132 0.894301
vt 0.747661 0.883065
vt 0.770077 0.689793
vt 0.753402 0.702657
vt 0.698662 0.813500
vt 0.721075 0.821292
vt 0.711228 0.819914
vt 0.678012 0.756232
vt 0.083427 0.445265
vt 0.693152 0.791348
vt 0.728709 0.835445
vt 0.727422 0.826922
vt 0.095054 0.408672
vt 0.089146 0.412732
vt 0.754906 0.892144
vt 0.673908 0.720080
vt 0.778696 0.696994
vt 0.762634 0.710029
vt 0.846616 0.189811
vt 0.666934 0.669756
vt 0.677201 0.689832
vt 0.744849 0.831359
vt 0.749695 0.830958
vt 0.714831 0.698481
vt 0.737542 0.829567
vt 0.737663 0.832170
vt 0.686399 0.679424
vt 0.078239 0.400986
vt 0.073131 0.407133
vt 0.099708 0.489950
vt 0.086522 0.485965
vt 0.894040 0.035959
vt 0.912919 0.033403
vt 0.914186 0.051264
vt 0.790199 0.707667
vt 0.774093 0.718801
vt 0.744908 0.830108
vt 0.890698 0.047325
vt 0.903071 0.058813
vt 0.909391 0.065854
vt 0.593486 0.980577
vt 0.640771 0.974222
vt 0.631894 0.982790
vt 0.895770 0.019642
vt 0.732043 0.711324
vt 0.726204 0.706497
vt 0.911259 0.018330
vt 0.049586 0.444555
vt 0.029911 0.444880
vt 0.792211 0.711831
vt 0.777835 0.722055
vt 0.704237 0.790925
vt 0.867341 0.025430
vt 0.723587 0.815182
vt 0.712508 0.792972
vt 0.896655 0.075983
vt 0.690409 0.701473
vt 0.738592 0.715868
vt 0.699828 0.764713
vt 0.604162 0.986561
vt 0.887435 0.067774
vt 0.066499 0.444098
vt 0.690701 0.730670
vt 0.880194 0.051595
vt 0.564258 0.023212
vt 0.543821 0.008394
vt 0.566479 0.007568
vt 0.701909 0.711006
vt 0.744061 0.821379
vt 0.749228 0.821055
vt 0.748523 0.722750
vt 0.582266 0.953084
vt 0.648168 0.951324
vt 0.583970 0.970986
vt 0.554096 0.053517
vt 0.531643 0.028843
vt 0.072833 0.484638
vt 0.715952 0.721522
vt 0.864283 0.055514
vt 0.882630 0.078746
vt 0.722363 0.726022
vt 0.759940 0.730828
vt 0.863897 0.078399
vt 0.642339 0.931211
vt 0.584211 0.932885
vt 0.730560 0.811945
vt 0.709001 0.767530
vt 0.764934 0.733629
vt 0.707390 0.740181
vt 0.746073 0.810620
vt 0.741077 0.810848
vt 0.728731 0.730400
vt 0.518128 0.008068
vt 0.095582 0.505718
vt 0.082930 0.506290
vt 0.059497 0.485011
vt 0.727396 0.793814
vt 0.716075 0.769581
vt 0.739703 0.736625
vt 0.714619 0.744320
vt 0.046614 0.485985
vt 0.031166 0.486945
vt 0.740201 0.795164
vt 0.721135 0.748016
vt 0.629119 0.915573
vt 0.595808 0.916379
vt 0.745864 0.794983
vt 0.751690 0.742694
vt 0.727539 0.772668
vt 0.070867 0.506612
vt 0.757095 0.745443
vt 0.732437 0.753140
vt 0.159864 0.586413
vt 0.165077 0.570293
vt 0.186500 0.583558
vt 0.088986 0.532356
vt 0.102328 0.526921
vt 0.613242 0.912234
vt 0.741066 0.775692
vt 0.746523 0.777133
vt 0.058097 0.506678
vt 0.744772 0.757521
vt 0.750290 0.759676
vt 0.129773 0.550971
vt 0.137827 0.588496
vt 0.112309 0.567653
vt 0.046192 0.506605
vt 0.031992 0.506540
vt 0.074622 0.534573
vt 0.235389 0.658971
vt 0.238681 0.612731
vt 0.254058 0.603890
vt 0.060268 0.534708
vt 0.031360 0.531406
vt 0.047204 0.533503
vt 0.227180 0.622184
vt 0.090340 0.578120
vt 0.125192 0.627322
vt 0.205210 0.615217
vt 0.069725 0.582424
vt 0.046459 0.582979
vt 0.022223 0.581961
vt 0.141544 0.623615
vt 0.188934 0.613812
vt 0.143046 0.648864
vt 0.190245 0.632440
vt 0.084886 0.623383
vt 0.197474 0.653880
vt 0.116536 0.637408
vt 0.057737 0.633496
vt 0.035930 0.633255
vt 0.006365 0.632565
vt 0.186006 0.667773
vt 0.198911 0.675485
vt 0.197484 0.687092
vt 0.197722 0.705314
vt 0.224728 0.699477
vt 0.074637 0.648513
vt 0.046424 0.646889
vt 0.028739 0.668671
vt 0.525620 0.828386
vt 0.528186 0.837451
vt 0.539593 0.825284
vt 0.536822 0.822645
vt 0.537192 0.834776
vt 0.540495 0.842915
vt 0.474640 0.817195
vt 0.485331 0.820752
vt 0.505931 0.797779
vt 0.572674 0.237119
vt 0.618855 0.181570
vt 0.541176 0.176623
vt 0.507538 0.820049
vt 0.785372 0.107748
vt 0.853289 0.130928
vt 0.649351 0.247038
vt 0.350464 0.917390
vt 0.844884 0.716787
vt 0.836326 0.704862
vt 0.839628 0.698487
vt 0.579473 0.021014
vt 0.179243 0.494655
vt 0.152668 0.459227
vt 0.154941 0.430475
vt 0.171149 0.403575
vt 0.150274 0.391993
vt 0.132566 0.417772
vt 0.654396 0.886610
vt 0.678068 0.925607
vt 0.617920 0.673400
vt 0.578839 0.706149
vt 0.605305 0.773951
vt 0.600993 0.812927
vt 0.655737 0.842375
vt 0.623974 0.840950
vt 0.172376 0.349328
vt 0.144702 0.342967
vt 0.127788 0.384438
vt 0.026474 0.364855
vt 0.042246 0.364839
vt 0.040020 0.335073
vt 0.023504 0.336848
vt 0.185547 0.451917
vt 0.578711 0.761705
vt 0.049680 0.334466
vt 0.059071 0.292875
vt 0.037264 0.296850
vt 0.170539 0.434095
vt 0.187448 0.414847
vt 0.019820 0.300022
vt 0.556133 0.748265
vt 0.078691 0.280122
vt 0.071574 0.247367
vt 0.052150 0.251226
vt 0.193448 0.376025
vt 0.399908 0.820840
vt 0.373751 0.827951
vt 0.375154 0.836344
vt 0.403492 0.828368
vt 0.031948 0.256680
vt 0.437270 0.811005
vt 0.431273 0.804000
vt 0.565731 0.803830
vt 0.095205 0.244661
vt 0.101483 0.272849
vt 0.409251 0.852145
vt 0.151585 0.303934
vt 0.549027 0.771565
vt 0.445183 0.832835
vt 0.014269 0.258472
vt 0.197933 0.403589
vt 0.347231 0.830753
vt 0.346069 0.839557
vt 0.065738 0.214859
vt 0.046282 0.215461
vt 0.412376 0.868713
vt 0.458181 0.798791
vt 0.452574 0.792332
vt 0.130025 0.270458
vt 0.127643 0.243000
vt 0.542352 0.789320
vt 0.027627 0.216929
vt 0.092028 0.213812
vt 0.446657 0.845086
vt 0.349912 0.864239
vt 0.384446 0.898170
vt 0.413182 0.887333
vt 0.469685 0.824506
vt 0.151587 0.284612
vt 0.206654 0.343394
vt 0.009771 0.218835
vt 0.385824 0.915362
vt 0.413727 0.903937
vt 0.063283 0.185946
vt 0.043876 0.184519
vt 0.386200 0.931449
vt 0.603926 0.871676
vt 0.600938 0.877872
vt 0.446186 0.888780
vt 0.124393 0.211670
vt 0.026780 0.184112
vt 0.151964 0.270084
vt 0.151000 0.241669
vt 0.462391 0.841395
vt 0.352961 0.896055
vt 0.446225 0.909886
vt 0.208456 0.384906
vt 0.212941 0.412470
vt 0.631892 0.255870
vt 0.413310 0.940299
vt 0.601862 0.270072
vt 0.611471 0.217535
vt 0.607099 0.240368
vt 0.185996 0.272286
vt 0.574804 0.881604
vt 0.353278 0.911957
vt 0.372273 0.932542
vt 0.222509 0.020320
vt 0.183346 0.013270
vt 0.695821 0.292665
vt 0.715573 0.256892
vt 0.221662 0.352275
vt 0.008727 0.183171
vt 0.119976 0.193634
vt 0.700674 0.255526
vt 0.488208 0.853672
vt 0.446110 0.930133
vt 0.074728 0.169653
vt 0.062739 0.155891
vt 0.045696 0.152375
vt 0.399072 0.967006
vt 0.576315 0.846585
vt 0.485636 0.823432
vt 0.917610 0.597640
vt 0.888974 0.549811
vt 0.869669 0.558466
vt 0.150300 0.210492
vt 0.484836 0.866992
vt 0.701235 0.219718
vt 0.596453 0.243129
vt 0.362875 0.933117
vt 0.376789 0.951762
vt 0.209453 0.310004
vt 0.094324 0.178245
vt 0.079511 0.166414
vt 0.416813 0.966773
vt 0.030117 0.149654
vt 0.118407 0.186100
vt 0.392673 0.978561
vt 0.747874 0.920157
vt 0.726561 0.918781
vt 0.184226 0.241036
vt 0.482048 0.884125
vt 0.874250 0.504859
vt 0.852573 0.513674
vt 0.595988 0.222952
vt 0.587192 0.229402
vt 0.905392 0.546409
vt 0.480084 0.904019
vt 0.422337 0.995621
vt 0.556804 0.896850
vt 0.128621 0.180726
vt 0.560116 0.863502
vt 0.448835 0.957757
vt 0.246187 0.334916
vt 0.011993 0.146378
vt 0.231872 0.311326
vt 0.679380 0.218045
vt 0.596245 0.172734
vt 0.606762 0.170648
vt 0.571479 0.927293
vt 0.594976 0.160936
vt 0.865478 0.465043
vt 0.894962 0.504218
vt 0.064020 0.125695
vt 0.061368 0.124013
vt 0.153608 0.169152
vt 0.136557 0.167855
vt 0.183913 0.211464
vt 0.767135 0.952822
vt 0.701902 0.957077
vt 0.555252 0.870103
vt 0.588605 0.188652
vt 0.731883 0.159972
vt 0.052450 0.121843
vt 0.902464 0.503628
vt 0.708962 0.155214
vt 0.013498 0.057708
vt 0.037032 0.042053
vt 0.014759 0.029454
vt 0.521599 0.848476
vt 0.038263 0.117373
vt 0.453780 0.991753
vt 0.547551 0.853456
vt 0.663240 0.219997
vt 0.826665 0.434882
vt 0.509744 0.888758
vt 0.233771 0.291803
vt 0.226410 0.285754
vt 0.209678 0.240737
vt 0.221037 0.273562
vt 0.565667 0.159656
vt 0.566909 0.169431
vt 0.479367 0.949624
vt 0.535662 0.882332
vt 0.872001 0.459731
vt 0.552551 0.169596
vt 0.504607 0.906414
vt 0.569515 0.187461
vt 0.019611 0.111290
vt 0.178543 0.180064
vt 0.152786 0.140210
vt 0.137139 0.142039
vt 0.272975 0.029286
vt 0.238316 0.025165
vt 0.713105 0.113463
vt 0.212063 0.214651
vt 0.811647 0.123074
vt 0.812131 0.102534
vt 0.768951 0.079891
vt 0.752378 0.077424
vt 0.889860 0.457151
vt 0.073535 0.110827
vt 0.069315 0.106506
vt 0.222749 0.254597
vt 0.502024 0.924916
vt 0.814617 0.148012
vt 0.808111 0.377166
vt 0.899844 0.456818
vt 0.702573 0.976224
vt 0.908494 0.456748
vt 0.863766 0.424624
vt 0.060837 0.098168
vt 0.684787 0.151800
vt 0.236045 0.273562
vt 0.241418 0.285754
vt 0.048647 0.090431
vt 0.499783 0.948770
vt 0.512822 0.926040
vt 0.519543 0.913917
vt 0.237757 0.254597
vt 0.196397 0.186200
vt 0.234118 0.243204
vt 0.233943 0.234170
vt 0.523369 0.915229
vt 0.679704 0.112605
vt 0.180337 0.147340
vt 0.079697 0.098748
vt 0.235000 0.217167
vt 0.852272 0.374251
vt 0.081973 0.106518
vt 0.090998 0.102331
vt 0.031071 0.079247
vt 0.249126 0.243204
vt 0.070438 0.086417
vt 0.148425 0.115427
vt 0.718252 0.049148
vt 0.752421 0.987007
vt 0.202641 0.169275
vt 0.088435 0.094381
vt 0.515178 0.949914
vt 0.520552 0.926030
vt 0.215776 0.193254
vt 0.265531 0.146262
vt 0.300682 0.127004
vt 0.270451 0.115445
vt 0.295463 0.184205
vt 0.968870 0.731728
vt 0.940202 0.767375
vt 0.988211 0.758358
vt 0.773001 0.027342
vt 0.803546 0.301156
vt 0.110345 0.097907
vt 0.111101 0.090820
vt 0.059001 0.074062
vt 0.168240 0.123533
vt 0.309325 0.088472
vt 0.281552 0.071872
vt 0.325740 0.187623
vt 0.848643 0.331623
vt 0.660263 0.151593
vt 0.237734 0.201263
vt 0.220534 0.181248
vt 0.501234 0.972130
vt 0.508961 0.967893
vt 0.340856 0.092430
vt 0.128980 0.102723
vt 0.901902 0.766265
vt 0.876429 0.372914
vt 0.081193 0.080050
vt 0.188364 0.142445
vt 0.992500 0.824429
vt 0.125508 0.097744
vt 0.633627 0.157787
vt 0.892677 0.370531
vt 0.175003 0.122170
vt 0.140714 0.099520
vt 0.357770 0.166710
vt 0.360122 0.136254
vt 0.897458 0.795374
vt 0.908910 0.687416
vt 0.325734 0.210883
vt 0.316860 0.050674
vt 0.289009 0.038280
vt 0.042817 0.059410
vt 0.357533 0.189623
vt 0.116363 0.085435
vt 0.772772 0.008217
vt 0.751625 0.014283
vt 0.213875 0.156196
vt 0.196862 0.139933
vt 0.850692 0.296170
vt 0.832251 0.263665
vt 0.225370 0.173112
vt 0.159192 0.098271
vt 0.241003 0.190658
vt 0.181557 0.119902
vt 0.350509 0.050444
vt 0.716543 0.019603
vt 0.070910 0.063552
vt 0.299266 0.233866
vt 0.995809 0.844250
vt 0.101651 0.069906
vt 0.244704 0.182790
vt 0.857487 0.705067
vt 0.915615 0.367172
vt 0.166497 0.097547
vt 0.385738 0.132167
vt 0.844161 0.736586
vt 0.327174 0.231013
vt 0.553775 0.815688
vt 0.172284 0.095735
vt 0.170325 0.012751
vt 0.179728 0.063047
vt 0.389011 0.189223
vt 0.116792 0.066054
vt 0.834718 0.242603
vt 0.084926 0.055279
vt 0.833051 0.755638
vt 0.388025 0.050208
vt 0.831316 0.733049
vt 0.832039 0.713250
vt 0.667074 0.024096
vt 0.896831 0.331508
vt 0.155768 0.072636
vt 0.056483 0.046886
vt 0.848123 0.268235
vt 0.089960 0.051890
vt 0.282001 0.258441
vt 0.161376 0.068601
vt 0.820206 0.752101
vt 0.136262 0.060883
vt 0.393532 0.209754
vt 0.611116 0.119916
vt 0.415497 0.161553
vt 0.410932 0.128431
vt 0.104839 0.045828
vt 0.905181 0.331680
vt 0.145722 0.054369
vt 0.072152 0.036410
vt 0.917406 0.331082
vt 0.406120 0.083195
vt 0.307362 0.269709
vt 0.331484 0.263821
vt 0.416487 0.189719
vt 0.152255 0.047562
vt 0.975308 0.369208
vt 0.125310 0.040742
vt 0.482366 0.782730
vt 0.484704 0.791637
vt 0.876870 0.267870
vt 0.077202 0.032429
vt 0.401365 0.224848
vt 0.417880 0.044436
vt 0.429421 0.120910
vt 0.418134 0.207996
vt 0.445897 0.146424
vt 0.092599 0.024559
vt 0.622510 0.052114
vt 0.433529 0.192135
vt 0.435285 0.177507
vt 0.456819 0.164495
vt 0.114191 0.016347
vt 0.422499 0.222817
vt 0.455820 0.049689
vt 0.438899 0.034830
vt 0.472655 0.130648
vt 0.410468 0.236956
vt 0.433137 0.207152
vt 0.290643 0.306050
vt 0.312919 0.299043
vt 0.808006 0.831191
vt 0.879631 0.244957
vt 0.124360 0.011389
vt 0.895135 0.267581
vt 0.620096 0.027535
vt 0.825715 0.869388
vt 0.443837 0.196146
vt 0.449922 0.185592
vt 0.442808 0.206326
vt 0.473116 0.093860
vt 0.360956 0.286696
vt 0.484035 0.146649
vt 0.427568 0.233141
vt 0.491476 0.076104
vt 0.482034 0.020780
vt 0.770200 0.858202
vt 0.797460 0.831191
vt 0.455849 0.199564
vt 0.462074 0.189346
vt 0.402049 0.251623
vt 0.447997 0.212484
vt 0.454274 0.204791
vt 0.815169 0.869388
vt 0.846448 0.922931
vt 0.377803 0.283380
vt 0.416347 0.243950
vt 0.296926 0.332086
vt 0.318051 0.326014
vt 0.457602 0.207925
vt 0.474838 0.181006
vt 0.463085 0.198842
vt 0.440492 0.230937
vt 0.464134 0.200418
vt 0.467384 0.193435
vt 0.430461 0.239372
vt 0.390611 0.281379
vt 0.925916 0.916248
vt 0.910549 0.912892
vt 0.047424 0.031661
vt 0.017511 0.015601
vt 0.907306 0.920562
vt 0.341386 0.319461
vt 0.412293 0.257303
vt 0.461359 0.223507
vt 0.811729 0.889927
vt 0.911290 0.923516
vt 0.822275 0.889927
vt 0.422590 0.251187
vt 0.483980 0.215882
vt 0.442554 0.236756
vt 0.481841 0.222361
vt 0.459501 0.233102
vt 0.506815 0.061060
vt 0.946245 0.922355
vt 0.364319 0.313101
vt 0.479979 0.230820
vt 0.985858 0.292607
vt 0.445159 0.245295
vt 0.460328 0.239462
vt 0.050928 0.025153
vt 0.023031 0.009706
vt 0.505917 0.174255
vt 0.798188 0.902280
vt 0.931946 0.937228
vt 0.300482 0.355207
vt 0.477460 0.241127
vt 0.383578 0.308687
vt 0.508194 0.235180
vt 0.512608 0.229124
vt 0.504939 0.240321
vt 0.459935 0.248305
vt 0.394973 0.304302
vt 0.600388 0.024371
vt 0.969531 0.924393
vt 0.927305 0.943639
vt 0.475530 0.247868
vt 0.501762 0.245556
vt 0.538238 0.119430
vt 0.411663 0.299828
vt 0.062683 0.927433
vt 0.075090 0.851798
vt 0.070084 0.849266
vt 0.081243 0.856909
vt 0.472876 0.255894
vt 0.086306 0.864694
vt 0.983066 0.898289
vt 0.495571 0.253309
vt 0.328914 0.362646
vt 0.350035 0.352378
vt 0.055854 0.851864
vt 0.985480 0.926149
vt 0.090740 0.873103
vt 0.937550 0.880134
vt 0.489773 0.259027
vt 0.530461 0.161518
vt 0.936845 0.957103
vt 0.376165 0.340831
vt 0.094278 0.886631
vt 0.958226 0.873848
vt 0.532394 0.255642
vt 0.808734 0.902280
vt 0.811372 0.922792
vt 0.396617 0.330729
vt 0.042700 0.857909
vt 0.522322 0.263074
vt 0.095528 0.901712
vt 0.512613 0.268320
vt 0.902376 0.976154
vt 0.419164 0.319100
vt 0.503052 0.272440
vt 0.982117 0.942080
vt 0.846569 0.977195
vt 0.495478 0.276905
vt 0.029859 0.871075
vt 0.320919 0.389227
vt 0.293983 0.397864
vt 0.947748 0.969741
vt 0.958034 0.968812
vt 0.567066 0.118475
vt 0.094510 0.933846
vt 0.556207 0.273948
vt 0.549269 0.277694
vt 0.948689 0.870285
vt 0.539879 0.280580
vt 0.527708 0.283408
vt 0.336324 0.419139
vt 0.339106 0.387525
vt 0.092241 0.951623
vt 0.020642 0.888379
vt 0.393293 0.363047
vt 0.419598 0.342674
vt 0.429000 0.336203
vt 0.085757 0.967124
vt 0.573886 0.133583
vt 0.577982 0.287734
vt 0.582413 0.282584
vt 0.958455 0.978898
vt 0.531143 0.307149
vt 0.080046 0.971344
vt 0.571372 0.294183
vt 0.088313 0.969777
vt 0.559697 0.300063
vt 0.017504 0.908517
vt 0.589505 0.110244
vt 0.504700 0.809556
vt 0.496083 0.814921
vt 0.950200 0.179208
vt 0.983558 0.184366
vt 0.988409 0.136426
vt 0.065911 0.967508
vt 0.964469 0.983421
vt 0.591011 0.296930
vt 0.593970 0.291346
vt 0.019482 0.924483
vt 0.051183 0.961241
vt 0.524501 0.321042
vt 0.433837 0.355236
vt 0.441155 0.349106
vt 0.331704 0.448282
vt 0.295307 0.455172
vt 0.660525 0.356343
vt 0.621041 0.318289
vt 0.924370 0.135937
vt 0.921465 0.172235
vt 0.942342 0.199130
vt 0.964510 0.213476
vt 0.026046 0.938083
vt 0.038232 0.952041
vt 0.425042 0.365793
vt 0.600624 0.304316
vt 0.603851 0.298396
vt 0.574292 0.313801
vt 0.411244 0.378457
vt 0.512294 0.336411
vt 0.503732 0.332410
vt 0.629471 0.390966
vt 0.595143 0.311978
vt 0.372888 0.402623
vt 0.933142 0.211919
vt 0.689442 0.358565
vt 0.690978 0.321793
vt 0.449563 0.363745
vt 0.452560 0.355653
vt 0.497633 0.350789
vt 0.644118 0.405282
vt 0.446932 0.379130
vt 0.334321 0.476552
vt 0.297227 0.483508
vt 0.350872 0.428287
vt 0.479736 0.353172
vt 0.484196 0.361682
vt 0.462120 0.365919
vt 0.464454 0.356986
vt 0.897623 0.170402
vt 0.505449 0.358811
vt 0.556601 0.348025
vt 0.684406 0.381651
vt 0.369338 0.424061
vt 0.375769 0.438537
vt 0.487699 0.371628
vt 0.901069 0.191970
vt 0.543395 0.361156
vt 0.465754 0.380429
vt 0.723214 0.331324
vt 0.678296 0.398801
vt 0.514707 0.367605
vt 0.406668 0.425331
vt 0.353093 0.473227
vt 0.359312 0.459199
vt 0.377915 0.448229
vt 0.892092 0.217497
vt 0.494236 0.382728
vt 0.526951 0.378844
vt 0.473519 0.393117
vt 0.509188 0.397996
vt 0.381544 0.487883
vt 0.382966 0.461464
vt 0.364363 0.472434
vt 0.485796 0.406580
vt 0.497076 0.397572
vt 0.358144 0.486462
vt 0.434283 0.434437
vt 0.451034 0.425430
vt 0.392208 0.484606
vt 0.409255 0.455604
vt 0.281699 0.010776
vt 0.235977 0.010960
vt 0.495116 0.417254
vt 0.404010 0.486700
vt 0.414306 0.468839
vt 0.486323 0.416730
vt 0.495643 0.427404
vt 0.394521 0.504276
vt 0.439334 0.447672
vt 0.460097 0.468351
vt 0.456085 0.438665
vt 0.051511 0.366541
vt 0.121819 0.428422
vt 0.137660 0.441405
vt 0.845509 0.019915
vt 0.822082 0.043587
vt 0.831243 0.051634
vt 0.110999 0.411325
vt 0.810582 0.056072
vt 0.822920 0.070147
vt 0.140020 0.468579
vt 0.801168 0.044678
vt 0.727845 0.670422
vt 0.753691 0.666234
vt 0.656349 0.747181
vt 0.028985 0.392669
vt 0.805666 0.013850
vt 0.136682 0.480140
vt 0.665584 0.791570
vt 0.791894 0.052418
vt 0.798466 0.069232
vt 0.813806 0.077440
vt 0.775598 0.277374
vt 0.743365 0.304019
vt 0.653603 0.705161
vt 0.125012 0.450757
vt 0.688865 0.812722
vt 0.724616 0.871261
vt 0.721474 0.843657
vt 0.730841 0.863649
vt 0.771805 0.203072
vt 0.740480 0.858595
vt 0.740226 0.857046
vt 0.771687 0.175134
vt 0.696745 0.844716
vt 0.710494 0.844354
vt 0.052157 0.392057
vt 0.742686 0.692632
vt 0.761188 0.680299
vt 0.715445 0.901145
vt 0.803180 0.154737
vt 0.105132 0.418886
vt 0.758900 0.188805
vt 0.661910 0.674782
vt 0.747415 0.855814
vt 0.737410 0.881671
vt 0.821364 0.164410
vt 0.833383 0.202692
vt 0.252687 0.099632
vt 0.212723 0.100011
vt 0.232765 0.139408
vt 0.851929 0.085740
vt 0.104258 0.451498
vt 0.121674 0.462318
vt 0.765534 0.685653
vt 0.029718 0.404681
vt 0.052691 0.405779
vt 0.117505 0.464577
vt 0.704024 0.689843
vt 0.069573 0.394868
vt 0.257752 0.079836
vt 0.206318 0.081791
vt 0.752948 0.867772
vt 0.747369 0.867206
vt 0.749132 0.894301
vt 0.698662 0.813500
vt 0.721075 0.821292
vt 0.083427 0.445265
vt 0.693152 0.791348
vt 0.835329 0.177757
vt 0.095054 0.408672
vt 0.089146 0.412732
vt 0.762634 0.710029
vt 0.778696 0.696994
vt 0.846811 0.189789
vt 0.677201 0.689832
vt 0.749695 0.830958
vt 0.744849 0.831359
vt 0.737542 0.829567
vt 0.737663 0.832170
vt 0.078239 0.400986
vt 0.073131 0.407133
vt 0.086522 0.485965
vt 0.099708 0.489950
vt 0.912919 0.033403
vt 0.774093 0.718801
vt 0.790199 0.707667
vt 0.890698 0.047325
vt 0.903071 0.058813
vt 0.909391 0.065854
vt 0.593486 0.980577
vt 0.640771 0.974222
vt 0.895770 0.019642
vt 0.726204 0.706497
vt 0.911259 0.018330
vt 0.029911 0.444880
vt 0.049586 0.444555
vt 0.792211 0.711831
vt 0.867341 0.025430
vt 0.723587 0.815182
vt 0.712508 0.792972
vt 0.896655 0.075983
vt 0.690409 0.701473
vt 0.887435 0.067774
vt 0.066499 0.444098
vt 0.880194 0.051595
vt 0.566479 0.007568
vt 0.701909 0.711006
vt 0.583970 0.970986
vt 0.648168 0.951324
vt 0.531643 0.028843
vt 0.072833 0.484638
vt 0.715952 0.721522
vt 0.864283 0.055514
vt 0.863897 0.078399
vt 0.730560 0.811945
vt 0.709001 0.767530
vt 0.764934 0.733629
vt 0.707390 0.740181
vt 0.741077 0.810848
vt 0.728731 0.730400
vt 0.518127 0.008068
vt 0.082930 0.506290
vt 0.095582 0.505718
vt 0.716075 0.769581
vt 0.739703 0.736625
vt 0.714619 0.744320
vt 0.031166 0.486945
vt 0.046614 0.485985
vt 0.629119 0.915573
vt 0.745864 0.794983
vt 0.751690 0.742694
vt 0.727539 0.772668
vt 0.070867 0.506612
vt 0.159864 0.586413
vt 0.186499 0.583558
vt 0.165077 0.570293
vt 0.088986 0.532356
vt 0.102328 0.526921
vt 0.613242 0.912234
vt 0.058097 0.506678
vt 0.744772 0.757521
vt 0.750290 0.759676
vt 0.129773 0.550971
vt 0.112309 0.567653
vt 0.137827 0.588496
vt 0.046191 0.506605
vt 0.031992 0.506540
vt 0.074623 0.534573
vt 0.238681 0.612731
vt 0.060268 0.534708
vt 0.031360 0.531406
vt 0.047204 0.533503
vt 0.090340 0.578120
vt 0.125192 0.627322
vt 0.205210 0.615217
vt 0.069725 0.582424
vt 0.022223 0.581961
vt 0.046459 0.582979
vt 0.141544 0.623615
vt 0.188934 0.613812
vt 0.143046 0.648864
vt 0.190245 0.632440
vt 0.084886 0.623383
vt 0.116536 0.637408
vt 0.057737 0.633496
vt 0.006365 0.632565
vt 0.035930 0.633255
vt 0.186006 0.667773
vt 0.198911 0.675485
vt 0.197484 0.687092
vt 0.197721 0.705314
vt 0.224728 0.699477
vt 0.074637 0.648513
vt 0.046424 0.646889
vt 0.028739 0.668671
vt 0.528186 0.837451
vt 0.536822 0.822645
vt 0.540495 0.842915
vt 0.485331 0.820752
vt 0.572674 0.237119
vt 0.541176 0.176623
vt 0.507538 0.820049
vt 0.844884 0.716787
vt 0.754906 0.892144
vt 0.170973 0.791942
vt 0.176630 0.801859
vt 0.203314 0.789581
vt 0.201252 0.779112
vt 0.144890 0.814565
vt 0.154110 0.822824
vt 0.126126 0.845855
vt 0.138377 0.850979
vt 0.120505 0.883615
vt 0.131609 0.883621
vt 0.126194 0.921308
vt 0.138392 0.916191
vt 0.144968 0.952447
vt 0.154101 0.944245
vt 0.170927 0.974821
vt 0.176545 0.965094
vt 0.200776 0.987468
vt 0.203121 0.977338
vt 0.231538 0.990738
vt 0.231419 0.980568
vt 0.263171 0.984128
vt 0.258745 0.974643
vt 0.290500 0.967736
vt 0.282927 0.960102
vt 0.311451 0.943901
vt 0.301776 0.938628
vt 0.324592 0.914972
vt 0.313854 0.912336
vt 0.328761 0.883615
vt 0.318384 0.883621
vt 0.324629 0.852221
vt 0.313875 0.854869
vt 0.311477 0.823236
vt 0.301782 0.828542
vt 0.290479 0.799395
vt 0.282921 0.807058
vt 0.263141 0.783038
vt 0.258725 0.792524
vt 0.231538 0.776440
vt 0.231419 0.786575
vt 0.184150 0.813942
vt 0.207317 0.802928
vt 0.164974 0.832251
vt 0.151939 0.856298
vt 0.146735 0.883625
vt 0.151929 0.910904
vt 0.164936 0.934903
vt 0.184056 0.953168
vt 0.207219 0.964191
vt 0.232330 0.967278
vt 0.255640 0.962329
vt 0.276518 0.949945
vt 0.292992 0.931448
vt 0.303724 0.908646
vt 0.308010 0.883625
vt 0.303728 0.858583
vt 0.292994 0.835763
vt 0.276482 0.817262
vt 0.255619 0.804885
vt 0.232330 0.799928
vt 0.196904 0.833515
vt 0.213872 0.825347
vt 0.183114 0.846858
vt 0.173902 0.864156
vt 0.170422 0.883625
vt 0.173857 0.903073
vt 0.183017 0.920359
vt 0.196782 0.933705
vt 0.213753 0.941901
vt 0.232330 0.944325
vt 0.249171 0.940852
vt 0.264289 0.931943
vt 0.276332 0.918530
vt 0.284226 0.901911
vt 0.287364 0.883625
vt 0.284195 0.865336
vt 0.276255 0.848719
vt 0.264203 0.835317
vt 0.249085 0.826431
vt 0.232330 0.822989
vt 0.209009 0.851253
vt 0.220076 0.845848
vt 0.199966 0.859959
vt 0.194068 0.871130
vt 0.191858 0.883625
vt 0.193932 0.896124
vt 0.199711 0.907309
vt 0.208654 0.916046
vt 0.219768 0.921504
vt 0.232330 0.923217
vt 0.243243 0.921034
vt 0.253163 0.915274
vt 0.260956 0.906526
vt 0.266076 0.895635
vt 0.267949 0.883625
vt 0.265928 0.871636
vt 0.260705 0.860765
vt 0.252829 0.852047
vt 0.242960 0.846333
vt 0.232330 0.844218
vt 0.220592 0.867805
vt 0.226193 0.865108
vt 0.216052 0.872092
vt 0.213042 0.877548
vt 0.211732 0.883625
vt 0.212699 0.889726
vt 0.215373 0.895216
vt 0.219463 0.899544
vt 0.224475 0.902297
vt 0.232330 0.903193
vt 0.237709 0.902160
vt 0.242515 0.899340
vt 0.246280 0.895015
vt 0.248658 0.889604
vt 0.249277 0.883625
vt 0.248184 0.877711
vt 0.245576 0.872324
vt 0.241436 0.868034
vt 0.236140 0.865264
vt 0.232330 0.864256
vt 0.231419 0.883621
vt 0.151355 0.701617
vt 0.114317 0.689135
vt 0.147888 0.666196
vt 0.082707 0.685250
vt 0.098457 0.650729
vt 0.124029 0.717313
vt 0.102223 0.730991
vt 0.090926 0.710081
vt 0.157871 0.729635
vt 0.150804 0.757596
vt 0.125228 0.743245
vt 0.175464 0.705796
vt 0.176662 0.752251
vt 0.047509 0.668974
vt 0.062326 0.707360
vt 0.077375 0.732123
vt 0.050507 0.733928
vt 0.095529 0.752199
vt 0.119775 0.770943
vt 0.087548 0.776604
vt 0.149588 0.791948
vt 0.021319 0.711954
vt 0.063593 0.757925
vt 0.102921 0.807347
vt 0.027920 0.760292
vt 0.058563 0.794623
vt 0.151355 0.701617
vt 0.147888 0.666196
vt 0.114317 0.689135
vt 0.098457 0.650729
vt 0.082707 0.685250
vt 0.124029 0.717313
vt 0.090926 0.710081
vt 0.102223 0.730991
vt 0.157871 0.729635
vt 0.125229 0.743245
vt 0.150804 0.757596
vt 0.175464 0.705796
vt 0.176662 0.752251
vt 0.047509 0.668974
vt 0.062326 0.707360
vt 0.077375 0.732123
vt 0.050507 0.733928
vt 0.095530 0.752199
vt 0.119775 0.770943
vt 0.087548 0.776604
vt 0.149588 0.791948
vt 0.021319 0.711954
vt 0.063593 0.757925
vt 0.102921 0.807347
vt 0.027920 0.760292
vt 0.058563 0.794623
vt 0.519433 0.493358
vt 0.519679 0.504611
vt 0.524367 0.504611
vt 0.477676 0.479286
vt 0.442904 0.480413
vt 0.442904 0.504611
vt 0.477676 0.504611
vt 0.506903 0.504611
vt 0.506502 0.486292
vt 0.518537 0.511437
vt 0.519072 0.522592
vt 0.523714 0.511437
vt 0.506165 0.522883
vt 0.443297 0.529151
vt 0.477561 0.528730
vt 0.477561 0.511437
vt 0.443297 0.511437
vt 0.506165 0.511437
vt 0.443297 0.538052
vt 0.477561 0.538214
vt 0.506165 0.530355
vt 0.519679 0.504611
vt 0.477676 0.479286
vt 0.477676 0.504611
vt 0.442903 0.504611
vt 0.442903 0.480413
vt 0.506903 0.504611
vt 0.506502 0.486292
vt 0.518537 0.511437
vt 0.523714 0.511437
vt 0.519072 0.522592
vt 0.443297 0.529151
vt 0.443297 0.511437
vt 0.443297 0.538052
vt 0.959476 0.510503
vt 0.981344 0.510503
vt 0.970866 0.531662
vt 0.950389 0.525861
vt 0.990586 0.525868
vt 0.963418 0.482151
vt 0.968440 0.495327
vt 0.954522 0.488153
vt 0.980112 0.482149
vt 0.975157 0.495326
vt 0.989256 0.588970
vt 0.978195 0.604171
vt 0.968533 0.588970
vt 0.979749 0.548242
vt 0.966410 0.575376
vt 0.966496 0.545862
vt 0.952989 0.548888
vt 0.980221 0.482110
vt 0.989187 0.488153
vt 0.975140 0.495330
vt 0.990823 0.606869
vt 0.965250 0.606832
vt 0.991738 0.561918
vt 0.942766 0.561918
vt 0.968491 0.495330
vt 0.963454 0.482109
vt 0.959415 0.510439
vt 0.981467 0.510439
vt 0.970646 0.531654
vt 0.963449 0.482110
vt 0.968486 0.495330
vt 0.954533 0.488153
vt 0.975137 0.495330
vt 0.980181 0.482109
vt 0.950395 0.525869
vt 0.990579 0.525874
vt 0.954534 0.488153
vt 0.981505 0.460199
vt 0.974674 0.460192
vt 0.966231 0.446001
vt 0.989274 0.446001
vt 0.980143 0.482135
vt 0.989178 0.488153
vt 0.975163 0.495323
vt 0.968433 0.495323
vt 0.954516 0.488153
vt 0.963426 0.482101
vt 0.966220 0.446044
vt 0.989288 0.446044
vt 0.981539 0.460208
vt 0.974663 0.460201
vt 0.989204 0.589003
vt 0.978121 0.604175
vt 0.968553 0.589003
vt 0.990812 0.606866
vt 0.965260 0.606799
vt 0.953054 0.548896
vt 0.966492 0.545948
vt 0.966404 0.575374
vt 0.979773 0.548355
vt 0.942965 0.561918
vt 0.991729 0.561907
vt 0.974668 0.460224
vt 0.966296 0.446066
vt 0.989276 0.446066
vt 0.981527 0.460226
vt 0.974677 0.460209
vt 0.966255 0.446055
vt 0.989265 0.446055
vt 0.981489 0.460214
vt 0.750711 0.429683
vt 0.798237 0.416477
vt 0.756223 0.398132
vt 0.806755 0.434111
vt 0.743378 0.452750
vt 0.805215 0.439203
vt 0.755133 0.370534
vt 0.781595 0.384817
vt 0.893415 0.114292
vt 0.931490 0.114264
vt 0.910130 0.101591
vt 0.965669 0.057354
vt 0.980778 0.113587
vt 0.983639 0.111224
vt 0.951719 0.072594
vt 0.961668 0.113614
vt 0.760891 0.346535
vt 0.745890 0.330263
vt 0.751188 0.349533
vt 0.892446 0.106008
vt 0.876032 0.110654
vt 0.723233 0.498415
vt 0.734754 0.491647
vt 0.990172 0.022510
vt 0.990265 0.034185
vt 0.930687 0.090050
vt 0.505271 0.719073
vt 0.521316 0.724347
vt 0.554516 0.688706
vt 0.534010 0.682943
vt 0.478157 0.746910
vt 0.453076 0.766463
vt 0.460837 0.769171
vt 0.490206 0.751430
vt 0.564302 0.540989
vt 0.576141 0.564829
vt 0.573825 0.542329
vt 0.521999 0.678513
vt 0.492507 0.713792
vt 0.468054 0.742743
vt 0.447475 0.764255
vt 0.464677 0.568622
vt 0.488737 0.572351
vt 0.489437 0.557607
vt 0.464615 0.560734
vt 0.463256 0.576762
vt 0.486172 0.584911
vt 0.560531 0.545170
vt 0.569041 0.565768
vt 0.577722 0.594763
vt 0.566384 0.596316
vt 0.577362 0.610850
vt 0.596957 0.593207
vt 0.603470 0.612375
vt 0.436172 0.563080
vt 0.562286 0.603716
vt 0.561259 0.642527
vt 0.583998 0.646572
vt 0.562995 0.613536
vt 0.550234 0.640214
vt 0.609336 0.590605
vt 0.618350 0.616714
vt 0.597639 0.652248
vt 0.565080 0.695050
vt 0.530099 0.730084
vt 0.496040 0.755854
vt 0.463702 0.772701
vt 0.424978 0.785210
vt 0.431461 0.786507
vt 0.430909 0.783487
vt 0.748951 0.593257
vt 0.732112 0.573349
vt 0.723434 0.581344
vt 0.735740 0.603144
vt 0.673672 0.528626
vt 0.696921 0.548609
vt 0.703777 0.541009
vt 0.683379 0.519555
vt 0.881003 0.634888
vt 0.839220 0.627596
vt 0.829911 0.643175
vt 0.872737 0.648385
vt 0.915160 0.638308
vt 0.909059 0.649297
vt 0.941089 0.645666
vt 0.944752 0.638369
vt 0.870193 0.656487
vt 0.826452 0.653471
vt 0.907530 0.655340
vt 0.940920 0.649900
vt 0.981059 0.637161
vt 0.975880 0.638371
vt 0.976694 0.640728
vt 0.666104 0.538057
vt 0.689762 0.555907
vt 0.726342 0.611009
vt 0.714498 0.586918
vt 0.767640 0.588223
vt 0.806156 0.521005
vt 0.759530 0.587084
vt 0.722220 0.545118
vt 0.737449 0.567418
vt 0.726050 0.545546
vt 0.710837 0.532673
vt 0.694095 0.510519
vt 0.715402 0.554610
vt 0.884784 0.628654
vt 0.843874 0.620549
vt 0.918168 0.633214
vt 0.947517 0.633356
vt 0.980313 0.632605
vt 0.978176 0.635315
vt 0.809842 0.494803
vt 0.803557 0.489174
vt 0.784450 0.504627
vt 0.795301 0.515420
vt 0.815872 0.499070
vt 0.803218 0.608554
vt 0.773534 0.597082
vt 0.762627 0.604246
vt 0.796279 0.616310
vt 0.746642 0.622322
vt 0.784164 0.633288
vt 0.777427 0.645753
vt 0.488296 0.552613
vt 0.477759 0.554330
vt 0.825471 0.469713
vt 0.801752 0.486744
vt 0.462242 0.579390
vt 0.813701 0.513198
vt 0.427271 0.783047
vt 0.422365 0.780361
vt 0.424714 0.782291
vt 0.435386 0.769890
vt 0.674098 0.483856
vt 0.661020 0.495903
vt 0.569271 0.494522
vt 0.565694 0.461925
vt 0.549263 0.464447
vt 0.557385 0.497147
vt 0.583213 0.461902
vt 0.581397 0.493742
vt 0.594072 0.495042
vt 0.598814 0.463789
vt 0.648650 0.509087
vt 0.639973 0.520222
vt 0.648173 0.467353
vt 0.679375 0.479200
vt 0.675038 0.463761
vt 0.656630 0.458132
vt 0.562409 0.432339
vt 0.541973 0.433608
vt 0.584745 0.433383
vt 0.600622 0.435497
vt 0.627692 0.491055
vt 0.617006 0.503440
vt 0.642391 0.473657
vt 0.571507 0.523925
vt 0.562387 0.523617
vt 0.582055 0.524101
vt 0.592741 0.524804
vt 0.587602 0.566058
vt 0.584778 0.543191
vt 0.709122 0.562163
vt 0.701946 0.568392
vt 0.593552 0.542526
vt 0.598626 0.564929
vt 0.738699 0.634801
vt 0.696947 0.508507
vt 0.712207 0.530871
vt 0.548349 0.483380
vt 0.553574 0.498263
vt 0.559730 0.524658
vt 0.561166 0.538945
vt 0.559572 0.541011
vt 0.791357 0.494520
vt 0.782877 0.501598
vt 0.532714 0.453251
vt 0.542606 0.467019
vt 0.529841 0.437256
vt 0.725269 0.544247
vt 0.722793 0.543753
vt 0.563718 0.607752
vt 0.445711 0.762353
vt 0.962626 0.630090
vt 0.948239 0.631490
vt 0.769287 0.592918
vt 0.808540 0.521907
vt 0.485144 0.588727
vt 0.475618 0.585352
vt 0.464848 0.556868
vt 0.818593 0.499572
vt 0.666130 0.450028
vt 0.474441 0.657838
vt 0.430406 0.730971
vt 0.496217 0.657176
vt 0.409749 0.701288
vt 0.451810 0.650596
vt 0.427567 0.635148
vt 0.254055 0.525309
vt 0.268022 0.569943
vt 0.306278 0.572502
vt 0.281263 0.525111
vt 0.249603 0.714915
vt 0.354108 0.747986
vt 0.347943 0.698678
vt 0.228645 0.731730
vt 0.213199 0.739253
vt 0.227967 0.742193
vt 0.436636 0.735549
vt 0.234498 0.471121
vt 0.250117 0.488411
vt 0.350212 0.562145
vt 0.362869 0.548259
vt 0.341969 0.525880
vt 0.364465 0.602681
vt 0.381819 0.581174
vt 0.385162 0.650526
vt 0.410394 0.619994
vt 0.395211 0.601601
vt 0.274166 0.599198
vt 0.331293 0.633801
vt 0.274206 0.656121
vt 0.502261 0.662820
vt 0.351270 0.756426
vt 0.345705 0.761815
vt 0.509706 0.653717
vt 0.442338 0.736494
vt 0.264926 0.690119
vt 0.276843 0.628266
vt 0.340197 0.507483
vt 0.771733 0.366582
vt 0.980456 0.113757
vt 0.722390 0.543542
vt 0.179577 0.494415
vt 0.146558 0.463754
vt 0.602553 0.746719
vt 0.567486 0.727207
vt 0.639246 0.693438
vt 0.647092 0.766791
vt 0.585377 0.801021
vt 0.624612 0.838278
vt 0.636886 0.799799
vt 0.687567 0.833839
vt 0.050596 0.350504
vt 0.024989 0.350851
vt 0.579715 0.815052
vt 0.054079 0.233094
vt 0.129929 0.381861
vt 0.012020 0.238653
vt 0.109817 0.228286
vt 0.375702 0.832430
vt 0.416591 0.866170
vt 0.451600 0.855265
vt 0.434272 0.807503
vt 0.346650 0.835155
vt 0.415165 0.892956
vt 0.384913 0.918441
vt 0.195425 0.319648
vt 0.148144 0.323451
vt 0.458834 0.881498
vt 0.115754 0.271654
vt 0.150650 0.226081
vt 0.106450 0.190880
vt 0.071700 0.161367
vt 0.414596 0.939503
vt 0.392324 0.958236
vt 0.631781 0.225627
vt 0.198649 0.272899
vt 0.560511 0.887429
vt 0.581525 0.856744
vt 0.602432 0.874774
vt 0.353930 0.912921
vt 0.485483 0.822092
vt 0.492951 0.846776
vt 0.462527 0.927256
vt 0.415109 0.911826
vt 0.460705 0.903198
vt 0.010360 0.164775
vt 0.724228 0.191786
vt 0.734196 0.195849
vt 0.648903 0.191221
vt 0.591590 0.226177
vt 0.356669 0.925254
vt 0.384731 0.965162
vt 0.106366 0.182173
vt 0.708147 0.933102
vt 0.725410 0.918242
vt 0.763460 0.942002
vt 0.197510 0.226294
vt 0.839641 0.473928
vt 0.869620 0.462511
vt 0.572271 0.928397
vt 0.464101 0.953691
vt 0.603041 0.166767
vt 0.748925 0.096331
vt 0.764667 0.099007
vt 0.062694 0.124854
vt 0.907548 0.456282
vt 0.685305 0.103400
vt 0.020271 0.012653
vt 0.049176 0.028407
vt 0.519518 0.854056
vt 0.511651 0.881172
vt 0.468381 0.985698
vt 0.805509 0.353965
vt 0.843158 0.353743
vt 0.559839 0.163269
vt 0.551244 0.844815
vt 0.531621 0.891045
vt 0.540795 0.871123
vt 0.208228 0.182313
vt 0.142627 0.128787
vt 0.523459 0.908772
vt 0.526881 0.911744
vt 0.077754 0.108672
vt 0.054742 0.094299
vt 0.070385 0.076020
vt 0.505682 0.901747
vt 0.838641 0.113771
vt 0.502235 0.948338
vt 0.515407 0.926229
vt 0.234426 0.223799
vt 0.175429 0.135409
vt 0.894914 0.351119
vt 0.692566 0.020703
vt 0.916511 0.349127
vt 0.260559 0.162198
vt 0.264354 0.113653
vt 0.310388 0.128675
vt 0.311497 0.173669
vt 0.965320 0.734467
vt 0.987224 0.778529
vt 0.892359 0.775007
vt 0.863938 0.244561
vt 0.097034 0.066679
vt 0.868863 0.703606
vt 0.909769 0.689418
vt 0.301519 0.045649
vt 0.239368 0.195961
vt 0.505206 0.984043
vt 0.311018 0.211007
vt 0.948757 0.347663
vt 0.951349 0.459286
vt 0.188773 0.130101
vt 0.219316 0.164345
vt 0.914254 0.866269
vt 0.357651 0.178167
vt 0.375944 0.136531
vt 0.049650 0.053148
vt 0.162845 0.097909
vt 0.979303 0.350407
vt 0.287893 0.288755
vt 0.138386 0.052316
vt 0.838606 0.746112
vt 0.400499 0.177973
vt 0.825761 0.742575
vt 0.150360 0.045211
vt 0.396625 0.212369
vt 0.074677 0.034419
vt 0.392699 0.257548
vt 0.361295 0.259656
vt 0.421153 0.041229
vt 0.437216 0.134506
vt 0.119298 0.013857
vt 0.632835 0.106533
vt 0.461638 0.169776
vt 0.438683 0.194140
vt 0.437972 0.206739
vt 0.490635 0.100263
vt 0.522030 0.137117
vt 0.539300 0.061230
vt 0.813449 0.879658
vt 0.823995 0.879658
vt 0.392792 0.292840
vt 0.365510 0.300425
vt 0.443200 0.217515
vt 0.480910 0.226591
vt 0.603753 0.104636
vt 0.408921 0.259928
vt 0.409547 0.290780
vt 0.531771 0.152234
vt 0.957888 0.923374
vt 0.959732 0.916260
vt 0.533680 0.157800
vt 0.938736 0.959703
vt 0.350392 0.388250
vt 0.540020 0.253746
vt 0.537373 0.259388
vt 0.529435 0.265630
vt 0.939384 0.878752
vt 0.072587 0.850532
vt 0.972772 0.863446
vt 0.049277 0.854887
vt 0.505846 0.276919
vt 0.497852 0.280987
vt 0.379580 0.340158
vt 0.093647 0.938608
vt 0.562590 0.112064
vt 0.578245 0.096468
vt 0.342104 0.426049
vt 0.019172 0.903925
vt 0.405618 0.370065
vt 0.431916 0.352024
vt 0.439153 0.345317
vt 0.969274 0.856461
vt 0.058547 0.964375
vt 0.565534 0.297123
vt 0.819073 0.960567
vt 0.498388 0.811775
vt 0.505526 0.813815
vt 0.594222 0.118288
vt 0.504964 0.343600
vt 0.497947 0.338731
vt 0.911370 0.135235
vt 0.909544 0.171319
vt 0.954334 0.219176
vt 0.937420 0.208914
vt 0.589614 0.318117
vt 0.025082 0.933870
vt 0.552539 0.329375
vt 0.563706 0.341451
vt 0.911078 0.199992
vt 0.641348 0.358537
vt 0.642483 0.316845
vt 0.460867 0.355789
vt 0.458293 0.364706
vt 0.535393 0.370149
vt 0.523960 0.359447
vt 0.650046 0.392544
vt 0.681351 0.390226
vt 0.483877 0.387923
vt 0.882866 0.207748
vt 0.701005 0.402707
vt 0.372467 0.466085
vt 0.491436 0.402076
vt 0.500756 0.412750
vt 0.131533 0.445894
vt 0.101352 0.420432
vt 0.111523 0.411853
vt 0.791697 0.041989
vt 0.823051 0.079946
vt 0.791892 0.259285
vt 0.778231 0.169242
vt 0.828346 0.171084
vt 0.735400 0.854985
vt 0.735660 0.861122
vt 0.697510 0.835580
vt 0.733021 0.879385
vt 0.614730 0.674651
vt 0.650206 0.659174
vt 0.664422 0.672269
vt 0.749816 0.855977
vt 0.846477 0.189131
vt 0.206274 0.081090
vt 0.089611 0.448090
vt 0.076343 0.485395
vt 0.739670 0.665373
vt 0.742125 0.671708
vt 0.693705 0.680591
vt 0.073560 0.399826
vt 0.752019 0.893223
vt 0.748098 0.882907
vt 0.694438 0.784499
vt 0.706494 0.784440
vt 0.727073 0.813563
vt 0.733186 0.833807
vt 0.732482 0.828245
vt 0.667442 0.716214
vt 0.751937 0.686466
vt 0.747287 0.830846
vt 0.913553 0.042333
vt 0.756444 0.691590
vt 0.743575 0.810734
vt 0.889642 0.077365
vt 0.783584 0.715088
vt 0.762467 0.732214
vt 0.078215 0.533498
vt 0.645135 0.941117
vt 0.583238 0.942984
vt 0.747531 0.758598
vt 0.743414 0.785743
vt 0.096171 0.573962
vt 0.530651 0.826873
vt 0.550546 0.816309
vt 0.537798 0.831553
vt 0.455378 0.795561
vt 0.469813 0.813509
vt 0.806056 0.103666
vt 0.563486 0.837304
vt 0.645882 0.972804
vt 0.919088 0.098443
vt 0.946579 0.113939
vt 0.748104 0.435645
vt 0.756168 0.381675
vt 0.805985 0.436657
vt 0.955572 0.068957
vt 0.789916 0.400647
vt 0.982154 0.112675
vt 0.484182 0.749170
vt 0.426902 0.782779
vt 0.562335 0.540483
vt 0.556652 0.511461
vt 0.576057 0.509073
vt 0.581872 0.565444
vt 0.507253 0.696153
vt 0.528778 0.703767
vt 0.564662 0.613962
vt 0.590416 0.611612
vt 0.547589 0.712567
vt 0.978670 0.634724
vt 0.912109 0.643803
vt 0.848323 0.654979
vt 0.855718 0.638511
vt 0.727773 0.577347
vt 0.689437 0.534450
vt 0.704577 0.519689
vt 0.723971 0.544685
vt 0.864329 0.624601
vt 0.754634 0.613284
vt 0.774117 0.598080
vt 0.802572 0.505112
vt 0.593406 0.509923
vt 0.573577 0.432861
vt 0.677933 0.546982
vt 0.635041 0.482356
vt 0.522262 0.445072
vt 0.425767 0.731247
vt 0.374813 0.626603
vt 0.436336 0.640969
vt 0.318785 0.603152
vt 0.274276 0.602205
vt 0.271195 0.668265
vt 0.355055 0.746286
vt 0.397209 0.603186
vt 0.476707 0.570486
vt 0.366449 0.451817
vt 0.853001 0.085734
vt 0.631822 0.982795
vt 0.034998 0.767125
vt 0.026684 0.710026
vt 0.067733 0.748541
vt 0.063088 0.665258
vt 0.081672 0.697993
vt 0.099977 0.730236
vt 0.079767 0.803529
vt 0.116397 0.764372
vt 0.136866 0.795215
vt 0.164955 0.693347
vt 0.132220 0.711931
vt 0.120187 0.656943
vt 0.173269 0.750446
vt 0.835001 0.955962
vt 0.404791 0.822323
vt 0.191689 0.800245
vt 0.150457 0.840446
vt 0.171597 0.851539
vt 0.201677 0.821777
vt 0.141308 0.899686
vt 0.165013 0.894154
vt 0.170194 0.950035
vt 0.185390 0.931388
vt 0.218725 0.972236
vt 0.222304 0.948794
vt 0.268118 0.961810
vt 0.259651 0.941152
vt 0.303028 0.923600
vt 0.285810 0.912199
vt 0.312037 0.870945
vt 0.292109 0.872669
vt 0.290110 0.821576
vt 0.275094 0.836285
vt 0.245109 0.794042
vt 0.241794 0.816458
vt 0.202724 0.868255
vt 0.217376 0.854003
vt 0.199271 0.888439
vt 0.208568 0.906446
vt 0.226842 0.915249
vt 0.245612 0.911722
vt 0.258199 0.897583
vt 0.260847 0.878201
vt 0.252388 0.860583
vt 0.236486 0.851238
vt 0.231385 0.883124
vt 0.613099 0.725610
vt 0.639556 0.692724
vt 0.592008 0.767828
vt 0.068657 0.231113
vt 0.039502 0.235074
vt 0.379893 0.861230
vt 0.384591 0.900991
vt 0.413265 0.890118
vt 0.447009 0.875718
vt 0.386012 0.923406
vt 0.413628 0.912769
vt 0.035328 0.184316
vt 0.583995 0.854226
vt 0.579055 0.859262
vt 0.446205 0.899333
vt 0.353163 0.898716
vt 0.565637 0.874799
vt 0.068733 0.162772
vt 0.037907 0.151015
vt 0.484441 0.869857
vt 0.074666 0.159962
vt 0.184070 0.226250
vt 0.481136 0.893334
vt 0.561401 0.888381
vt 0.555730 0.898566
vt 0.576567 0.917707
vt 0.883147 0.501249
vt 0.045357 0.119608
vt 0.696874 0.153507
vt 0.512862 0.875974
vt 0.542919 0.859583
vt 0.507189 0.897333
vt 0.210951 0.226339
vt 0.534815 0.884466
vt 0.525922 0.903378
vt 0.696010 0.094060
vt 0.840740 0.115343
vt 0.835859 0.354549
vt 0.850457 0.352937
vt 0.064719 0.080239
vt 0.911829 0.414501
vt 0.263845 0.145834
vt 0.312392 0.161423
vt 0.316762 0.130191
vt 0.254273 0.193281
vt 0.310602 0.185914
vt 0.919797 0.755925
vt 0.987000 0.758799
vt 0.104244 0.081878
vt 0.920157 0.810209
vt 0.325090 0.090451
vt 0.718058 0.017309
vt 0.877676 0.352628
vt 0.076051 0.071801
vt 0.637138 0.097116
vt 0.109007 0.077671
vt 0.985995 0.810739
vt 0.869238 0.753804
vt 0.313220 0.232440
vt 0.123434 0.074218
vt 0.934167 0.847672
vt 0.401017 0.163493
vt 0.398335 0.130299
vt 0.396084 0.086795
vt 0.141422 0.069119
vt 0.402749 0.189471
vt 0.403407 0.047629
vt 0.150768 0.063537
vt 0.156814 0.058140
vt 0.405833 0.208875
vt 0.319423 0.266765
vt 0.886002 0.267725
vt 0.411932 0.223832
vt 0.428536 0.122588
vt 0.885970 0.260744
vt 0.293784 0.319068
vt 0.465254 0.097563
vt 0.919739 0.296777
vt 0.485987 0.123053
vt 0.423404 0.241661
vt 0.327098 0.309360
vt 0.498980 0.139421
vt 0.508512 0.153018
vt 0.893159 0.246519
vt 0.428369 0.249175
vt 0.519825 0.104333
vt 0.515068 0.162565
vt 0.518189 0.167886
vt 0.936456 0.944651
vt 0.520294 0.245411
vt 0.524302 0.239453
vt 0.516549 0.249929
vt 0.932795 0.885483
vt 0.932075 0.950371
vt 0.512042 0.254315
vt 0.535899 0.121980
vt 0.083774 0.860801
vt 0.496412 0.265733
vt 0.339037 0.356015
vt 0.544727 0.134051
vt 0.490027 0.271149
vt 0.095052 0.925593
vt 0.548473 0.141902
vt 0.549170 0.147713
vt 0.945397 0.969036
vt 0.554453 0.273365
vt 0.555738 0.268039
vt 0.945973 0.872020
vt 0.019852 0.891350
vt 0.396513 0.362045
vt 0.422131 0.344557
vt 0.431449 0.338254
vt 0.018493 0.916500
vt 0.441700 0.359491
vt 0.446858 0.352380
vt 0.937742 0.205525
vt 0.414723 0.378085
vt 0.569809 0.336806
vt 0.919203 0.199446
vt 0.902953 0.200538
vt 0.405902 0.427174
vt 0.134079 0.420163
vt 0.123480 0.430423
vt 0.722502 0.899701
vt 0.097139 0.415809
vt 0.692339 0.680135
vt 0.073775 0.406800
vt 0.758018 0.706343
vt 0.774387 0.693393
vt 0.074963 0.444682
vt 0.073906 0.397927
vt 0.719952 0.793393
vt 0.743558 0.719309
vt 0.066165 0.484825
vt 0.734217 0.733513
vt 0.721807 0.771124
vt 0.726786 0.750578
vt 0.064482 0.506645
vt 0.067445 0.534641
vt 0.080032 0.580272
vt 0.547316 0.816929
vt 0.538392 0.830030
vt 0.753467 0.413908
vt 0.941203 0.081322
vt 0.563357 0.610644
vt 0.771410 0.595000
vt 0.693578 0.530282
vt 0.702466 0.521596
vt 0.570389 0.509224
vt 0.559886 0.510382
vt 0.581726 0.508922
vt 0.685297 0.538617
vt 0.433521 0.733260
vt 0.352689 0.752206
vt 0.275504 0.613732
vt 0.402803 0.610798
vt 0.231883 0.885492
vt 0.200808 0.885249
vt 0.203107 0.897909
vt 0.209780 0.908691
vt 0.219815 0.915936
vt 0.231686 0.918541
vt 0.243588 0.916111
vt 0.253709 0.909022
vt 0.260508 0.898352
vt 0.262952 0.885726
vt 0.260665 0.873063
vt 0.253998 0.862290
vt 0.243964 0.855049
vt 0.232093 0.852446
vt 0.220188 0.854880
vt 0.210057 0.861970
vt 0.203251 0.872634
vt 0.170356 0.885005
vt 0.174733 0.910594
vt 0.187292 0.932417
vt 0.206193 0.947058
vt 0.231756 0.952316
vt 0.252256 0.947400
vt 0.271322 0.933061
vt 0.282851 0.911483
vt 0.287456 0.885955
vt 0.283138 0.860352
vt 0.273907 0.838569
vt 0.253895 0.823934
vt 0.232292 0.818661
vt 0.206894 0.823608
vt 0.187799 0.837941
vt 0.174977 0.859513
vt 0.148759 0.884996
vt 0.154754 0.919730
vt 0.171916 0.949239
vt 0.197753 0.969078
vt 0.231531 0.976205
vt 0.258991 0.969528
vt 0.285066 0.950060
vt 0.302584 0.920761
vt 0.308877 0.886088
vt 0.302969 0.851334
vt 0.288009 0.821784
vt 0.262703 0.801929
vt 0.232273 0.794803
vt 0.198627 0.801492
vt 0.172571 0.820962
vt 0.155051 0.850280
vt 0.127577 0.884896
vt 0.134951 0.925391
vt 0.153510 0.959799
vt 0.189011 0.984582
vt 0.231331 0.991219
vt 0.263934 0.983436
vt 0.294003 0.960744
vt 0.315753 0.926596
vt 0.323563 0.886189
vt 0.316237 0.845682
vt 0.297122 0.811241
vt 0.268350 0.788111
vt 0.232057 0.779816
vt 0.192298 0.787552
vt 0.158783 0.810281
vt 0.135369 0.844461
s 0
usemtl Material_0
f 1/1/1 2/2/1 3/3/1
f 2338/4/2 4/5/2 5/6/2
f 2338/4/3 5/6/3 6/7/3
f 7/8/4 8/9/4 9/10/4
f 7/8/5 9/10/5 10/11/5
f 11/12/6 12/13/6 13/14/6
f 11/12/7 13/14/7 14/15/7
f 15/16/8 16/17/8 17/18/8
f 15/16/9 17/18/9 18/19/9
f 19/20/10 20/21/10 16/17/10
f 19/20/11 16/17/11 21/22/11
f 5/6/12 22/23/12 23/24/12
f 5/6/13 23/24/13 24/25/13
f 7/8/14 20/21/14 19/20/14
f 25/26/15 26/27/15 27/28/15
f 25/26/16 27/28/16 28/29/16
f 29/30/17 1/1/17 3/3/17
f 18/19/18 30/31/18 11/12/18
f 18/19/19 11/12/19 31/32/19
f 17/18/20 16/17/20 20/21/20
f 32/33/21 27/28/21 33/34/21
f 32/33/22 33/34/22 34/35/22
f 20/21/23 7/8/23 10/11/23
f 20/21/24 10/11/24 35/36/24
f 2339/37/25 2338/4/25 6/7/25
f 2339/37/26 6/7/26 36/38/26
f 27/28/27 26/27/27 37/39/27
f 27/28/28 37/39/28 33/34/28
f 38/40/29 12/13/29 11/12/29
f 38/40/30 11/12/30 30/31/30
f 39/41/31 18/19/31 17/18/31
f 40/42/32 17/18/32 20/21/32
f 30/31/33 18/19/33 39/41/33
f 40/42/34 20/21/34 35/36/34
f 41/43/35 34/35/35 42/44/35
f 41/43/36 42/44/36 43/45/36
f 5/6/37 44/46/37 6/7/37
f 45/47/38 46/48/38 47/49/38
f 45/47/39 47/49/39 48/50/39
f 34/35/40 33/34/40 49/51/40
f 34/35/41 49/51/41 42/44/41
f 46/48/42 45/47/42 50/52/42
f 46/48/43 50/52/43 51/53/43
f 17/18/44 40/42/44 52/54/44
f 53/55/45 54/56/45 41/43/45
f 53/55/46 41/43/46 43/45/46
f 47/49/47 46/48/47 55/57/47
f 47/49/48 55/57/48 56/58/48
f 17/18/49 52/54/49 39/41/49
f 24/25/50 44/46/50 5/6/50
f 24/25/51 23/24/51 57/59/51
f 24/25/52 57/59/52 58/60/52
f 30/31/53 39/41/53 59/61/53
f 30/31/54 59/61/54 38/40/54
f 60/62/55 55/57/55 46/48/55
f 60/62/56 46/48/56 51/53/56
f 33/34/57 37/39/57 61/63/57
f 33/34/58 61/63/58 49/51/58
f 62/64/59 36/38/59 6/7/59
f 62/64/60 6/7/60 44/46/60
f 63/65/61 48/50/61 47/49/61
f 63/65/62 47/49/62 64/66/62
f 65/67/63 43/45/63 42/44/63
f 65/67/64 42/44/64 66/68/64
f 56/58/65 55/57/65 67/69/65
f 56/58/66 67/69/66 68/70/66
f 51/53/67 50/52/67 69/71/67
f 51/53/68 69/71/68 70/72/68
f 54/56/69 53/55/69 71/73/69
f 54/56/70 71/73/70 72/74/70
f 39/41/71 52/54/71 73/75/71
f 39/41/72 73/75/72 59/61/72
f 42/44/73 49/51/73 74/76/73
f 42/44/74 74/76/74 66/68/74
f 75/77/75 53/55/75 43/45/75
f 75/77/76 43/45/76 65/67/76
f 76/78/77 67/69/77 55/57/77
f 76/78/78 55/57/78 77/79/78
f 47/49/79 56/58/79 78/80/79
f 47/49/80 78/80/80 64/66/80
f 68/70/81 67/69/81 79/81/81
f 68/70/82 79/81/82 80/82/82
f 55/57/83 60/62/83 77/79/83
f 81/83/84 60/62/84 82/84/84
f 58/60/85 57/59/85 83/85/85
f 84/86/86 79/81/86 67/69/86
f 84/86/87 67/69/87 76/78/87
f 24/25/88 85/87/88 44/46/88
f 49/51/89 61/63/89 86/88/89
f 49/51/90 86/88/90 74/76/90
f 80/82/91 79/81/91 87/89/91
f 80/82/92 87/89/92 88/90/92
f 89/91/93 65/67/93 66/68/93
f 89/91/94 66/68/94 90/92/94
f 56/58/95 68/70/95 91/93/95
f 56/58/96 91/93/96 78/80/96
f 88/90/97 87/89/97 92/94/97
f 88/90/98 92/94/98 93/95/98
f 94/96/99 95/97/99 96/98/99
f 94/96/100 96/98/100 97/99/100
f 98/100/101 87/89/101 79/81/101
f 98/100/102 79/81/102 84/86/102
f 99/101/103 71/73/103 53/55/103
f 99/101/104 53/55/104 75/77/104
f 90/92/105 66/68/105 74/76/105
f 90/92/106 74/76/106 100/102/106
f 72/74/107 71/73/107 101/103/107
f 72/74/108 101/103/108 102/104/108
f 103/105/109 60/62/109 81/83/109
f 58/60/110 85/87/110 24/25/110
f 104/106/111 75/77/111 65/67/111
f 104/106/112 65/67/112 89/91/112
f 68/70/113 80/82/113 105/107/113
f 68/70/114 105/107/114 91/93/114
f 87/89/115 98/100/115 106/108/115
f 87/89/116 106/108/116 92/94/116
f 2340/109/117 107/110/117 2341/111/117
f 108/112/118 109/113/118 110/114/118
f 93/95/119 92/94/119 111/115/119
f 93/95/120 111/115/120 112/116/120
f 108/112/121 113/117/121 109/113/121
f 114/118/122 109/113/122 115/119/122
f 114/118/123 115/119/123 116/120/123
f 117/121/124 83/85/124 102/104/124
f 95/97/125 118/122/125 119/123/125
f 95/97/126 119/123/126 96/98/126
f 120/124/127 88/90/127 93/95/127
f 120/124/128 93/95/128 121/125/128
f 122/126/129 123/127/129 124/128/129
f 80/82/130 88/90/130 120/124/130
f 80/82/131 120/124/131 105/107/131
f 58/60/132 83/85/132 117/121/132
f 125/129/133 126/130/133 127/131/133
f 107/110/134 2340/109/134 2342/132/134
f 74/76/135 86/88/135 128/133/135
f 74/76/136 128/133/136 100/102/136
f 75/77/137 104/106/137 129/134/137
f 75/77/138 129/134/138 99/101/138
f 112/116/139 121/125/139 93/95/139
f 125/129/140 130/135/140 126/130/140
f 113/117/141 115/119/141 109/113/141
f 131/136/142 103/105/142 132/137/142
f 133/138/143 111/115/143 92/94/143
f 133/138/144 92/94/144 106/108/144
f 118/122/145 134/139/145 119/123/145
f 104/106/146 89/91/146 135/140/146
f 136/141/147 89/91/147 90/92/147
f 136/141/148 90/92/148 137/142/148
f 127/131/149 126/130/149 138/143/149
f 127/131/150 138/143/150 139/144/150
f 112/116/151 111/115/151 140/145/151
f 141/146/152 97/99/152 96/98/152
f 141/146/153 96/98/153 142/147/153
f 103/105/154 143/148/154 132/137/154
f 144/149/155 145/150/155 146/151/155
f 71/73/156 99/101/156 147/152/156
f 71/73/157 147/152/157 101/103/157
f 148/153/158 84/86/158 76/78/158
f 148/153/159 76/78/159 131/136/159
f 138/143/160 126/130/160 130/135/160
f 138/143/161 130/135/161 149/154/161
f 150/155/162 113/117/162 151/156/162
f 152/157/163 121/125/163 112/116/163
f 152/157/164 112/116/164 153/158/164
f 113/117/165 150/155/165 115/119/165
f 154/159/166 85/87/166 58/60/166
f 155/160/167 104/106/167 135/140/167
f 155/160/168 135/140/168 156/161/168
f 157/162/169 140/145/169 111/115/169
f 137/142/170 90/92/170 100/102/170
f 137/142/171 100/102/171 158/163/171
f 136/141/172 135/140/172 89/91/172
f 104/106/173 155/160/173 159/164/173
f 104/106/174 159/164/174 129/134/174
f 160/165/175 153/158/175 112/116/175
f 160/165/176 112/116/176 140/145/176
f 161/166/177 162/167/177 163/168/177
f 161/166/177 163/168/177 164/169/177
f 102/104/178 101/103/178 165/170/178
f 102/104/179 165/170/179 117/121/179
f 125/129/180 166/171/180 130/135/180
f 167/172/181 98/100/181 84/86/181
f 167/172/182 84/86/182 148/153/182
f 145/150/183 168/173/183 169/174/183
f 145/150/184 169/174/184 146/151/184
f 146/151/185 170/175/185 144/149/185
f 171/176/186 150/155/186 172/177/186
f 144/149/187 170/175/187 173/178/187
f 154/159/188 58/60/188 117/121/188
f 154/159/189 117/121/189 174/179/189
f 99/101/190 129/134/190 147/152/190
f 175/180/191 156/161/191 135/140/191
f 175/180/192 135/140/192 136/141/192
f 140/145/193 176/181/193 160/165/193
f 106/108/194 98/100/194 167/172/194
f 106/108/195 167/172/195 177/182/195
f 119/123/196 134/139/196 178/183/196
f 176/181/197 140/145/197 157/162/197
f 176/181/198 157/162/198 179/184/198
f 134/139/199 180/185/199 181/186/199
f 134/139/200 181/186/200 178/183/200
f 182/187/201 159/164/201 183/188/201
f 96/98/202 119/123/202 184/189/202
f 96/98/203 184/189/203 142/147/203
f 132/137/204 143/148/204 185/190/204
f 186/191/205 157/162/205 111/115/205
f 186/191/206 111/115/206 133/138/206
f 187/192/207 107/110/207 2342/132/207
f 158/163/208 100/102/208 128/133/208
f 158/163/209 128/133/209 188/193/209
f 189/194/210 139/144/210 138/143/210
f 189/194/211 138/143/211 190/195/211
f 173/178/212 191/196/212 144/149/212
f 2343/197/213 85/87/213 154/159/213
f 2343/197/214 154/159/214 192/198/214
f 125/129/215 193/199/215 166/171/215
f 149/154/216 130/135/216 166/171/216
f 149/154/217 166/171/217 194/200/217
f 190/195/218 138/143/218 149/154/218
f 190/195/219 149/154/219 195/201/219
f 144/149/220 191/196/220 196/202/220
f 197/203/221 198/204/221 199/205/221
f 180/185/222 200/206/222 201/207/222
f 180/185/223 201/207/223 181/186/223
f 202/208/224 141/146/224 142/147/224
f 202/208/225 142/147/225 203/209/225
f 198/204/226 197/203/226 204/210/226
f 169/174/227 168/173/227 205/211/227
f 169/174/228 205/211/228 206/212/228
f 207/213/229 170/175/229 146/151/229
f 207/213/230 146/151/230 208/214/230
f 209/215/231 133/138/231 106/108/231
f 209/215/232 106/108/232 177/182/232
f 200/206/233 210/216/233 211/217/233
f 200/206/234 211/217/234 201/207/234
f 212/218/235 175/180/235 136/141/235
f 212/218/236 136/141/236 213/219/236
f 182/187/237 183/188/237 214/220/237
f 182/187/238 214/220/238 215/221/238
f 101/103/239 147/152/239 216/222/239
f 101/103/240 216/222/240 165/170/240
f 217/223/177 218/224/177 161/166/177
f 217/223/177 161/166/177 164/169/177
f 178/183/241 219/225/241 119/123/241
f 199/205/242 220/226/242 197/203/242
f 221/227/243 189/194/243 190/195/243
f 221/227/244 190/195/244 222/228/244
f 213/219/245 136/141/245 137/142/245
f 213/219/246 137/142/246 223/229/246
f 170/175/247 224/230/247 173/178/247
f 169/174/248 225/231/248 146/151/248
f 219/225/249 184/189/249 119/123/249
f 146/151/250 225/231/250 208/214/250
f 147/152/251 182/187/251 215/221/251
f 226/232/252 131/136/252 132/137/252
f 199/205/253 227/233/253 220/226/253
f 222/228/254 190/195/254 195/201/254
f 222/228/255 195/201/255 228/234/255
f 229/235/256 230/236/256 231/237/256
f 232/238/257 132/137/257 233/239/257
f 223/229/258 137/142/258 158/163/258
f 223/229/259 158/163/259 234/240/259
f 191/196/260 173/178/260 224/230/260
f 191/196/261 224/230/261 235/241/261
f 236/242/262 148/153/262 131/136/262
f 236/242/263 131/136/263 226/232/263
f 170/175/264 207/213/264 224/230/264
f 237/243/265 238/244/265 204/210/265
f 237/243/266 204/210/266 197/203/266
f 239/245/267 179/184/267 157/162/267
f 239/245/268 157/162/268 186/191/268
f 240/246/269 184/189/269 241/247/269
f 197/203/270 220/226/270 242/248/270
f 197/203/271 242/248/271 237/243/271
f 194/200/272 166/171/272 193/199/272
f 194/200/273 193/199/273 243/249/273
f 206/212/274 205/211/274 244/250/274
f 206/212/275 244/250/275 245/251/275
f 221/227/276 222/228/276 246/252/276
f 221/227/277 246/252/277 247/253/277
f 248/254/278 167/172/278 148/153/278
f 248/254/279 148/153/279 236/242/279
f 192/198/280 154/159/280 249/255/280
f 192/198/281 249/255/281 250/256/281
f 117/121/282 165/170/282 251/257/282
f 117/121/283 251/257/283 174/179/283
f 249/255/284 154/159/284 174/179/284
f 249/255/285 174/179/285 252/258/285
f 238/244/286 237/243/286 253/259/286
f 238/244/287 253/259/287 254/260/287
f 255/261/288 186/191/288 133/138/288
f 255/261/289 133/138/289 209/215/289
f 178/183/290 256/262/290 219/225/290
f 178/183/291 181/186/291 257/263/291
f 178/183/292 257/263/292 256/262/292
f 225/231/293 169/174/293 206/212/293
f 225/231/294 206/212/294 258/264/294
f 195/201/295 149/154/295 194/200/295
f 195/201/296 194/200/296 259/265/296
f 254/260/297 253/259/297 260/266/297
f 227/233/298 242/248/298 220/226/298
f 184/189/299 219/225/299 261/267/299
f 184/189/300 261/267/300 241/247/300
f 177/182/301 167/172/301 248/254/301
f 177/182/302 248/254/302 262/268/302
f 253/259/303 263/269/303 260/266/303
f 263/269/304 227/233/304 264/270/304
f 253/259/305 237/243/305 242/248/305
f 253/259/306 242/248/306 263/269/306
f 196/202/307 191/196/307 235/241/307
f 196/202/308 235/241/308 265/271/308
f 257/263/309 181/186/309 201/207/309
f 257/263/310 201/207/310 266/272/310
f 234/240/311 158/163/311 188/193/311
f 234/240/312 188/193/312 267/273/312
f 227/233/313 263/269/313 242/248/313
f 216/222/314 215/221/314 268/274/314
f 215/221/315 214/220/315 269/275/315
f 215/221/316 269/275/316 270/276/316
f 256/262/317 261/267/317 219/225/317
f 271/277/318 272/278/318 273/279/318
f 226/232/319 232/238/319 261/267/319
f 226/232/320 261/267/320 256/262/320
f 236/242/321 226/232/321 256/262/321
f 236/242/322 256/262/322 257/263/322
f 232/238/323 274/280/323 261/267/323
f 275/281/324 276/282/324 277/283/324
f 278/284/325 201/207/325 211/217/325
f 278/284/326 211/217/326 279/285/326
f 280/286/327 246/252/327 222/228/327
f 280/286/328 222/228/328 228/234/328
f 251/257/329 165/170/329 216/222/329
f 251/257/330 216/222/330 281/287/330
f 282/288/331 283/289/331 284/290/331
f 247/253/332 246/252/332 285/291/332
f 247/253/333 285/291/333 286/292/333
f 208/214/334 225/231/334 287/293/334
f 288/294/335 212/218/335 213/219/335
f 288/294/336 213/219/336 289/295/336
f 290/296/337 252/258/337 174/179/337
f 290/296/338 174/179/338 251/257/338
f 291/297/339 209/215/339 177/182/339
f 291/297/340 177/182/340 262/268/340
f 273/279/341 292/298/341 293/299/341
f 248/254/342 236/242/342 257/263/342
f 248/254/343 257/263/343 266/272/343
f 294/300/344 295/301/344 272/278/344
f 244/250/345 296/302/345 297/303/345
f 244/250/346 297/303/346 245/251/346
f 293/299/347 292/298/347 284/290/347
f 298/304/348 207/213/348 208/214/348
f 298/304/349 208/214/349 287/293/349
f 266/272/350 201/207/350 278/284/350
f 282/288/351 295/301/351 299/305/351
f 217/223/177 300/306/177 301/307/177
f 217/223/177 301/307/177 218/224/177
f 224/230/352 207/213/352 298/304/352
f 224/230/353 298/304/353 302/308/353
f 287/293/354 225/231/354 258/264/354
f 262/268/355 278/284/355 303/309/355
f 258/264/356 206/212/356 245/251/356
f 258/264/357 245/251/357 304/310/357
f 305/311/358 239/245/358 186/191/358
f 305/311/359 186/191/359 255/261/359
f 223/229/360 306/312/360 213/219/360
f 295/301/361 292/298/361 272/278/361
f 295/301/362 282/288/362 292/298/362
f 195/201/363 307/313/363 228/234/363
f 308/314/364 2344/315/364 2346/316/364
f 306/312/365 223/229/365 234/240/365
f 306/312/366 234/240/366 309/317/366
f 308/314/367 2345/318/367 2344/315/367
f 213/219/368 306/312/368 289/295/368
f 310/319/369 255/261/369 209/215/369
f 311/320/370 285/291/370 246/252/370
f 311/320/371 246/252/371 280/286/371
f 235/241/372 224/230/372 302/308/372
f 235/241/373 302/308/373 312/321/373
f 262/268/374 303/309/374 313/322/374
f 262/268/375 313/322/375 291/297/375
f 308/314/376 2346/316/376 2347/323/376
f 216/222/377 268/274/377 314/324/377
f 290/296/378 251/257/378 315/325/378
f 290/296/379 315/325/379 316/326/379
f 303/309/380 317/327/380 318/328/380
f 303/309/381 318/328/381 313/322/381
f 259/265/382 194/200/382 243/249/382
f 259/265/383 243/249/383 319/329/383
f 286/292/384 285/291/384 320/330/384
f 286/292/385 320/330/385 321/331/385
f 259/265/386 307/313/386 195/201/386
f 280/286/387 228/234/387 307/313/387
f 280/286/388 307/313/388 322/332/388
f 296/302/389 323/333/389 324/334/389
f 296/302/390 324/334/390 297/303/390
f 325/335/391 268/274/391 215/221/391
f 325/335/392 215/221/392 270/276/392
f 326/336/393 288/294/393 289/295/393
f 281/287/394 216/222/394 314/324/394
f 258/264/395 304/310/395 327/337/395
f 287/293/396 258/264/396 327/337/396
f 315/325/397 251/257/397 281/287/397
f 315/325/398 281/287/398 328/338/398
f 329/339/399 304/310/399 245/251/399
f 329/339/400 245/251/400 297/303/400
f 326/336/401 330/340/401 331/341/401
f 309/317/402 234/240/402 267/273/402
f 309/317/403 267/273/403 332/342/403
f 308/314/404 2347/323/404 2348/343/404
f 326/336/405 289/295/405 333/344/405
f 334/345/406 270/276/406 269/275/406
f 334/345/407 269/275/407 335/346/407
f 320/330/408 285/291/408 311/320/408
f 320/330/409 311/320/409 336/347/409
f 265/271/410 235/241/410 312/321/410
f 265/271/411 312/321/411 337/348/411
f 300/306/177 338/349/177 339/350/177
f 300/306/177 339/350/177 301/307/177
f 340/351/412 313/322/412 318/328/412
f 255/261/413 310/319/413 305/311/413
f 329/339/414 327/337/414 304/310/414
f 341/352/415 314/324/415 268/274/415
f 341/352/416 268/274/416 325/335/416
f 298/304/417 287/293/417 342/353/417
f 298/304/418 342/353/418 343/354/418
f 344/355/419 330/340/419 326/336/419
f 340/351/420 318/328/420 345/356/420
f 340/351/421 345/356/421 346/357/421
f 281/287/422 314/324/422 347/358/422
f 348/359/423 349/360/423 350/361/423
f 348/359/424 350/361/424 351/362/424
f 287/293/425 327/337/425 342/353/425
f 352/363/426 348/359/426 351/362/426
f 352/363/427 351/362/427 353/364/427
f 354/365/428 355/366/428 356/367/428
f 354/365/429 356/367/429 357/368/429
f 321/331/430 320/330/430 358/369/430
f 321/331/431 358/369/431 359/370/431
f 302/308/432 298/304/432 343/354/432
f 302/308/433 343/354/433 360/371/433
f 323/333/434 361/372/434 362/373/434
f 323/333/435 362/373/435 324/334/435
f 363/374/436 344/355/436 364/375/436
f 333/344/437 306/312/437 309/317/437
f 333/344/438 309/317/438 365/376/438
f 326/336/439 333/344/439 344/355/439
f 325/335/440 270/276/440 366/377/440
f 355/366/441 367/378/441 368/379/441
f 355/366/442 368/379/442 356/367/442
f 351/362/443 350/361/443 369/380/443
f 351/362/444 369/380/444 370/381/444
f 371/382/445 354/365/445 357/368/445
f 372/383/446 350/361/446 349/360/446
f 372/383/447 349/360/447 373/384/447
f 311/320/448 280/286/448 322/332/448
f 311/320/449 322/332/449 374/385/449
f 270/276/450 334/345/450 366/377/450
f 353/364/451 351/362/451 370/381/451
f 353/364/452 370/381/452 375/386/452
f 376/387/453 329/339/453 297/303/453
f 376/387/454 297/303/454 324/334/454
f 259/265/455 377/388/455 307/313/455
f 281/287/456 347/358/456 378/389/456
f 281/287/457 378/389/457 328/338/457
f 336/347/458 358/369/458 320/330/458
f 379/390/459 347/358/459 314/324/459
f 379/390/460 314/324/460 341/352/460
f 340/351/461 346/357/461 380/391/461
f 340/351/462 380/391/462 381/392/462
f 369/380/463 350/361/463 372/383/463
f 369/380/464 372/383/464 382/393/464
f 335/346/465 383/394/465 334/345/465
f 384/395/466 352/363/466 353/364/466
f 384/395/467 353/364/467 385/396/467
f 357/368/468 356/367/468 386/397/468
f 357/368/469 386/397/469 387/398/469
f 312/321/470 302/308/470 360/371/470
f 312/321/471 360/371/471 388/399/471
f 329/339/472 389/400/472 327/337/472
f 371/382/473 357/368/473 390/401/473
f 344/355/474 333/344/474 391/402/474
f 341/352/475 325/335/475 392/403/475
f 341/352/476 392/403/476 393/404/476
f 390/401/477 357/368/477 387/398/477
f 394/405/478 368/379/478 367/378/478
f 394/405/479 367/378/479 395/406/479
f 363/374/480 364/375/480 396/407/480
f 377/388/481 259/265/481 319/329/481
f 377/388/482 319/329/482 397/408/482
f 342/353/483 327/337/483 389/400/483
f 342/353/484 389/400/484 398/409/484
f 399/410/485 392/403/485 325/335/485
f 399/410/486 325/335/486 366/377/486
f 383/394/487 396/407/487 400/411/487
f 401/412/488 370/381/488 369/380/488
f 401/412/489 369/380/489 402/413/489
f 356/367/490 368/379/490 403/414/490
f 356/367/491 403/414/491 386/397/491
f 371/382/492 390/401/492 404/415/492
f 385/396/493 353/364/493 375/386/493
f 385/396/494 375/386/494 405/416/494
f 406/417/495 372/383/495 373/384/495
f 406/417/496 373/384/496 407/418/496
f 322/332/497 307/313/497 377/388/497
f 322/332/498 377/388/498 408/419/498
f 365/376/499 309/317/499 332/342/499
f 365/376/500 332/342/500 409/420/500
f 375/386/501 370/381/501 401/412/501
f 375/386/502 401/412/502 410/421/502
f 396/407/503 364/375/503 411/422/503
f 412/423/504 364/375/504 344/355/504
f 359/370/505 358/369/505 413/424/505
f 359/370/506 413/424/506 414/425/506
f 393/404/507 392/403/507 415/426/507
f 393/404/508 415/426/508 416/427/508
f 390/401/509 387/398/509 417/428/509
f 396/407/510 411/422/510 400/411/510
f 376/387/511 324/334/511 362/373/511
f 376/387/512 362/373/512 418/429/512
f 419/430/513 361/372/513 420/431/513
f 402/413/514 369/380/514 382/393/514
f 421/432/515 404/415/515 390/401/515
f 421/432/516 390/401/516 417/428/516
f 341/352/517 393/404/517 422/433/517
f 341/352/518 422/433/518 379/390/518
f 423/434/519 366/377/519 334/345/519
f 394/405/520 395/406/520 424/435/520
f 347/358/521 379/390/521 425/436/521
f 347/358/522 425/436/522 378/389/522
f 403/414/523 368/379/523 394/405/523
f 403/414/524 394/405/524 426/437/524
f 427/438/525 415/426/525 392/403/525
f 427/438/526 392/403/526 399/410/526
f 428/439/527 387/398/527 386/397/527
f 428/439/528 386/397/528 429/440/528
f 382/393/529 372/383/529 406/417/529
f 382/393/530 406/417/530 430/441/530
f 400/411/531 423/434/531 334/345/531
f 431/442/532 358/369/532 336/347/532
f 361/372/533 419/430/533 362/373/533
f 337/348/534 312/321/534 388/399/534
f 337/348/535 388/399/535 432/443/535
f 336/347/536 311/320/536 374/385/536
f 336/347/537 374/385/537 433/444/537
f 417/428/538 387/398/538 428/439/538
f 434/445/539 391/402/539 333/344/539
f 434/445/540 333/344/540 365/376/540
f 435/446/541 384/395/541 385/396/541
f 435/446/542 385/396/542 436/447/542
f 399/410/543 366/377/543 423/434/543
f 424/435/544 395/406/544 437/448/544
f 422/433/545 393/404/545 416/427/545
f 422/433/546 416/427/546 438/449/546
f 413/424/547 358/369/547 431/442/547
f 343/354/548 342/353/548 398/409/548
f 343/354/549 398/409/549 439/450/549
f 411/422/550 364/375/550 412/423/550
f 411/422/551 412/423/551 440/451/551
f 400/411/552 411/422/552 441/452/552
f 329/339/553 376/387/553 442/453/553
f 329/339/554 442/453/554 389/400/554
f 425/436/555 379/390/555 422/433/555
f 425/436/556 422/433/556 443/454/556
f 394/405/557 424/435/557 444/455/557
f 445/456/558 421/432/558 417/428/558
f 445/456/559 417/428/559 446/457/559
f 405/416/560 375/386/560 410/421/560
f 405/416/561 410/421/561 447/458/561
f 360/371/562 343/354/562 439/450/562
f 360/371/563 439/450/563 448/459/563
f 429/440/564 386/397/564 403/414/564
f 429/440/565 403/414/565 449/460/565
f 427/438/566 399/410/566 450/461/566
f 451/462/567 401/412/567 402/413/567
f 451/462/568 402/413/568 452/463/568
f 417/428/569 428/439/569 453/464/569
f 417/428/570 453/464/570 446/457/570
f 399/410/571 423/434/571 450/461/571
f 436/447/572 385/396/572 405/416/572
f 436/447/573 405/416/573 454/465/573
f 455/466/574 456/467/574 457/468/574
f 458/469/575 402/413/575 382/393/575
f 400/411/576 441/452/576 459/470/576
f 400/411/577 459/470/577 423/434/577
f 427/438/578 450/461/578 460/471/578
f 124/128/579 123/127/579 461/472/579
f 124/128/580 461/472/580 462/473/580
f 410/421/581 401/412/581 451/462/581
f 410/421/582 451/462/582 463/474/582
f 443/454/583 422/433/583 438/449/583
f 443/454/584 438/449/584 464/475/584
f 465/476/585 441/452/585 411/422/585
f 465/476/586 411/422/586 440/451/586
f 466/477/587 420/431/587 467/478/587
f 468/479/588 412/423/588 391/402/588
f 468/479/589 391/402/589 434/445/589
f 453/464/590 428/439/590 429/440/590
f 453/464/591 429/440/591 469/480/591
f 458/469/592 382/393/592 430/441/592
f 458/469/593 430/441/593 470/481/593
f 471/482/594 472/483/594 426/437/594
f 402/413/595 458/469/595 452/463/595
f 419/430/596 420/431/596 466/477/596
f 442/453/597 376/387/597 418/429/597
f 442/453/598 418/429/598 473/484/598
f 474/485/599 475/486/599 2365/487/599
f 431/442/600 336/347/600 433/444/600
f 431/442/601 433/444/601 476/488/601
f 388/399/602 360/371/602 448/459/602
f 388/399/603 448/459/603 477/489/603
f 398/409/604 389/400/604 442/453/604
f 398/409/605 442/453/605 478/490/605
f 479/491/606 450/461/606 423/434/606
f 479/491/607 423/434/607 459/470/607
f 480/492/608 434/445/608 365/376/608
f 480/492/609 365/376/609 409/420/609
f 418/429/610 362/373/610 481/493/610
f 418/429/611 481/493/611 482/494/611
f 475/486/612 474/485/612 483/495/612
f 362/373/613 419/430/613 481/493/613
f 440/451/614 412/423/614 468/479/614
f 440/451/615 468/479/615 484/496/615
f 449/460/616 403/414/616 426/437/616
f 449/460/617 426/437/617 485/497/617
f 436/447/618 486/498/618 435/446/618
f 487/499/619 460/471/619 450/461/619
f 487/499/620 450/461/620 479/491/620
f 454/465/621 405/416/621 447/458/621
f 454/465/622 447/458/622 488/500/622
f 474/485/623 2365/487/623 2366/501/623
f 489/502/624 459/470/624 441/452/624
f 489/502/625 441/452/625 465/476/625
f 374/385/626 322/332/626 408/419/626
f 374/385/627 408/419/627 490/503/627
f 447/458/628 410/421/628 463/474/628
f 447/458/629 463/474/629 491/504/629
f 449/460/630 469/480/630 429/440/630
f 408/419/631 377/388/631 397/408/631
f 408/419/632 397/408/632 492/505/632
f 493/506/633 451/462/633 452/463/633
f 493/506/634 452/463/634 494/507/634
f 494/507/635 452/463/635 458/469/635
f 481/493/636 419/430/636 466/477/636
f 481/493/637 466/477/637 495/508/637
f 496/509/638 465/476/638 440/451/638
f 496/509/639 440/451/639 484/496/639
f 497/510/640 474/485/640 2366/501/640
f 439/450/641 398/409/641 478/490/641
f 439/450/642 478/490/642 498/511/642
f 479/491/643 459/470/643 489/502/643
f 479/491/644 489/502/644 499/512/644
f 500/513/645 468/479/645 434/445/645
f 500/513/646 434/445/646 480/492/646
f 448/459/647 439/450/647 498/511/647
f 448/459/648 498/511/648 501/514/648
f 458/469/649 470/481/649 502/515/649
f 503/516/650 486/498/650 436/447/650
f 494/507/651 458/469/651 502/515/651
f 436/447/652 454/465/652 504/517/652
f 436/447/653 504/517/653 503/516/653
f 505/518/654 463/474/654 451/462/654
f 505/518/655 451/462/655 493/506/655
f 487/499/656 479/491/656 499/512/656
f 487/499/657 499/512/657 506/519/657
f 432/443/658 388/399/658 477/489/658
f 432/443/659 477/489/659 507/520/659
f 508/521/660 489/502/660 465/476/660
f 508/521/661 465/476/661 496/509/661
f 509/522/662 510/523/662 70/72/662
f 509/522/663 70/72/663 69/71/663
f 473/484/664 418/429/664 482/494/664
f 473/484/665 482/494/665 511/524/665
f 484/496/666 468/479/666 500/513/666
f 484/496/667 500/513/667 512/525/667
f 469/480/668 449/460/668 513/526/668
f 469/480/669 513/526/669 2369/527/669
f 488/500/670 447/458/670 491/504/670
f 488/500/671 491/504/671 514/528/671
f 502/515/672 470/481/672 515/529/672
f 502/515/673 515/529/673 516/530/673
f 502/515/674 517/531/674 494/507/674
f 478/490/675 442/453/675 473/484/675
f 478/490/676 473/484/676 518/532/676
f 485/497/677 513/526/677 449/460/677
f 499/512/678 489/502/678 508/521/678
f 499/512/679 508/521/679 519/533/679
f 491/504/680 463/474/680 505/518/680
f 491/504/681 505/518/681 520/534/681
f 482/494/682 481/493/682 521/535/682
f 482/494/683 521/535/683 511/524/683
f 454/465/684 488/500/684 522/536/684
f 454/465/685 522/536/685 504/517/685
f 523/537/686 486/498/686 503/516/686
f 524/538/687 493/506/687 494/507/687
f 524/538/688 494/507/688 517/531/688
f 525/539/689 496/509/689 484/496/689
f 525/539/690 484/496/690 512/525/690
f 433/444/691 374/385/691 490/503/691
f 433/444/692 490/503/692 526/540/692
f 477/489/693 448/459/693 501/514/693
f 477/489/694 501/514/694 527/541/694
f 472/483/695 485/497/695 426/437/695
f 481/493/696 495/508/696 521/535/696
f 506/519/697 499/512/697 519/533/697
f 506/519/698 519/533/698 528/542/698
f 505/518/699 493/506/699 529/543/699
f 505/518/700 529/543/700 530/544/700
f 531/545/701 517/531/701 502/515/701
f 529/543/702 493/506/702 524/538/702
f 529/543/703 524/538/703 532/546/703
f 498/511/704 478/490/704 518/532/704
f 498/511/705 518/532/705 533/547/705
f 534/548/706 508/521/706 496/509/706
f 534/548/707 496/509/707 525/539/707
f 501/514/708 498/511/708 533/547/708
f 501/514/709 533/547/709 535/549/709
f 531/545/710 502/515/710 516/530/710
f 514/528/711 491/504/711 520/534/711
f 514/528/712 520/534/712 536/550/712
f 516/530/713 515/529/713 537/551/713
f 516/530/714 537/551/714 538/552/714
f 524/538/715 517/531/715 531/545/715
f 524/538/716 531/545/716 539/553/716
f 540/554/717 488/500/717 514/528/717
f 540/554/718 514/528/718 541/555/718
f 520/534/719 505/518/719 530/544/719
f 520/534/720 530/544/720 542/556/720
f 523/537/721 503/516/721 543/557/721
f 523/537/722 543/557/722 544/558/722
f 545/559/723 513/526/723 485/497/723
f 545/559/724 485/497/724 546/560/724
f 547/561/725 522/536/725 488/500/725
f 547/561/726 488/500/726 540/554/726
f 490/503/727 408/419/727 492/505/727
f 490/503/728 492/505/728 548/562/728
f 549/563/729 521/535/729 495/508/729
f 550/564/730 519/533/730 508/521/730
f 550/564/731 508/521/731 534/548/731
f 551/565/732 473/484/732 511/524/732
f 503/516/733 504/517/733 552/566/733
f 503/516/734 552/566/734 543/557/734
f 476/488/735 433/444/735 526/540/735
f 476/488/736 526/540/736 553/567/736
f 511/524/737 521/535/737 554/568/737
f 511/524/738 554/568/738 551/565/738
f 546/560/739 485/497/739 472/483/739
f 546/560/740 472/483/740 555/569/740
f 530/544/741 529/543/741 556/570/741
f 530/544/742 556/570/742 557/571/742
f 558/572/743 528/542/743 519/533/743
f 558/572/744 519/533/744 550/564/744
f 554/568/745 521/535/745 549/563/745
f 554/568/746 549/563/746 559/573/746
f 556/570/747 529/543/747 532/546/747
f 556/570/748 532/546/748 560/574/748
f 527/541/749 501/514/749 535/549/749
f 527/541/750 535/549/750 561/575/750
f 507/520/751 477/489/751 527/541/751
f 507/520/752 527/541/752 562/576/752
f 542/556/753 530/544/753 557/571/753
f 542/556/754 557/571/754 563/577/754
f 516/530/755 564/578/755 531/545/755
f 536/550/756 520/534/756 542/556/756
f 536/550/757 542/556/757 565/579/757
f 504/517/758 522/536/758 566/580/758
f 504/517/759 566/580/759 552/566/759
f 532/546/760 524/538/760 539/553/760
f 532/546/761 539/553/761 567/581/761
f 473/484/762 568/582/762 518/532/762
f 541/555/763 514/528/763 536/550/763
f 541/555/764 536/550/764 569/583/764
f 564/578/765 516/530/765 538/552/765
f 564/578/766 538/552/766 570/584/766
f 538/552/767 537/551/767 571/585/767
f 538/552/768 571/585/768 572/586/768
f 551/565/769 568/582/769 473/484/769
f 573/587/770 2370/588/770 2371/589/770
f 574/590/771 533/547/771 518/532/771
f 574/590/772 518/532/772 568/582/772
f 575/591/773 557/571/773 556/570/773
f 575/591/774 556/570/774 576/592/774
f 539/553/775 531/545/775 564/578/775
f 539/553/776 564/578/776 577/593/776
f 578/594/777 547/561/777 540/554/777
f 578/594/778 540/554/778 579/595/778
f 535/549/779 533/547/779 574/590/779
f 535/549/780 574/590/780 580/596/780
f 542/556/781 563/577/781 581/597/781
f 542/556/782 581/597/782 565/579/782
f 582/598/783 563/577/783 557/571/783
f 582/598/784 557/571/784 575/591/784
f 573/587/785 2371/589/785 2372/599/785
f 471/482/786 583/600/786 584/601/786
f 471/482/787 584/601/787 472/483/787
f 522/536/788 547/561/788 585/602/788
f 522/536/789 585/602/789 566/580/789
f 579/595/790 540/554/790 541/555/790
f 579/595/791 541/555/791 586/603/791
f 544/558/792 543/557/792 587/604/792
f 544/558/793 587/604/793 588/605/793
f 581/597/794 563/577/794 582/598/794
f 581/597/795 582/598/795 589/606/795
f 576/592/796 556/570/796 560/574/796
f 576/592/797 560/574/797 590/607/797
f 591/608/798 582/598/798 575/591/798
f 591/608/799 575/591/799 592/609/799
f 569/583/800 536/550/800 565/579/800
f 569/583/801 565/579/801 593/610/801
f 568/582/802 551/565/802 554/568/802
f 589/606/803 582/598/803 591/608/803
f 589/606/804 591/608/804 594/611/804
f 592/609/805 575/591/805 576/592/805
f 592/609/806 576/592/806 595/612/806
f 560/574/807 532/546/807 567/581/807
f 560/574/808 567/581/808 596/613/808
f 586/603/809 541/555/809 569/583/809
f 586/603/810 569/583/810 597/614/810
f 585/602/811 547/561/811 578/594/811
f 585/602/812 578/594/812 598/615/812
f 599/616/813 600/617/813 601/618/813
f 602/619/814 589/606/814 594/611/814
f 602/619/815 594/611/815 603/620/815
f 599/616/816 601/618/816 604/621/816
f 605/622/817 581/597/817 589/606/817
f 605/622/818 589/606/818 602/619/818
f 231/237/819 230/236/819 606/623/819
f 231/237/820 606/623/820 607/624/820
f 526/540/821 490/503/821 548/562/821
f 526/540/822 548/562/822 608/625/822
f 600/617/823 609/626/823 610/627/823
f 543/557/824 552/566/824 611/628/824
f 543/557/825 611/628/825 587/604/825
f 559/573/826 568/582/826 554/568/826
f 595/612/827 576/592/827 590/607/827
f 595/612/828 590/607/828 612/629/828
f 613/630/829 578/594/829 579/595/829
f 613/630/830 579/595/830 614/631/830
f 615/632/831 565/579/831 581/597/831
f 615/632/832 581/597/832 605/622/832
f 599/616/833 609/626/833 600/617/833
f 2372/599/834 616/633/834 573/587/834
f 610/627/835 609/626/835 617/634/835
f 2373/635/836 555/569/836 472/483/836
f 2373/635/837 472/483/837 584/601/837
f 614/631/838 579/595/838 586/603/838
f 614/631/839 586/603/839 618/636/839
f 619/637/840 599/616/840 604/621/840
f 602/619/841 603/620/841 620/638/841
f 602/619/842 620/638/842 621/639/842
f 597/614/843 569/583/843 593/610/843
f 597/614/844 593/610/844 622/640/844
f 605/622/845 602/619/845 621/639/845
f 605/622/846 621/639/846 623/641/846
f 593/610/847 565/579/847 615/632/847
f 593/610/848 615/632/848 624/642/848
f 567/581/849 539/553/849 577/593/849
f 567/581/850 577/593/850 625/643/850
f 609/626/851 626/644/851 617/634/851
f 561/575/852 535/549/852 580/596/852
f 618/636/853 586/603/853 597/614/853
f 618/636/854 597/614/854 627/645/854
f 572/586/855 628/646/855 538/552/855
f 628/646/856 570/584/856 538/552/856
f 577/593/857 564/578/857 570/584/857
f 577/593/858 570/584/858 629/647/858
f 598/615/859 578/594/859 613/630/859
f 598/615/860 613/630/860 630/648/860
f 590/607/861 560/574/861 596/613/861
f 590/607/862 596/613/862 631/649/862
f 632/650/863 609/626/863 599/616/863
f 632/650/864 599/616/864 633/651/864
f 552/566/865 566/580/865 634/652/865
f 552/566/866 634/652/866 611/628/866
f 615/632/867 605/622/867 623/641/867
f 615/632/868 623/641/868 635/653/868
f 636/654/869 599/616/869 619/637/869
f 633/651/870 599/616/870 636/654/870
f 562/576/871 527/541/871 561/575/871
f 562/576/872 561/575/872 637/655/872
f 627/645/873 597/614/873 622/640/873
f 627/645/874 622/640/874 638/656/874
f 622/640/875 593/610/875 624/642/875
f 622/640/876 624/642/876 639/657/876
f 580/596/877 574/590/877 640/658/877
f 640/658/878 574/590/878 568/582/878
f 641/659/879 607/624/879 606/623/879
f 641/659/880 606/623/880 642/660/880
f 640/658/881 568/582/881 559/573/881
f 612/629/882 590/607/882 631/649/882
f 612/629/883 631/649/883 643/661/883
f 616/633/884 644/662/884 573/587/884
f 626/644/885 609/626/885 645/663/885
f 646/664/886 588/605/886 587/604/886
f 624/642/887 615/632/887 635/653/887
f 624/642/888 635/653/888 647/665/888
f 566/580/889 585/602/889 648/666/889
f 566/580/890 648/666/890 634/652/890
f 621/639/891 620/638/891 649/667/891
f 621/639/892 649/667/892 650/668/892
f 645/663/893 609/626/893 632/650/893
f 645/663/894 632/650/894 651/669/894
f 596/613/895 567/581/895 625/643/895
f 596/613/896 625/643/896 652/670/896
f 623/641/897 621/639/897 650/668/897
f 623/641/898 650/668/898 653/671/898
f 638/656/899 622/640/899 639/657/899
f 638/656/900 639/657/900 654/672/900
f 633/651/901 636/654/901 655/673/901
f 636/654/902 619/637/902 656/674/902
f 561/575/903 580/596/903 640/658/903
f 633/651/904 655/673/904 657/675/904
f 585/602/905 598/615/905 658/676/905
f 585/602/906 658/676/906 648/666/906
f 659/677/907 526/540/907 608/625/907
f 572/586/908 660/678/908 628/646/908
f 661/679/909 632/650/909 633/651/909
f 661/679/910 633/651/910 657/675/910
f 629/647/911 570/584/911 628/646/911
f 629/647/912 628/646/912 662/680/912
f 626/644/913 645/663/913 663/681/913
f 639/657/914 624/642/914 647/665/914
f 639/657/915 647/665/915 664/682/915
f 635/653/916 623/641/916 653/671/916
f 635/653/917 653/671/917 665/683/917
f 625/643/918 577/593/918 629/647/918
f 625/643/919 629/647/919 666/684/919
f 658/676/920 598/615/920 630/648/920
f 658/676/921 630/648/921 667/685/921
f 668/686/922 669/687/922 670/688/922
f 670/688/923 671/689/923 668/686/923
f 631/649/924 596/613/924 652/670/924
f 631/649/925 652/670/925 672/690/925
f 654/672/926 639/657/926 664/682/926
f 654/672/927 664/682/927 673/691/927
f 671/689/928 674/692/928 668/686/928
f 675/693/929 657/675/929 655/673/929
f 675/693/930 655/673/930 676/694/930
f 647/665/931 635/653/931 665/683/931
f 647/665/932 665/683/932 677/695/932
f 587/604/933 611/628/933 678/696/933
f 587/604/934 678/696/934 679/697/934
f 646/664/935 587/604/935 679/697/935
f 680/698/936 669/687/936 668/686/936
f 661/679/937 657/675/937 675/693/937
f 661/679/938 675/693/938 681/699/938
f 561/575/939 640/658/939 682/700/939
f 674/692/940 683/701/940 668/686/940
f 651/669/941 632/650/941 661/679/941
f 636/654/942 656/674/942 684/702/942
f 662/680/943 628/646/943 660/678/943
f 662/680/944 660/678/944 685/703/944
f 664/682/945 647/665/945 677/695/945
f 664/682/946 677/695/946 686/704/946
f 643/661/947 631/649/947 672/690/947
f 643/661/948 672/690/948 687/705/948
f 663/681/949 645/663/949 688/706/949
f 663/681/950 688/706/950 689/707/950
f 611/628/951 634/652/951 690/708/951
f 611/628/952 690/708/952 678/696/952
f 683/701/953 691/709/953 668/686/953
f 692/710/954 655/673/954 636/654/954
f 693/711/955 637/655/955 561/575/955
f 650/668/956 649/667/956 694/712/956
f 650/668/957 694/712/957 695/713/957
f 2373/635/958 584/601/958 696/714/958
f 2373/635/959 696/714/959 2374/715/959
f 652/670/960 625/643/960 666/684/960
f 652/670/961 666/684/961 697/716/961
f 673/691/962 664/682/962 686/704/962
f 673/691/963 686/704/963 698/717/963
f 645/663/964 651/669/964 688/706/964
f 699/718/965 653/671/965 650/668/965
f 699/718/966 650/668/966 695/713/966
f 700/719/967 646/664/967 679/697/967
f 690/708/968 634/652/968 648/666/968
f 690/708/969 648/666/969 701/720/969
f 702/721/970 680/698/970 668/686/970
f 703/722/971 665/683/971 653/671/971
f 703/722/972 653/671/972 699/718/972
f 666/684/973 629/647/973 662/680/973
f 666/684/974 662/680/974 704/723/974
f 691/709/975 705/724/975 668/686/975
f 692/710/976 636/654/976 684/702/976
f 701/720/977 648/666/977 658/676/977
f 701/720/978 658/676/978 706/725/978
f 707/726/979 677/695/979 665/683/979
f 707/726/980 665/683/980 703/722/980
f 708/727/981 709/728/981 710/729/981
f 676/694/982 655/673/982 692/710/982
f 676/694/983 692/710/983 711/730/983
f 706/725/984 658/676/984 667/685/984
f 706/725/985 667/685/985 712/731/985
f 713/732/986 686/704/986 677/695/986
f 713/732/987 677/695/987 707/726/987
f 651/669/988 661/679/988 714/733/988
f 705/724/989 715/734/989 668/686/989
f 661/679/990 681/699/990 714/733/990
f 716/735/991 672/690/991 652/670/991
f 716/735/992 652/670/992 697/716/992
f 717/736/993 709/728/993 708/727/993
f 718/737/994 698/717/994 686/704/994
f 718/737/995 686/704/995 713/732/995
f 696/714/996 584/601/996 719/738/996
f 696/714/997 719/738/997 720/739/997
f 721/740/998 702/721/998 668/686/998
f 700/719/999 679/697/999 722/741/999
f 723/742/1000 687/705/1000 672/690/1000
f 723/742/1001 672/690/1001 716/735/1001
f 722/741/1002 724/743/1002 700/719/1002
f 725/744/1003 689/707/1003 688/706/1003
f 725/744/1004 688/706/1004 726/745/1004
f 697/716/1005 666/684/1005 704/723/1005
f 697/716/1006 704/723/1006 727/746/1006
f 715/734/1007 728/747/1007 668/686/1007
f 704/723/1008 662/680/1008 685/703/1008
f 704/723/1009 685/703/1009 729/748/1009
f 695/713/1010 694/712/1010 730/749/1010
f 695/713/1011 730/749/1011 731/750/1011
f 651/669/1012 726/745/1012 688/706/1012
f 732/751/1013 699/718/1013 695/713/1013
f 732/751/1014 695/713/1014 731/750/1014
f 692/710/1015 684/702/1015 733/752/1015
f 734/753/1016 703/722/1016 699/718/1016
f 734/753/1017 699/718/1017 732/751/1017
f 735/754/1018 707/726/1018 703/722/1018
f 735/754/1019 703/722/1019 734/753/1019
f 736/755/1020 713/732/1020 707/726/1020
f 736/755/1021 707/726/1021 735/754/1021
f 737/756/1022 724/743/1022 738/757/1022
f 737/756/1023 738/757/1023 739/758/1023
f 740/759/1024 679/697/1024 678/696/1024
f 740/759/1025 678/696/1025 741/760/1025
f 742/761/1026 718/737/1026 713/732/1026
f 742/761/1027 713/732/1027 736/755/1027
f 728/747/1028 743/762/1028 668/686/1028
f 719/738/1029 584/601/1029 717/736/1029
f 719/738/1030 717/736/1030 744/763/1030
f 722/741/1031 679/697/1031 740/759/1031
f 745/764/1032 716/735/1032 697/716/1032
f 745/764/1033 697/716/1033 727/746/1033
f 746/765/1034 721/740/1034 668/686/1034
f 651/669/1035 714/733/1035 747/766/1035
f 748/767/1036 678/696/1036 690/708/1036
f 748/767/1037 690/708/1037 749/768/1037
f 750/769/1038 692/710/1038 733/752/1038
f 751/770/1039 706/725/1039 712/731/1039
f 751/770/1040 712/731/1040 752/771/1040
f 743/762/1041 753/772/1041 668/686/1041
f 754/773/1042 723/742/1042 716/735/1042
f 754/773/1043 716/735/1043 745/764/1043
f 755/774/1044 701/720/1044 706/725/1044
f 755/774/1045 706/725/1045 751/770/1045
f 749/768/1046 690/708/1046 701/720/1046
f 749/768/1047 701/720/1047 755/774/1047
f 726/745/1048 651/669/1048 747/766/1048
f 704/723/1049 729/748/1049 756/775/1049
f 704/723/1050 756/775/1050 727/746/1050
f 736/755/1051 757/776/1051 742/761/1051
f 758/777/1052 731/750/1052 730/749/1052
f 758/777/1053 730/749/1053 759/778/1053
f 711/730/1054 692/710/1054 750/769/1054
f 711/730/1055 750/769/1055 760/779/1055
f 722/741/1056 740/759/1056 738/757/1056
f 725/744/1057 726/745/1057 761/780/1057
f 735/754/1058 762/781/1058 736/755/1058
f 753/772/1059 763/782/1059 668/686/1059
f 764/783/1060 732/751/1060 731/750/1060
f 764/783/1061 731/750/1061 758/777/1061
f 743/762/1062 765/784/1062 753/772/1062
f 766/785/1063 735/754/1063 734/753/1063
f 766/785/1064 734/753/1064 767/786/1064
f 768/787/1065 2376/788/1065 2375/789/1065
f 767/786/1066 734/753/1066 732/751/1066
f 767/786/1067 732/751/1067 764/783/1067
f 769/790/1068 746/765/1068 668/686/1068
f 770/791/1069 745/764/1069 727/746/1069
f 770/791/1070 727/746/1070 756/775/1070
f 736/755/1071 762/781/1071 757/776/1071
f 185/190/1072 771/792/1072 772/793/1072
f 185/190/1073 772/793/1073 773/794/1073
f 678/696/1074 748/767/1074 741/760/1074
f 774/795/1075 754/773/1075 745/764/1075
f 774/795/1076 745/764/1076 770/791/1076
f 775/796/1077 776/797/1077 777/798/1077
f 775/796/1078 777/798/1078 778/799/1078
f 763/782/1079 779/800/1079 668/686/1079
f 766/785/1080 762/781/1080 735/754/1080
f 780/801/1081 761/780/1081 726/745/1081
f 765/784/1082 763/782/1082 753/772/1082
f 768/787/1083 2375/789/1083 2377/802/1083
f 781/803/1084 758/777/1084 759/778/1084
f 781/803/1085 759/778/1085 782/804/1085
f 780/801/1086 726/745/1086 747/766/1086
f 783/805/1087 769/790/1087 668/686/1087
f 779/800/1088 784/806/1088 668/686/1088
f 757/776/1089 762/781/1089 785/807/1089
f 786/808/1090 751/770/1090 752/771/1090
f 786/808/1091 752/771/1091 787/809/1091
f 788/810/1092 789/811/1092 737/756/1092
f 788/810/1093 737/756/1093 739/758/1093
f 757/776/1094 785/807/1094 790/812/1094
f 791/813/1095 792/814/1095 793/815/1095
f 791/813/1096 793/815/1096 794/816/1096
f 795/817/1097 775/796/1097 778/799/1097
f 795/817/1098 778/799/1098 796/818/1098
f 778/799/1099 777/798/1099 797/819/1099
f 778/799/1100 797/819/1100 798/820/1100
f 799/821/1101 764/783/1101 758/777/1101
f 799/821/1102 758/777/1102 781/803/1102
f 800/822/1103 783/805/1103 668/686/1103
f 784/806/1104 801/823/1104 668/686/1104
f 780/801/1105 747/766/1105 802/824/1105
f 803/825/1106 755/774/1106 751/770/1106
f 803/825/1107 751/770/1107 786/808/1107
f 781/803/1108 782/804/1108 804/826/1108
f 781/803/1109 804/826/1109 805/827/1109
f 801/823/1110 800/822/1110 668/686/1110
f 762/781/1111 766/785/1111 806/828/1111
f 762/781/1112 806/828/1112 785/807/1112
f 717/736/1113 807/829/1113 744/763/1113
f 808/830/1114 767/786/1114 764/783/1114
f 808/830/1115 764/783/1115 799/821/1115
f 809/831/1116 749/768/1116 755/774/1116
f 809/831/1117 755/774/1117 803/825/1117
f 790/812/1118 785/807/1118 810/832/1118
f 811/833/1119 766/785/1119 767/786/1119
f 811/833/1120 767/786/1120 808/830/1120
f 2378/834/1121 768/787/1121 2377/802/1121
f 790/812/1122 810/832/1122 812/835/1122
f 813/836/1123 814/837/1123 792/814/1123
f 813/836/1124 792/814/1124 791/813/1124
f 815/838/1125 799/821/1125 781/803/1125
f 815/838/1126 781/803/1126 805/827/1126
f 816/839/1127 741/760/1127 748/767/1127
f 816/839/1128 748/767/1128 817/840/1128
f 817/840/1129 748/767/1129 749/768/1129
f 817/840/1130 749/768/1130 809/831/1130
f 806/828/1131 766/785/1131 811/833/1131
f 806/828/1132 811/833/1132 818/841/1132
f 798/820/1133 797/819/1133 819/842/1133
f 798/820/1134 819/842/1134 820/843/1134
f 778/799/1135 798/820/1135 821/844/1135
f 778/799/1136 821/844/1136 796/818/1136
f 791/813/1137 794/816/1137 822/845/1137
f 791/813/1138 822/845/1138 823/846/1138
f 824/847/1139 786/808/1139 787/809/1139
f 824/847/1140 787/809/1140 825/848/1140
f 785/807/1141 806/828/1141 826/849/1141
f 785/807/1142 826/849/1142 810/832/1142
f 827/850/1143 808/830/1143 799/821/1143
f 827/850/1144 799/821/1144 815/838/1144
f 812/835/1145 810/832/1145 828/851/1145
f 812/835/1146 828/851/1146 829/852/1146
f 830/853/1147 814/837/1147 813/836/1147
f 830/853/1148 813/836/1148 831/854/1148
f 803/825/1149 786/808/1149 824/847/1149
f 803/825/1150 824/847/1150 832/855/1150
f 811/833/1151 808/830/1151 827/850/1151
f 811/833/1152 827/850/1152 833/856/1152
f 821/844/1153 798/820/1153 820/843/1153
f 821/844/1154 820/843/1154 834/857/1154
f 835/858/1155 836/859/1155 789/811/1155
f 835/858/1156 789/811/1156 788/810/1156
f 739/758/1157 837/860/1157 788/810/1157
f 826/849/1158 806/828/1158 818/841/1158
f 826/849/1159 818/841/1159 838/861/1159
f 839/862/1160 829/852/1160 828/851/1160
f 839/862/1161 828/851/1161 840/863/1161
f 825/848/1162 841/864/1162 842/865/1162
f 825/848/1163 842/865/1163 824/847/1163
f 795/817/1164 796/818/1164 843/866/1164
f 795/817/1165 843/866/1165 844/867/1165
f 810/832/1166 826/849/1166 845/868/1166
f 810/832/1167 845/868/1167 828/851/1167
f 818/841/1168 811/833/1168 833/856/1168
f 818/841/1169 833/856/1169 846/869/1169
f 841/864/1170 839/862/1170 840/863/1170
f 841/864/1171 840/863/1171 842/865/1171
f 813/836/1172 791/813/1172 823/846/1172
f 813/836/1173 823/846/1173 847/870/1173
f 820/843/1174 819/842/1174 848/871/1174
f 809/831/1175 803/825/1175 832/855/1175
f 809/831/1176 832/855/1176 849/872/1176
f 850/873/1177 816/839/1177 817/840/1177
f 850/873/1178 817/840/1178 851/874/1178
f 831/854/1179 852/875/1179 830/853/1179
f 840/863/1180 828/851/1180 845/868/1180
f 840/863/1181 845/868/1181 853/876/1181
f 820/843/1182 848/871/1182 834/857/1182
f 796/818/1183 821/844/1183 854/877/1183
f 796/818/1184 854/877/1184 843/866/1184
f 838/861/1185 818/841/1185 846/869/1185
f 838/861/1186 846/869/1186 855/878/1186
f 832/855/1187 824/847/1187 842/865/1187
f 832/855/1188 842/865/1188 856/879/1188
f 823/846/1189 822/845/1189 857/880/1189
f 823/846/1190 857/880/1190 858/881/1190
f 788/810/1191 837/860/1191 851/874/1191
f 831/854/1192 813/836/1192 847/870/1192
f 831/854/1193 847/870/1193 859/882/1193
f 826/849/1194 838/861/1194 860/883/1194
f 826/849/1195 860/883/1195 845/868/1195
f 842/865/1196 840/863/1196 853/876/1196
f 842/865/1197 853/876/1197 856/879/1197
f 854/877/1198 821/844/1198 834/857/1198
f 854/877/1199 834/857/1199 861/884/1199
f 862/885/1200 817/840/1200 809/831/1200
f 862/885/1201 809/831/1201 849/872/1201
f 851/874/1202 837/860/1202 850/873/1202
f 863/886/1203 864/887/1203 844/867/1203
f 863/886/1204 844/867/1204 843/866/1204
f 834/857/1205 848/871/1205 861/884/1205
f 859/882/1206 852/875/1206 831/854/1206
f 835/858/1207 788/810/1207 865/888/1207
f 835/858/1208 865/888/1208 866/889/1208
f 865/888/1209 788/810/1209 851/874/1209
f 865/888/1210 851/874/1210 867/890/1210
f 868/891/1211 861/884/1211 848/871/1211
f 859/882/1212 869/892/1212 852/875/1212
f 851/874/1213 817/840/1213 862/885/1213
f 870/893/1214 853/876/1214 845/868/1214
f 870/893/1215 845/868/1215 860/883/1215
f 847/870/1216 823/846/1216 858/881/1216
f 847/870/1217 858/881/1217 871/894/1217
f 838/861/1218 855/878/1218 872/895/1218
f 838/861/1219 872/895/1219 860/883/1219
f 854/877/1220 861/884/1220 868/891/1220
f 854/877/1221 868/891/1221 873/896/1221
f 869/892/1222 859/882/1222 847/870/1222
f 869/892/1223 847/870/1223 871/894/1223
f 843/866/1224 854/877/1224 873/896/1224
f 843/866/1225 873/896/1225 863/886/1225
f 849/872/1226 832/855/1226 856/879/1226
f 849/872/1227 856/879/1227 874/897/1227
f 874/897/1228 856/879/1228 853/876/1228
f 874/897/1229 853/876/1229 870/893/1229
f 875/898/1230 867/890/1230 851/874/1230
f 875/898/1231 851/874/1231 862/885/1231
f 876/899/1232 870/893/1232 860/883/1232
f 876/899/1233 860/883/1233 872/895/1233
f 877/900/1234 2393/901/1234 2395/902/1234
f 874/897/1235 870/893/1235 878/903/1235
f 874/897/1236 878/903/1236 879/904/1236
f 880/905/1237 2394/906/1237 2393/901/1237
f 880/905/1238 2393/901/1238 877/900/1238
f 881/907/1239 862/885/1239 849/872/1239
f 881/907/1240 849/872/1240 882/908/1240
f 849/872/1241 874/897/1241 879/904/1241
f 849/872/1242 879/904/1242 882/908/1242
f 876/899/1243 878/903/1243 870/893/1243
f 883/909/1244 2395/902/1244 2396/910/1244
f 875/898/1245 862/885/1245 884/911/1245
f 875/898/1246 884/911/1246 885/912/1246
f 277/283/1247 276/282/1247 886/913/1247
f 277/283/1248 886/913/1248 887/914/1248
f 877/900/1249 2395/902/1249 883/909/1249
f 884/911/1250 862/885/1250 881/907/1250
f 884/911/1251 881/907/1251 888/915/1251
f 2397/916/1252 889/917/1252 2398/918/1252
f 889/917/1253 2399/919/1253 2398/918/1253
f 890/920/1254 2396/910/1254 2402/921/1254
f 891/922/1255 882/908/1255 879/904/1255
f 891/922/1256 879/904/1256 892/923/1256
f 890/920/1257 883/909/1257 2396/910/1257
f 889/917/1258 2405/924/1258 2399/919/1258
f 893/925/1259 880/905/1259 877/900/1259
f 877/900/1260 883/909/1260 893/925/1260
f 2400/926/1261 2401/927/1261 894/928/1261
f 894/928/1262 2403/929/1262 2400/926/1262
f 2401/927/1263 2404/930/1263 894/928/1263
f 883/909/1264 890/920/1264 893/925/1264
f 241/247/1265 895/931/1265 240/246/1265
f 28/29/1266 27/28/1266 32/33/1266
f 28/29/1267 32/33/1267 896/932/1267
f 8/9/1268 7/8/1268 897/933/1268
f 8/9/1269 897/933/1269 898/934/1269
f 4/5/1270 2338/4/1270 2337/935/1270
f 4/5/1271 2337/935/1271 899/936/1271
f 900/937/1272 901/938/1272 902/939/1272
f 900/937/1273 903/940/1273 901/938/1273
f 22/23/1274 5/6/1274 4/5/1274
f 22/23/1275 4/5/1275 904/941/1275
f 7/8/1276 19/20/1276 905/942/1276
f 7/8/1277 905/942/1277 897/933/1277
f 906/943/1278 901/938/1278 903/940/1278
f 906/943/1279 903/940/1279 907/944/1279
f 1/1/1280 908/945/1280 2/2/1280
f 909/946/1281 902/939/1281 901/938/1281
f 909/946/1282 901/938/1282 906/943/1282
f 910/947/1283 911/948/1283 912/949/1283
f 910/947/1284 912/949/1284 913/950/1284
f 15/16/1285 18/19/1285 31/32/1285
f 15/16/1286 31/32/1286 914/951/1286
f 903/940/1287 900/937/1287 915/952/1287
f 916/953/1288 25/26/1288 28/29/1288
f 917/954/1289 900/937/1289 902/939/1289
f 1/1/1290 918/955/1290 908/945/1290
f 21/22/1291 16/17/1291 15/16/1291
f 21/22/1292 15/16/1292 919/956/1292
f 920/957/1293 909/946/1293 906/943/1293
f 921/958/1294 902/939/1294 909/946/1294
f 920/957/1295 906/943/1295 922/959/1295
f 906/943/1296 907/944/1296 923/960/1296
f 924/961/1297 925/962/1297 926/963/1297
f 927/964/1298 928/965/1298 929/966/1298
f 906/943/1299 923/960/1299 922/959/1299
f 929/966/1300 928/965/1300 930/967/1300
f 929/966/1301 930/967/1301 931/968/1301
f 907/944/1302 903/940/1302 932/969/1302
f 31/32/1303 11/12/1303 14/15/1303
f 31/32/1304 14/15/1304 933/970/1304
f 917/954/1305 902/939/1305 921/958/1305
f 921/958/1306 909/946/1306 920/957/1306
f 2337/935/1307 2349/971/1307 899/936/1307
f 905/942/1308 19/20/1308 21/22/1308
f 905/942/1309 21/22/1309 934/972/1309
f 935/973/1310 936/974/1310 937/975/1310
f 927/964/1311 929/966/1311 938/976/1311
f 939/977/1312 940/978/1312 936/974/1312
f 939/977/1313 936/974/1313 941/979/1313
f 932/969/1314 903/940/1314 915/952/1314
f 928/965/1315 927/964/1315 942/980/1315
f 897/933/1316 943/981/1316 944/982/1316
f 897/933/1317 944/982/1317 898/934/1317
f 930/967/1318 928/965/1318 942/980/1318
f 945/983/1319 931/968/1319 930/967/1319
f 940/978/1320 939/977/1320 946/984/1320
f 940/978/1321 946/984/1321 947/985/1321
f 948/986/1322 945/983/1322 930/967/1322
f 907/944/1323 932/969/1323 923/960/1323
f 949/987/1324 943/981/1324 897/933/1324
f 949/987/1325 897/933/1325 905/942/1325
f 936/974/1326 935/973/1326 950/988/1326
f 936/974/1327 950/988/1327 941/979/1327
f 896/932/1328 951/989/1328 28/29/1328
f 911/948/1329 952/990/1329 953/991/1329
f 911/948/1330 953/991/1330 912/949/1330
f 935/973/1331 943/981/1331 950/988/1331
f 943/981/1332 935/973/1332 954/992/1332
f 943/981/1333 954/992/1333 944/982/1333
f 945/983/1334 955/993/1334 931/968/1334
f 929/966/1335 931/968/1335 956/994/1335
f 929/966/1336 956/994/1336 938/976/1336
f 916/953/1337 28/29/1337 951/989/1337
f 904/941/1338 4/5/1338 899/936/1338
f 904/941/1339 899/936/1339 957/995/1339
f 935/973/1340 937/975/1340 958/996/1340
f 935/973/1341 958/996/1341 954/992/1341
f 959/997/1342 948/986/1342 942/980/1342
f 924/961/1343 926/963/1343 960/998/1343
f 14/15/1344 13/14/1344 961/999/1344
f 14/15/1345 961/999/1345 962/1000/1345
f 917/954/1346 921/958/1346 963/1001/1346
f 964/1002/1347 947/985/1347 946/984/1347
f 964/1002/1348 946/984/1348 965/1003/1348
f 950/988/1349 943/981/1349 949/987/1349
f 958/996/1350 937/975/1350 966/1004/1350
f 931/968/1351 955/993/1351 967/1005/1351
f 968/1006/1352 927/964/1352 938/976/1352
f 969/1007/1353 970/1008/1353 971/1009/1353
f 932/969/1354 915/952/1354 972/1010/1354
f 960/998/1355 926/963/1355 973/1011/1355
f 974/1012/1356 2349/971/1356 2350/1013/1356
f 931/968/1357 967/1005/1357 956/994/1357
f 924/961/1358 960/998/1358 975/1014/1358
f 952/990/1359 976/1015/1359 977/1016/1359
f 952/990/1360 977/1016/1360 953/991/1360
f 978/1017/1361 916/953/1361 951/989/1361
f 978/1017/1362 951/989/1362 979/1018/1362
f 899/936/1363 2349/971/1363 974/1012/1363
f 974/1012/1364 2350/1013/1364 980/1019/1364
f 913/950/1365 912/949/1365 981/1020/1365
f 913/950/1366 981/1020/1366 982/1021/1366
f 896/932/1367 983/1022/1367 951/989/1367
f 968/1006/1368 938/976/1368 1001/1023/1368
f 984/1024/1369 969/1007/1369 971/1009/1369
f 984/1024/1370 971/1009/1370 985/1025/1370
f 986/1026/1371 987/1027/1371 964/1002/1371
f 986/1026/1372 964/1002/1372 988/1028/1372
f 989/1029/1373 966/1004/1373 990/1030/1373
f 988/1028/1374 964/1002/1374 965/1003/1374
f 976/1015/1375 991/1031/1375 992/1032/1375
f 976/1015/1376 992/1032/1376 977/1016/1376
f 949/987/1377 905/942/1377 934/972/1377
f 949/987/1378 934/972/1378 993/1033/1378
f 994/1034/1379 941/979/1379 950/988/1379
f 994/1034/1380 950/988/1380 995/1035/1380
f 919/956/1381 15/16/1381 914/951/1381
f 919/956/1382 914/951/1382 996/1036/1382
f 957/995/1383 899/936/1383 974/1012/1383
f 957/995/1384 974/1012/1384 997/1037/1384
f 995/1035/1385 950/988/1385 949/987/1385
f 995/1035/1386 949/987/1386 993/1033/1386
f 934/972/1387 21/22/1387 919/956/1387
f 934/972/1388 919/956/1388 998/1038/1388
f 999/1039/1389 941/979/1389 994/1034/1389
f 999/1039/1390 994/1034/1390 1000/1040/1390
f 967/1005/1391 1001/1023/1391 956/994/1391
f 1002/1041/1392 904/941/1392 957/995/1392
f 1002/1041/1393 957/995/1393 1003/1042/1393
f 990/1030/1394 1004/1043/1394 989/1029/1394
f 914/951/1395 31/32/1395 933/970/1395
f 914/951/1396 933/970/1396 1005/1044/1396
f 991/1031/1397 1006/1045/1397 1007/1046/1397
f 991/1031/1398 1007/1046/1398 992/1032/1398
f 968/1006/1399 1001/1023/1399 1008/1047/1399
f 961/999/1400 1009/1048/1400 962/1000/1400
f 933/970/1401 14/15/1401 962/1000/1401
f 933/970/1402 962/1000/1402 1010/1049/1402
f 988/1028/1403 965/1003/1403 1011/1050/1403
f 988/1028/1404 1011/1050/1404 1012/1051/1404
f 1013/1052/1405 912/949/1405 953/991/1405
f 951/989/1406 983/1022/1406 979/1018/1406
f 1014/1053/1407 1015/1054/1407 999/1039/1407
f 1014/1053/1408 999/1039/1408 1000/1040/1408
f 1016/1055/1409 962/1000/1409 1009/1048/1409
f 912/949/1410 1013/1052/1410 981/1020/1410
f 1017/1056/1411 1002/1041/1411 1003/1042/1411
f 1017/1056/1412 1003/1042/1412 1018/1057/1412
f 983/1022/1413 1018/1057/1413 979/1018/1413
f 983/1022/1414 1017/1056/1414 1018/1057/1414
f 974/1012/1415 980/1019/1415 1019/1058/1415
f 974/1012/1416 1019/1058/1416 1020/1059/1416
f 1021/1060/1417 1022/1061/1417 1023/1062/1417
f 1006/1045/1418 1024/1063/1418 1025/1064/1418
f 1006/1045/1419 1025/1064/1419 1007/1046/1419
f 981/1020/1420 1016/1055/1420 982/1021/1420
f 1015/1054/1421 1014/1053/1421 1026/1065/1421
f 1015/1054/1422 1026/1065/1422 1011/1050/1422
f 1023/1062/1423 1027/1066/1423 1021/1060/1423
f 962/1000/1424 1016/1055/1424 1010/1049/1424
f 1028/1067/1425 1023/1062/1425 1029/1068/1425
f 1028/1067/1426 1027/1066/1426 1023/1062/1426
f 1030/1069/1427 1031/1070/1427 1032/1071/1427
f 1021/1060/1428 1033/1072/1428 1022/1061/1428
f 957/995/1429 997/1037/1429 1003/1042/1429
f 1016/1055/1430 981/1020/1430 1010/1049/1430
f 953/991/1431 977/1016/1431 1034/1073/1431
f 953/991/1432 1034/1073/1432 1035/1074/1432
f 1022/1061/1433 1033/1072/1433 1036/1075/1433
f 978/1017/1434 979/1018/1434 1037/1076/1434
f 978/1017/1435 1037/1076/1435 1038/1077/1435
f 1024/1063/1436 1039/1078/1436 1040/1079/1436
f 1024/1063/1437 1040/1079/1437 1025/1064/1437
f 993/1033/1438 934/972/1438 998/1038/1438
f 993/1033/1439 998/1038/1439 1041/1080/1439
f 1042/1081/1440 1021/1060/1440 1027/1066/1440
f 1013/1052/1441 953/991/1441 1035/1074/1441
f 1012/1051/1442 1011/1050/1442 1026/1065/1442
f 1043/1082/1443 994/1034/1443 995/1035/1443
f 1043/1082/1444 995/1035/1444 1044/1083/1444
f 1021/1060/1445 1042/1081/1445 1033/1072/1445
f 1045/1084/1446 1028/1067/1446 1029/1068/1446
f 1005/1044/1447 933/970/1447 1010/1049/1447
f 1005/1044/1448 1010/1049/1448 1046/1085/1448
f 977/1016/1449 992/1032/1449 1047/1086/1449
f 977/1016/1450 1047/1086/1450 1034/1073/1450
f 998/1038/1451 919/956/1451 996/1036/1451
f 998/1038/1452 996/1036/1452 1048/1087/1452
f 1030/1069/1453 1032/1071/1453 1049/1088/1453
f 1027/1066/1454 1028/1067/1454 1050/1089/1454
f 979/1018/1455 1018/1057/1455 1051/1090/1455
f 979/1018/1456 1051/1090/1456 1037/1076/1456
f 1018/1057/1457 1003/1042/1457 1051/1090/1457
f 1010/1049/1458 981/1020/1458 1046/1085/1458
f 996/1036/1459 914/951/1459 1005/1044/1459
f 996/1036/1460 1005/1044/1460 1052/1091/1460
f 1042/1081/1461 1027/1066/1461 1053/1092/1461
f 1054/1093/1462 1055/1094/1462 1056/1095/1462
f 1045/1084/1463 1050/1089/1463 1028/1067/1463
f 981/1020/1464 1013/1052/1464 1057/1096/1464
f 981/1020/1465 1057/1096/1465 1046/1085/1465
f 1044/1083/1466 995/1035/1466 993/1033/1466
f 1044/1083/1467 993/1033/1467 1041/1080/1467
f 1027/1066/1468 1050/1089/1468 1053/1092/1468
f 1012/1051/1469 1026/1065/1469 1058/1097/1469
f 1012/1051/1470 1058/1097/1470 1059/1098/1470
f 992/1032/1471 1007/1046/1471 1060/1099/1471
f 992/1032/1472 1060/1099/1472 1047/1086/1472
f 1061/1100/1473 1062/1101/1473 1031/1070/1473
f 1061/1100/1474 1031/1070/1474 1063/1102/1474
f 1051/1090/1475 1003/1042/1475 997/1037/1475
f 1064/1103/1476 1065/1104/1476 1054/1093/1476
f 1063/1102/1477 1031/1070/1477 1030/1069/1477
f 997/1037/1478 974/1012/1478 1020/1059/1478
f 997/1037/1479 1020/1059/1479 1066/1105/1479
f 1013/1052/1480 1035/1074/1480 1067/1106/1480
f 1013/1052/1481 1067/1106/1481 1057/1096/1481
f 1054/1093/1482 1065/1104/1482 1055/1094/1482
f 1068/1107/1483 1042/1081/1483 1053/1092/1483
f 1052/1091/1484 1005/1044/1484 1046/1085/1484
f 1052/1091/1485 1046/1085/1485 1057/1096/1485
f 1050/1089/1486 1045/1084/1486 1069/1108/1486
f 1067/1106/1487 1035/1074/1487 1034/1073/1487
f 1067/1106/1488 1034/1073/1488 1070/1109/1488
f 1007/1046/1489 1025/1064/1489 1071/1110/1489
f 1007/1046/1490 1071/1110/1490 1060/1099/1490
f 1072/1111/1491 1053/1092/1491 1050/1089/1491
f 1073/1112/1492 1062/1101/1492 1061/1100/1492
f 1073/1112/1493 1061/1100/1493 1074/1113/1493
f 1075/1114/1494 1043/1082/1494 1044/1083/1494
f 1041/1080/1495 998/1038/1495 1048/1087/1495
f 1041/1080/1496 1048/1087/1496 1076/1115/1496
f 1025/1064/1497 1040/1079/1497 1077/1116/1497
f 1025/1064/1498 1077/1116/1498 1071/1110/1498
f 1068/1107/1499 1053/1092/1499 1072/1111/1499
f 1052/1091/1500 1057/1096/1500 1067/1106/1500
f 1052/1091/1501 1067/1106/1501 1078/1117/1501
f 1079/1118/1502 1059/1098/1502 1058/1097/1502
f 1079/1118/1503 1058/1097/1503 1080/1119/1503
f 1072/1111/1504 1050/1089/1504 1069/1108/1504
f 996/1036/1505 1052/1091/1505 1078/1117/1505
f 996/1036/1506 1078/1117/1506 1048/1087/1506
f 1034/1073/1507 1047/1086/1507 1081/1120/1507
f 1034/1073/1508 1081/1120/1508 1070/1109/1508
f 1055/1094/1509 1065/1104/1509 1082/1121/1509
f 1020/1059/1510 1019/1058/1510 1083/1122/1510
f 1020/1059/1511 1083/1122/1511 1084/1123/1511
f 1051/1090/1512 997/1037/1512 1066/1105/1512
f 1051/1090/1513 1066/1105/1513 1085/1124/1513
f 1075/1114/1514 1044/1083/1514 1086/1125/1514
f 1087/1126/1515 1044/1083/1515 1041/1080/1515
f 1087/1126/1516 1041/1080/1516 1076/1115/1516
f 1047/1086/1517 1060/1099/1517 1088/1127/1517
f 1047/1086/1518 1088/1127/1518 1081/1120/1518
f 1078/1117/1519 1067/1106/1519 1070/1109/1519
f 1078/1117/1520 1070/1109/1520 1089/1128/1520
f 1038/1077/1521 1037/1076/1521 1090/1129/1521
f 1038/1077/1522 1090/1129/1522 1091/1130/1522
f 1037/1076/1523 1051/1090/1523 1085/1124/1523
f 1037/1076/1524 1085/1124/1524 1090/1129/1524
f 1048/1087/1525 1078/1117/1525 1089/1128/1525
f 1048/1087/1526 1089/1128/1526 1076/1115/1526
f 1080/1119/1527 1075/1114/1527 1086/1125/1527
f 1080/1119/1528 1086/1125/1528 1092/1131/1528
f 1089/1128/1529 1070/1109/1529 1081/1120/1529
f 1089/1128/1530 1081/1120/1530 1093/1132/1530
f 1094/1133/1531 1073/1112/1531 1074/1113/1531
f 1094/1133/1532 1074/1113/1532 1095/1134/1532
f 1079/1118/1533 1080/1119/1533 1092/1131/1533
f 1079/1118/1534 1092/1131/1534 1096/1135/1534
f 1060/1099/1535 1071/1110/1535 1097/1136/1535
f 1060/1099/1536 1097/1136/1536 1088/1127/1536
f 1098/1137/1537 1086/1125/1537 1044/1083/1537
f 1098/1137/1538 1044/1083/1538 1087/1126/1538
f 1076/1115/1539 1089/1128/1539 1093/1132/1539
f 1076/1115/1540 1093/1132/1540 1087/1126/1540
f 1066/1105/1541 1020/1059/1541 1084/1123/1541
f 1066/1105/1542 1084/1123/1542 1099/1138/1542
f 1071/1110/1543 1077/1116/1543 1100/1139/1543
f 1071/1110/1544 1100/1139/1544 1097/1136/1544
f 1093/1132/1545 1081/1120/1545 1088/1127/1545
f 1093/1132/1546 1088/1127/1546 1101/1140/1546
f 1102/1141/1547 1103/1142/1547 1104/1143/1547
f 1087/1126/1548 1093/1132/1548 1101/1140/1548
f 1087/1126/1549 1101/1140/1549 1098/1137/1549
f 1105/1144/1550 1084/1123/1550 1083/1122/1550
f 1105/1144/1551 1083/1122/1551 1106/1145/1551
f 1094/1133/1552 1095/1134/1552 1107/1146/1552
f 1108/1147/1553 1092/1131/1553 1086/1125/1553
f 1108/1147/1554 1086/1125/1554 1098/1137/1554
f 1109/1148/1555 1096/1135/1555 1092/1131/1555
f 1109/1148/1556 1092/1131/1556 1108/1147/1556
f 1085/1124/1557 1066/1105/1557 1099/1138/1557
f 1085/1124/1558 1099/1138/1558 1110/1149/1558
f 1088/1127/1559 1097/1136/1559 1111/1150/1559
f 1088/1127/1560 1111/1150/1560 1101/1140/1560
f 1097/1136/1561 1100/1139/1561 1112/1151/1561
f 1097/1136/1562 1112/1151/1562 1111/1150/1562
f 1098/1137/1563 1101/1140/1563 1111/1150/1563
f 1098/1137/1564 1111/1150/1564 1108/1147/1564
f 1113/1152/1565 1103/1142/1565 1114/1153/1565
f 1113/1152/1566 1114/1153/1566 1115/1154/1566
f 1090/1129/1567 1085/1124/1567 1110/1149/1567
f 1090/1129/1568 1110/1149/1568 1116/1155/1568
f 1114/1153/1569 1103/1142/1569 1102/1141/1569
f 1091/1130/1570 1090/1129/1570 1116/1155/1570
f 1091/1130/1571 1116/1155/1571 1117/1156/1571
f 1106/1145/1572 1113/1152/1572 1115/1154/1572
f 1106/1145/1573 1115/1154/1573 1105/1144/1573
f 1112/1151/1574 1109/1148/1574 1108/1147/1574
f 1112/1151/1575 1108/1147/1575 1111/1150/1575
f 1118/1157/1576 1099/1138/1576 1084/1123/1576
f 1118/1157/1577 1084/1123/1577 1105/1144/1577
f 1119/1158/1578 1120/1159/1578 1121/1160/1578
f 1122/1161/1579 1110/1149/1579 1099/1138/1579
f 1122/1161/1580 1099/1138/1580 1118/1157/1580
f 1123/1162/1581 1117/1156/1581 1116/1155/1581
f 1123/1162/1582 1116/1155/1582 1124/1163/1582
f 1124/1163/1583 1116/1155/1583 1110/1149/1583
f 1124/1163/1584 1110/1149/1584 1122/1161/1584
f 1119/1158/1585 1125/1164/1585 1120/1159/1585
f 1126/1165/1586 1118/1157/1586 1105/1144/1586
f 1126/1165/1587 1105/1144/1587 1115/1154/1587
f 1115/1154/1588 1114/1153/1588 1127/1166/1588
f 1115/1154/1589 1127/1166/1589 1126/1165/1589
f 1119/1158/1590 1128/1167/1590 1125/1164/1590
f 1129/1168/1591 1122/1161/1591 1118/1157/1591
f 1129/1168/1592 1118/1157/1592 1126/1165/1592
f 1124/1163/1593 1130/1169/1593 1131/1170/1593
f 1124/1163/1594 1131/1170/1594 1123/1162/1594
f 1130/1169/1595 1124/1163/1595 1122/1161/1595
f 1130/1169/1596 1122/1161/1596 1129/1168/1596
f 1114/1153/1597 1132/1171/1597 1127/1166/1597
f 1133/1172/1598 1128/1167/1598 1119/1158/1598
f 1127/1166/1599 1132/1171/1599 1134/1173/1599
f 1119/1158/1600 1135/1174/1600 1133/1172/1600
f 1136/1175/1601 1129/1168/1601 1126/1165/1601
f 1136/1175/1602 1126/1165/1602 1127/1166/1602
f 1137/1176/1603 1135/1174/1603 1119/1158/1603
f 1134/1173/1604 1138/1177/1604 1127/1166/1604
f 1127/1166/1605 1138/1177/1605 1136/1175/1605
f 1139/1178/1606 1130/1169/1606 1129/1168/1606
f 1139/1178/1607 1129/1168/1607 1136/1175/1607
f 1130/1169/1608 1140/1179/1608 1141/1180/1608
f 1130/1169/1609 1141/1180/1609 1131/1170/1609
f 1119/1158/1610 1142/1181/1610 1137/1176/1610
f 1143/1182/1611 1142/1181/1611 1119/1158/1611
f 1144/1183/1612 1119/1158/1612 1145/1184/1612
f 1145/1184/1613 1119/1158/1613 1146/1185/1613
f 1139/1178/1614 1140/1179/1614 1130/1169/1614
f 1136/1175/1615 1147/1186/1615 1139/1178/1615
f 1139/1178/1616 1148/1187/1616 1140/1179/1616
f 1141/1180/1608 1140/1179/1608 1149/1188/1608
f 1140/1179/1617 1148/1187/1617 1149/1188/1617
f 1150/1189/1618 1151/1190/1618 233/239/1618
f 457/468/1619 456/467/1619 1152/1191/1619
f 457/468/1620 1152/1191/1620 1153/1192/1620
f 1151/1190/1621 1154/1193/1621 1155/1194/1621
f 1151/1190/1622 1155/1194/1622 274/280/1622
f 1150/1189/1623 1154/1193/1623 1151/1190/1623
f 81/83/1624 1156/1195/1624 1157/1196/1624
f 81/83/1625 1157/1196/1625 143/148/1625
f 773/794/1626 772/793/1626 1158/1197/1626
f 172/177/1627 151/156/1627 1159/1198/1627
f 150/155/1628 151/156/1628 172/177/1628
f 199/205/1629 198/204/1629 1160/1199/1629
f 260/266/1630 264/270/1630 1161/1200/1630
f 260/266/1631 263/269/1631 264/270/1631
f 185/190/1632 1162/1201/1632 233/239/1632
f 773/794/1633 1162/1201/1633 185/190/1633
f 116/120/1634 115/119/1634 150/155/1634
f 116/120/1635 150/155/1635 171/176/1635
f 143/148/1636 1157/1196/1636 771/792/1636
f 143/148/1637 771/792/1637 185/190/1637
f 233/239/1638 132/137/1638 185/190/1638
f 232/238/1639 233/239/1639 1151/1190/1639
f 81/83/1640 82/84/1640 1156/1195/1640
f 274/280/1641 1155/1194/1641 895/931/1641
f 274/280/1642 895/931/1642 241/247/1642
f 283/289/1643 299/305/1643 1163/1202/1643
f 283/289/1644 282/288/1644 299/305/1644
f 294/300/1645 272/278/1645 271/277/1645
f 294/300/1646 271/277/1646 1164/1203/1646
f 273/279/1647 272/278/1647 292/298/1647
f 284/290/1648 292/298/1648 282/288/1648
f 142/147/1649 184/189/1649 240/246/1649
f 142/147/1650 240/246/1650 203/209/1650
f 232/238/1651 1151/1190/1651 274/280/1651
f 261/267/1652 274/280/1652 241/247/1652
f 114/118/1653 110/114/1653 109/113/1653
f 108/112/1654 110/114/1654 1165/1204/1654
f 82/84/1655 51/53/1655 70/72/1655
f 82/84/1656 60/62/1656 51/53/1656
f 77/79/1657 60/62/1657 103/105/1657
f 76/78/1658 77/79/1658 103/105/1658
f 103/105/1659 81/83/1659 143/148/1659
f 455/466/1660 202/208/1660 203/209/1660
f 455/466/1661 203/209/1661 456/467/1661
f 1153/1192/1662 1152/1191/1662 1154/1193/1662
f 1153/1192/1663 1154/1193/1663 1150/1189/1663
f 226/232/1664 132/137/1664 232/238/1664
f 131/136/1665 76/78/1665 103/105/1665
f 363/374/1666 330/340/1666 344/355/1666
f 412/423/1667 344/355/1667 391/402/1667
f 310/319/1668 209/215/1668 291/297/1668
f 318/328/1669 317/327/1669 345/356/1669
f 120/124/1670 121/125/1670 152/157/1670
f 120/124/1671 152/157/1671 1166/1205/1671
f 279/285/1672 317/327/1672 278/284/1672
f 326/336/1673 331/341/1673 288/294/1673
f 278/284/1674 248/254/1674 266/272/1674
f 313/322/1675 310/319/1675 291/297/1675
f 381/392/1676 310/319/1676 340/351/1676
f 334/345/1677 383/394/1677 400/411/1677
f 305/311/1678 310/319/1678 381/392/1678
f 278/284/1679 317/327/1679 303/309/1679
f 333/344/1680 289/295/1680 306/312/1680
f 340/351/1681 310/319/1681 313/322/1681
f 445/456/1682 2367/1206/1682 2368/1207/1682
f 445/456/1683 2368/1207/1683 1167/1208/1683
f 446/457/1684 453/464/1684 2367/1206/1684
f 445/456/1685 446/457/1685 2367/1206/1685
f 129/134/1686 159/164/1686 182/187/1686
f 147/152/1687 129/134/1687 182/187/1687
f 147/152/1688 215/221/1688 216/222/1688
f 1144/1183/1689 1143/1182/1689 1119/1158/1689
f 394/405/1690 444/455/1690 426/437/1690
f 471/482/1691 426/437/1691 444/455/1691
f 659/677/1692 608/625/1692 1168/1209/1692
f 553/567/1693 526/540/1693 659/677/1693
f 738/757/1694 724/743/1694 722/741/1694
f 709/728/1695 584/601/1695 583/600/1695
f 717/736/1696 584/601/1696 709/728/1696
f 693/711/1697 561/575/1697 682/700/1697
f 1169/1210/1698 1171/3/1698 1170/1211/1698
f 2352/1212/1699 1174/1213/1699 1173/1214/1699
f 2352/1212/1700 1173/1214/1700 1172/1215/1700
f 1175/1216/1701 1178/11/1701 1177/10/1701
f 1175/1216/1702 1177/10/1702 1176/1217/1702
f 1179/12/1703 1182/15/1703 1181/1218/1703
f 1179/12/1704 1181/1218/1704 1180/1219/1704
f 1183/16/1705 1186/1220/1705 1185/1221/1705
f 1183/16/1706 1185/1221/1706 1184/17/1706
f 1187/1222/1707 1189/22/1707 1184/17/1707
f 1187/1222/1708 1184/17/1708 1188/1223/1708
f 1173/1214/1709 1192/1224/1709 1191/1225/1709
f 1173/1214/1710 1191/1225/1710 1190/1226/1710
f 1175/1216/1711 1187/1222/1711 1188/1223/1711
f 1193/1227/1712 1196/1228/1712 1195/1229/1712
f 1193/1227/1713 1195/1229/1713 1194/1230/1713
f 1197/1231/1714 1171/3/1714 1169/1210/1714
f 1186/1220/1715 1199/32/1715 1179/12/1715
f 1186/1220/1716 1179/12/1716 1198/1232/1716
f 1185/1221/1717 1188/1223/1717 1184/17/1717
f 1200/1233/1718 1202/1234/1718 1201/1235/1718
f 1200/1233/1719 1201/1235/1719 1195/1229/1719
f 1188/1223/1720 1203/36/1720 1178/11/1720
f 1188/1223/1721 1178/11/1721 1175/1216/1721
f 2353/1236/1722 1204/1237/1722 1174/1213/1722
f 2353/1236/1723 1174/1213/1723 2352/1212/1723
f 1195/1229/1724 1201/1235/1724 1205/1238/1724
f 1195/1229/1725 1205/1238/1725 1194/1230/1725
f 1206/1239/1726 1198/1232/1726 1179/12/1726
f 1206/1239/1727 1179/12/1727 1180/1219/1727
f 1207/41/1728 1185/1221/1728 1186/1220/1728
f 1208/42/1729 1188/1223/1729 1185/1221/1729
f 1198/1232/1730 1207/41/1730 1186/1220/1730
f 1208/42/1731 1203/36/1731 1188/1223/1731
f 1209/1240/1732 1211/1241/1732 1210/1242/1732
f 1209/1240/1733 1210/1242/1733 1202/1234/1733
f 1173/1214/1734 1174/1213/1734 1212/1243/1734
f 1213/1244/1735 1216/1245/1735 1215/1246/1735
f 1213/1244/1736 1215/1246/1736 1214/1247/1736
f 1202/1234/1737 1210/1242/1737 1217/1248/1737
f 1202/1234/1738 1217/1248/1738 1201/1235/1738
f 1214/1247/1739 1219/1249/1739 1218/1250/1739
f 1214/1247/1740 1218/1250/1740 1213/1244/1740
f 1185/1221/1741 1220/1251/1741 1208/42/1741
f 1221/1252/1742 1211/1241/1742 1209/1240/1742
f 1221/1252/1743 1209/1240/1743 1222/1253/1743
f 1215/1246/1744 1224/58/1744 1223/1254/1744
f 1215/1246/1745 1223/1254/1745 1214/1247/1745
f 1185/1221/1746 1207/41/1746 1220/1251/1746
f 1192/1224/1747 1173/1214/1747 1212/1243/1747
f 1192/1224/1748 1226/60/1748 1225/1255/1748
f 1192/1224/1749 1225/1255/1749 1191/1225/1749
f 1198/1232/1750 1206/1239/1750 1227/1256/1750
f 1198/1232/1751 1227/1256/1751 1207/41/1751
f 1228/1257/1752 1219/1249/1752 1214/1247/1752
f 1228/1257/1753 1214/1247/1753 1223/1254/1753
f 1201/1235/1754 1217/1248/1754 1229/1258/1754
f 1201/1235/1755 1229/1258/1755 1205/1238/1755
f 1230/1259/1756 1212/1243/1756 1174/1213/1756
f 1230/1259/1757 1174/1213/1757 1204/1237/1757
f 1231/1260/1758 1232/1261/1758 1215/1246/1758
f 1231/1260/1759 1215/1246/1759 1216/1245/1759
f 1233/1262/1760 1234/1263/1760 1210/1242/1760
f 1233/1262/1761 1210/1242/1761 1211/1241/1761
f 1224/58/1762 1236/70/1762 1235/1264/1762
f 1224/58/1763 1235/1264/1763 1223/1254/1763
f 1219/1249/1764 1238/1265/1764 1237/1266/1764
f 1219/1249/1765 1237/1266/1765 1218/1250/1765
f 1222/1253/1766 1240/1267/1766 1239/1268/1766
f 1222/1253/1767 1239/1268/1767 1221/1252/1767
f 1207/41/1768 1227/1256/1768 1241/1269/1768
f 1207/41/1769 1241/1269/1769 1220/1251/1769
f 1210/1242/1770 1234/1263/1770 1242/1270/1770
f 1210/1242/1771 1242/1270/1771 1217/1248/1771
f 1243/1271/1772 1233/1262/1772 1211/1241/1772
f 1243/1271/1773 1211/1241/1773 1221/1252/1773
f 1244/78/1774 1245/1272/1774 1223/1254/1774
f 1244/78/1775 1223/1254/1775 1235/1264/1775
f 1215/1246/1776 1232/1261/1776 1246/1273/1776
f 1215/1246/1777 1246/1273/1777 1224/58/1777
f 1236/70/1778 1248/1274/1778 1247/1275/1778
f 1236/70/1779 1247/1275/1779 1235/1264/1779
f 1223/1254/1780 1245/1272/1780 1228/1257/1780
f 1249/1276/1781 1250/84/1781 1228/1257/1781
f 1226/60/1782 1251/1277/1782 1225/1255/1782
f 1252/86/1783 1244/78/1783 1235/1264/1783
f 1252/86/1784 1235/1264/1784 1247/1275/1784
f 1192/1224/1785 1212/1243/1785 1253/1278/1785
f 1217/1248/1786 1242/1270/1786 1254/1279/1786
f 1217/1248/1787 1254/1279/1787 1229/1258/1787
f 1248/1274/1788 1256/1280/1788 1255/1281/1788
f 1248/1274/1789 1255/1281/1789 1247/1275/1789
f 1257/1282/1790 1258/1283/1790 1234/1263/1790
f 1257/1282/1791 1234/1263/1791 1233/1262/1791
f 1224/58/1792 1246/1273/1792 1259/93/1792
f 1224/58/1793 1259/93/1793 1236/70/1793
f 1256/1280/1794 1261/1284/1794 1260/94/1794
f 1256/1280/1795 1260/94/1795 1255/1281/1795
f 1262/1285/1796 1265/99/1796 1264/98/1796
f 1262/1285/1797 1264/98/1797 1263/1286/1797
f 1266/1287/1798 1252/86/1798 1247/1275/1798
f 1266/1287/1799 1247/1275/1799 1255/1281/1799
f 1267/1288/1800 1243/1271/1800 1221/1252/1800
f 1267/1288/1801 1221/1252/1801 1239/1268/1801
f 1258/1283/1802 1268/1289/1802 1242/1270/1802
f 1258/1283/1803 1242/1270/1803 1234/1263/1803
f 1240/1267/1804 1270/1290/1804 1269/1291/1804
f 1240/1267/1805 1269/1291/1805 1239/1268/1805
f 1271/1292/1806 1249/1276/1806 1228/1257/1806
f 1226/60/1807 1192/1224/1807 1253/1278/1807
f 1272/106/1808 1257/1282/1808 1233/1262/1808
f 1272/106/1809 1233/1262/1809 1243/1271/1809
f 1236/70/1810 1259/93/1810 1273/1293/1810
f 1236/70/1811 1273/1293/1811 1248/1274/1811
f 1255/1281/1812 1260/94/1812 1274/1294/1812
f 1255/1281/1813 1274/1294/1813 1266/1287/1813
f 2354/1295/1814 2355/1296/1814 1275/110/1814
f 1276/1297/1815 1278/114/1815 1277/113/1815
f 1261/1284/1816 1280/116/1816 1279/1298/1816
f 1261/1284/1817 1279/1298/1817 1260/94/1817
f 1276/1297/1818 1277/113/1818 1281/1299/1818
f 1282/118/1819 1284/1300/1819 1283/1301/1819
f 1282/118/1820 1283/1301/1820 1277/113/1820
f 1285/1302/1821 1270/1290/1821 1251/1277/1821
f 1263/1286/1822 1264/98/1822 1287/1303/1822
f 1263/1286/1823 1287/1303/1823 1286/122/1823
f 1288/1304/1824 1289/1305/1824 1261/1284/1824
f 1288/1304/1825 1261/1284/1825 1256/1280/1825
f 1290/1306/1826 1292/1307/1826 1291/127/1826
f 1248/1274/1827 1273/1293/1827 1288/1304/1827
f 1248/1274/1828 1288/1304/1828 1256/1280/1828
f 1226/60/1829 1285/1302/1829 1251/1277/1829
f 1293/1308/1830 1295/131/1830 1294/1309/1830
f 1275/110/1831 2356/1310/1831 2354/1295/1831
f 1242/1270/1832 1268/1289/1832 1296/1311/1832
f 1242/1270/1833 1296/1311/1833 1254/1279/1833
f 1243/1271/1834 1267/1288/1834 1297/1312/1834
f 1243/1271/1835 1297/1312/1835 1272/106/1835
f 1280/116/1836 1261/1284/1836 1289/1305/1836
f 1293/1308/1837 1294/1309/1837 1298/1313/1837
f 1281/1299/1838 1277/113/1838 1283/1301/1838
f 1299/1314/1839 1300/137/1839 1271/1292/1839
f 1301/1315/1840 1274/1294/1840 1260/94/1840
f 1301/1315/1841 1260/94/1841 1279/1298/1841
f 1286/122/1842 1287/1303/1842 1302/139/1842
f 1272/106/1843 1303/1316/1843 1257/1282/1843
f 1304/1317/1844 1305/1318/1844 1258/1283/1844
f 1304/1317/1845 1258/1283/1845 1257/1282/1845
f 1295/131/1846 1307/144/1846 1306/143/1846
f 1295/131/1847 1306/143/1847 1294/1309/1847
f 1280/116/1848 1308/1319/1848 1279/1298/1848
f 1309/1320/1849 1310/147/1849 1264/98/1849
f 1309/1320/1850 1264/98/1850 1265/99/1850
f 1271/1292/1851 1300/137/1851 1311/1321/1851
f 1312/1322/1852 1314/1323/1852 1313/1324/1852
f 1239/1268/1853 1269/1291/1853 1315/1325/1853
f 1239/1268/1854 1315/1325/1854 1267/1288/1854
f 1316/1326/1855 1299/1314/1855 1244/78/1855
f 1316/1326/1856 1244/78/1856 1252/86/1856
f 1306/143/1857 1317/1327/1857 1298/1313/1857
f 1306/143/1858 1298/1313/1858 1294/1309/1858
f 1318/1328/1859 1319/156/1859 1281/1299/1859
f 1320/1329/1860 1321/1330/1860 1280/116/1860
f 1320/1329/1861 1280/116/1861 1289/1305/1861
f 1281/1299/1862 1283/1301/1862 1318/1328/1862
f 1322/1331/1863 1226/60/1863 1253/1278/1863
f 1323/1332/1864 1324/1333/1864 1303/1316/1864
f 1323/1332/1865 1303/1316/1865 1272/106/1865
f 1325/1334/1866 1279/1298/1866 1308/1319/1866
f 1305/1318/1867 1326/1335/1867 1268/1289/1867
f 1305/1318/1868 1268/1289/1868 1258/1283/1868
f 1304/1317/1869 1257/1282/1869 1303/1316/1869
f 1272/106/1870 1297/1312/1870 1327/1336/1870
f 1272/106/1871 1327/1336/1871 1323/1332/1871
f 1328/1337/1872 1280/116/1872 1321/1330/1872
f 1328/1337/1873 1308/1319/1873 1280/116/1873
f 1329/166/177 1332/169/177 1331/1338/177
f 1329/166/177 1331/1338/177 1330/1339/177
f 1270/1290/1874 1285/1302/1874 1333/1340/1874
f 1270/1290/1875 1333/1340/1875 1269/1291/1875
f 1293/1308/1876 1298/1313/1876 1334/171/1876
f 1335/1341/1877 1316/1326/1877 1252/86/1877
f 1335/1341/1878 1252/86/1878 1266/1287/1878
f 1337/1342/1879 1336/1343/1879 1313/1324/1879
f 1337/1342/1880 1313/1324/1880 1314/1323/1880
f 1314/1323/1881 1312/1322/1881 1338/175/1881
f 1339/1344/1882 1340/1345/1882 1318/1328/1882
f 1312/1322/1883 1341/1346/1883 1338/175/1883
f 1322/1331/1884 1342/179/1884 1285/1302/1884
f 1322/1331/1885 1285/1302/1885 1226/60/1885
f 1267/1288/1886 1315/1325/1886 1297/1312/1886
f 1343/180/1887 1304/1317/1887 1303/1316/1887
f 1343/180/1888 1303/1316/1888 1324/1333/1888
f 1308/1319/1889 1328/1337/1889 1344/181/1889
f 1274/1294/1890 1345/1347/1890 1335/1341/1890
f 1274/1294/1891 1335/1341/1891 1266/1287/1891
f 1287/1303/1892 1346/183/1892 1302/139/1892
f 1344/181/1893 1347/1348/1893 1325/1334/1893
f 1344/181/1894 1325/1334/1894 1308/1319/1894
f 1302/139/1895 1346/183/1895 1349/1349/1895
f 1302/139/1896 1349/1349/1896 1348/185/1896
f 1350/187/1897 1351/1350/1897 1327/1336/1897
f 1264/98/1898 1310/147/1898 1352/1351/1898
f 1264/98/1899 1352/1351/1899 1287/1303/1899
f 1300/137/1900 1353/190/1900 1311/1321/1900
f 1354/1352/1901 1301/1315/1901 1279/1298/1901
f 1354/1352/1902 1279/1298/1902 1325/1334/1902
f 1355/1353/1903 2356/1310/1903 1275/110/1903
f 1326/1335/1904 1356/1354/1904 1296/1311/1904
f 1326/1335/1905 1296/1311/1905 1268/1289/1905
f 1357/194/1906 1358/195/1906 1306/143/1906
f 1357/194/1907 1306/143/1907 1307/144/1907
f 1341/1346/1908 1312/1322/1908 1359/196/1908
f 2357/197/1909 1360/1355/1909 1322/1331/1909
f 2357/197/1910 1322/1331/1910 1253/1278/1910
f 1293/1308/1911 1334/171/1911 1361/199/1911
f 1317/1327/1912 1362/1356/1912 1334/171/1912
f 1317/1327/1913 1334/171/1913 1298/1313/1913
f 1358/195/1914 1363/201/1914 1317/1327/1914
f 1358/195/1915 1317/1327/1915 1306/143/1915
f 1312/1322/1916 1364/202/1916 1359/196/1916
f 1365/1357/1917 1367/205/1917 1366/1358/1917
f 1348/185/1918 1349/1349/1918 1369/207/1918
f 1348/185/1919 1369/207/1919 1368/1359/1919
f 1370/208/1920 1371/209/1920 1310/147/1920
f 1370/208/1921 1310/147/1921 1309/1320/1921
f 1366/1358/1922 1372/1360/1922 1365/1357/1922
f 1337/1342/1923 1374/1361/1923 1373/211/1923
f 1337/1342/1924 1373/211/1924 1336/1343/1924
f 1375/1362/1925 1376/214/1925 1314/1323/1925
f 1375/1362/1926 1314/1323/1926 1338/175/1926
f 1377/215/1927 1345/1347/1927 1274/1294/1927
f 1377/215/1928 1274/1294/1928 1301/1315/1928
f 1368/1359/1929 1369/207/1929 1379/217/1929
f 1368/1359/1930 1379/217/1930 1378/216/1930
f 1380/1363/1931 1381/1364/1931 1304/1317/1931
f 1380/1363/1932 1304/1317/1932 1343/180/1932
f 1350/187/1933 1383/1365/1933 1382/1366/1933
f 1350/187/1934 1382/1366/1934 1351/1350/1934
f 1269/1291/1935 1333/1340/1935 1384/1367/1935
f 1269/1291/1936 1384/1367/1936 1315/1325/1936
f 1385/1368/177 1332/169/177 1329/166/177
f 1385/1368/177 1329/166/177 1386/1369/177
f 1346/183/1937 1287/1303/1937 1387/1370/1937
f 1367/205/1938 1365/1357/1938 1388/1371/1938
f 1389/227/1939 1390/1372/1939 1358/195/1939
f 1389/227/1940 1358/195/1940 1357/194/1940
f 1381/1364/1941 1391/1373/1941 1305/1318/1941
f 1381/1364/1942 1305/1318/1942 1304/1317/1942
f 1338/175/1943 1341/1346/1943 1392/1374/1943
f 1337/1342/1944 1314/1323/1944 1393/231/1944
f 1387/1370/1945 1287/1303/1945 1352/1351/1945
f 1314/1323/1946 1376/214/1946 1393/231/1946
f 1315/1325/1947 1383/1365/1947 1350/187/1947
f 1394/232/1948 1300/137/1948 1299/1314/1948
f 1367/205/1949 1388/1371/1949 1395/233/1949
f 1390/1372/1950 1396/1375/1950 1363/201/1950
f 1390/1372/1951 1363/201/1951 1358/195/1951
f 1397/1376/256 1399/1377/256 1398/1378/256
f 1400/1379/1952 1401/239/1952 1300/137/1952
f 1391/1373/1953 1402/1380/1953 1326/1335/1953
f 1391/1373/1954 1326/1335/1954 1305/1318/1954
f 1359/196/1955 1403/241/1955 1392/1374/1955
f 1359/196/1956 1392/1374/1956 1341/1346/1956
f 1404/242/1957 1394/232/1957 1299/1314/1957
f 1404/242/1958 1299/1314/1958 1316/1326/1958
f 1338/175/1959 1392/1374/1959 1375/1362/1959
f 1405/243/1960 1365/1357/1960 1372/1360/1960
f 1405/243/1961 1372/1360/1961 1406/244/1961
f 1407/1381/1962 1354/1352/1962 1325/1334/1962
f 1407/1381/1963 1325/1334/1963 1347/1348/1963
f 1408/246/1964 1409/1382/1964 1352/1351/1964
f 1365/1357/1965 1405/243/1965 1410/248/1965
f 1365/1357/1966 1410/248/1966 1388/1371/1966
f 1362/1356/1967 1411/1383/1967 1361/199/1967
f 1362/1356/1968 1361/199/1968 1334/171/1968
f 1374/1361/1969 1413/251/1969 1412/1384/1969
f 1374/1361/1970 1412/1384/1970 1373/211/1970
f 1389/227/1971 1415/253/1971 1414/252/1971
f 1389/227/1972 1414/252/1972 1390/1372/1972
f 1416/1385/1973 1404/242/1973 1316/1326/1973
f 1416/1385/1974 1316/1326/1974 1335/1341/1974
f 1360/1355/1975 1418/1386/1975 1417/1387/1975
f 1360/1355/1976 1417/1387/1976 1322/1331/1976
f 1285/1302/1977 1342/179/1977 1419/1388/1977
f 1285/1302/1978 1419/1388/1978 1333/1340/1978
f 1417/1387/1979 1420/1389/1979 1342/179/1979
f 1417/1387/1980 1342/179/1980 1322/1331/1980
f 1406/244/1981 1422/1390/1981 1421/1391/1981
f 1406/244/1982 1421/1391/1982 1405/243/1982
f 1423/1392/1983 1377/215/1983 1301/1315/1983
f 1423/1392/1984 1301/1315/1984 1354/1352/1984
f 1346/183/1985 1387/1370/1985 1424/262/1985
f 1346/183/1986 1424/262/1986 1425/1393/1986
f 1346/183/1987 1425/1393/1987 1349/1349/1987
f 1393/231/1988 1426/1394/1988 1374/1361/1988
f 1393/231/1989 1374/1361/1989 1337/1342/1989
f 1363/201/1990 1427/265/1990 1362/1356/1990
f 1363/201/1991 1362/1356/1991 1317/1327/1991
f 1422/1390/1992 1428/1395/1992 1421/1391/1992
f 1395/233/313 1388/1371/313 1410/248/313
f 1352/1351/1993 1409/1382/1993 1429/267/1993
f 1352/1351/1994 1429/267/1994 1387/1370/1994
f 1345/1347/1995 1430/1396/1995 1416/1385/1995
f 1345/1347/1996 1416/1385/1996 1335/1341/1996
f 1421/1391/1997 1428/1395/1997 1431/1397/1997
f 1431/1397/1998 1432/270/1998 1395/233/1998
f 1421/1391/1999 1431/1397/1999 1410/248/1999
f 1421/1391/2000 1410/248/2000 1405/243/2000
f 1364/202/2001 1433/271/2001 1403/241/2001
f 1364/202/2002 1403/241/2002 1359/196/2002
f 1425/1393/2003 1434/272/2003 1369/207/2003
f 1425/1393/2004 1369/207/2004 1349/1349/2004
f 1402/1380/2005 1435/1398/2005 1356/1354/2005
f 1402/1380/2006 1356/1354/2006 1326/1335/2006
f 1395/233/2007 1410/248/2007 1431/1397/2007
f 1384/1367/2008 1436/1399/2008 1383/1365/2008
f 1383/1365/2009 1438/1400/2009 1437/1401/2009
f 1383/1365/2010 1437/1401/2010 1382/1366/2010
f 1424/262/2011 1387/1370/2011 1429/267/2011
f 1439/277/2012 1441/279/2012 1440/278/2012
f 1394/232/2013 1424/262/2013 1429/267/2013
f 1394/232/2014 1429/267/2014 1400/1379/2014
f 1404/242/2015 1425/1393/2015 1424/262/2015
f 1404/242/2016 1424/262/2016 1394/232/2016
f 1400/1379/2017 1429/267/2017 1442/280/2017
f 1443/281/2018 1445/1402/2018 1444/1403/2018
f 1446/284/2019 1447/285/2019 1379/217/2019
f 1446/284/2020 1379/217/2020 1369/207/2020
f 1448/1404/2021 1396/1375/2021 1390/1372/2021
f 1448/1404/2022 1390/1372/2022 1414/252/2022
f 1419/1388/2023 1449/1405/2023 1384/1367/2023
f 1419/1388/2024 1384/1367/2024 1333/1340/2024
f 1450/1406/2025 1452/1407/2025 1451/289/2025
f 1415/253/2026 1454/1408/2026 1453/1409/2026
f 1415/253/2027 1453/1409/2027 1414/252/2027
f 1376/214/2028 1455/1410/2028 1393/231/2028
f 1456/1411/2029 1457/1412/2029 1381/1364/2029
f 1456/1411/2030 1381/1364/2030 1380/1363/2030
f 1458/1413/2031 1419/1388/2031 1342/179/2031
f 1458/1413/2032 1342/179/2032 1420/1389/2032
f 1459/1414/2033 1430/1396/2033 1345/1347/2033
f 1459/1414/2034 1345/1347/2034 1377/215/2034
f 1441/279/2035 1461/299/2035 1460/298/2035
f 1416/1385/2036 1434/272/2036 1425/1393/2036
f 1416/1385/2037 1425/1393/2037 1404/242/2037
f 1462/300/2038 1440/278/2038 1463/1415/2038
f 1412/1384/2039 1413/251/2039 1465/303/2039
f 1412/1384/2040 1465/303/2040 1464/1416/2040
f 1461/299/2041 1452/1407/2041 1460/298/2041
f 1466/1417/2042 1455/1410/2042 1376/214/2042
f 1466/1417/2043 1376/214/2043 1375/1362/2043
f 1434/272/2044 1446/284/2044 1369/207/2044
f 1450/1406/2045 1467/305/2045 1463/1415/2045
f 1385/1368/177 1386/1369/177 1469/1418/177
f 1385/1368/177 1469/1418/177 1468/306/177
f 1392/1374/2046 1470/1419/2046 1466/1417/2046
f 1392/1374/2047 1466/1417/2047 1375/1362/2047
f 1455/1410/2048 1426/1394/2048 1393/231/2048
f 1430/1396/2049 1446/284/2049 1416/1385/2049
f 1426/1394/2050 1472/1420/2050 1413/251/2050
f 1426/1394/2051 1413/251/2051 1374/1361/2051
f 1473/311/2052 1423/1392/2052 1354/1352/2052
f 1473/311/2053 1354/1352/2053 1407/1381/2053
f 1391/1373/2054 1381/1364/2054 1474/1421/2054
f 1463/1415/2055 1440/278/2055 1460/298/2055
f 1463/1415/2056 1460/298/2056 1450/1406/2056
f 1363/201/2057 1396/1375/2057 1475/1422/2057
f 1476/314/2058 2360/1423/2058 2358/1424/2058
f 1474/1421/2059 1477/1425/2059 1402/1380/2059
f 1474/1421/2060 1402/1380/2060 1391/1373/2060
f 1476/314/2061 2358/1424/2061 2359/318/2061
f 1381/1364/2062 1457/1412/2062 1474/1421/2062
f 1478/1426/2063 1377/215/2063 1423/1392/2063
f 1479/320/2064 1448/1404/2064 1414/252/2064
f 1479/320/2065 1414/252/2065 1453/1409/2065
f 1403/241/2066 1480/321/2066 1470/1419/2066
f 1403/241/2067 1470/1419/2067 1392/1374/2067
f 1430/1396/2068 1459/1414/2068 1481/1427/2068
f 1430/1396/2069 1481/1427/2069 1471/1428/2069
f 1476/314/2070 2361/1429/2070 2360/1423/2070
f 1384/1367/2071 1482/1430/2071 1436/1399/2071
f 1458/1413/2072 1484/1431/2072 1483/1432/2072
f 1458/1413/2073 1483/1432/2073 1419/1388/2073
f 1471/1428/2074 1481/1427/2074 1486/328/2074
f 1471/1428/2075 1486/328/2075 1485/1433/2075
f 1427/265/2076 1487/329/2076 1411/1383/2076
f 1427/265/2077 1411/1383/2077 1362/1356/2077
f 1454/1408/2078 1489/331/2078 1488/330/2078
f 1454/1408/2079 1488/330/2079 1453/1409/2079
f 1427/265/2080 1363/201/2080 1475/1422/2080
f 1448/1404/2081 1490/1434/2081 1475/1422/2081
f 1448/1404/2082 1475/1422/2082 1396/1375/2082
f 1464/1416/2083 1465/303/2083 1492/334/2083
f 1464/1416/2084 1492/334/2084 1491/333/2084
f 1493/1435/2085 1438/1400/2085 1383/1365/2085
f 1493/1435/2086 1383/1365/2086 1436/1399/2086
f 1494/1436/2087 1457/1412/2087 1456/1411/2087
f 1449/1405/2088 1482/1430/2088 1384/1367/2088
f 1426/1394/2089 1495/337/2089 1472/1420/2089
f 1455/1410/2090 1495/337/2090 1426/1394/2090
f 1483/1432/2091 1496/1437/2091 1449/1405/2091
f 1483/1432/2092 1449/1405/2092 1419/1388/2092
f 1497/1438/2093 1465/303/2093 1413/251/2093
f 1497/1438/2094 1413/251/2094 1472/1420/2094
f 1494/1436/2095 1499/1439/2095 1498/1440/2095
f 1477/1425/2096 1500/1441/2096 1435/1398/2096
f 1477/1425/2097 1435/1398/2097 1402/1380/2097
f 1476/314/2098 2362/1442/2098 2361/1429/2098
f 1494/1436/2099 1501/1443/2099 1457/1412/2099
f 1502/1444/2100 1503/346/2100 1437/1401/2100
f 1502/1444/2101 1437/1401/2101 1438/1400/2101
f 1488/330/2102 1504/1445/2102 1479/320/2102
f 1488/330/2103 1479/320/2103 1453/1409/2103
f 1433/271/2104 1505/348/2104 1480/321/2104
f 1433/271/2105 1480/321/2105 1403/241/2105
f 1468/306/177 1469/1418/177 1507/350/177
f 1468/306/177 1507/350/177 1506/1446/177
f 1508/351/2106 1486/328/2106 1481/1427/2106
f 1423/1392/2107 1473/311/2107 1478/1426/2107
f 1497/1438/2108 1472/1420/2108 1495/337/2108
f 1509/1447/2109 1493/1435/2109 1436/1399/2109
f 1509/1447/2110 1436/1399/2110 1482/1430/2110
f 1466/1417/2111 1511/354/2111 1510/353/2111
f 1466/1417/2112 1510/353/2112 1455/1410/2112
f 1512/1448/2113 1494/1436/2113 1498/1440/2113
f 1508/351/2114 1514/1449/2114 1513/1450/2114
f 1508/351/2115 1513/1450/2115 1486/328/2115
f 1449/1405/2116 1515/1451/2116 1482/1430/2116
f 1516/1452/2117 1519/362/2117 1518/1453/2117
f 1516/1452/2118 1518/1453/2118 1517/1454/2118
f 1455/1410/2119 1510/353/2119 1495/337/2119
f 1520/363/2120 1521/1455/2120 1519/362/2120
f 1520/363/2121 1519/362/2121 1516/1452/2121
f 1522/1456/2122 1525/368/2122 1524/1457/2122
f 1522/1456/2123 1524/1457/2123 1523/1458/2123
f 1489/331/2124 1527/1459/2124 1526/369/2124
f 1489/331/2125 1526/369/2125 1488/330/2125
f 1470/1419/2126 1528/371/2126 1511/354/2126
f 1470/1419/2127 1511/354/2127 1466/1417/2127
f 1491/333/2128 1492/334/2128 1530/373/2128
f 1491/333/2129 1530/373/2129 1529/1460/2129
f 1531/1461/2130 1532/1462/2130 1512/1448/2130
f 1501/1443/2131 1533/1463/2131 1477/1425/2131
f 1501/1443/2132 1477/1425/2132 1474/1421/2132
f 1494/1436/2099 1512/1448/2099 1501/1443/2099
f 1493/1435/2133 1534/1464/2133 1438/1400/2133
f 1523/1458/2134 1524/1457/2134 1536/379/2134
f 1523/1458/2135 1536/379/2135 1535/378/2135
f 1519/362/2136 1538/381/2136 1537/380/2136
f 1519/362/2137 1537/380/2137 1518/1453/2137
f 1539/382/2138 1525/368/2138 1522/1456/2138
f 1540/1465/2139 1541/1466/2139 1517/1454/2139
f 1540/1465/2140 1517/1454/2140 1518/1453/2140
f 1479/320/2141 1542/385/2141 1490/1434/2141
f 1479/320/2142 1490/1434/2142 1448/1404/2142
f 1438/1400/2143 1534/1464/2143 1502/1444/2143
f 1521/1455/2144 1543/1467/2144 1538/381/2144
f 1521/1455/2145 1538/381/2145 1519/362/2145
f 1544/1468/2146 1492/334/2146 1465/303/2146
f 1544/1468/2147 1465/303/2147 1497/1438/2147
f 1427/265/2148 1475/1422/2148 1545/1469/2148
f 1449/1405/2149 1496/1437/2149 1546/1470/2149
f 1449/1405/2150 1546/1470/2150 1515/1451/2150
f 1504/1445/2151 1488/330/2151 1526/369/2151
f 1547/1471/2152 1509/1447/2152 1482/1430/2152
f 1547/1471/2153 1482/1430/2153 1515/1451/2153
f 1508/351/2154 1549/1472/2154 1548/1473/2154
f 1508/351/2155 1548/1473/2155 1514/1449/2155
f 1537/380/2156 1550/1474/2156 1540/1465/2156
f 1537/380/2157 1540/1465/2157 1518/1453/2157
f 1503/346/2158 1502/1444/2158 1551/1475/2158
f 1552/395/2159 1553/396/2159 1521/1455/2159
f 1552/395/2160 1521/1455/2160 1520/363/2160
f 1525/368/2161 1555/398/2161 1554/1476/2161
f 1525/368/2162 1554/1476/2162 1524/1457/2162
f 1480/321/2163 1556/399/2163 1528/371/2163
f 1480/321/2164 1528/371/2164 1470/1419/2164
f 1497/1438/2165 1495/337/2165 1557/1477/2165
f 1539/382/2166 1558/401/2166 1525/368/2166
f 1512/1448/2167 1559/1478/2167 1501/1443/2167
f 1509/1447/2168 1561/404/2168 1560/1479/2168
f 1509/1447/2169 1560/1479/2169 1493/1435/2169
f 1558/401/2170 1555/398/2170 1525/368/2170
f 1562/405/2171 1563/1480/2171 1535/378/2171
f 1562/405/2172 1535/378/2172 1536/379/2172
f 1531/1461/2173 1564/1481/2173 1532/1462/2173
f 1545/1469/2174 1565/1482/2174 1487/329/2174
f 1545/1469/2175 1487/329/2175 1427/265/2175
f 1510/353/2176 1566/1483/2176 1557/1477/2176
f 1510/353/2177 1557/1477/2177 1495/337/2177
f 1567/1484/2178 1534/1464/2178 1493/1435/2178
f 1567/1484/2179 1493/1435/2179 1560/1479/2179
f 1551/1475/2180 1568/1485/2180 1564/1481/2180
f 1569/1486/2181 1570/1487/2181 1537/380/2181
f 1569/1486/2182 1537/380/2182 1538/381/2182
f 1524/1457/2183 1554/1476/2183 1571/1488/2183
f 1524/1457/2184 1571/1488/2184 1536/379/2184
f 1539/382/2185 1572/1489/2185 1558/401/2185
f 1553/396/2186 1573/1490/2186 1543/1467/2186
f 1553/396/2187 1543/1467/2187 1521/1455/2187
f 1574/1491/2188 1575/1492/2188 1541/1466/2188
f 1574/1491/2189 1541/1466/2189 1540/1465/2189
f 1490/1434/2190 1576/419/2190 1545/1469/2190
f 1490/1434/2191 1545/1469/2191 1475/1422/2191
f 1533/1463/2192 1577/1493/2192 1500/1441/2192
f 1533/1463/2193 1500/1441/2193 1477/1425/2193
f 1543/1467/2194 1578/1494/2194 1569/1486/2194
f 1543/1467/2195 1569/1486/2195 1538/381/2195
f 1564/1481/2196 1579/1495/2196 1532/1462/2196
f 1580/423/2197 1512/1448/2197 1532/1462/2197
f 1527/1459/2198 1582/1496/2198 1581/1497/2198
f 1527/1459/2199 1581/1497/2199 1526/369/2199
f 1561/404/2200 1584/1498/2200 1583/1499/2200
f 1561/404/2201 1583/1499/2201 1560/1479/2201
f 1558/401/2202 1585/428/2202 1555/398/2202
f 1564/1481/2203 1568/1485/2203 1579/1495/2203
f 1544/1468/2204 1586/1500/2204 1530/373/2204
f 1544/1468/2205 1530/373/2205 1492/334/2205
f 1587/1501/2206 1588/431/2206 1529/1460/2206
f 1570/1487/2207 1550/1474/2207 1537/380/2207
f 1589/432/2208 1585/428/2208 1558/401/2208
f 1589/432/2209 1558/401/2209 1572/1489/2209
f 1509/1447/2210 1547/1471/2210 1590/1502/2210
f 1509/1447/2211 1590/1502/2211 1561/404/2211
f 1591/1503/2212 1502/1444/2212 1534/1464/2212
f 1562/405/2213 1592/435/2213 1563/1480/2213
f 1515/1451/2214 1546/1470/2214 1593/1504/2214
f 1515/1451/2215 1593/1504/2215 1547/1471/2215
f 1571/1488/2216 1594/437/2216 1562/405/2216
f 1571/1488/2217 1562/405/2217 1536/379/2217
f 1595/1505/2218 1567/1484/2218 1560/1479/2218
f 1595/1505/2219 1560/1479/2219 1583/1499/2219
f 1596/439/2220 1597/440/2220 1554/1476/2220
f 1596/439/2221 1554/1476/2221 1555/398/2221
f 1550/1474/2222 1598/1506/2222 1574/1491/2222
f 1550/1474/2223 1574/1491/2223 1540/1465/2223
f 1568/1485/2224 1502/1444/2224 1591/1503/2224
f 1599/1507/2225 1504/1445/2225 1526/369/2225
f 1529/1460/2226 1530/373/2226 1587/1501/2226
f 1505/348/2227 1600/443/2227 1556/399/2227
f 1505/348/2228 1556/399/2228 1480/321/2228
f 1504/1445/2229 1601/444/2229 1542/385/2229
f 1504/1445/2230 1542/385/2230 1479/320/2230
f 1585/428/2231 1596/439/2231 1555/398/2231
f 1602/1508/2232 1533/1463/2232 1501/1443/2232
f 1602/1508/2233 1501/1443/2233 1559/1478/2233
f 1603/446/2234 1604/1509/2234 1553/396/2234
f 1603/446/2235 1553/396/2235 1552/395/2235
f 1567/1484/2236 1591/1503/2236 1534/1464/2236
f 1592/435/2237 1605/1510/2237 1563/1480/2237
f 1590/1502/2238 1606/449/2238 1584/1498/2238
f 1590/1502/2239 1584/1498/2239 1561/404/2239
f 1581/1497/2240 1599/1507/2240 1526/369/2240
f 1511/354/2241 1607/450/2241 1566/1483/2241
f 1511/354/2242 1566/1483/2242 1510/353/2242
f 1579/1495/2243 1608/1511/2243 1580/423/2243
f 1579/1495/2244 1580/423/2244 1532/1462/2244
f 1568/1485/2245 1609/452/2245 1579/1495/2245
f 1497/1438/2246 1557/1477/2246 1610/453/2246
f 1497/1438/2247 1610/453/2247 1544/1468/2247
f 1593/1504/2248 1611/1512/2248 1590/1502/2248
f 1593/1504/2249 1590/1502/2249 1547/1471/2249
f 1562/405/2250 1612/455/2250 1592/435/2250
f 1613/1513/2251 1614/457/2251 1585/428/2251
f 1613/1513/2252 1585/428/2252 1589/432/2252
f 1573/1490/2253 1615/458/2253 1578/1494/2253
f 1573/1490/2254 1578/1494/2254 1543/1467/2254
f 1528/371/2255 1616/1514/2255 1607/450/2255
f 1528/371/2256 1607/450/2256 1511/354/2256
f 1597/440/2257 1617/460/2257 1571/1488/2257
f 1597/440/2258 1571/1488/2258 1554/1476/2258
f 1595/1505/2259 1618/1515/2259 1567/1484/2259
f 1619/462/2260 1620/1516/2260 1570/1487/2260
f 1619/462/2261 1570/1487/2261 1569/1486/2261
f 1585/428/2262 1614/457/2262 1621/1517/2262
f 1585/428/2263 1621/1517/2263 1596/439/2263
f 1567/1484/2264 1618/1515/2264 1591/1503/2264
f 1604/1509/2265 1622/1518/2265 1573/1490/2265
f 1604/1509/2266 1573/1490/2266 1553/396/2266
f 1623/1519/2267 1625/468/2267 1624/467/2267
f 1626/469/2268 1550/1474/2268 1570/1487/2268
f 1568/1485/2269 1591/1503/2269 1627/470/2269
f 1568/1485/2270 1627/470/2270 1609/452/2270
f 1595/1505/2271 1628/1520/2271 1618/1515/2271
f 1292/1307/2272 1630/1521/2272 1629/1522/2272
f 1292/1307/2273 1629/1522/2273 1291/127/2273
f 1578/1494/2274 1631/1523/2274 1619/462/2274
f 1578/1494/2275 1619/462/2275 1569/1486/2275
f 1611/1512/2276 1632/475/2276 1606/449/2276
f 1611/1512/2277 1606/449/2277 1590/1502/2277
f 1633/1524/2278 1608/1511/2278 1579/1495/2278
f 1633/1524/2279 1579/1495/2279 1609/452/2279
f 1634/1525/2280 1635/478/2280 1588/431/2280
f 1636/1526/2281 1602/1508/2281 1559/1478/2281
f 1636/1526/2282 1559/1478/2282 1580/423/2282
f 1621/1517/2283 1637/1527/2283 1597/440/2283
f 1621/1517/2284 1597/440/2284 1596/439/2284
f 1626/469/2285 1638/1528/2285 1598/1506/2285
f 1626/469/2286 1598/1506/2286 1550/1474/2286
f 1639/482/2287 1594/437/2287 1640/483/2287
f 1570/1487/2288 1620/1516/2288 1626/469/2288
f 1587/1501/2289 1634/1525/2289 1588/431/2289
f 1610/453/2290 1641/484/2290 1586/1500/2290
f 1610/453/2291 1586/1500/2291 1544/1468/2291
f 1642/485/2292 2379/1529/2292 1643/1530/2292
f 1599/1507/2293 1644/1531/2293 1601/444/2293
f 1599/1507/2294 1601/444/2294 1504/1445/2294
f 1556/399/2295 1645/489/2295 1616/1514/2295
f 1556/399/2296 1616/1514/2296 1528/371/2296
f 1566/1483/2297 1646/1532/2297 1610/453/2297
f 1566/1483/2298 1610/453/2298 1557/1477/2298
f 1647/1533/2299 1627/470/2299 1591/1503/2299
f 1647/1533/2300 1591/1503/2300 1618/1515/2300
f 1648/1534/2301 1577/1493/2301 1533/1463/2301
f 1648/1534/2302 1533/1463/2302 1602/1508/2302
f 1586/1500/2303 1650/494/2303 1649/1535/2303
f 1586/1500/2304 1649/1535/2304 1530/373/2304
f 1643/1530/2305 1651/495/2305 1642/485/2305
f 1530/373/2306 1649/1535/2306 1587/1501/2306
f 1608/1511/2307 1652/1536/2307 1636/1526/2307
f 1608/1511/2308 1636/1526/2308 1580/423/2308
f 1617/460/2309 1653/497/2309 1594/437/2309
f 1617/460/2310 1594/437/2310 1571/1488/2310
f 1604/1509/2311 1603/446/2311 1654/1537/2311
f 1655/1538/2312 1647/1533/2312 1618/1515/2312
f 1655/1538/2313 1618/1515/2313 1628/1520/2313
f 1622/1518/2314 1656/500/2314 1615/458/2314
f 1622/1518/2315 1615/458/2315 1573/1490/2315
f 1642/485/2316 2380/1539/2316 2379/1529/2316
f 1657/1540/2317 1633/1524/2317 1609/452/2317
f 1657/1540/2318 1609/452/2318 1627/470/2318
f 1542/385/2319 1658/503/2319 1576/419/2319
f 1542/385/2320 1576/419/2320 1490/1434/2320
f 1615/458/2321 1659/1541/2321 1631/1523/2321
f 1615/458/2322 1631/1523/2322 1578/1494/2322
f 1617/460/2323 1597/440/2323 1637/1527/2323
f 1576/419/2324 1660/1542/2324 1565/1482/2324
f 1576/419/2325 1565/1482/2325 1545/1469/2325
f 1661/1543/2326 1662/1544/2326 1620/1516/2326
f 1661/1543/2327 1620/1516/2327 1619/462/2327
f 1662/1544/2328 1626/469/2328 1620/1516/2328
f 1649/1535/2329 1663/508/2329 1634/1525/2329
f 1649/1535/2330 1634/1525/2330 1587/1501/2330
f 1664/1545/2331 1652/1536/2331 1608/1511/2331
f 1664/1545/2332 1608/1511/2332 1633/1524/2332
f 1665/510/2333 2380/1539/2333 1642/485/2333
f 1607/450/2334 1666/1546/2334 1646/1532/2334
f 1607/450/2335 1646/1532/2335 1566/1483/2335
f 1647/1533/2336 1667/1547/2336 1657/1540/2336
f 1647/1533/2337 1657/1540/2337 1627/470/2337
f 1668/1548/2338 1648/1534/2338 1602/1508/2338
f 1668/1548/2339 1602/1508/2339 1636/1526/2339
f 1616/1514/2340 1669/1549/2340 1666/1546/2340
f 1616/1514/2341 1666/1546/2341 1607/450/2341
f 1626/469/2342 1670/1550/2342 1638/1528/2342
f 1671/1551/2343 1604/1509/2343 1654/1537/2343
f 1662/1544/2344 1670/1550/2344 1626/469/2344
f 1604/1509/2345 1671/1551/2345 1672/1552/2345
f 1604/1509/2346 1672/1552/2346 1622/1518/2346
f 1673/1553/2347 1661/1543/2347 1619/462/2347
f 1673/1553/2348 1619/462/2348 1631/1523/2348
f 1655/1538/2349 1674/1554/2349 1667/1547/2349
f 1655/1538/2350 1667/1547/2350 1647/1533/2350
f 1600/443/2351 1675/1555/2351 1645/489/2351
f 1600/443/2352 1645/489/2352 1556/399/2352
f 1676/1556/2353 1664/1545/2353 1633/1524/2353
f 1676/1556/2354 1633/1524/2354 1657/1540/2354
f 1677/1557/2355 1237/1266/2355 1238/1265/2355
f 1677/1557/2356 1238/1265/2356 1678/1558/2356
f 1641/484/2357 1679/1559/2357 1650/494/2357
f 1641/484/2358 1650/494/2358 1586/1500/2358
f 1652/1536/2359 1680/1560/2359 1668/1548/2359
f 1652/1536/2360 1668/1548/2360 1636/1526/2360
f 1637/1527/2361 2383/527/2361 1681/526/2361
f 1637/1527/2362 1681/526/2362 1617/460/2362
f 1656/500/2363 1682/1561/2363 1659/1541/2363
f 1656/500/2364 1659/1541/2364 1615/458/2364
f 1670/1550/2365 1684/530/2365 1683/1562/2365
f 1670/1550/2366 1683/1562/2366 1638/1528/2366
f 1670/1550/2367 1662/1544/2367 1685/1563/2367
f 1646/1532/2368 1686/532/2368 1641/484/2368
f 1646/1532/2369 1641/484/2369 1610/453/2369
f 1653/497/2370 1617/460/2370 1681/526/2370
f 1667/1547/2371 1687/533/2371 1676/1556/2371
f 1667/1547/2372 1676/1556/2372 1657/1540/2372
f 1659/1541/2373 1688/1564/2373 1673/1553/2373
f 1659/1541/2374 1673/1553/2374 1631/1523/2374
f 1650/494/2375 1679/1559/2375 1689/535/2375
f 1650/494/2376 1689/535/2376 1649/1535/2376
f 1622/1518/2377 1672/1552/2377 1690/536/2377
f 1622/1518/2378 1690/536/2378 1656/500/2378
f 1691/537/2379 1671/1551/2379 1654/1537/2379
f 1692/1565/2380 1685/1563/2380 1662/1544/2380
f 1692/1565/2381 1662/1544/2381 1661/1543/2381
f 1693/1566/2382 1680/1560/2382 1652/1536/2382
f 1693/1566/2383 1652/1536/2383 1664/1545/2383
f 1601/444/2384 1694/1567/2384 1658/503/2384
f 1601/444/2385 1658/503/2385 1542/385/2385
f 1645/489/2386 1695/541/2386 1669/1549/2386
f 1645/489/2387 1669/1549/2387 1616/1514/2387
f 1640/483/2388 1594/437/2388 1653/497/2388
f 1649/1535/2389 1689/535/2389 1663/508/2389
f 1674/1554/2390 1696/542/2390 1687/533/2390
f 1674/1554/2391 1687/533/2391 1667/1547/2391
f 1673/1553/2392 1698/1568/2392 1697/1569/2392
f 1673/1553/2393 1697/1569/2393 1661/1543/2393
f 1699/545/2394 1670/1550/2394 1685/1563/2394
f 1697/1569/2395 1700/1570/2395 1692/1565/2395
f 1697/1569/2396 1692/1565/2396 1661/1543/2396
f 1666/1546/2397 1701/547/2397 1686/532/2397
f 1666/1546/2398 1686/532/2398 1646/1532/2398
f 1702/1571/2399 1693/1566/2399 1664/1545/2399
f 1702/1571/2400 1664/1545/2400 1676/1556/2400
f 1669/1549/2401 1703/549/2401 1701/547/2401
f 1669/1549/2402 1701/547/2402 1666/1546/2402
f 1699/545/2403 1684/530/2403 1670/1550/2403
f 1682/1561/2404 1704/1572/2404 1688/1564/2404
f 1682/1561/2405 1688/1564/2405 1659/1541/2405
f 1684/530/2406 1706/1573/2406 1705/1574/2406
f 1684/530/2407 1705/1574/2407 1683/1562/2407
f 1692/1565/2408 1707/1575/2408 1699/545/2408
f 1692/1565/2409 1699/545/2409 1685/1563/2409
f 1708/554/2410 1709/1576/2410 1682/1561/2410
f 1708/554/2411 1682/1561/2411 1656/500/2411
f 1688/1564/2412 1710/1577/2412 1698/1568/2412
f 1688/1564/2413 1698/1568/2413 1673/1553/2413
f 1691/537/2414 1712/1578/2414 1711/1579/2414
f 1691/537/2415 1711/1579/2415 1671/1551/2415
f 1713/1580/2416 1714/560/2416 1653/497/2416
f 1713/1580/2417 1653/497/2417 1681/526/2417
f 1715/561/2418 1708/554/2418 1656/500/2418
f 1715/561/2419 1656/500/2419 1690/536/2419
f 1658/503/2420 1716/562/2420 1660/1542/2420
f 1658/503/2421 1660/1542/2421 1576/419/2421
f 1717/1581/2422 1663/508/2422 1689/535/2422
f 1718/1582/2423 1702/1571/2423 1676/1556/2423
f 1718/1582/2424 1676/1556/2424 1687/533/2424
f 1719/1583/2425 1679/1559/2425 1641/484/2425
f 1671/1551/2426 1711/1579/2426 1720/566/2426
f 1671/1551/2427 1720/566/2427 1672/1552/2427
f 1644/1531/2428 1721/1584/2428 1694/1567/2428
f 1644/1531/2429 1694/1567/2429 1601/444/2429
f 1679/1559/2430 1719/1583/2430 1722/568/2430
f 1679/1559/2431 1722/568/2431 1689/535/2431
f 1714/560/2432 1723/1585/2432 1640/483/2432
f 1714/560/2433 1640/483/2433 1653/497/2433
f 1698/1568/2434 1725/1586/2434 1724/1587/2434
f 1698/1568/2435 1724/1587/2435 1697/1569/2435
f 1726/572/2436 1718/1582/2436 1687/533/2436
f 1726/572/2437 1687/533/2437 1696/542/2437
f 1722/568/2438 1727/573/2438 1717/1581/2438
f 1722/568/2439 1717/1581/2439 1689/535/2439
f 1724/1587/2440 1728/574/2440 1700/1570/2440
f 1724/1587/2441 1700/1570/2441 1697/1569/2441
f 1695/541/2442 1729/575/2442 1703/549/2442
f 1695/541/2443 1703/549/2443 1669/1549/2443
f 1675/1555/2444 1730/576/2444 1695/541/2444
f 1675/1555/2445 1695/541/2445 1645/489/2445
f 1710/1577/2446 1731/1588/2446 1725/1586/2446
f 1710/1577/2447 1725/1586/2447 1698/1568/2447
f 1684/530/2448 1699/545/2448 1732/1589/2448
f 1704/1572/2449 1733/579/2449 1710/1577/2449
f 1704/1572/2450 1710/1577/2450 1688/1564/2450
f 1672/1552/2451 1720/566/2451 1734/1590/2451
f 1672/1552/2452 1734/1590/2452 1690/536/2452
f 1700/1570/2453 1735/1591/2453 1707/1575/2453
f 1700/1570/2454 1707/1575/2454 1692/1565/2454
f 1641/484/2455 1686/532/2455 1736/582/2455
f 1709/1576/2456 1737/1592/2456 1704/1572/2456
f 1709/1576/2457 1704/1572/2457 1682/1561/2457
f 1732/1589/2458 1738/1593/2458 1706/1573/2458
f 1732/1589/2459 1706/1573/2459 1684/530/2459
f 1706/1573/2460 1740/1594/2460 1739/585/2460
f 1706/1573/2461 1739/585/2461 1705/1574/2461
f 1719/1583/2462 1641/484/2462 1736/582/2462
f 1741/1595/2463 2385/589/2463 2384/1596/2463
f 1742/590/2464 1736/582/2464 1686/532/2464
f 1742/590/2465 1686/532/2465 1701/547/2465
f 1743/1597/2466 1744/1598/2466 1724/1587/2466
f 1743/1597/2467 1724/1587/2467 1725/1586/2467
f 1707/1575/2468 1745/593/2468 1732/1589/2468
f 1707/1575/2469 1732/1589/2469 1699/545/2469
f 1746/594/2470 1747/1599/2470 1708/554/2470
f 1746/594/2471 1708/554/2471 1715/561/2471
f 1703/549/2472 1748/596/2472 1742/590/2472
f 1703/549/2473 1742/590/2473 1701/547/2473
f 1710/1577/2474 1733/579/2474 1749/1600/2474
f 1710/1577/2475 1749/1600/2475 1731/1588/2475
f 1750/1601/2476 1743/1597/2476 1725/1586/2476
f 1750/1601/2477 1725/1586/2477 1731/1588/2477
f 1741/1595/2478 2386/1602/2478 2385/589/2478
f 1639/482/2479 1640/483/2479 1752/1603/2479
f 1639/482/2480 1752/1603/2480 1751/600/2480
f 1690/536/2481 1734/1590/2481 1753/1604/2481
f 1690/536/2482 1753/1604/2482 1715/561/2482
f 1747/1599/2483 1754/1605/2483 1709/1576/2483
f 1747/1599/2484 1709/1576/2484 1708/554/2484
f 1712/1578/2485 1756/1606/2485 1755/1607/2485
f 1712/1578/2486 1755/1607/2486 1711/1579/2486
f 1749/1600/2487 1757/1608/2487 1750/1601/2487
f 1749/1600/2488 1750/1601/2488 1731/1588/2488
f 1744/1598/2489 1758/1609/2489 1728/574/2489
f 1744/1598/2490 1728/574/2490 1724/1587/2490
f 1759/608/2491 1760/1610/2491 1743/1597/2491
f 1759/608/2492 1743/1597/2492 1750/1601/2492
f 1737/1592/2493 1761/1611/2493 1733/579/2493
f 1737/1592/2494 1733/579/2494 1704/1572/2494
f 1736/582/2495 1722/568/2495 1719/1583/2495
f 1757/1608/2496 1762/1612/2496 1759/608/2496
f 1757/1608/2497 1759/608/2497 1750/1601/2497
f 1760/1610/2498 1763/1613/2498 1744/1598/2498
f 1760/1610/2499 1744/1598/2499 1743/1597/2499
f 1728/574/2500 1764/613/2500 1735/1591/2500
f 1728/574/2501 1735/1591/2501 1700/1570/2501
f 1754/1605/2502 1765/1614/2502 1737/1592/2502
f 1754/1605/2503 1737/1592/2503 1709/1576/2503
f 1753/1604/2504 1766/1615/2504 1746/594/2504
f 1753/1604/2505 1746/594/2505 1715/561/2505
f 1767/1616/2506 1769/618/2506 1768/617/2506
f 1770/619/2507 1771/620/2507 1762/1612/2507
f 1770/619/2508 1762/1612/2508 1757/1608/2508
f 1767/1616/2509 1772/1617/2509 1769/618/2509
f 1773/622/2510 1770/619/2510 1757/1608/2510
f 1773/622/2511 1757/1608/2511 1749/1600/2511
f 1399/1377/2512 1775/1618/2512 1774/1619/2512
f 1399/1377/819 1774/1619/819 1398/1378/819
f 1694/1567/2513 1776/625/2513 1716/562/2513
f 1694/1567/2514 1716/562/2514 1658/503/2514
f 1768/617/2515 1778/1620/2515 1777/626/2515
f 1711/1579/2516 1755/1607/2516 1779/1621/2516
f 1711/1579/2517 1779/1621/2517 1720/566/2517
f 1727/573/2518 1722/568/2518 1736/582/2518
f 1763/1613/2519 1780/629/2519 1758/1609/2519
f 1763/1613/2520 1758/1609/2520 1744/1598/2520
f 1781/630/2521 1782/1622/2521 1747/1599/2521
f 1781/630/2522 1747/1599/2522 1746/594/2522
f 1783/1623/2523 1773/622/2523 1749/1600/2523
f 1783/1623/2524 1749/1600/2524 1733/579/2524
f 1767/1616/2525 1768/617/2525 1777/626/2525
f 2386/1602/2526 1741/1595/2526 1784/1624/2526
f 1778/1620/2527 1785/1625/2527 1777/626/2527
f 2387/1626/2528 1752/1603/2528 1640/483/2528
f 2387/1626/2529 1640/483/2529 1723/1585/2529
f 1782/1622/2530 1786/1627/2530 1754/1605/2530
f 1782/1622/2531 1754/1605/2531 1747/1599/2531
f 1787/637/2532 1772/1617/2532 1767/1616/2532
f 1770/619/2533 1789/1628/2533 1788/638/2533
f 1770/619/2534 1788/638/2534 1771/620/2534
f 1765/1614/2535 1790/1629/2535 1761/1611/2535
f 1765/1614/2536 1761/1611/2536 1737/1592/2536
f 1773/622/2537 1791/1630/2537 1789/1628/2537
f 1773/622/2538 1789/1628/2538 1770/619/2538
f 1761/1611/2539 1792/1631/2539 1783/1623/2539
f 1761/1611/2540 1783/1623/2540 1733/579/2540
f 1735/1591/2541 1793/643/2541 1745/593/2541
f 1735/1591/2542 1745/593/2542 1707/1575/2542
f 1777/626/2543 1785/1625/2543 1794/644/2543
f 1729/575/2544 1748/596/2544 1703/549/2544
f 1786/1627/2545 1795/645/2545 1765/1614/2545
f 1786/1627/2546 1765/1614/2546 1754/1605/2546
f 1740/1594/2547 1706/1573/2547 1796/1632/2547
f 1796/1632/2548 1706/1573/2548 1738/1593/2548
f 1745/593/2549 1797/647/2549 1738/1593/2549
f 1745/593/2550 1738/1593/2550 1732/1589/2550
f 1766/1615/2551 1798/648/2551 1781/630/2551
f 1766/1615/2552 1781/630/2552 1746/594/2552
f 1758/1609/2553 1799/649/2553 1764/613/2553
f 1758/1609/2554 1764/613/2554 1728/574/2554
f 1800/1633/2555 1801/651/2555 1767/1616/2555
f 1800/1633/2556 1767/1616/2556 1777/626/2556
f 1720/566/2557 1779/1621/2557 1802/1634/2557
f 1720/566/2558 1802/1634/2558 1734/1590/2558
f 1783/1623/2559 1803/1635/2559 1791/1630/2559
f 1783/1623/2560 1791/1630/2560 1773/622/2560
f 1804/654/2561 1787/637/2561 1767/1616/2561
f 1801/651/2562 1804/654/2562 1767/1616/2562
f 1730/576/2563 1805/1636/2563 1729/575/2563
f 1730/576/2564 1729/575/2564 1695/541/2564
f 1795/645/2565 1806/1637/2565 1790/1629/2565
f 1795/645/2566 1790/1629/2566 1765/1614/2566
f 1790/1629/2567 1807/1638/2567 1792/1631/2567
f 1790/1629/2568 1792/1631/2568 1761/1611/2568
f 1748/596/2569 1808/658/2569 1742/590/2569
f 1808/658/2570 1736/582/2570 1742/590/2570
f 1809/1639/2571 1810/1640/2571 1774/1619/2571
f 1809/1639/2572 1774/1619/2572 1775/1618/2572
f 1808/658/2573 1727/573/2573 1736/582/2573
f 1780/629/2574 1811/1641/2574 1799/649/2574
f 1780/629/2575 1799/649/2575 1758/1609/2575
f 1784/1624/2576 1741/1595/2576 1812/1642/2576
f 1794/644/2577 1813/1643/2577 1777/626/2577
f 1814/1644/2578 1755/1607/2578 1756/1606/2578
f 1792/1631/2579 1815/1645/2579 1803/1635/2579
f 1792/1631/2580 1803/1635/2580 1783/1623/2580
f 1734/1590/2581 1802/1634/2581 1816/1646/2581
f 1734/1590/2582 1816/1646/2582 1753/1604/2582
f 1789/1628/2583 1818/1647/2583 1817/1648/2583
f 1789/1628/2584 1817/1648/2584 1788/638/2584
f 1813/1643/2585 1819/669/2585 1800/1633/2585
f 1813/1643/2586 1800/1633/2586 1777/626/2586
f 1764/613/2587 1820/670/2587 1793/643/2587
f 1764/613/2588 1793/643/2588 1735/1591/2588
f 1791/1630/2589 1821/1649/2589 1818/1647/2589
f 1791/1630/2590 1818/1647/2590 1789/1628/2590
f 1806/1637/2591 1822/1650/2591 1807/1638/2591
f 1806/1637/2592 1807/1638/2592 1790/1629/2592
f 1801/651/2593 1823/673/2593 1804/654/2593
f 1804/654/2594 1824/674/2594 1787/637/2594
f 1729/575/2595 1808/658/2595 1748/596/2595
f 1801/651/2596 1825/675/2596 1823/673/2596
f 1753/1604/2597 1816/1646/2597 1826/1651/2597
f 1753/1604/2598 1826/1651/2598 1766/1615/2598
f 1827/1652/2599 1776/625/2599 1694/1567/2599
f 1740/1594/2600 1796/1632/2600 1828/678/2600
f 1829/1653/2601 1825/675/2601 1801/651/2601
f 1829/1653/2602 1801/651/2602 1800/1633/2602
f 1797/647/2603 1830/680/2603 1796/1632/2603
f 1797/647/2604 1796/1632/2604 1738/1593/2604
f 1794/644/2605 1831/1654/2605 1813/1643/2605
f 1807/1638/2606 1832/1655/2606 1815/1645/2606
f 1807/1638/2607 1815/1645/2607 1792/1631/2607
f 1803/1635/2608 1833/1656/2608 1821/1649/2608
f 1803/1635/2609 1821/1649/2609 1791/1630/2609
f 1793/643/2610 1834/1657/2610 1797/647/2610
f 1793/643/2611 1797/647/2611 1745/593/2611
f 1826/1651/2612 1835/1658/2612 1798/648/2612
f 1826/1651/2613 1798/648/2613 1766/1615/2613
f 1836/1659/2614 1838/1660/2614 1837/1661/2614
f 1838/1660/2615 1836/1659/2615 1839/1662/2615
f 1799/649/2616 1840/690/2616 1820/670/2616
f 1799/649/2617 1820/670/2617 1764/613/2617
f 1822/1650/2618 1841/1663/2618 1832/1655/2618
f 1822/1650/2619 1832/1655/2619 1807/1638/2619
f 1839/1662/2620 1836/1659/2620 1842/1664/2620
f 1843/693/2621 1844/1665/2621 1823/673/2621
f 1843/693/2622 1823/673/2622 1825/675/2622
f 1815/1645/2623 1845/1666/2623 1833/1656/2623
f 1815/1645/2624 1833/1656/2624 1803/1635/2624
f 1755/1607/2625 1847/1667/2625 1846/1668/2625
f 1755/1607/2626 1846/1668/2626 1779/1621/2626
f 1814/1644/2627 1847/1667/2627 1755/1607/2627
f 1848/1669/2628 1836/1659/2628 1837/1661/2628
f 1829/1653/2629 1849/1670/2629 1843/693/2629
f 1829/1653/2630 1843/693/2630 1825/675/2630
f 1729/575/2631 1850/700/2631 1808/658/2631
f 1842/1664/2632 1836/1659/2632 1851/1671/2632
f 1819/669/2633 1829/1653/2633 1800/1633/2633
f 1804/654/2634 1852/1672/2634 1824/674/2634
f 1830/680/2635 1853/703/2635 1828/678/2635
f 1830/680/2636 1828/678/2636 1796/1632/2636
f 1832/1655/2637 1854/1673/2637 1845/1666/2637
f 1832/1655/2638 1845/1666/2638 1815/1645/2638
f 1811/1641/2639 1855/1674/2639 1840/690/2639
f 1811/1641/2640 1840/690/2640 1799/649/2640
f 1831/1654/2641 1857/1675/2641 1856/706/2641
f 1831/1654/2642 1856/706/2642 1813/1643/2642
f 1779/1621/2643 1846/1668/2643 1858/1676/2643
f 1779/1621/2644 1858/1676/2644 1802/1634/2644
f 1851/1671/2645 1836/1659/2645 1859/1677/2645
f 1860/1678/2646 1804/654/2646 1823/673/2646
f 1861/711/2647 1729/575/2647 1805/1636/2647
f 1818/1647/2648 1863/1679/2648 1862/712/2648
f 1818/1647/2649 1862/712/2649 1817/1648/2649
f 2387/1626/2650 2388/1680/2650 1864/1681/2650
f 2387/1626/2651 1864/1681/2651 1752/1603/2651
f 1820/670/2652 1865/716/2652 1834/1657/2652
f 1820/670/2653 1834/1657/2653 1793/643/2653
f 1841/1663/2654 1866/717/2654 1854/1673/2654
f 1841/1663/2655 1854/1673/2655 1832/1655/2655
f 1813/1643/2656 1856/706/2656 1819/669/2656
f 1867/718/2657 1863/1679/2657 1818/1647/2657
f 1867/718/2658 1818/1647/2658 1821/1649/2658
f 1868/719/2659 1847/1667/2659 1814/1644/2659
f 1858/1676/2660 1869/1682/2660 1816/1646/2660
f 1858/1676/2661 1816/1646/2661 1802/1634/2661
f 1870/1683/2662 1836/1659/2662 1848/1669/2662
f 1871/1684/2663 1867/718/2663 1821/1649/2663
f 1871/1684/2664 1821/1649/2664 1833/1656/2664
f 1834/1657/2665 1872/723/2665 1830/680/2665
f 1834/1657/2666 1830/680/2666 1797/647/2666
f 1859/1677/2667 1836/1659/2667 1873/1685/2667
f 1860/1678/2668 1852/1672/2668 1804/654/2668
f 1869/1682/2669 1874/725/2669 1826/1651/2669
f 1869/1682/2670 1826/1651/2670 1816/1646/2670
f 1875/1686/2671 1871/1684/2671 1833/1656/2671
f 1875/1686/2672 1833/1656/2672 1845/1666/2672
f 1876/727/2673 1878/1687/2673 1877/728/2673
f 1844/1665/2674 1879/730/2674 1860/1678/2674
f 1844/1665/2675 1860/1678/2675 1823/673/2675
f 1874/725/2676 1880/1688/2676 1835/1658/2676
f 1874/725/2677 1835/1658/2677 1826/1651/2677
f 1881/1689/2678 1875/1686/2678 1845/1666/2678
f 1881/1689/2679 1845/1666/2679 1854/1673/2679
f 1819/669/2680 1882/1690/2680 1829/1653/2680
f 1873/1685/2681 1836/1659/2681 1883/734/2681
f 1829/1653/2682 1882/1690/2682 1849/1670/2682
f 1884/735/2683 1865/716/2683 1820/670/2683
f 1884/735/2684 1820/670/2684 1840/690/2684
f 1885/1691/2685 1876/727/2685 1877/728/2685
f 1886/1692/2686 1881/1689/2686 1854/1673/2686
f 1886/1692/2687 1854/1673/2687 1866/717/2687
f 1864/1681/2688 1888/739/2688 1887/738/2688
f 1864/1681/2689 1887/738/2689 1752/1603/2689
f 1889/1693/2690 1836/1659/2690 1870/1683/2690
f 1868/719/2691 1890/1694/2691 1847/1667/2691
f 1891/742/2692 1884/735/2692 1840/690/2692
f 1891/742/2693 1840/690/2693 1855/1674/2693
f 1890/1694/2694 1868/719/2694 1892/1695/2694
f 1893/1696/2695 1894/1697/2695 1856/706/2695
f 1893/1696/2696 1856/706/2696 1857/1675/2696
f 1865/716/2697 1895/1698/2697 1872/723/2697
f 1865/716/2698 1872/723/2698 1834/1657/2698
f 1883/734/2699 1836/1659/2699 1896/1699/2699
f 1872/723/2700 1897/748/2700 1853/703/2700
f 1872/723/2701 1853/703/2701 1830/680/2701
f 1863/1679/2702 1899/1700/2702 1898/749/2702
f 1863/1679/2703 1898/749/2703 1862/712/2703
f 1819/669/2704 1856/706/2704 1894/1697/2704
f 1900/1701/2705 1899/1700/2705 1863/1679/2705
f 1900/1701/2706 1863/1679/2706 1867/718/2706
f 1860/1678/2707 1901/1702/2707 1852/1672/2707
f 1902/1703/2708 1900/1701/2708 1867/718/2708
f 1902/1703/2709 1867/718/2709 1871/1684/2709
f 1903/1704/2710 1902/1703/2710 1871/1684/2710
f 1903/1704/2711 1871/1684/2711 1875/1686/2711
f 1904/755/2712 1903/1704/2712 1875/1686/2712
f 1904/755/2713 1875/1686/2713 1881/1689/2713
f 1905/756/2714 1907/1705/2714 1906/757/2714
f 1905/756/2715 1906/757/2715 1892/1695/2715
f 1908/1706/2716 1909/760/2716 1846/1668/2716
f 1908/1706/2717 1846/1668/2717 1847/1667/2717
f 1910/761/2718 1904/755/2718 1881/1689/2718
f 1910/761/2719 1881/1689/2719 1886/1692/2719
f 1896/1699/2720 1836/1659/2720 1911/1707/2720
f 1887/738/2721 1912/763/2721 1885/1691/2721
f 1887/738/2722 1885/1691/2722 1752/1603/2722
f 1890/1694/2723 1908/1706/2723 1847/1667/2723
f 1913/764/2724 1895/1698/2724 1865/716/2724
f 1913/764/2725 1865/716/2725 1884/735/2725
f 1914/1708/2726 1836/1659/2726 1889/1693/2726
f 1819/669/2727 1915/766/2727 1882/1690/2727
f 1916/767/2728 1917/1709/2728 1858/1676/2728
f 1916/767/2729 1858/1676/2729 1846/1668/2729
f 1918/769/2730 1901/1702/2730 1860/1678/2730
f 1919/1710/2731 1920/1711/2731 1880/1688/2731
f 1919/1710/2732 1880/1688/2732 1874/725/2732
f 1911/1707/2733 1836/1659/2733 1921/1712/2733
f 1922/1713/2734 1913/764/2734 1884/735/2734
f 1922/1713/2735 1884/735/2735 1891/742/2735
f 1923/774/2736 1919/1710/2736 1874/725/2736
f 1923/774/2737 1874/725/2737 1869/1682/2737
f 1917/1709/2738 1923/774/2738 1869/1682/2738
f 1917/1709/2739 1869/1682/2739 1858/1676/2739
f 1894/1697/2740 1915/766/2740 1819/669/2740
f 1872/723/2741 1895/1698/2741 1924/775/2741
f 1872/723/2742 1924/775/2742 1897/748/2742
f 1904/755/2743 1910/761/2743 1925/776/2743
f 1926/1714/2744 1927/1715/2744 1898/749/2744
f 1926/1714/2745 1898/749/2745 1899/1700/2745
f 1879/730/2746 1928/779/2746 1918/769/2746
f 1879/730/2747 1918/769/2747 1860/1678/2747
f 1890/1694/2748 1906/757/2748 1908/1706/2748
f 1893/1696/2749 1929/1716/2749 1894/1697/2749
f 1903/1704/2750 1904/755/2750 1930/1717/2750
f 1921/1712/2751 1836/1659/2751 1931/1718/2751
f 1932/1719/2752 1926/1714/2752 1899/1700/2752
f 1932/1719/2753 1899/1700/2753 1900/1701/2753
f 1911/1707/2754 1921/1712/2754 1933/1720/2754
f 1934/785/2755 1935/1721/2755 1902/1703/2755
f 1934/785/2756 1902/1703/2756 1903/1704/2756
f 1936/787/2757 2389/789/2757 2390/788/2757
f 1935/1721/2758 1932/1719/2758 1900/1701/2758
f 1935/1721/2759 1900/1701/2759 1902/1703/2759
f 1937/1722/2760 1836/1659/2760 1914/1708/2760
f 1938/1723/2761 1924/775/2761 1895/1698/2761
f 1938/1723/2762 1895/1698/2762 1913/764/2762
f 1904/755/2763 1925/776/2763 1930/1717/2763
f 1353/190/2764 1941/1724/2764 1940/793/2764
f 1353/190/2765 1940/793/2765 1939/1725/2765
f 1846/1668/2766 1909/760/2766 1916/767/2766
f 1942/795/2767 1938/1723/2767 1913/764/2767
f 1942/795/2768 1913/764/2768 1922/1713/2768
f 1943/796/2769 1946/1726/2769 1945/1727/2769
f 1943/796/2770 1945/1727/2770 1944/1728/2770
f 1931/1718/2771 1836/1659/2771 1947/1729/2771
f 1934/785/2772 1903/1704/2772 1930/1717/2772
f 1948/1730/2773 1894/1697/2773 1929/1716/2773
f 1933/1720/2774 1921/1712/2774 1931/1718/2774
f 1936/787/2775 2391/802/2775 2389/789/2775
f 1949/1731/2776 1950/1732/2776 1927/1715/2776
f 1949/1731/2777 1927/1715/2777 1926/1714/2777
f 1948/1730/2778 1915/766/2778 1894/1697/2778
f 1951/1733/2779 1836/1659/2779 1937/1722/2779
f 1947/1729/2780 1836/1659/2780 1952/1734/2780
f 1925/776/2781 1953/1735/2781 1930/1717/2781
f 1954/1736/2782 1955/1737/2782 1920/1711/2782
f 1954/1736/2783 1920/1711/2783 1919/1710/2783
f 1956/1738/2784 1907/1705/2784 1905/756/2784
f 1956/1738/2785 1905/756/2785 1957/1739/2785
f 1925/776/2786 1958/812/2786 1953/1735/2786
f 1959/1740/2787 1962/816/2787 1961/1741/2787
f 1959/1740/2788 1961/1741/2788 1960/814/2788
f 1963/1742/2789 1964/1743/2789 1946/1726/2789
f 1963/1742/2790 1946/1726/2790 1943/796/2790
f 1946/1726/2791 1966/1744/2791 1965/1745/2791
f 1946/1726/2792 1965/1745/2792 1945/1727/2792
f 1967/821/2793 1949/1731/2793 1926/1714/2793
f 1967/821/2794 1926/1714/2794 1932/1719/2794
f 1968/1746/2795 1836/1659/2795 1951/1733/2795
f 1952/1734/2796 1836/1659/2796 1969/1747/2796
f 1948/1730/2797 1970/824/2797 1915/766/2797
f 1971/1748/2798 1954/1736/2798 1919/1710/2798
f 1971/1748/2799 1919/1710/2799 1923/774/2799
f 1949/1731/2800 1973/1749/2800 1972/1750/2800
f 1949/1731/2801 1972/1750/2801 1950/1732/2801
f 1969/1747/2802 1836/1659/2802 1968/1746/2802
f 1930/1717/2803 1953/1735/2803 1974/828/2803
f 1930/1717/2804 1974/828/2804 1934/785/2804
f 1885/1691/2805 1912/763/2805 1975/829/2805
f 1976/1751/2806 1967/821/2806 1932/1719/2806
f 1976/1751/2807 1932/1719/2807 1935/1721/2807
f 1977/1752/2808 1971/1748/2808 1923/774/2808
f 1977/1752/2809 1923/774/2809 1917/1709/2809
f 1958/812/2810 1978/1753/2810 1953/1735/2810
f 1979/833/2811 1976/1751/2811 1935/1721/2811
f 1979/833/2812 1935/1721/2812 1934/785/2812
f 2392/834/2813 2391/802/2813 1936/787/2813
f 1958/812/2814 1980/1754/2814 1978/1753/2814
f 1981/836/2815 1959/1740/2815 1960/814/2815
f 1981/836/2816 1960/814/2816 1982/1755/2816
f 1983/1756/2817 1973/1749/2817 1949/1731/2817
f 1983/1756/2818 1949/1731/2818 1967/821/2818
f 1984/1757/2819 1985/840/2819 1916/767/2819
f 1984/1757/2820 1916/767/2820 1909/760/2820
f 1985/840/2821 1977/1752/2821 1917/1709/2821
f 1985/840/2822 1917/1709/2822 1916/767/2822
f 1974/828/2823 1986/841/2823 1979/833/2823
f 1974/828/2824 1979/833/2824 1934/785/2824
f 1966/1744/2825 1988/1758/2825 1987/842/2825
f 1966/1744/2826 1987/842/2826 1965/1745/2826
f 1946/1726/2827 1964/1743/2827 1989/844/2827
f 1946/1726/2828 1989/844/2828 1966/1744/2828
f 1959/1740/2829 1991/1759/2829 1990/1760/2829
f 1959/1740/2830 1990/1760/2830 1962/816/2830
f 1992/1761/2831 1993/1762/2831 1955/1737/2831
f 1992/1761/2832 1955/1737/2832 1954/1736/2832
f 1953/1735/2833 1978/1753/2833 1994/849/2833
f 1953/1735/2834 1994/849/2834 1974/828/2834
f 1995/850/2835 1983/1756/2835 1967/821/2835
f 1995/850/2836 1967/821/2836 1976/1751/2836
f 1980/1754/2837 1997/852/2837 1996/1763/2837
f 1980/1754/2838 1996/1763/2838 1978/1753/2838
f 1998/1764/2839 1999/854/2839 1981/836/2839
f 1998/1764/2840 1981/836/2840 1982/1755/2840
f 1971/1748/2841 2000/1765/2841 1992/1761/2841
f 1971/1748/2842 1992/1761/2842 1954/1736/2842
f 1979/833/2843 2001/856/2843 1995/850/2843
f 1979/833/2844 1995/850/2844 1976/1751/2844
f 1989/844/2845 2002/857/2845 1988/1758/2845
f 1989/844/2846 1988/1758/2846 1966/1744/2846
f 2003/1766/2847 1956/1738/2847 1957/1739/2847
f 2003/1766/2848 1957/1739/2848 2004/1767/2848
f 1907/1705/2849 1956/1738/2849 2005/1768/2849
f 1994/849/2850 2006/861/2850 1986/841/2850
f 1994/849/2851 1986/841/2851 1974/828/2851
f 2007/1769/2852 2008/1770/2852 1996/1763/2852
f 2007/1769/2853 1996/1763/2853 1997/852/2853
f 1993/1762/2854 1992/1761/2854 2010/1771/2854
f 1993/1762/2855 2010/1771/2855 2009/1772/2855
f 1963/1742/2856 2012/867/2856 2011/1773/2856
f 1963/1742/2857 2011/1773/2857 1964/1743/2857
f 1978/1753/2858 1996/1763/2858 2013/1774/2858
f 1978/1753/2859 2013/1774/2859 1994/849/2859
f 1986/841/2860 2014/1775/2860 2001/856/2860
f 1986/841/2861 2001/856/2861 1979/833/2861
f 2009/1772/2862 2010/1771/2862 2008/1770/2862
f 2009/1772/2863 2008/1770/2863 2007/1769/2863
f 1981/836/2864 2015/1776/2864 1991/1759/2864
f 1981/836/2865 1991/1759/2865 1959/1740/2865
f 1988/1758/2866 2016/871/2866 1987/842/2866
f 1977/1752/2867 2017/872/2867 2000/1765/2867
f 1977/1752/2868 2000/1765/2868 1971/1748/2868
f 2018/1777/2869 2019/1778/2869 1985/840/2869
f 2018/1777/2870 1985/840/2870 1984/1757/2870
f 1999/854/2871 1998/1764/2871 2020/875/2871
f 2008/1770/2872 2021/1779/2872 2013/1774/2872
f 2008/1770/2873 2013/1774/2873 1996/1763/2873
f 1988/1758/2874 2002/857/2874 2016/871/2874
f 1964/1743/2875 2011/1773/2875 2022/1780/2875
f 1964/1743/2876 2022/1780/2876 1989/844/2876
f 2006/861/2877 2023/1781/2877 2014/1775/2877
f 2006/861/2878 2014/1775/2878 1986/841/2878
f 2000/1765/2879 2024/1782/2879 2010/1771/2879
f 2000/1765/2880 2010/1771/2880 1992/1761/2880
f 1991/1759/2881 2026/881/2881 2025/1783/2881
f 1991/1759/2882 2025/1783/2882 1990/1760/2882
f 1956/1738/2883 2019/1778/2883 2005/1768/2883
f 1999/854/2884 2027/1784/2884 2015/1776/2884
f 1999/854/2885 2015/1776/2885 1981/836/2885
f 1994/849/2886 2013/1774/2886 2028/1785/2886
f 1994/849/2887 2028/1785/2887 2006/861/2887
f 2010/1771/2888 2024/1782/2888 2021/1779/2888
f 2010/1771/2889 2021/1779/2889 2008/1770/2889
f 2022/1780/2890 2029/884/2890 2002/857/2890
f 2022/1780/2891 2002/857/2891 1989/844/2891
f 2030/1786/2892 2017/872/2892 1977/1752/2892
f 2030/1786/2893 1977/1752/2893 1985/840/2893
f 2019/1778/2894 2018/1777/2894 2005/1768/2894
f 2031/886/2895 2011/1773/2895 2012/867/2895
f 2031/886/2896 2012/867/2896 2032/887/2896
f 2002/857/2897 2029/884/2897 2016/871/2897
f 2027/1784/2898 1999/854/2898 2020/875/2898
f 2003/1766/2899 2034/1787/2899 2033/1788/2899
f 2003/1766/2900 2033/1788/2900 1956/1738/2900
f 2033/1788/2901 2035/1789/2901 2019/1778/2901
f 2033/1788/2902 2019/1778/2902 1956/1738/2902
f 2036/1790/2903 2016/871/2903 2029/884/2903
f 2027/1784/2904 2020/875/2904 2037/892/2904
f 2019/1778/2905 2030/1786/2905 1985/840/2905
f 2038/1791/2906 2028/1785/2906 2013/1774/2906
f 2038/1791/2907 2013/1774/2907 2021/1779/2907
f 2015/1776/2908 2039/894/2908 2026/881/2908
f 2015/1776/2909 2026/881/2909 1991/1759/2909
f 2006/861/2910 2028/1785/2910 2040/1792/2910
f 2006/861/2911 2040/1792/2911 2023/1781/2911
f 2022/1780/2912 2041/896/2912 2036/1790/2912
f 2022/1780/2913 2036/1790/2913 2029/884/2913
f 2037/892/2914 2039/894/2914 2015/1776/2914
f 2037/892/2915 2015/1776/2915 2027/1784/2915
f 2011/1773/2916 2031/886/2916 2041/896/2916
f 2011/1773/2917 2041/896/2917 2022/1780/2917
f 2017/872/2918 2042/1793/2918 2024/1782/2918
f 2017/872/2919 2024/1782/2919 2000/1765/2919
f 2042/1793/2920 2038/1791/2920 2021/1779/2920
f 2042/1793/2921 2021/1779/2921 2024/1782/2921
f 2043/898/2922 2030/1786/2922 2019/1778/2922
f 2043/898/2923 2019/1778/2923 2035/1789/2923
f 2044/1794/2924 2040/1792/2924 2028/1785/2924
f 2044/1794/2925 2028/1785/2925 2038/1791/2925
f 2045/1795/2926 2408/1796/2926 2406/1797/2926
f 2042/1793/2927 2047/1798/2927 2046/1799/2927
f 2042/1793/2928 2046/1799/2928 2038/1791/2928
f 2048/905/2929 2045/1795/2929 2406/1797/2929
f 2048/905/2930 2406/1797/2930 2407/1800/2930
f 2049/1801/2931 2050/1802/2931 2017/872/2931
f 2049/1801/2932 2017/872/2932 2030/1786/2932
f 2017/872/2933 2050/1802/2933 2047/1798/2933
f 2017/872/2934 2047/1798/2934 2042/1793/2934
f 2044/1794/2935 2038/1791/2935 2046/1799/2935
f 2051/1803/2936 2409/910/2936 2408/1796/2936
f 2043/898/2937 2053/1804/2937 2052/911/2937
f 2043/898/2938 2052/911/2938 2030/1786/2938
f 1445/1402/2939 2055/1805/2939 2054/1806/2939
f 1445/1402/2940 2054/1806/2940 1444/1403/2940
f 2045/1795/2941 2051/1803/2941 2408/1796/2941
f 2052/911/2942 2056/915/2942 2049/1801/2942
f 2052/911/2943 2049/1801/2943 2030/1786/2943
f 2410/916/2944 2411/918/2944 2057/917/2944
f 2057/917/2945 2411/918/2945 2412/1807/2945
f 2058/1808/2946 2415/1809/2946 2409/910/2946
f 2059/922/2947 2060/1810/2947 2047/1798/2947
f 2059/922/2948 2047/1798/2948 2050/1802/2948
f 2058/1808/2949 2409/910/2949 2051/1803/2949
f 2057/917/2950 2412/1807/2950 2418/1811/2950
f 2061/1812/2951 2045/1795/2951 2048/905/2951
f 2045/1795/2952 2061/1812/2952 2051/1803/2952
f 2413/1813/2953 2062/1814/2953 2414/1815/2953
f 2062/1814/2954 2413/1813/2954 2416/929/2954
f 2414/1815/2955 2062/1814/2955 2417/930/2955
f 2051/1803/2956 2061/1812/2956 2058/1808/2956
f 1409/1382/2957 1408/246/2957 2063/931/2957
f 1196/1228/2958 2064/1816/2958 1200/1233/2958
f 1196/1228/2959 1200/1233/2959 1195/1229/2959
f 1176/1217/2960 2066/934/2960 2065/933/2960
f 1176/1217/2961 2065/933/2961 1175/1216/2961
f 1172/1215/2962 2067/1817/2962 2351/1818/2962
f 1172/1215/2963 2351/1818/2963 2352/1212/2963
f 2068/1819/2964 2070/939/2964 2069/1820/2964
f 2068/1819/2965 2069/1820/2965 2071/1821/2965
f 1190/1226/2966 2072/1822/2966 1172/1215/2966
f 1190/1226/2967 1172/1215/2967 1173/1214/2967
f 1175/1216/2968 2065/933/2968 2073/942/2968
f 1175/1216/2969 2073/942/2969 1187/1222/2969
f 2074/1823/2970 2075/1824/2970 2071/1821/2970
f 2074/1823/2971 2071/1821/2971 2069/1820/2971
f 1169/1210/2972 1170/1211/2972 2076/1825/2972
f 2077/1826/2973 2074/1823/2973 2069/1820/2973
f 2077/1826/2974 2069/1820/2974 2070/939/2974
f 2078/947/2975 2081/1827/2975 2080/949/2975
f 2078/947/2976 2080/949/2976 2079/1828/2976
f 1183/16/2977 2082/1829/2977 1199/32/2977
f 1183/16/2978 1199/32/2978 1186/1220/2978
f 2071/1821/2979 2083/952/2979 2068/1819/2979
f 2084/1830/2980 1196/1228/2980 1193/1227/2980
f 2085/1831/2981 2070/939/2981 2068/1819/2981
f 1169/1210/2982 2076/1825/2982 2086/1832/2982
f 1189/22/2983 2087/1833/2983 1183/16/2983
f 1189/22/2984 1183/16/2984 1184/17/2984
f 2088/1834/2985 2074/1823/2985 2077/1826/2985
f 2089/958/2986 2077/1826/2986 2070/939/2986
f 2088/1834/2987 2090/1835/2987 2074/1823/2987
f 2074/1823/2988 2091/1836/2988 2075/1824/2988
f 2092/1837/2989 2094/963/2989 2093/1838/2989
f 2095/964/2990 2097/966/2990 2096/965/2990
f 2074/1823/2991 2090/1835/2991 2091/1836/2991
f 2097/966/2992 2099/968/2992 2098/967/2992
f 2097/966/2993 2098/967/2993 2096/965/2993
f 2075/1824/2994 2100/969/2994 2071/1821/2994
f 1199/32/2995 2101/1839/2995 1182/15/2995
f 1199/32/2996 1182/15/2996 1179/12/2996
f 2085/1831/2997 2089/958/2997 2070/939/2997
f 2089/958/2998 2088/1834/2998 2077/1826/2998
f 2351/1818/2999 2067/1817/2999 2363/1840/2999
f 2073/942/3000 2102/1841/3000 1189/22/3000
f 2073/942/3001 1189/22/3001 1187/1222/3001
f 2103/973/3002 2105/975/3002 2104/1842/3002
f 2095/964/3003 2106/976/3003 2097/966/3003
f 2107/977/3004 2109/1843/3004 2104/1842/3004
f 2107/977/3005 2104/1842/3005 2108/1844/3005
f 2100/969/3006 2083/952/3006 2071/1821/3006
f 2096/965/3007 2110/1845/3007 2095/964/3007
f 2065/933/3008 2066/934/3008 2112/982/3008
f 2065/933/3009 2112/982/3009 2111/981/3009
f 2098/967/3010 2110/1845/3010 2096/965/3010
f 2113/983/3011 2098/967/3011 2099/968/3011
f 2108/1844/3012 2115/1846/3012 2114/1847/3012
f 2108/1844/3013 2114/1847/3013 2107/977/3013
f 2116/1848/3014 2098/967/3014 2113/983/3014
f 2075/1824/3015 2091/1836/3015 2100/969/3015
f 2117/1849/3016 2073/942/3016 2065/933/3016
f 2117/1849/3017 2065/933/3017 2111/981/3017
f 2104/1842/3018 2109/1843/3018 2118/1850/3018
f 2104/1842/3019 2118/1850/3019 2103/973/3019
f 2064/1816/3020 1196/1228/3020 2119/1851/3020
f 2079/1828/3021 2080/949/3021 2121/1852/3021
f 2079/1828/3022 2121/1852/3022 2120/1853/3022
f 2103/973/3023 2118/1850/3023 2111/981/3023
f 2111/981/3024 2112/982/3024 2122/1854/3024
f 2111/981/3025 2122/1854/3025 2103/973/3025
f 2113/983/3026 2099/968/3026 2123/1855/3026
f 2097/966/3027 2106/976/3027 2124/994/3027
f 2097/966/3028 2124/994/3028 2099/968/3028
f 2084/1830/3029 2119/1851/3029 1196/1228/3029
f 2072/1822/3030 2125/1856/3030 2067/1817/3030
f 2072/1822/3031 2067/1817/3031 1172/1215/3031
f 2103/973/3032 2122/1854/3032 2126/996/3032
f 2103/973/3033 2126/996/3033 2105/975/3033
f 2127/1857/3034 2110/1845/3034 2098/967/3034
f 2127/1857/3035 2098/967/3035 2116/1848/3035
f 2092/1837/3036 2128/998/3036 2094/963/3036
f 1182/15/3037 2130/1858/3037 2129/999/3037
f 1182/15/3038 2129/999/3038 1181/1218/3038
f 2085/1831/3039 2131/1001/3039 2089/958/3039
f 2132/1002/3040 2133/1859/3040 2114/1847/3040
f 2132/1002/3041 2114/1847/3041 2115/1846/3041
f 2118/1850/3042 2117/1849/3042 2111/981/3042
f 2126/996/3043 2134/1860/3043 2105/975/3043
f 2099/968/3044 2135/1861/3044 2123/1855/3044
f 2136/1862/3045 2106/976/3045 2095/964/3045
f 2137/1863/3046 2139/1864/3046 2138/1865/3046
f 2100/969/3047 2140/1866/3047 2083/952/3047
f 2128/998/3048 2141/1011/3048 2094/963/3048
f 2142/1867/3049 2364/1868/3049 2363/1840/3049
f 2099/968/3050 2124/994/3050 2135/1861/3050
f 2092/1837/3051 2143/1014/3051 2128/998/3051
f 2120/1853/3052 2121/1852/3052 2145/1016/3052
f 2120/1853/3053 2145/1016/3053 2144/1869/3053
f 2146/1870/3054 2147/1871/3054 2119/1851/3054
f 2146/1870/3055 2119/1851/3055 2084/1830/3055
f 2067/1817/3056 2142/1867/3056 2363/1840/3056
f 2142/1867/3057 2148/1872/3057 2364/1868/3057
f 2081/1827/3058 2150/1021/3058 2149/1873/3058
f 2081/1827/3059 2149/1873/3059 2080/949/3059
f 2064/1816/3060 2119/1851/3060 2151/1874/3060
f 2136/1862/3061 2124/994/3061 2106/976/3061
f 2152/1875/3062 2153/1876/3062 2139/1864/3062
f 2152/1875/3063 2139/1864/3063 2137/1863/3063
f 2154/1877/3064 2156/1028/3064 2132/1002/3064
f 2154/1877/3065 2132/1002/3065 2155/1878/3065
f 2157/1879/3066 2134/1860/3066 2126/996/3066
f 2156/1028/3067 2133/1859/3067 2132/1002/3067
f 2144/1869/3068 2145/1016/3068 2160/1032/3068
f 2144/1869/3069 2160/1032/3069 2159/1031/3069
f 2117/1849/3070 2161/1880/3070 2102/1841/3070
f 2117/1849/3071 2102/1841/3071 2073/942/3071
f 2162/1881/3072 2163/1035/3072 2118/1850/3072
f 2162/1881/3073 2118/1850/3073 2109/1843/3073
f 2087/1833/3074 2164/1036/3074 2082/1829/3074
f 2087/1833/3075 2082/1829/3075 1183/16/3075
f 2125/1856/3076 2165/1882/3076 2142/1867/3076
f 2125/1856/3077 2142/1867/3077 2067/1817/3077
f 2163/1035/3078 2161/1880/3078 2117/1849/3078
f 2163/1035/3079 2117/1849/3079 2118/1850/3079
f 2102/1841/3080 2166/1883/3080 2087/1833/3080
f 2102/1841/3081 2087/1833/3081 1189/22/3081
f 2167/1039/3082 2168/1040/3082 2162/1881/3082
f 2167/1039/3083 2162/1881/3083 2109/1843/3083
f 2135/1861/3084 2124/994/3084 2169/1884/3084
f 2170/1885/3085 2171/1886/3085 2125/1856/3085
f 2170/1885/3086 2125/1856/3086 2072/1822/3086
f 2158/1030/3087 2154/1877/3087 2155/1878/3087
f 2082/1829/3088 2173/1044/3088 2101/1839/3088
f 2082/1829/3089 2101/1839/3089 1199/32/3089
f 2159/1031/3090 2160/1032/3090 2175/1887/3090
f 2159/1031/3091 2175/1887/3091 2174/1888/3091
f 2136/1862/3092 2176/1889/3092 2169/1884/3092
f 2136/1862/3093 2169/1884/3093 2124/994/3093
f 2129/999/3094 2130/1858/3094 2177/1048/3094
f 2101/1839/3095 2178/1890/3095 2130/1858/3095
f 2101/1839/3096 2130/1858/3096 1182/15/3096
f 2156/1028/3097 2180/1891/3097 2179/1892/3097
f 2156/1028/3098 2179/1892/3098 2133/1859/3098
f 2181/1052/3099 2121/1852/3099 2080/949/3099
f 2119/1851/3100 2147/1871/3100 2151/1874/3100
f 2182/1893/3101 2168/1040/3101 2167/1039/3101
f 2182/1893/3102 2167/1039/3102 2183/1894/3102
f 2184/1055/3103 2177/1048/3103 2130/1858/3103
f 2080/949/3104 2149/1873/3104 2181/1052/3104
f 2185/1895/3105 2186/1896/3105 2171/1886/3105
f 2185/1895/3106 2171/1886/3106 2170/1885/3106
f 2151/1874/3107 2147/1871/3107 2186/1896/3107
f 2151/1874/3108 2186/1896/3108 2185/1895/3108
f 2142/1867/3109 2188/1897/3109 2187/1898/3109
f 2142/1867/3110 2187/1898/3110 2148/1872/3110
f 2189/1060/3111 2191/1062/3111 2190/1899/3111
f 2174/1888/3112 2175/1887/3112 2193/1900/3112
f 2174/1888/3113 2193/1900/3113 2192/1901/3113
f 2149/1873/3114 2150/1021/3114 2184/1055/3114
f 2183/1894/3115 2179/1892/3115 2194/1065/3115
f 2183/1894/3116 2194/1065/3116 2182/1893/3116
f 2191/1062/3117 2189/1060/3117 2195/1902/3117
f 2130/1858/3118 2178/1890/3118 2184/1055/3118
f 2196/1903/3119 2197/1904/3119 2191/1062/3119
f 2196/1903/3120 2191/1062/3120 2195/1902/3120
f 2198/1905/3121 2200/1071/3121 2199/1906/3121
f 2189/1060/3122 2190/1899/3122 2201/1907/3122
f 2125/1856/3123 2171/1886/3123 2165/1882/3123
f 2184/1055/3124 2178/1890/3124 2149/1873/3124
f 2121/1852/3125 2203/1908/3125 2202/1073/3125
f 2121/1852/3126 2202/1073/3126 2145/1016/3126
f 2190/1899/3127 2204/1909/3127 2201/1907/3127
f 2146/1870/3128 2206/1910/3128 2205/1911/3128
f 2146/1870/3129 2205/1911/3129 2147/1871/3129
f 2192/1901/3130 2193/1900/3130 2208/1079/3130
f 2192/1901/3131 2208/1079/3131 2207/1912/3131
f 2161/1880/3132 2209/1080/3132 2166/1883/3132
f 2161/1880/3133 2166/1883/3133 2102/1841/3133
f 2210/1913/3134 2195/1902/3134 2189/1060/3134
f 2181/1052/3135 2203/1908/3135 2121/1852/3135
f 2180/1891/3136 2194/1065/3136 2179/1892/3136
f 2211/1914/3137 2212/1915/3137 2163/1035/3137
f 2211/1914/3138 2163/1035/3138 2162/1881/3138
f 2189/1060/3139 2201/1907/3139 2210/1913/3139
f 2213/1916/3140 2197/1904/3140 2196/1903/3140
f 2173/1044/3141 2214/1917/3141 2178/1890/3141
f 2173/1044/3142 2178/1890/3142 2101/1839/3142
f 2145/1016/3143 2202/1073/3143 2215/1086/3143
f 2145/1016/3144 2215/1086/3144 2160/1032/3144
f 2166/1883/3145 2216/1087/3145 2164/1036/3145
f 2166/1883/3146 2164/1036/3146 2087/1833/3146
f 2198/1905/3147 2217/1088/3147 2200/1071/3147
f 2195/1902/3148 2218/1918/3148 2196/1903/3148
f 2147/1871/3149 2205/1911/3149 2219/1919/3149
f 2147/1871/3150 2219/1919/3150 2186/1896/3150
f 2186/1896/3151 2219/1919/3151 2171/1886/3151
f 2178/1890/3152 2214/1917/3152 2149/1873/3152
f 2164/1036/3153 2220/1091/3153 2173/1044/3153
f 2164/1036/3154 2173/1044/3154 2082/1829/3154
f 2210/1913/3155 2221/1920/3155 2195/1902/3155
f 2222/1093/3156 2224/1921/3156 2223/1094/3156
f 2213/1916/3157 2196/1903/3157 2218/1918/3157
f 2149/1873/3158 2214/1917/3158 2225/1922/3158
f 2149/1873/3159 2225/1922/3159 2181/1052/3159
f 2212/1915/3160 2209/1080/3160 2161/1880/3160
f 2212/1915/3161 2161/1880/3161 2163/1035/3161
f 2195/1902/3162 2221/1920/3162 2218/1918/3162
f 2180/1891/3163 2227/1098/3163 2226/1097/3163
f 2180/1891/3164 2226/1097/3164 2194/1065/3164
f 2160/1032/3165 2215/1086/3165 2228/1099/3165
f 2160/1032/3166 2228/1099/3166 2175/1887/3166
f 2229/1100/3167 2231/1923/3167 2199/1906/3167
f 2229/1100/3168 2199/1906/3168 2230/1924/3168
f 2219/1919/3169 2165/1882/3169 2171/1886/3169
f 2232/1103/3170 2222/1093/3170 2233/1925/3170
f 2231/1923/3171 2198/1905/3171 2199/1906/3171
f 2165/1882/3172 2234/1926/3172 2188/1897/3172
f 2165/1882/3173 2188/1897/3173 2142/1867/3173
f 2181/1052/3174 2225/1922/3174 2235/1927/3174
f 2181/1052/3175 2235/1927/3175 2203/1908/3175
f 2222/1093/3176 2223/1094/3176 2233/1925/3176
f 2236/1928/3177 2221/1920/3177 2210/1913/3177
f 2220/1091/3178 2225/1922/3178 2214/1917/3178
f 2220/1091/3179 2214/1917/3179 2173/1044/3179
f 2218/1918/3180 2237/1108/3180 2213/1916/3180
f 2235/1927/3181 2238/1109/3181 2202/1073/3181
f 2235/1927/3182 2202/1073/3182 2203/1908/3182
f 2175/1887/3183 2228/1099/3183 2239/1110/3183
f 2175/1887/3184 2239/1110/3184 2193/1900/3184
f 2240/1929/3185 2218/1918/3185 2221/1920/3185
f 2241/1112/3186 2242/1113/3186 2229/1100/3186
f 2241/1112/3187 2229/1100/3187 2230/1924/3187
f 2243/1930/3188 2212/1915/3188 2211/1914/3188
f 2209/1080/3189 2244/1931/3189 2216/1087/3189
f 2209/1080/3190 2216/1087/3190 2166/1883/3190
f 2193/1900/3191 2239/1110/3191 2245/1932/3191
f 2193/1900/3192 2245/1932/3192 2208/1079/3192
f 2236/1928/3193 2240/1929/3193 2221/1920/3193
f 2220/1091/3194 2246/1933/3194 2235/1927/3194
f 2220/1091/3195 2235/1927/3195 2225/1922/3195
f 2247/1118/3196 2248/1934/3196 2226/1097/3196
f 2247/1118/3197 2226/1097/3197 2227/1098/3197
f 2240/1929/3198 2237/1108/3198 2218/1918/3198
f 2164/1036/3199 2216/1087/3199 2246/1933/3199
f 2164/1036/3200 2246/1933/3200 2220/1091/3200
f 2202/1073/3201 2238/1109/3201 2249/1935/3201
f 2202/1073/3202 2249/1935/3202 2215/1086/3202
f 2223/1094/3203 2250/1936/3203 2233/1925/3203
f 2188/1897/3204 2252/1937/3204 2251/1938/3204
f 2188/1897/3205 2251/1938/3205 2187/1898/3205
f 2219/1919/3206 2253/1124/3206 2234/1926/3206
f 2219/1919/3207 2234/1926/3207 2165/1882/3207
f 2243/1930/3208 2254/1125/3208 2212/1915/3208
f 2255/1939/3209 2244/1931/3209 2209/1080/3209
f 2255/1939/3210 2209/1080/3210 2212/1915/3210
f 2215/1086/3211 2249/1935/3211 2256/1940/3211
f 2215/1086/3212 2256/1940/3212 2228/1099/3212
f 2246/1933/3213 2257/1941/3213 2238/1109/3213
f 2246/1933/3214 2238/1109/3214 2235/1927/3214
f 2206/1910/3215 2259/1942/3215 2258/1943/3215
f 2206/1910/3216 2258/1943/3216 2205/1911/3216
f 2205/1911/3217 2258/1943/3217 2253/1124/3217
f 2205/1911/3218 2253/1124/3218 2219/1919/3218
f 2216/1087/3219 2244/1931/3219 2257/1941/3219
f 2216/1087/3220 2257/1941/3220 2246/1933/3220
f 2254/1125/3221 2243/1930/3221 2248/1934/3221
f 2254/1125/3222 2248/1934/3222 2260/1131/3222
f 2257/1941/3223 2261/1132/3223 2249/1935/3223
f 2257/1941/3224 2249/1935/3224 2238/1109/3224
f 2262/1944/3225 2263/1134/3225 2242/1113/3225
f 2262/1944/3226 2242/1113/3226 2241/1112/3226
f 2247/1118/3227 2264/1945/3227 2260/1131/3227
f 2247/1118/3228 2260/1131/3228 2248/1934/3228
f 2228/1099/3229 2256/1940/3229 2265/1946/3229
f 2228/1099/3230 2265/1946/3230 2239/1110/3230
f 2266/1947/3231 2255/1939/3231 2212/1915/3231
f 2266/1947/3232 2212/1915/3232 2254/1125/3232
f 2244/1931/3233 2255/1939/3233 2261/1132/3233
f 2244/1931/3234 2261/1132/3234 2257/1941/3234
f 2234/1926/3235 2267/1948/3235 2252/1937/3235
f 2234/1926/3236 2252/1937/3236 2188/1897/3236
f 2239/1110/3237 2265/1946/3237 2268/1139/3237
f 2239/1110/3238 2268/1139/3238 2245/1932/3238
f 2261/1132/3239 2269/1140/3239 2256/1940/3239
f 2261/1132/3240 2256/1940/3240 2249/1935/3240
f 2270/1949/3241 2272/1950/3241 2271/1951/3241
f 2255/1939/3242 2266/1947/3242 2269/1140/3242
f 2255/1939/3243 2269/1140/3243 2261/1132/3243
f 2273/1952/3244 2274/1953/3244 2251/1938/3244
f 2273/1952/3245 2251/1938/3245 2252/1937/3245
f 2262/1944/3246 2275/1954/3246 2263/1134/3246
f 2276/1147/3247 2266/1947/3247 2254/1125/3247
f 2276/1147/3248 2254/1125/3248 2260/1131/3248
f 2277/1148/3249 2276/1147/3249 2260/1131/3249
f 2277/1148/3250 2260/1131/3250 2264/1945/3250
f 2253/1124/3251 2278/1955/3251 2267/1948/3251
f 2253/1124/3252 2267/1948/3252 2234/1926/3252
f 2256/1940/3253 2269/1140/3253 2279/1956/3253
f 2256/1940/3254 2279/1956/3254 2265/1946/3254
f 2265/1946/3255 2279/1956/3255 2280/1957/3255
f 2265/1946/3256 2280/1957/3256 2268/1139/3256
f 2266/1947/3257 2276/1147/3257 2279/1956/3257
f 2266/1947/3258 2279/1956/3258 2269/1140/3258
f 2281/1958/3259 2283/1959/3259 2282/1960/3259
f 2281/1958/3260 2282/1960/3260 2271/1951/3260
f 2258/1943/3261 2284/1961/3261 2278/1955/3261
f 2258/1943/3262 2278/1955/3262 2253/1124/3262
f 2282/1960/3263 2270/1949/3263 2271/1951/3263
f 2259/1942/3264 2285/1962/3264 2284/1961/3264
f 2259/1942/3265 2284/1961/3265 2258/1943/3265
f 2274/1953/3266 2273/1952/3266 2283/1959/3266
f 2274/1953/3267 2283/1959/3267 2281/1958/3267
f 2280/1957/3268 2279/1956/3268 2276/1147/3268
f 2280/1957/3269 2276/1147/3269 2277/1148/3269
f 2286/1963/3270 2273/1952/3270 2252/1937/3270
f 2286/1963/3271 2252/1937/3271 2267/1948/3271
f 2287/1158/3272 2289/1160/3272 2288/1964/3272
f 2290/1965/3273 2286/1963/3273 2267/1948/3273
f 2290/1965/3274 2267/1948/3274 2278/1955/3274
f 2291/1966/3275 2292/1967/3275 2284/1961/3275
f 2291/1966/3276 2284/1961/3276 2285/1962/3276
f 2292/1967/3277 2290/1965/3277 2278/1955/3277
f 2292/1967/3278 2278/1955/3278 2284/1961/3278
f 2287/1158/3279 2288/1964/3279 2293/1164/3279
f 2294/1968/3280 2283/1959/3280 2273/1952/3280
f 2294/1968/3281 2273/1952/3281 2286/1963/3281
f 2295/1969/3282 2282/1960/3282 2283/1959/3282
f 2295/1969/3283 2283/1959/3283 2294/1968/3283
f 2287/1158/3284 2293/1164/3284 2296/1970/3284
f 2297/1971/3285 2294/1968/3285 2286/1963/3285
f 2297/1971/3286 2286/1963/3286 2290/1965/3286
f 2299/1972/3287 2298/1973/3287 2292/1967/3287
f 2299/1972/3288 2292/1967/3288 2291/1966/3288
f 2298/1973/3289 2297/1971/3289 2290/1965/3289
f 2298/1973/3290 2290/1965/3290 2292/1967/3290
f 2282/1960/3291 2295/1969/3291 2300/1974/3291
f 2301/1975/3292 2287/1158/3292 2296/1970/3292
f 2295/1969/3293 2302/1976/3293 2300/1974/3293
f 2287/1158/3294 2301/1975/3294 2303/1977/3294
f 2304/1978/3295 2295/1969/3295 2294/1968/3295
f 2304/1978/3296 2294/1968/3296 2297/1971/3296
f 2305/1176/3297 2287/1158/3297 2303/1977/3297
f 2302/1976/3298 2295/1969/3298 2306/1979/3298
f 2295/1969/3299 2304/1978/3299 2306/1979/3299
f 2307/1980/3300 2304/1978/3300 2297/1971/3300
f 2307/1980/3301 2297/1971/3301 2298/1973/3301
f 2309/1981/3302 2308/1982/3302 2298/1973/3302
f 2309/1981/3303 2298/1973/3303 2299/1972/3303
f 2287/1158/3304 2305/1176/3304 2310/1983/3304
f 2311/1984/3305 2287/1158/3305 2310/1983/3305
f 2312/1985/3306 2313/1986/3306 2287/1158/3306
f 2313/1986/3307 2314/1987/3307 2287/1158/3307
f 2307/1980/3308 2298/1973/3308 2308/1982/3308
f 2304/1978/3309 2307/1980/3309 2315/1988/3309
f 2307/1980/3310 2308/1982/3310 2316/1989/3310
f 2309/1981/3302 2317/1990/3302 2308/1982/3302
f 2308/1982/3311 2317/1990/3311 2316/1989/3311
f 2318/1189/3312 1401/239/3312 2319/1991/3312
f 1625/468/3313 2321/1992/3313 2320/1191/3313
f 1625/468/3314 2320/1191/3314 1624/467/3314
f 2319/1991/3315 1442/280/3315 2323/1993/3315
f 2319/1991/3316 2323/1993/3316 2322/1193/3316
f 2318/1189/3317 2319/1991/3317 2322/1193/3317
f 1249/1276/3318 1311/1321/3318 2325/1994/3318
f 1249/1276/3319 2325/1994/3319 2324/1195/3319
f 1941/1724/3320 2326/1197/3320 1940/793/3320
f 1340/1345/3321 2327/1995/3321 1319/156/3321
f 1318/1328/3322 1340/1345/3322 1319/156/3322
f 1367/205/3323 2328/1199/3323 1366/1358/3323
f 1428/1395/3324 2329/1996/3324 1432/270/3324
f 1428/1395/3325 1432/270/3325 1431/1397/3325
f 1353/190/3326 1401/239/3326 2330/1997/3326
f 1941/1724/3327 1353/190/3327 2330/1997/3327
f 1284/1300/3328 1339/1344/3328 1318/1328/3328
f 1284/1300/3329 1318/1328/3329 1283/1301/3329
f 1311/1321/3330 1353/190/3330 1939/1725/3330
f 1311/1321/3331 1939/1725/3331 2325/1994/3331
f 1401/239/3332 1353/190/3332 1300/137/3332
f 1400/1379/3333 2319/1991/3333 1401/239/3333
f 1249/1276/3334 2324/1195/3334 1250/84/3334
f 1442/280/3335 1409/1382/3335 2063/931/3335
f 1442/280/3336 2063/931/3336 2323/1993/3336
f 1451/289/3337 2331/1202/3337 1467/305/3337
f 1451/289/3338 1467/305/3338 1450/1406/3338
f 1462/300/3339 1439/277/3339 1440/278/3339
f 1462/300/3340 2332/1203/3340 1439/277/3340
f 1441/279/3341 1460/298/3341 1440/278/3341
f 1452/1407/3342 1450/1406/3342 1460/298/3342
f 1310/147/3343 1408/246/3343 1352/1351/3343
f 1310/147/3344 1371/209/3344 1408/246/3344
f 1400/1379/3345 1442/280/3345 2319/1991/3345
f 1429/267/3346 1409/1382/3346 1442/280/3346
f 1282/118/3347 1277/113/3347 1278/114/3347
f 1276/1297/3348 2333/1204/3348 1278/114/3348
f 1250/84/3349 1238/1265/3349 1219/1249/3349
f 1250/84/3350 1219/1249/3350 1228/1257/3350
f 1245/1272/3351 1271/1292/3351 1228/1257/3351
f 1244/78/3352 1271/1292/3352 1245/1272/3352
f 1271/1292/3353 1311/1321/3353 1249/1276/3353
f 1623/1519/3354 1624/467/3354 1371/209/3354
f 1623/1519/3355 1371/209/3355 1370/208/3355
f 2321/1992/3356 2318/1189/3356 2322/1193/3356
f 2321/1992/3357 2322/1193/3357 2320/1191/3357
f 1394/232/3358 1400/1379/3358 1300/137/3358
f 1299/1314/3359 1271/1292/3359 1244/78/3359
f 1531/1461/3360 1512/1448/3360 1498/1440/3360
f 1580/423/3361 1559/1478/3361 1512/1448/3361
f 1478/1426/3362 1459/1414/3362 1377/215/3362
f 1486/328/3363 1513/1450/3363 1485/1433/3363
f 1288/1304/3364 2334/1205/3364 1320/1329/3364
f 1288/1304/3365 1320/1329/3365 1289/1305/3365
f 1447/285/3366 1446/284/3366 1485/1433/3366
f 1494/1436/3367 1456/1411/3367 1499/1439/3367
f 1446/284/3368 1434/272/3368 1416/1385/3368
f 1481/1427/3369 1459/1414/3369 1478/1426/3369
f 1549/1472/3370 1508/351/3370 1478/1426/3370
f 1502/1444/3371 1568/1485/3371 1551/1475/3371
f 1473/311/3372 1549/1472/3372 1478/1426/3372
f 1446/284/3373 1471/1428/3373 1485/1433/3373
f 1501/1443/3374 1474/1421/3374 1457/1412/3374
f 1508/351/3375 1481/1427/3375 1478/1426/3375
f 1613/1513/3376 2335/1208/3376 2382/1207/3376
f 1613/1513/3377 2382/1207/3377 2381/1998/3377
f 1614/457/3378 2381/1998/3378 1621/1517/3378
f 1613/1513/3379 2381/1998/3379 1614/457/3379
f 1297/1312/3380 1350/187/3380 1327/1336/3380
f 1315/1325/3381 1350/187/3381 1297/1312/3381
f 1315/1325/3382 1384/1367/3382 1383/1365/3382
f 2312/1985/3383 2287/1158/3383 2311/1984/3383
f 1562/405/3384 1594/437/3384 1612/455/3384
f 1639/482/3385 1612/455/3385 1594/437/3385
f 1827/1652/3386 2336/1209/3386 1776/625/3386
f 1721/1584/3387 1827/1652/3387 1694/1567/3387
f 1906/757/3388 1890/1694/3388 1892/1695/3388
f 1877/728/3389 1751/600/3389 1752/1603/3389
f 1885/1691/3390 1877/728/3390 1752/1603/3390
f 1861/711/3391 1850/700/3391 1729/575/3391
f 990/1030/3392 987/1027/3392 986/1026/3392
f 990/1030/3393 986/1026/3393 1004/1043/3393
f 2158/1030/3394 2157/1879/3394 2172/1999/3394
f 2158/1030/3395 2172/1999/3395 2154/1877/3395
f 2157/1879/3396 2158/1030/3396 2134/1860/3396
f 989/1029/3397 958/996/3397 966/1004/3397
f 2419/2000/3398 2422/2001/3398 2421/2002/3398
f 2419/2000/3398 2421/2002/3398 2420/2003/3398
f 2423/2004/3399 2424/2005/3399 2422/2001/3399
f 2423/2004/3399 2422/2001/3399 2419/2000/3399
f 2425/2006/3400 2426/2007/3400 2424/2005/3400
f 2425/2006/3400 2424/2005/3400 2423/2004/3400
f 2427/2008/3401 2428/2009/3401 2426/2007/3401
f 2427/2008/3401 2426/2007/3401 2425/2006/3401
f 2429/2010/3402 2430/2011/3402 2428/2009/3402
f 2429/2010/3403 2428/2009/3403 2427/2008/3403
f 2431/2012/3404 2432/2013/3404 2430/2011/3404
f 2431/2012/3404 2430/2011/3404 2429/2010/3404
f 2433/2014/3405 2434/2015/3405 2432/2013/3405
f 2433/2014/3405 2432/2013/3405 2431/2012/3405
f 2435/2016/3406 2436/2017/3406 2434/2015/3406
f 2435/2016/3406 2434/2015/3406 2433/2014/3406
f 2437/2018/3407 2438/2019/3407 2436/2017/3407
f 2437/2018/3407 2436/2017/3407 2435/2016/3407
f 2439/2020/3408 2440/2021/3408 2438/2019/3408
f 2439/2020/3408 2438/2019/3408 2437/2018/3408
f 2441/2022/3409 2442/2023/3409 2440/2021/3409
f 2441/2022/3409 2440/2021/3409 2439/2020/3409
f 2443/2024/3410 2444/2025/3410 2442/2023/3410
f 2443/2024/3410 2442/2023/3410 2441/2022/3410
f 2445/2026/3411 2446/2027/3411 2444/2025/3411
f 2445/2026/3411 2444/2025/3411 2443/2024/3411
f 2447/2028/3412 2448/2029/3412 2446/2027/3412
f 2447/2028/3412 2446/2027/3412 2445/2026/3412
f 2449/2030/3413 2450/2031/3413 2448/2029/3413
f 2449/2030/3413 2448/2029/3413 2447/2028/3413
f 2451/2032/3414 2452/2033/3414 2450/2031/3414
f 2451/2032/3414 2450/2031/3414 2449/2030/3414
f 2453/2034/3415 2454/2035/3415 2452/2033/3415
f 2453/2034/3416 2452/2033/3416 2451/2032/3416
f 2455/2036/3417 2456/2037/3417 2454/2035/3417
f 2455/2036/3418 2454/2035/3418 2453/2034/3418
f 2457/2038/3419 2458/2039/3419 2456/2037/3419
f 2457/2038/3419 2456/2037/3419 2455/2036/3419
f 2420/2003/3420 2421/2002/3420 2458/2039/3420
f 2420/2003/3420 2458/2039/3420 2457/2038/3420
f 2422/2001/3421 2460/2040/3421 2459/2041/3421
f 2422/2001/3421 2459/2041/3421 2421/2002/3421
f 2424/2005/3422 2461/2042/3422 2460/2040/3422
f 2424/2005/3423 2460/2040/3423 2422/2001/3423
f 2426/2007/3424 2462/2043/3424 2461/2042/3424
f 2426/2007/3424 2461/2042/3424 2424/2005/3424
f 2428/2009/3425 2463/2044/3425 2462/2043/3425
f 2428/2009/3425 2462/2043/3425 2426/2007/3425
f 2430/2011/3426 2464/2045/3426 2463/2044/3426
f 2430/2011/3427 2463/2044/3427 2428/2009/3427
f 2432/2013/3428 2465/2046/3428 2464/2045/3428
f 2432/2013/3429 2464/2045/3429 2430/2011/3429
f 2434/2015/3430 2466/2047/3430 2465/2046/3430
f 2434/2015/3431 2465/2046/3431 2432/2013/3431
f 2436/2017/3432 2467/2048/3432 2466/2047/3432
f 2436/2017/3432 2466/2047/3432 2434/2015/3432
f 2438/2019/3433 2468/2049/3433 2467/2048/3433
f 2438/2019/3433 2467/2048/3433 2436/2017/3433
f 2440/2021/3434 2469/2050/3434 2468/2049/3434
f 2440/2021/3435 2468/2049/3435 2438/2019/3435
f 2442/2023/3436 2470/2051/3436 2469/2050/3436
f 2442/2023/3437 2469/2050/3437 2440/2021/3437
f 2444/2025/3438 2471/2052/3438 2470/2051/3438
f 2444/2025/3438 2470/2051/3438 2442/2023/3438
f 2446/2027/3439 2472/2053/3439 2471/2052/3439
f 2446/2027/3439 2471/2052/3439 2444/2025/3439
f 2448/2029/3440 2473/2054/3440 2472/2053/3440
f 2448/2029/3440 2472/2053/3440 2446/2027/3440
f 2450/2031/3441 2474/2055/3441 2473/2054/3441
f 2450/2031/3441 2473/2054/3441 2448/2029/3441
f 2452/2033/3442 2475/2056/3442 2474/2055/3442
f 2452/2033/3443 2474/2055/3443 2450/2031/3443
f 2454/2035/3444 2476/2057/3444 2475/2056/3444
f 2454/2035/3445 2475/2056/3445 2452/2033/3445
f 2456/2037/3446 2477/2058/3446 2476/2057/3446
f 2456/2037/3447 2476/2057/3447 2454/2035/3447
f 2458/2039/3448 2478/2059/3448 2477/2058/3448
f 2458/2039/3449 2477/2058/3449 2456/2037/3449
f 2421/2002/3450 2459/2041/3450 2478/2059/3450
f 2421/2002/3450 2478/2059/3450 2458/2039/3450
f 2459/2041/3451 2460/2040/3451 2480/2060/3451
f 2459/2041/3451 2480/2060/3451 2479/2061/3451
f 2460/2040/3452 2461/2042/3452 2481/2062/3452
f 2460/2040/3452 2481/2062/3452 2480/2060/3452
f 2461/2042/3453 2462/2043/3453 2482/2063/3453
f 2461/2042/3453 2482/2063/3453 2481/2062/3453
f 2462/2043/3454 2463/2044/3454 2483/2064/3454
f 2462/2043/3454 2483/2064/3454 2482/2063/3454
f 2463/2044/3455 2464/2045/3455 2484/2065/3455
f 2463/2044/3455 2484/2065/3455 2483/2064/3455
f 2464/2045/3456 2465/2046/3456 2485/2066/3456
f 2464/2045/3456 2485/2066/3456 2484/2065/3456
f 2465/2046/3457 2466/2047/3457 2486/2067/3457
f 2465/2046/3457 2486/2067/3457 2485/2066/3457
f 2466/2047/3458 2467/2048/3458 2487/2068/3458
f 2466/2047/3458 2487/2068/3458 2486/2067/3458
f 2467/2048/3459 2468/2049/3459 2488/2069/3459
f 2467/2048/3460 2488/2069/3460 2487/2068/3460
f 2468/2049/3461 2469/2050/3461 2489/2070/3461
f 2468/2049/3461 2489/2070/3461 2488/2069/3461
f 2469/2050/3462 2470/2051/3462 2490/2071/3462
f 2469/2050/3462 2490/2071/3462 2489/2070/3462
f 2470/2051/3463 2471/2052/3463 2491/2072/3463
f 2470/2051/3464 2491/2072/3464 2490/2071/3464
f 2471/2052/3465 2472/2053/3465 2492/2073/3465
f 2471/2052/3465 2492/2073/3465 2491/2072/3465
f 2472/2053/3466 2473/2054/3466 2493/2074/3466
f 2472/2053/3467 2493/2074/3467 2492/2073/3467
f 2473/2054/3468 2474/2055/3468 2494/2075/3468
f 2473/2054/3468 2494/2075/3468 2493/2074/3468
f 2474/2055/3469 2475/2056/3469 2495/2076/3469
f 2474/2055/3470 2495/2076/3470 2494/2075/3470
f 2475/2056/3471 2476/2057/3471 2496/2077/3471
f 2475/2056/3471 2496/2077/3471 2495/2076/3471
f 2476/2057/3472 2477/2058/3472 2497/2078/3472
f 2476/2057/3472 2497/2078/3472 2496/2077/3472
f 2477/2058/3473 2478/2059/3473 2498/2079/3473
f 2477/2058/3473 2498/2079/3473 2497/2078/3473
f 2478/2059/3474 2459/2041/3474 2479/2061/3474
f 2478/2059/3474 2479/2061/3474 2498/2079/3474
f 2479/2061/3475 2480/2060/3475 2500/2080/3475
f 2479/2061/3476 2500/2080/3476 2499/2081/3476
f 2480/2060/3477 2481/2062/3477 2501/2082/3477
f 2480/2060/3477 2501/2082/3477 2500/2080/3477
f 2481/2062/3478 2482/2063/3478 2502/2083/3478
f 2481/2062/3479 2502/2083/3479 2501/2082/3479
f 2482/2063/3480 2483/2064/3480 2503/2084/3480
f 2482/2063/3480 2503/2084/3480 2502/2083/3480
f 2483/2064/3481 2484/2065/3481 2504/2085/3481
f 2483/2064/3481 2504/2085/3481 2503/2084/3481
f 2484/2065/3482 2485/2066/3482 2505/2086/3482
f 2484/2065/3482 2505/2086/3482 2504/2085/3482
f 2485/2066/3483 2486/2067/3483 2506/2087/3483
f 2485/2066/3483 2506/2087/3483 2505/2086/3483
f 2486/2067/3484 2487/2068/3484 2507/2088/3484
f 2486/2067/3484 2507/2088/3484 2506/2087/3484
f 2487/2068/3485 2488/2069/3485 2508/2089/3485
f 2487/2068/3485 2508/2089/3485 2507/2088/3485
f 2488/2069/3486 2489/2070/3486 2509/2090/3486
f 2488/2069/3486 2509/2090/3486 2508/2089/3486
f 2489/2070/3487 2490/2071/3487 2510/2091/3487
f 2489/2070/3488 2510/2091/3488 2509/2090/3488
f 2490/2071/3489 2491/2072/3489 2511/2092/3489
f 2490/2071/3489 2511/2092/3489 2510/2091/3489
f 2491/2072/3490 2492/2073/3490 2512/2093/3490
f 2491/2072/3490 2512/2093/3490 2511/2092/3490
f 2492/2073/3491 2493/2074/3491 2513/2094/3491
f 2492/2073/3492 2513/2094/3492 2512/2093/3492
f 2493/2074/3493 2494/2075/3493 2514/2095/3493
f 2493/2074/3493 2514/2095/3493 2513/2094/3493
f 2494/2075/3494 2495/2076/3494 2515/2096/3494
f 2494/2075/3494 2515/2096/3494 2514/2095/3494
f 2495/2076/3495 2496/2077/3495 2516/2097/3495
f 2495/2076/3495 2516/2097/3495 2515/2096/3495
f 2496/2077/3496 2497/2078/3496 2517/2098/3496
f 2496/2077/3496 2517/2098/3496 2516/2097/3496
f 2497/2078/3497 2498/2079/3497 2518/2099/3497
f 2497/2078/3498 2518/2099/3498 2517/2098/3498
f 2498/2079/3499 2479/2061/3499 2499/2081/3499
f 2498/2079/3499 2499/2081/3499 2518/2099/3499
f 2499/2081/3500 2500/2080/3500 2520/2100/3500
f 2499/2081/3501 2520/2100/3501 2519/2101/3501
f 2500/2080/3502 2501/2082/3502 2521/2102/3502
f 2500/2080/3503 2521/2102/3503 2520/2100/3503
f 2501/2082/3504 2502/2083/3504 2522/2103/3504
f 2501/2082/3505 2522/2103/3505 2521/2102/3505
f 2502/2083/3506 2503/2084/3506 2523/2104/3506
f 2502/2083/3506 2523/2104/3506 2522/2103/3506
f 2503/2084/3507 2504/2085/3507 2524/2105/3507
f 2503/2084/3508 2524/2105/3508 2523/2104/3508
f 2504/2085/3509 2505/2086/3509 2525/2106/3509
f 2504/2085/3510 2525/2106/3510 2524/2105/3510
f 2505/2086/3511 2506/2087/3511 2526/2107/3511
f 2505/2086/3512 2526/2107/3512 2525/2106/3512
f 2506/2087/3513 2507/2088/3513 2527/2108/3513
f 2506/2087/3514 2527/2108/3514 2526/2107/3514
f 2507/2088/3515 2508/2089/3515 2528/2109/3515
f 2507/2088/3515 2528/2109/3515 2527/2108/3515
f 2508/2089/3516 2509/2090/3516 2529/2110/3516
f 2508/2089/3517 2529/2110/3517 2528/2109/3517
f 2509/2090/3518 2510/2091/3518 2530/2111/3518
f 2509/2090/3519 2530/2111/3519 2529/2110/3519
f 2510/2091/3520 2511/2092/3520 2531/2112/3520
f 2510/2091/3521 2531/2112/3521 2530/2111/3521
f 2511/2092/3522 2512/2093/3522 2532/2113/3522
f 2511/2092/3523 2532/2113/3523 2531/2112/3523
f 2512/2093/3524 2513/2094/3524 2533/2114/3524
f 2512/2093/3524 2533/2114/3524 2532/2113/3524
f 2513/2094/3525 2514/2095/3525 2534/2115/3525
f 2513/2094/3526 2534/2115/3526 2533/2114/3526
f 2514/2095/3527 2515/2096/3527 2535/2116/3527
f 2514/2095/3528 2535/2116/3528 2534/2115/3528
f 2515/2096/3529 2516/2097/3529 2536/2117/3529
f 2515/2096/3530 2536/2117/3530 2535/2116/3530
f 2516/2097/3531 2517/2098/3531 2537/2118/3531
f 2516/2097/3531 2537/2118/3531 2536/2117/3531
f 2517/2098/3532 2518/2099/3532 2538/2119/3532
f 2517/2098/3533 2538/2119/3533 2537/2118/3533
f 2518/2099/3534 2499/2081/3534 2519/2101/3534
f 2518/2099/3534 2519/2101/3534 2538/2119/3534
f 2519/2101/3535 2520/2100/3535 2539/2120/3535
f 2520/2100/3536 2521/2102/3536 2539/2120/3536
f 2521/2102/3537 2522/2103/3537 2539/2120/3537
f 2522/2103/3538 2523/2104/3538 2539/2120/3538
f 2523/2104/3539 2524/2105/3539 2539/2120/3539
f 2524/2105/3540 2525/2106/3540 2539/2120/3540
f 2525/2106/3541 2526/2107/3541 2539/2120/3541
f 2526/2107/3542 2527/2108/3542 2539/2120/3542
f 2527/2108/3543 2528/2109/3543 2539/2120/3543
f 2528/2109/3544 2529/2110/3544 2539/2120/3544
f 2529/2110/3545 2530/2111/3545 2539/2120/3545
f 2530/2111/3546 2531/2112/3546 2539/2120/3546
f 2531/2112/3547 2532/2113/3547 2539/2120/3547
f 2532/2113/3548 2533/2114/3548 2539/2120/3548
f 2533/2114/3549 2534/2115/3549 2539/2120/3549
f 2534/2115/3550 2535/2116/3550 2539/2120/3550
f 2535/2116/3551 2536/2117/3551 2539/2120/3551
f 2536/2117/3552 2537/2118/3552 2539/2120/3552
f 2537/2118/3553 2538/2119/3553 2539/2120/3553
f 2538/2119/3554 2519/2101/3554 2539/2120/3554
f 2540/2000/3555 2541/2003/3555 2542/2002/3555
f 2540/2000/3555 2542/2002/3555 2543/2001/3555
f 2544/2004/3556 2540/2000/3556 2543/2001/3556
f 2544/2004/3556 2543/2001/3556 2545/2005/3556
f 2546/2006/3557 2544/2004/3557 2545/2005/3557
f 2546/2006/3557 2545/2005/3557 2547/2007/3557
f 2548/2008/3558 2546/2006/3558 2547/2007/3558
f 2548/2008/3558 2547/2007/3558 2549/2009/3558
f 2550/2010/3559 2548/2008/3559 2549/2009/3559
f 2550/2010/3560 2549/2009/3560 2551/2011/3560
f 2552/2012/3561 2550/2010/3561 2551/2011/3561
f 2552/2012/3561 2551/2011/3561 2553/2013/3561
f 2554/2014/3562 2552/2012/3562 2553/2013/3562
f 2554/2014/3562 2553/2013/3562 2555/2015/3562
f 2556/2016/3563 2554/2014/3563 2555/2015/3563
f 2556/2016/3563 2555/2015/3563 2557/2017/3563
f 2558/2018/3564 2556/2016/3564 2557/2017/3564
f 2558/2018/3564 2557/2017/3564 2559/2019/3564
f 2560/2020/3565 2558/2018/3565 2559/2019/3565
f 2560/2020/3565 2559/2019/3565 2561/2021/3565
f 2562/2022/3566 2560/2020/3566 2561/2021/3566
f 2562/2022/3566 2561/2021/3566 2563/2023/3566
f 2564/2024/3567 2562/2022/3567 2563/2023/3567
f 2564/2024/3567 2563/2023/3567 2565/2025/3567
f 2566/2026/3568 2564/2024/3568 2565/2025/3568
f 2566/2026/3568 2565/2025/3568 2567/2027/3568
f 2568/2028/3569 2566/2026/3569 2567/2027/3569
f 2568/2028/3569 2567/2027/3569 2569/2029/3569
f 2570/2030/3570 2568/2028/3570 2569/2029/3570
f 2570/2030/3570 2569/2029/3570 2571/2031/3570
f 2572/2032/3571 2570/2030/3571 2571/2031/3571
f 2572/2032/3571 2571/2031/3571 2573/2033/3571
f 2574/2034/3572 2572/2032/3572 2573/2033/3572
f 2574/2034/3573 2573/2033/3573 2575/2035/3573
f 2576/2036/3574 2574/2034/3574 2575/2035/3574
f 2576/2036/3575 2575/2035/3575 2577/2037/3575
f 2578/2038/3576 2576/2036/3576 2577/2037/3576
f 2578/2038/3576 2577/2037/3576 2579/2039/3576
f 2541/2003/3577 2578/2038/3577 2579/2039/3577
f 2541/2003/3577 2579/2039/3577 2542/2002/3577
f 2543/2001/3578 2542/2002/3578 2580/2041/3578
f 2543/2001/3578 2580/2041/3578 2581/2040/3578
f 2545/2005/3579 2543/2001/3579 2581/2040/3579
f 2545/2005/3579 2581/2040/3579 2582/2042/3579
f 2547/2007/3580 2545/2005/3580 2582/2042/3580
f 2547/2007/3580 2582/2042/3580 2583/2043/3580
f 2549/2009/3581 2547/2007/3581 2583/2043/3581
f 2549/2009/3581 2583/2043/3581 2584/2044/3581
f 2551/2011/3582 2549/2009/3582 2584/2044/3582
f 2551/2011/3583 2584/2044/3583 2585/2045/3583
f 2553/2013/3584 2551/2011/3584 2585/2045/3584
f 2553/2013/3585 2585/2045/3585 2586/2046/3585
f 2555/2015/3586 2553/2013/3586 2586/2046/3586
f 2555/2015/3587 2586/2046/3587 2587/2047/3587
f 2557/2017/3588 2555/2015/3588 2587/2047/3588
f 2557/2017/3588 2587/2047/3588 2588/2048/3588
f 2559/2019/3589 2557/2017/3589 2588/2048/3589
f 2559/2019/3589 2588/2048/3589 2589/2049/3589
f 2561/2021/3590 2559/2019/3590 2589/2049/3590
f 2561/2021/3591 2589/2049/3591 2590/2050/3591
f 2563/2023/3592 2561/2021/3592 2590/2050/3592
f 2563/2023/3593 2590/2050/3593 2591/2051/3593
f 2565/2025/3594 2563/2023/3594 2591/2051/3594
f 2565/2025/3594 2591/2051/3594 2592/2052/3594
f 2567/2027/3595 2565/2025/3595 2592/2052/3595
f 2567/2027/3595 2592/2052/3595 2593/2053/3595
f 2569/2029/3596 2567/2027/3596 2593/2053/3596
f 2569/2029/3596 2593/2053/3596 2594/2054/3596
f 2571/2031/3597 2569/2029/3597 2594/2054/3597
f 2571/2031/3597 2594/2054/3597 2595/2055/3597
f 2573/2033/3598 2571/2031/3598 2595/2055/3598
f 2573/2033/3599 2595/2055/3599 2596/2056/3599
f 2575/2035/3600 2573/2033/3600 2596/2056/3600
f 2575/2035/3601 2596/2056/3601 2597/2057/3601
f 2577/2037/3602 2575/2035/3602 2597/2057/3602
f 2577/2037/3603 2597/2057/3603 2598/2058/3603
f 2579/2039/3604 2577/2037/3604 2598/2058/3604
f 2579/2039/3605 2598/2058/3605 2599/2059/3605
f 2542/2002/3606 2579/2039/3606 2599/2059/3606
f 2542/2002/3606 2599/2059/3606 2580/2041/3606
f 2580/2041/3607 2600/2061/3607 2601/2060/3607
f 2580/2041/3607 2601/2060/3607 2581/2040/3607
f 2581/2040/3608 2601/2060/3608 2602/2062/3608
f 2581/2040/3608 2602/2062/3608 2582/2042/3608
f 2582/2042/3609 2602/2062/3609 2603/2063/3609
f 2582/2042/3609 2603/2063/3609 2583/2043/3609
f 2583/2043/3610 2603/2063/3610 2604/2064/3610
f 2583/2043/3610 2604/2064/3610 2584/2044/3610
f 2584/2044/3611 2604/2064/3611 2605/2065/3611
f 2584/2044/3611 2605/2065/3611 2585/2045/3611
f 2585/2045/3612 2605/2065/3612 2606/2066/3612
f 2585/2045/3612 2606/2066/3612 2586/2046/3612
f 2586/2046/3613 2606/2066/3613 2607/2067/3613
f 2586/2046/3613 2607/2067/3613 2587/2047/3613
f 2587/2047/3614 2607/2067/3614 2608/2068/3614
f 2587/2047/3614 2608/2068/3614 2588/2048/3614
f 2588/2048/3615 2608/2068/3615 2609/2069/3615
f 2588/2048/3616 2609/2069/3616 2589/2049/3616
f 2589/2049/3617 2609/2069/3617 2610/2070/3617
f 2589/2049/3617 2610/2070/3617 2590/2050/3617
f 2590/2050/3618 2610/2070/3618 2611/2071/3618
f 2590/2050/3618 2611/2071/3618 2591/2051/3618
f 2591/2051/3619 2611/2071/3619 2612/2072/3619
f 2591/2051/3620 2612/2072/3620 2592/2052/3620
f 2592/2052/3621 2612/2072/3621 2613/2073/3621
f 2592/2052/3621 2613/2073/3621 2593/2053/3621
f 2593/2053/3622 2613/2073/3622 2614/2074/3622
f 2593/2053/3623 2614/2074/3623 2594/2054/3623
f 2594/2054/3624 2614/2074/3624 2615/2075/3624
f 2594/2054/3624 2615/2075/3624 2595/2055/3624
f 2595/2055/3625 2615/2075/3625 2616/2076/3625
f 2595/2055/3626 2616/2076/3626 2596/2056/3626
f 2596/2056/3627 2616/2076/3627 2617/2077/3627
f 2596/2056/3627 2617/2077/3627 2597/2057/3627
f 2597/2057/3628 2617/2077/3628 2618/2078/3628
f 2597/2057/3628 2618/2078/3628 2598/2058/3628
f 2598/2058/3629 2618/2078/3629 2619/2079/3629
f 2598/2058/3629 2619/2079/3629 2599/2059/3629
f 2599/2059/3630 2619/2079/3630 2600/2061/3630
f 2599/2059/3630 2600/2061/3630 2580/2041/3630
f 2600/2061/3631 2620/2081/3631 2621/2080/3631
f 2600/2061/3632 2621/2080/3632 2601/2060/3632
f 2601/2060/3633 2621/2080/3633 2622/2082/3633
f 2601/2060/3633 2622/2082/3633 2602/2062/3633
f 2602/2062/3634 2622/2082/3634 2623/2083/3634
f 2602/2062/3635 2623/2083/3635 2603/2063/3635
f 2603/2063/3636 2623/2083/3636 2624/2084/3636
f 2603/2063/3636 2624/2084/3636 2604/2064/3636
f 2604/2064/3637 2624/2084/3637 2625/2085/3637
f 2604/2064/3637 2625/2085/3637 2605/2065/3637
f 2605/2065/3638 2625/2085/3638 2626/2086/3638
f 2605/2065/3638 2626/2086/3638 2606/2066/3638
f 2606/2066/3639 2626/2086/3639 2627/2087/3639
f 2606/2066/3639 2627/2087/3639 2607/2067/3639
f 2607/2067/3640 2627/2087/3640 2628/2088/3640
f 2607/2067/3640 2628/2088/3640 2608/2068/3640
f 2608/2068/3641 2628/2088/3641 2629/2089/3641
f 2608/2068/3641 2629/2089/3641 2609/2069/3641
f 2609/2069/3642 2629/2089/3642 2630/2090/3642
f 2609/2069/3642 2630/2090/3642 2610/2070/3642
f 2610/2070/3643 2630/2090/3643 2631/2091/3643
f 2610/2070/3644 2631/2091/3644 2611/2071/3644
f 2611/2071/3645 2631/2091/3645 2632/2092/3645
f 2611/2071/3645 2632/2092/3645 2612/2072/3645
f 2612/2072/3646 2632/2092/3646 2633/2093/3646
f 2612/2072/3646 2633/2093/3646 2613/2073/3646
f 2613/2073/3647 2633/2093/3647 2634/2094/3647
f 2613/2073/3648 2634/2094/3648 2614/2074/3648
f 2614/2074/3649 2634/2094/3649 2635/2095/3649
f 2614/2074/3649 2635/2095/3649 2615/2075/3649
f 2615/2075/3650 2635/2095/3650 2636/2096/3650
f 2615/2075/3650 2636/2096/3650 2616/2076/3650
f 2616/2076/3651 2636/2096/3651 2637/2097/3651
f 2616/2076/3651 2637/2097/3651 2617/2077/3651
f 2617/2077/3652 2637/2097/3652 2638/2098/3652
f 2617/2077/3652 2638/2098/3652 2618/2078/3652
f 2618/2078/3653 2638/2098/3653 2639/2099/3653
f 2618/2078/3654 2639/2099/3654 2619/2079/3654
f 2619/2079/3655 2639/2099/3655 2620/2081/3655
f 2619/2079/3655 2620/2081/3655 2600/2061/3655
f 2620/2081/3656 2640/2101/3656 2641/2100/3656
f 2620/2081/3657 2641/2100/3657 2621/2080/3657
f 2621/2080/3658 2641/2100/3658 2642/2102/3658
f 2621/2080/3659 2642/2102/3659 2622/2082/3659
f 2622/2082/3660 2642/2102/3660 2643/2103/3660
f 2622/2082/3661 2643/2103/3661 2623/2083/3661
f 2623/2083/3662 2643/2103/3662 2644/2104/3662
f 2623/2083/3662 2644/2104/3662 2624/2084/3662
f 2624/2084/3663 2644/2104/3663 2645/2105/3663
f 2624/2084/3663 2645/2105/3663 2625/2085/3663
f 2625/2085/3664 2645/2105/3664 2646/2106/3664
f 2625/2085/3665 2646/2106/3665 2626/2086/3665
f 2626/2086/3666 2646/2106/3666 2647/2107/3666
f 2626/2086/3667 2647/2107/3667 2627/2087/3667
f 2627/2087/3668 2647/2107/3668 2648/2108/3668
f 2627/2087/3669 2648/2108/3669 2628/2088/3669
f 2628/2088/3670 2648/2108/3670 2649/2109/3670
f 2628/2088/3670 2649/2109/3670 2629/2089/3670
f 2629/2089/3671 2649/2109/3671 2650/2110/3671
f 2629/2089/3672 2650/2110/3672 2630/2090/3672
f 2630/2090/3673 2650/2110/3673 2651/2111/3673
f 2630/2090/3674 2651/2111/3674 2631/2091/3674
f 2631/2091/3675 2651/2111/3675 2652/2112/3675
f 2631/2091/3676 2652/2112/3676 2632/2092/3676
f 2632/2092/3677 2652/2112/3677 2653/2113/3677
f 2632/2092/3678 2653/2113/3678 2633/2093/3678
f 2633/2093/3679 2653/2113/3679 2654/2114/3679
f 2633/2093/3679 2654/2114/3679 2634/2094/3679
f 2634/2094/3680 2654/2114/3680 2655/2115/3680
f 2634/2094/3681 2655/2115/3681 2635/2095/3681
f 2635/2095/3682 2655/2115/3682 2656/2116/3682
f 2635/2095/3683 2656/2116/3683 2636/2096/3683
f 2636/2096/3684 2656/2116/3684 2657/2117/3684
f 2636/2096/3685 2657/2117/3685 2637/2097/3685
f 2637/2097/3686 2657/2117/3686 2658/2118/3686
f 2637/2097/3686 2658/2118/3686 2638/2098/3686
f 2638/2098/3687 2658/2118/3687 2659/2119/3687
f 2638/2098/3688 2659/2119/3688 2639/2099/3688
f 2639/2099/3689 2659/2119/3689 2640/2101/3689
f 2639/2099/3689 2640/2101/3689 2620/2081/3689
f 2640/2101/3690 2660/2120/3690 2641/2100/3690
f 2641/2100/3691 2660/2120/3691 2642/2102/3691
f 2642/2102/3692 2660/2120/3692 2643/2103/3692
f 2643/2103/3693 2660/2120/3693 2644/2104/3693
f 2644/2104/3694 2660/2120/3694 2645/2105/3694
f 2645/2105/3695 2660/2120/3695 2646/2106/3695
f 2646/2106/3696 2660/2120/3696 2647/2107/3696
f 2647/2107/3697 2660/2120/3697 2648/2108/3697
f 2648/2108/3698 2660/2120/3698 2649/2109/3698
f 2649/2109/3699 2660/2120/3699 2650/2110/3699
f 2650/2110/3700 2660/2120/3700 2651/2111/3700
f 2651/2111/3701 2660/2120/3701 2652/2112/3701
f 2652/2112/3702 2660/2120/3702 2653/2113/3702
f 2653/2113/3703 2660/2120/3703 2654/2114/3703
f 2654/2114/3704 2660/2120/3704 2655/2115/3704
f 2655/2115/3705 2660/2120/3705 2656/2116/3705
f 2656/2116/3706 2660/2120/3706 2657/2117/3706
f 2657/2117/3707 2660/2120/3707 2658/2118/3707
f 2658/2118/3708 2660/2120/3708 2659/2119/3708
f 2659/2119/3709 2660/2120/3709 2640/2101/3709
f 2661/2121/3710 2662/2122/3710 2663/2123/3710
f 2662/2122/3711 2664/2124/3711 2665/2125/3711
f 2662/2122/3712 2665/2125/3712 2663/2123/3712
f 2661/2121/3713 2666/2126/3713 2662/2122/3713
f 2666/2126/3714 2667/2127/3714 2668/2128/3714
f 2666/2126/3715 2668/2128/3715 2662/2122/3715
f 2662/2122/3716 2668/2128/3716 2664/2124/3716
f 2661/2121/3717 2669/2129/3717 2666/2126/3717
f 2669/2129/3718 2670/2130/3718 2671/2131/3718
f 2669/2129/3719 2671/2131/3719 2666/2126/3719
f 2666/2126/3720 2671/2131/3720 2667/2127/3720
f 2661/2121/3721 2672/2132/3721 2669/2129/3721
f 2672/2132/3722 2673/2133/3722 2669/2129/3722
f 2669/2129/3723 2673/2133/3723 2670/2130/3723
f 2661/2121/3724 2663/2123/3724 2672/2132/3724
f 2665/2125/3725 2664/2124/3725 2674/2134/3725
f 2664/2124/3726 2668/2128/3726 2675/2135/3726
f 2668/2128/3727 2667/2127/3727 2676/2136/3727
f 2668/2128/3728 2676/2136/3728 2675/2135/3728
f 2675/2135/3729 2676/2136/3729 2677/2137/3729
f 2667/2127/3730 2671/2131/3730 2678/2138/3730
f 2671/2131/3731 2670/2130/3731 2679/2139/3731
f 2671/2131/3732 2679/2139/3732 2678/2138/3732
f 2678/2138/3733 2679/2139/3733 2680/2140/3733
f 2670/2130/3734 2673/2133/3734 2681/2141/3734
f 2664/2124/3735 2675/2135/3735 2674/2134/3735
f 2675/2135/3736 2677/2137/3736 2682/2142/3736
f 2675/2135/3737 2682/2142/3737 2674/2134/3737
f 2667/2127/3738 2678/2138/3738 2676/2136/3738
f 2678/2138/3739 2680/2140/3739 2683/2143/3739
f 2678/2138/3740 2683/2143/3740 2676/2136/3740
f 2676/2136/3741 2683/2143/3741 2677/2137/3741
f 2670/2130/3742 2681/2141/3742 2679/2139/3742
f 2681/2141/3743 2684/2144/3743 2679/2139/3743
f 2679/2139/3744 2684/2144/3744 2680/2140/3744
f 2682/2142/3745 2677/2137/3745 2685/2145/3745
f 2677/2137/3746 2683/2143/3746 2685/2145/3746
f 2683/2143/3747 2680/2140/3747 2686/2146/3747
f 2683/2143/3748 2686/2146/3748 2685/2145/3748
f 2680/2140/3749 2684/2144/3749 2686/2146/3749
f 2687/2147/3750 2689/2148/3750 2688/2149/3750
f 2688/2149/3751 2691/2150/3751 2690/2151/3751
f 2688/2149/3752 2689/2148/3752 2691/2150/3752
f 2687/2147/3753 2688/2149/3753 2692/2152/3753
f 2692/2152/3754 2694/2153/3754 2693/2154/3754
f 2692/2152/3755 2688/2149/3755 2694/2153/3755
f 2688/2149/3756 2690/2151/3756 2694/2153/3756
f 2687/2147/3757 2692/2152/3757 2695/2155/3757
f 2695/2155/3758 2697/2156/3758 2696/2157/3758
f 2695/2155/3759 2692/2152/3759 2697/2156/3759
f 2692/2152/3760 2693/2154/3760 2697/2156/3760
f 2687/2147/3761 2695/2155/3761 2698/2158/3761
f 2698/2158/3762 2695/2155/3762 2699/2159/3762
f 2695/2155/3763 2696/2157/3763 2699/2159/3763
f 2687/2147/3764 2698/2158/3764 2689/2148/3764
f 2691/2150/3765 2700/2160/3765 2690/2151/3765
f 2690/2151/3766 2701/2161/3766 2694/2153/3766
f 2694/2153/3767 2702/2162/3767 2693/2154/3767
f 2694/2153/3768 2701/2161/3768 2702/2162/3768
f 2701/2161/3769 2703/2163/3769 2702/2162/3769
f 2693/2154/3770 2704/2164/3770 2697/2156/3770
f 2697/2156/3771 2705/2165/3771 2696/2157/3771
f 2697/2156/3772 2704/2164/3772 2705/2165/3772
f 2704/2164/3773 2706/2166/3773 2705/2165/3773
f 2696/2157/3774 2707/2167/3774 2699/2159/3774
f 2690/2151/3775 2700/2160/3775 2701/2161/3775
f 2701/2161/3776 2708/2168/3776 2703/2163/3776
f 2701/2161/3777 2700/2160/3777 2708/2168/3777
f 2693/2154/3778 2702/2162/3778 2704/2164/3778
f 2704/2164/3779 2709/2169/3779 2706/2166/3779
f 2704/2164/3780 2702/2162/3780 2709/2169/3780
f 2702/2162/3781 2703/2163/3781 2709/2169/3781
f 2696/2157/3782 2705/2165/3782 2707/2167/3782
f 2707/2167/3783 2705/2165/3783 2710/2170/3783
f 2705/2165/3784 2706/2166/3784 2710/2170/3784
f 2708/2168/3785 2711/2171/3785 2703/2163/3785
f 2703/2163/3786 2711/2171/3786 2709/2169/3786
f 2709/2169/3787 2712/2172/3787 2706/2166/3787
f 2709/2169/3788 2711/2171/3788 2712/2172/3788
f 2706/2166/3789 2712/2172/3789 2710/2170/3789
f 2713/2173/3790 2715/2174/3790 2714/2175/3790
f 2716/2176/3791 2719/2177/3791 2718/2178/3791
f 2716/2176/3792 2718/2178/3792 2717/2179/3792
f 2720/2180/3793 2721/2181/3793 2716/2176/3793
f 2720/2180/3794 2716/2176/3794 2717/2179/3794
f 2722/2182/3795 2724/2183/3795 2723/2184/3795
f 2725/2185/3796 2724/2183/3796 2722/2182/3796
f 2726/2186/3797 2729/2187/3797 2728/2188/3797
f 2726/2186/3798 2728/2188/3798 2727/2189/3798
f 2729/2187/3799 2725/2185/3799 2730/2190/3799
f 2729/2187/3800 2730/2190/3800 2728/2188/3800
f 2731/2191/3801 2732/2192/3801 2729/2187/3801
f 2731/2191/3802 2729/2187/3802 2726/2186/3802
f 2732/2192/3803 2733/2193/3803 2725/2185/3803
f 2732/2192/3804 2725/2185/3804 2729/2187/3804
f 2722/2182/3805 2730/2190/3805 2725/2185/3805
f 2725/2185/3806 2733/2193/3806 2724/2183/3806
f 2713/2173/3807 2721/2181/3807 2720/2180/3807
f 2713/2173/3808 2720/2180/3808 2715/2174/3808
f 2734/2173/3809 2735/2175/3809 2736/2194/3809
f 2737/2195/3810 2738/2196/3810 2739/2197/3810
f 2737/2195/3811 2739/2197/3811 2740/2198/3811
f 2741/2199/3812 2738/2196/3812 2737/2195/3812
f 2741/2199/3813 2737/2195/3813 2742/2200/3813
f 2743/2201/3814 2744/2202/3814 2745/2203/3814
f 2746/2185/3815 2743/2201/3815 2745/2203/3815
f 2747/2204/3816 2748/2205/3816 2749/2188/3816
f 2747/2204/3817 2749/2188/3817 2750/2187/3817
f 2750/2187/3818 2749/2188/3818 2751/2190/3818
f 2750/2187/3819 2751/2190/3819 2746/2185/3819
f 2752/2206/3820 2747/2204/3820 2750/2187/3820
f 2752/2206/3821 2750/2187/3821 2753/2192/3821
f 2753/2192/3822 2750/2187/3822 2746/2185/3822
f 2753/2192/3823 2746/2185/3823 2754/2193/3823
f 2743/2201/3824 2746/2185/3824 2751/2190/3824
f 2746/2185/3825 2745/2203/3825 2754/2193/3825
f 2734/2173/3826 2736/2194/3826 2741/2199/3826
f 2734/2173/3827 2741/2199/3827 2742/2200/3827
f 2755/2207/3828 2756/2208/3828 2757/2209/3828
f 2755/2207/3829 2757/2209/3829 2826/2210/3829
f 2757/2209/3830 2756/2208/3830 2758/2211/3830
f 2759/2212/3831 2760/2213/3831 2820/2214/3831
f 2759/2212/3832 2762/2215/3832 2763/2216/3832
f 2759/2212/3833 2763/2216/3833 2760/2213/3833
f 2764/2217/3834 2765/2218/3834 2766/2219/3834
f 2767/2220/3835 2768/2221/3835 2769/2222/3835
f 2768/2221/3836 2770/2223/3836 2769/2222/3836
f 2771/2224/3837 2772/2225/3837 2807/2226/3837
f 2764/2217/3838 2774/2227/3838 2765/2218/3838
f 2765/2218/3839 2824/2228/3839 2766/2219/3839
f 2767/2220/3840 2775/2229/3840 2768/2221/3840
f 2768/2221/3841 2822/2230/3841 2770/2223/3841
f 2771/2224/3842 2807/2226/3842 2805/2231/3842
f 2771/2224/3843 2805/2231/3843 2777/2232/3843
f 2778/2233/3844 2779/2234/3844 2780/2235/3844
f 2781/2236/3845 2782/2237/3845 2818/2238/3845
f 2784/2239/3846 2785/2240/3846 2786/2225/3846
f 2778/2233/3847 2780/2235/3847 2825/2241/3847
f 2780/2235/3848 2779/2234/3848 2787/2242/3848
f 2781/2236/3849 2785/2240/3849 2784/2239/3849
f 2781/2236/3850 2784/2239/3850 2782/2237/3850
f 2805/2231/3851 2806/2243/3851 2777/2232/3851
f 2776/2244/3852 2773/2245/3852 2808/2246/3852
f 2776/2244/3853 2808/2246/3853 2788/2247/3853
f 2789/2248/3854 2790/2249/3854 2811/2250/3854
f 2809/2251/3855 2810/2252/3855 2794/2253/3855
f 2789/2248/3856 2811/2250/3856 2809/2251/3856
f 2789/2248/3857 2809/2251/3857 2794/2253/3857
f 2812/2254/3858 2793/2255/3858 2792/2256/3858
f 2812/2254/3859 2792/2256/3859 2791/2257/3859
f 2795/2258/3860 2796/2259/3860 2797/2260/3860
f 2795/2258/3861 2798/2261/3861 2796/2259/3861
f 2796/2259/3862 2823/2262/3862 2797/2260/3862
f 2799/2263/3863 2800/2264/3863 2801/2265/3863
f 2801/2265/3864 2800/2264/3864 2802/2266/3864
f 2799/2263/3865 2801/2265/3865 2821/2267/3865
f 2801/2265/3866 2802/2266/3866 2803/2268/3866
f 2763/2216/3867 2762/2215/3867 2804/2249/3867
f 2813/2269/3868 2814/2270/3868 2761/2271/3868
f 2813/2269/3869 2761/2271/3869 2819/2272/3869
f 2815/2273/3870 2816/2274/3870 2783/2275/3870
f 2815/2273/3871 2783/2275/3871 2817/2276/3871
f 2827/2207/3872 2829/2209/3872 2828/2208/3872
f 2827/2207/3873 2830/2210/3873 2829/2209/3873
f 2829/2209/3874 2831/2211/3874 2828/2208/3874
f 2832/2212/3875 2834/2214/3875 2833/2213/3875
f 2832/2212/3876 2833/2213/3876 2836/2216/3876
f 2832/2212/3877 2836/2216/3877 2835/2215/3877
f 2837/2217/3878 2839/2219/3878 2838/2218/3878
f 2840/2220/3879 2842/2222/3879 2841/2221/3879
f 2841/2221/3880 2842/2222/3880 2843/2223/3880
f 2844/2224/3881 2846/2226/3881 2845/2225/3881
f 2837/2217/3882 2838/2218/3882 2847/2227/3882
f 2838/2218/3883 2839/2219/3883 2848/2228/3883
f 2840/2220/3884 2841/2221/3884 2849/2229/3884
f 2841/2221/3885 2843/2223/3885 2850/2230/3885
f 2844/2224/3886 2852/2232/3886 2851/2231/3886
f 2844/2224/3887 2851/2231/3887 2846/2226/3887
f 2853/2233/3888 2855/2235/3888 2854/2234/3888
f 2856/2236/3889 2858/2238/3889 2857/2237/3889
f 2859/2239/3890 2861/2225/3890 2860/2240/3890
f 2853/2233/3891 2862/2241/3891 2855/2235/3891
f 2855/2235/3892 2863/2242/3892 2854/2234/3892
f 2856/2236/3893 2857/2237/3893 2859/2239/3893
f 2856/2236/3894 2859/2239/3894 2860/2240/3894
f 2851/2231/3895 2852/2232/3895 2864/2243/3895
f 2865/2244/3896 2868/2247/3896 2867/2246/3896
f 2865/2244/3897 2867/2246/3897 2866/2245/3897
f 2869/2248/3898 2871/2250/3898 2870/2249/3898
f 2872/2251/3899 2874/2253/3899 2873/2252/3899
f 2869/2248/3900 2874/2253/3900 2872/2251/3900
f 2869/2248/3901 2872/2251/3901 2871/2250/3901
f 2875/2254/3902 2878/2257/3902 2877/2256/3902
f 2875/2254/3903 2877/2256/3903 2876/2255/3903
f 2879/2258/3904 2881/2260/3904 2880/2259/3904
f 2879/2258/3905 2880/2259/3905 2882/2261/3905
f 2880/2259/3906 2881/2260/3906 2883/2262/3906
f 2884/2263/3907 2886/2265/3907 2885/2264/3907
f 2886/2265/3908 2887/2266/3908 2885/2264/3908
f 2884/2263/3909 2888/2267/3909 2886/2265/3909
f 2886/2265/3910 2889/2268/3910 2887/2266/3910
f 2836/2216/3911 2890/2249/3911 2835/2215/3911
f 2891/2269/3912 2894/2272/3912 2893/2271/3912
f 2891/2269/3913 2893/2271/3913 2892/2270/3913
f 2895/2273/3914 2898/2276/3914 2897/2275/3914
f 2895/2273/3915 2897/2275/3915 2896/2274/3915
f 2899/2277/3916 2901/2278/3916 2900/2279/3916
f 2902/2280/3917 2904/2281/3917 2903/2282/3917
f 2905/2283/3918 2900/2279/3918 2906/2284/3918
f 2907/2285/3919 2909/2286/3919 2908/2287/3919
f 2910/2288/3920 2912/2289/3920 2911/2290/3920
f 2904/2281/3921 2902/2280/3921 2899/2277/3921
f 2910/2288/3922 2914/2291/3922 2913/2292/3922
f 2913/2292/3923 2914/2291/3923 2909/2286/3923
f 2915/2293/3924 2917/2294/3924 2916/2295/3924
f 2918/2296/3925 2919/2297/3925 2907/2285/3925
f 2904/2281/3926 2921/2298/3926 2920/2299/3926
f 2904/2281/3927 2920/2299/3927 2903/2282/3927
f 2922/2300/3928 2910/2288/3928 2923/2301/3928
f 2910/2288/3929 2911/2290/3929 2923/2301/3929
f 2918/2296/3930 2907/2285/3930 2908/2287/3930
f 2909/2286/3931 2924/2302/3931 2908/2287/3931
f 2916/2295/3932 2905/2283/3932 2915/2293/3932
f 2914/2291/3933 2924/2302/3933 2909/2286/3933
f 2901/2278/3934 2906/2284/3934 2900/2279/3934
f 2902/2280/3935 2901/2278/3935 2899/2277/3935
f 2912/2289/3936 2910/2288/3936 2913/2292/3936
f 2925/2303/3937 2928/2304/3937 2927/2305/3937
f 2925/2303/3938 2927/2305/3938 2926/2306/3938
f 2929/2307/3939 2932/2308/3939 2931/2309/3939
f 2929/2307/3940 2931/2309/3940 2930/2310/3940
f 2925/2303/3941 2929/2307/3941 2930/2310/3941
f 2925/2303/3942 2930/2310/3942 2928/2304/3942
f 2933/2311/3943 2935/2312/3943 2934/2313/3943
f 2925/2303/3944 2926/2306/3944 2937/2314/3944
f 2925/2303/3945 2937/2314/3945 2936/2315/3945
f 2929/2307/3946 2925/2303/3946 2936/2315/3946
f 2929/2307/3947 2936/2315/3947 2938/2316/3947
f 2932/2308/3948 2929/2307/3948 2938/2316/3948
f 2932/2308/3949 2938/2316/3949 2939/2317/3949
f 2940/2318/3950 2943/2319/3950 2942/2320/3950
f 2940/2318/3951 2942/2320/3951 2941/2321/3951
f 2944/2322/3952 2945/2323/3952 2943/2319/3952
f 2944/2322/3953 2943/2319/3953 2940/2318/3953
f 2933/2311/3954 2947/2324/3954 2946/2325/3954
f 2948/2326/3955 2950/2327/3955 2949/2328/3955
f 2952/2329/3956 2948/2326/3956 2949/2328/3956
f 2952/2329/3957 2949/2328/3957 2951/2330/3957
f 2944/2322/3958 2940/2318/3958 2953/2331/3958
f 2940/2318/3959 2941/2321/3959 2953/2331/3959
f 2945/2323/3960 2954/2332/3960 2950/2327/3960
f 2950/2327/3961 2946/2325/3961 2943/2319/3961
f 2947/2324/3962 2942/2320/3962 2943/2319/3962
f 2947/2324/3963 2943/2319/3963 2946/2325/3963
f 2949/2328/3964 2956/2333/3964 2955/2334/3964
f 2949/2328/3965 2955/2334/3965 2951/2330/3965
f 2957/2335/3966 2958/2336/3966 2956/2333/3966
f 2957/2335/3967 2956/2333/3967 2949/2328/3967
f 2959/2337/3968 2952/2329/3968 2951/2330/3968
f 2959/2337/3969 2951/2330/3969 2960/2338/3969
f 2951/2330/3970 2955/2334/3970 2961/2339/3970
f 2951/2330/3971 2961/2339/3971 2960/2338/3971
f 2927/2305/3972 2962/2340/3972 2961/2339/3972
f 2927/2305/3973 2961/2339/3973 2955/2334/3973
f 2928/2304/3974 2963/2341/3974 2962/2340/3974
f 2928/2304/3975 2962/2340/3975 2927/2305/3975
f 2930/2310/3976 2964/2342/3976 2963/2341/3976
f 2930/2310/3977 2963/2341/3977 2928/2304/3977
f 2931/2309/3978 2965/2343/3978 2964/2342/3978
f 2931/2309/3979 2964/2342/3979 2930/2310/3979
f 2966/2344/3980 2968/2345/3980 2967/2346/3980
f 2969/2347/3981 2972/2348/3981 2971/2349/3981
f 2969/2347/3982 2971/2349/3982 2970/2350/3982
f 2973/2351/3983 2976/2352/3983 2975/2353/3983
f 2973/2351/3984 2975/2353/3984 2974/2354/3984
f 2977/2355/3985 2980/2356/3985 2979/2357/3985
f 2977/2355/3986 2979/2357/3986 2978/2358/3986
f 2981/2359/3987 2984/2360/3987 2983/2361/3987
f 2981/2359/3988 2983/2361/3988 2982/2362/3988
f 2977/2355/3989 2978/2358/3989 2984/2360/3989
f 2977/2355/3990 2984/2360/3990 2981/2359/3990
f 2985/2363/3991 2978/2358/3991 2979/2357/3991
f 2985/2363/3992 2979/2357/3992 2986/2364/3992
f 2987/2365/3993 2984/2360/3993 2978/2358/3993
f 2987/2365/3994 2978/2358/3994 2985/2363/3994
f 2988/2366/3995 2983/2361/3995 2984/2360/3995
f 2988/2366/3996 2984/2360/3996 2987/2365/3996
f 2989/2367/3997 2991/2368/3997 2990/2369/3997
f 2992/2370/3998 2993/2371/3998 2976/2352/3998
f 2992/2370/3999 2976/2352/3999 2973/2351/3999
f 2994/2372/4000 2970/2350/4000 2971/2349/4000
f 2994/2372/4001 2971/2349/4001 2995/2373/4001
f 2996/2374/4002 2998/2375/4002 2997/2376/4002
f 2999/2377/4003 3001/2378/4003 3000/2379/4003
f 2974/2354/4004 2975/2353/4004 3003/2380/4004
f 2974/2354/4005 3003/2380/4005 3002/2381/4005
f 3004/2382/4006 2972/2348/4006 2999/2377/4006
f 2977/2355/4007 3006/2383/4007 3005/2384/4007
f 2977/2355/4008 3005/2384/4008 2980/2356/4008
f 2981/2359/4009 3007/2385/4009 3006/2383/4009
f 2981/2359/4010 3006/2383/4010 2977/2355/4010
f 2982/2362/4011 3008/2386/4011 3007/2385/4011
f 2982/2362/4012 3007/2385/4012 2981/2359/4012
f 2989/2367/4013 3010/2387/4013 3009/2388/4013
f 3011/2389/4014 3014/2390/4014 3013/2391/4014
f 3011/2389/4015 3013/2391/4015 3012/2392/4015
f 3011/2389/4016 3012/2392/4016 2998/2375/4016
f 3011/2389/4017 2998/2375/4017 3015/2393/4017
f 3016/2394/4018 3019/2395/4018 3018/2396/4018
f 3016/2394/4019 3018/2396/4019 3017/2397/4019
f 3017/2397/4020 3018/2396/4020 3021/2398/4020
f 3017/2397/4021 3021/2398/4021 3020/2399/4021
f 2986/2364/4022 2979/2357/4022 3020/2399/4022
f 2986/2364/4023 3020/2399/4023 3022/2400/4023
f 2941/2321/4024 2942/2320/4024 3024/2401/4024
f 2941/2321/4025 3024/2401/4025 3023/2402/4025
f 3025/2403/4026 3026/2404/4026 3014/2390/4026
f 2944/2322/4027 2953/2331/4027 3027/2405/4027
f 3015/2393/4028 2998/2375/4028 3028/2406/4028
f 3025/2403/4029 3014/2390/4029 3011/2389/4029
f 3015/2393/4030 3025/2403/4030 3011/2389/4030
f 2932/2308/4031 3030/2407/4031 2967/2346/4031
f 2932/2308/4032 2967/2346/4032 2931/2309/4032
f 2967/2346/4033 2968/2345/4033 2965/2343/4033
f 2967/2346/4034 2965/2343/4034 2931/2309/4034
f 2988/2366/4035 2990/2369/4035 2991/2368/4035
f 2988/2366/4036 2991/2368/4036 2983/2361/4036
f 2983/2361/4037 2991/2368/4037 3009/2388/4037
f 2983/2361/4038 3009/2388/4038 2982/2362/4038
f 2982/2362/4039 3009/2388/4039 3010/2387/4039
f 2982/2362/4040 3010/2387/4040 3008/2386/4040
f 3031/2408/4041 3033/2409/4041 3032/2410/4041
f 2939/2317/4042 3033/2409/4042 3030/2407/4042
f 2939/2317/4043 3030/2407/4043 2932/2308/4043
f 2974/2354/4044 3002/2381/4044 3035/2411/4044
f 2974/2354/4045 3035/2411/4045 3034/2412/4045
f 3036/2413/4046 3039/2414/4046 3038/2415/4046
f 3036/2413/4047 3038/2415/4047 3037/2416/4047
f 3040/2417/4048 3039/2414/4048 3036/2413/4048
f 3040/2417/4049 3036/2413/4049 3041/2418/4049
f 3042/2419/4050 3043/2420/4050 3040/2417/4050
f 3042/2419/4051 3040/2417/4051 3041/2418/4051
f 2973/2351/4052 3045/2421/4052 3044/2422/4052
f 2973/2351/4053 3044/2422/4053 2992/2370/4053
f 3034/2412/4054 3045/2421/4054 2973/2351/4054
f 3034/2412/4055 2973/2351/4055 2974/2354/4055
f 3035/2411/4056 3046/2423/4056 3034/2412/4056
f 3035/2411/4057 3049/2424/4057 3048/2425/4057
f 3035/2411/4058 3048/2425/4058 3047/2426/4058
f 3039/2414/4059 3051/2427/4059 3050/2428/4059
f 3040/2417/4060 3052/2429/4060 3051/2427/4060
f 3040/2417/4061 3051/2427/4061 3039/2414/4061
f 3040/2417/4062 3043/2420/4062 3053/2430/4062
f 3040/2417/4063 3053/2430/4063 3052/2429/4063
f 3044/2422/4064 3045/2421/4064 3055/2431/4064
f 3044/2422/4065 3055/2431/4065 3054/2432/4065
f 3056/2433/4066 3055/2431/4066 3045/2421/4066
f 3057/2434/4067 3036/2413/4067 3037/2416/4067
f 3057/2434/4068 3037/2416/4068 3058/2435/4068
f 3059/2436/4069 3041/2418/4069 3036/2413/4069
f 3059/2436/4070 3036/2413/4070 3057/2434/4070
f 3060/2437/4071 3042/2419/4071 3041/2418/4071
f 3060/2437/4072 3041/2418/4072 3059/2436/4072
f 2934/2313/4073 2935/2312/4073 3062/2438/4073
f 2934/2313/4074 3062/2438/4074 3061/2439/4074
f 3061/2439/4075 3059/2436/4075 3057/2434/4075
f 3061/2439/4076 3057/2434/4076 2934/2313/4076
f 2934/2313/4077 3057/2434/4077 3058/2435/4077
f 2934/2313/4078 3058/2435/4078 2933/2311/4078
f 2975/2353/4079 3004/2382/4079 2999/2377/4079
f 2975/2353/4080 2999/2377/4080 3003/2380/4080
f 2976/2352/4081 3063/2440/4081 3004/2382/4081
f 2976/2352/4082 3004/2382/4082 2975/2353/4082
f 2993/2371/4083 3064/2441/4083 3063/2440/4083
f 2993/2371/4084 3063/2440/4084 2976/2352/4084
f 3065/2442/4085 3060/2437/4085 3059/2436/4085
f 3065/2442/4086 3059/2436/4086 3061/2439/4086
f 2998/2375/4087 3012/2392/4087 2997/2376/4087
f 2945/2323/4088 2950/2327/4088 2943/2319/4088
f 2935/2312/4089 2946/2325/4089 2950/2327/4089
f 2933/2311/4090 2946/2325/4090 2935/2312/4090
f 3065/2442/4091 3061/2439/4091 3062/2438/4091
f 3065/2442/4092 3062/2438/4092 3066/2443/4092
f 2971/2349/4093 3063/2440/4093 3064/2441/4093
f 2971/2349/4094 3064/2441/4094 2995/2373/4094
f 3004/2382/4095 3063/2440/4095 2971/2349/4095
f 3004/2382/4096 2971/2349/4096 2972/2348/4096
f 2997/2376/4097 3012/2392/4097 3001/2378/4097
f 2969/2347/4098 2997/2376/4098 2972/2348/4098
f 3012/2392/4099 3013/2391/4099 3000/2379/4099
f 3012/2392/4100 3000/2379/4100 3001/2378/4100
f 2997/2376/4101 2969/2347/4101 3018/2396/4101
f 3021/2398/4102 3018/2396/4102 2969/2347/4102
f 3021/2398/4103 2969/2347/4103 2970/2350/4103
f 2994/2372/4104 3067/2444/4104 3021/2398/4104
f 2994/2372/4105 3021/2398/4105 2970/2350/4105
f 2948/2326/4106 2935/2312/4106 2950/2327/4106
f 3062/2438/4107 2935/2312/4107 2948/2326/4107
f 3062/2438/4108 2948/2326/4108 2952/2329/4108
f 2959/2337/4109 3066/2443/4109 3062/2438/4109
f 2959/2337/4110 3062/2438/4110 2952/2329/4110
f 2958/2336/4111 2937/2314/4111 2926/2306/4111
f 2958/2336/4112 2926/2306/4112 2956/2333/4112
f 2956/2333/4113 2926/2306/4113 2927/2305/4113
f 2956/2333/4114 2927/2305/4114 2955/2334/4114
f 3017/2397/4115 2980/2356/4115 3005/2384/4115
f 3017/2397/4116 3005/2384/4116 3016/2394/4116
f 3020/2399/4117 2979/2357/4117 2980/2356/4117
f 3020/2399/4118 2980/2356/4118 3017/2397/4118
f 3021/2398/4119 3067/2444/4119 3022/2400/4119
f 3021/2398/4120 3022/2400/4120 3020/2399/4120
f 2972/2348/4121 3001/2378/4121 2999/2377/4121
f 2997/2376/4122 3001/2378/4122 2972/2348/4122
f 3068/2445/4123 3002/2381/4123 3003/2380/4123
f 3068/2445/4124 3003/2380/4124 3069/2446/4124
f 3049/2424/4125 3035/2411/4125 3002/2381/4125
f 3049/2424/4126 3002/2381/4126 3068/2445/4126
f 3037/2416/4127 3038/2415/4127 3130/2447/4127
f 3058/2435/4128 3037/2416/4128 3070/2448/4128
f 3058/2435/4129 3070/2448/4129 3072/2449/4129
f 2933/2311/4130 3058/2435/4130 3072/2449/4130
f 2933/2311/4131 3072/2449/4131 3073/2450/4131
f 2947/2324/4132 2933/2311/4132 3073/2450/4132
f 2947/2324/4133 3073/2450/4133 3074/2451/4133
f 2942/2320/4134 2947/2324/4134 3074/2451/4134
f 2942/2320/4135 3074/2451/4135 3024/2401/4135
f 3075/2452/4136 3076/2453/4136 3013/2391/4136
f 3075/2452/4137 3013/2391/4137 3014/2390/4137
f 3075/2452/4138 3014/2390/4138 3026/2404/4138
f 3077/2454/4139 3071/2455/4139 3038/2415/4139
f 3077/2454/4140 3038/2415/4140 3050/2428/4140
f 3077/2454/4141 3050/2428/4141 3078/2456/4141
f 3000/2379/4142 3080/2457/4142 3079/2458/4142
f 3000/2379/4143 3079/2458/4143 2999/2377/4143
f 3000/2379/4144 3013/2391/4144 3076/2453/4144
f 3000/2379/4145 3076/2453/4145 3080/2457/4145
f 3069/2446/4146 3003/2380/4146 2999/2377/4146
f 3069/2446/4147 2999/2377/4147 3079/2458/4147
f 2957/2335/4148 2949/2328/4148 3081/2459/4148
f 2950/2327/4149 3081/2459/4149 2949/2328/4149
f 2939/2317/4150 2938/2316/4150 3082/2460/4150
f 3033/2409/4151 2939/2317/4151 3082/2460/4151
f 3033/2409/4152 3082/2460/4152 3032/2410/4152
f 3008/2386/4153 3010/2387/4153 3084/2461/4153
f 3008/2386/4154 3084/2461/4154 3083/2462/4154
f 3007/2385/4155 3008/2386/4155 3083/2462/4155
f 3085/2463/4156 2997/2376/4156 3018/2396/4156
f 3019/2395/4157 3085/2463/4157 3018/2396/4157
f 3085/2463/4158 2996/2374/4158 2997/2376/4158
f 2950/2327/4159 2954/2332/4159 3081/2459/4159
f 3029/2464/4160 2998/2375/4160 2996/2374/4160
f 2954/2332/4161 2945/2323/4161 3086/2465/4161
f 2945/2323/4162 3087/2466/4162 3086/2465/4162
f 2944/2322/4163 3027/2405/4163 3087/2466/4163
f 2966/2344/4164 3030/2407/4164 3033/2409/4164
f 2966/2344/4165 3033/2409/4165 3031/2408/4165
f 2989/2367/4166 3009/2388/4166 2991/2368/4166
f 3030/2407/4167 2966/2344/4167 2967/2346/4167
f 2941/2321/4168 3023/2402/4168 3088/2467/4168
f 2953/2331/4169 2941/2321/4169 3088/2467/4169
f 3089/2468/4170 3015/2393/4170 3028/2406/4170
f 3025/2403/4171 3015/2393/4171 3089/2468/4171
f 3048/2425/4172 3090/2469/4172 3047/2426/4172
f 3039/2414/4173 3050/2428/4173 3038/2415/4173
f 3046/2423/4174 3056/2433/4174 3034/2412/4174
f 3035/2411/4175 3047/2426/4175 3046/2423/4175
f 3034/2412/4176 3056/2433/4176 3045/2421/4176
f 3091/2470/4177 3093/2471/4177 3092/2472/4177
f 3094/2473/4178 3096/2474/4178 3095/2475/4178
f 3097/2476/4179 3100/2477/4179 3099/2478/4179
f 3097/2476/4180 3099/2478/4180 3098/2479/4180
f 3101/2480/4181 3103/2481/4181 3102/2482/4181
f 3104/2483/4182 3106/2484/4182 3105/2485/4182
f 3092/2472/4183 3093/2471/4183 3107/2486/4183
f 3108/2487/4184 3097/2476/4184 3109/2488/4184
f 3110/2489/4185 3113/2490/4185 3111/2491/4185
f 3113/2490/4186 3110/2489/4186 3115/2492/4186
f 3113/2490/4187 3115/2492/4187 3114/2493/4187
f 3116/2494/4188 3118/2495/4188 3117/2496/4188
f 3099/2478/4189 3120/2497/4189 3119/2498/4189
f 3119/2498/4190 3121/2499/4190 3102/2482/4190
f 3092/2472/4191 3107/2486/4191 3122/2500/4191
f 3104/2483/4192 3123/2501/4192 3103/2481/4192
f 3105/2485/4193 3124/2502/4193 3123/2501/4193
f 3092/2472/4194 3122/2500/4194 3125/2503/4194
f 3107/2486/4195 3126/2504/4195 3122/2500/4195
f 3104/2483/4196 3105/2485/4196 3123/2501/4196
f 3101/2480/4197 3104/2483/4197 3103/2481/4197
f 3101/2480/4198 3102/2482/4198 3127/2505/4198
f 3121/2499/4199 3127/2505/4199 3102/2482/4199
f 3119/2498/4200 3128/2506/4200 3121/2499/4200
f 3120/2497/4201 3128/2506/4201 3119/2498/4201
f 3099/2478/4202 3100/2477/4202 3120/2497/4202
f 3091/2470/4203 3096/2474/4203 3094/2473/4203
f 3091/2470/4204 3094/2473/4204 3093/2471/4204
f 3095/2475/4205 3118/2495/4205 3116/2494/4205
f 3094/2473/4206 3095/2475/4206 3116/2494/4206
f 3114/2493/4207 3115/2492/4207 3117/2496/4207
f 3115/2492/4208 3116/2494/4208 3117/2496/4208
f 3111/2491/4209 3113/2490/4209 3112/2507/4209
f 3109/2488/4210 3097/2476/4210 3098/2479/4210
f 2905/2283/4211 3129/2508/4211 2915/2293/4211
f 3037/2416/4212 3130/2447/4212 3070/2448/4212
f 3130/2447/4213 3038/2415/4213 3071/2455/4213
f 2905/2283/4214 2906/2284/4214 3129/2508/4214
f 2998/2375/4215 3029/2464/4215 3028/2406/4215
f 2945/2323/4216 2944/2322/4216 3087/2466/4216
f 3131/2277/4217 3132/2279/4217 3133/2278/4217
f 3134/2280/4218 3135/2282/4218 3136/2281/4218
f 3137/2283/4219 3138/2284/4219 3132/2279/4219
f 3139/2285/4220 3140/2287/4220 3141/2286/4220
f 3142/2288/4221 3143/2290/4221 3144/2509/4221
f 3136/2281/4222 3131/2277/4222 3134/2280/4222
f 3142/2288/4223 3145/2292/4223 3146/2291/4223
f 3145/2292/4224 3141/2286/4224 3146/2291/4224
f 3147/2293/4225 3148/2295/4225 3149/2294/4225
f 3150/2296/4226 3139/2285/4226 3151/2297/4226
f 3136/2281/4227 3152/2299/4227 3153/2298/4227
f 3136/2281/4228 3135/2282/4228 3152/2299/4228
f 3154/2300/4229 3155/2301/4229 3142/2288/4229
f 3142/2288/4230 3155/2301/4230 3143/2290/4230
f 3150/2296/4231 3140/2287/4231 3139/2285/4231
f 3141/2286/4232 3140/2287/4232 3156/2302/4232
f 3148/2295/4233 3147/2293/4233 3137/2283/4233
f 3146/2291/4234 3141/2286/4234 3156/2302/4234
f 3133/2278/4235 3132/2279/4235 3138/2284/4235
f 3134/2280/4236 3131/2277/4236 3133/2278/4236
f 3144/2509/4237 3145/2292/4237 3142/2288/4237
f 3157/2303/4238 3158/2306/4238 3159/2305/4238
f 3157/2303/4239 3159/2305/4239 3160/2304/4239
f 3161/2307/4240 3162/2310/4240 3163/2309/4240
f 3161/2307/4241 3163/2309/4241 3164/2308/4241
f 3157/2303/4242 3160/2304/4242 3162/2310/4242
f 3157/2303/4243 3162/2310/4243 3161/2307/4243
f 3165/2311/4244 3166/2313/4244 3167/2312/4244
f 3157/2303/4245 3168/2315/4245 3169/2314/4245
f 3157/2303/4246 3169/2314/4246 3158/2306/4246
f 3161/2307/4247 3170/2316/4247 3168/2315/4247
f 3161/2307/4248 3168/2315/4248 3157/2303/4248
f 3164/2308/4249 3171/2317/4249 3170/2316/4249
f 3164/2308/4250 3170/2316/4250 3161/2307/4250
f 3172/2318/4251 3173/2321/4251 3174/2320/4251
f 3172/2318/4252 3174/2320/4252 3175/2319/4252
f 3176/2322/4253 3172/2318/4253 3175/2319/4253
f 3176/2322/4254 3175/2319/4254 3177/2323/4254
f 3165/2311/4255 3178/2325/4255 3179/2324/4255
f 3180/2326/4256 3181/2328/4256 3182/2327/4256
f 3181/2328/4257 3180/2326/4257 3184/2329/4257
f 3181/2328/4258 3184/2329/4258 3183/2330/4258
f 3176/2322/4259 3185/2331/4259 3172/2318/4259
f 3172/2318/4260 3185/2331/4260 3173/2321/4260
f 3177/2323/4261 3182/2327/4261 3186/2332/4261
f 3182/2327/4262 3175/2319/4262 3178/2325/4262
f 3175/2319/4263 3174/2320/4263 3179/2324/4263
f 3175/2319/4264 3179/2324/4264 3178/2325/4264
f 3181/2328/4265 3183/2330/4265 3187/2334/4265
f 3181/2328/4266 3187/2334/4266 3188/2333/4266
f 3189/2335/4267 3181/2328/4267 3188/2333/4267
f 3189/2335/4268 3188/2333/4268 3190/2336/4268
f 3191/2337/4269 3192/2338/4269 3183/2330/4269
f 3191/2337/4270 3183/2330/4270 3184/2329/4270
f 3183/2330/4271 3192/2338/4271 3193/2339/4271
f 3183/2330/4272 3193/2339/4272 3187/2334/4272
f 3159/2305/4273 3187/2334/4273 3193/2339/4273
f 3159/2305/4274 3193/2339/4274 3194/2340/4274
f 3160/2304/4275 3159/2305/4275 3194/2340/4275
f 3160/2304/4276 3194/2340/4276 3195/2341/4276
f 3162/2310/4277 3160/2304/4277 3195/2341/4277
f 3162/2310/4278 3195/2341/4278 3196/2342/4278
f 3163/2309/4279 3162/2310/4279 3196/2342/4279
f 3163/2309/4280 3196/2342/4280 3197/2343/4280
f 3198/2344/4281 3199/2346/4281 3200/2345/4281
f 3201/2347/4282 3202/2350/4282 3203/2349/4282
f 3201/2347/4283 3203/2349/4283 3204/2348/4283
f 3205/2351/4284 3206/2354/4284 3207/2353/4284
f 3205/2351/4285 3207/2353/4285 3208/2352/4285
f 3209/2355/4286 3210/2358/4286 3211/2357/4286
f 3209/2355/4287 3211/2357/4287 3212/2356/4287
f 3213/2359/4288 3214/2362/4288 3215/2361/4288
f 3213/2359/4289 3215/2361/4289 3216/2360/4289
f 3209/2355/4290 3213/2359/4290 3216/2360/4290
f 3209/2355/4291 3216/2360/4291 3210/2358/4291
f 3217/2363/4292 3218/2364/4292 3211/2357/4292
f 3217/2363/4293 3211/2357/4293 3210/2358/4293
f 3219/2365/4294 3217/2363/4294 3210/2358/4294
f 3219/2365/4295 3210/2358/4295 3216/2360/4295
f 3220/2366/4296 3219/2365/4296 3216/2360/4296
f 3220/2366/4297 3216/2360/4297 3215/2361/4297
f 3221/2367/4298 3222/2369/4298 3223/2368/4298
f 3224/2370/4299 3205/2351/4299 3208/2352/4299
f 3224/2370/4300 3208/2352/4300 3225/2371/4300
f 3226/2372/4301 3227/2373/4301 3203/2349/4301
f 3226/2372/4302 3203/2349/4302 3202/2350/4302
f 3228/2374/4303 3229/2376/4303 3230/2375/4303
f 3231/2377/4304 3232/2379/4304 3233/2378/4304
f 3206/2354/4305 3234/2381/4305 3235/2380/4305
f 3206/2354/4306 3235/2380/4306 3207/2353/4306
f 3236/2382/4307 3231/2377/4307 3204/2348/4307
f 3209/2355/4308 3212/2356/4308 3237/2384/4308
f 3209/2355/4309 3237/2384/4309 3238/2383/4309
f 3213/2359/4310 3209/2355/4310 3238/2383/4310
f 3213/2359/4311 3238/2383/4311 3239/2385/4311
f 3214/2362/4312 3213/2359/4312 3239/2385/4312
f 3214/2362/4313 3239/2385/4313 3240/2386/4313
f 3221/2367/4314 3241/2388/4314 3242/2387/4314
f 3243/2389/4315 3244/2392/4315 3245/2391/4315
f 3243/2389/4316 3245/2391/4316 3246/2390/4316
f 3243/2389/4317 3247/2393/4317 3230/2375/4317
f 3243/2389/4318 3230/2375/4318 3244/2392/4318
f 3248/2394/4319 3249/2397/4319 3250/2396/4319
f 3248/2394/4320 3250/2396/4320 3251/2395/4320
f 3249/2397/4321 3252/2399/4321 3253/2398/4321
f 3249/2397/4322 3253/2398/4322 3250/2396/4322
f 3218/2364/4323 3254/2400/4323 3252/2399/4323
f 3218/2364/4324 3252/2399/4324 3211/2357/4324
f 3173/2321/4325 3255/2402/4325 3256/2401/4325
f 3173/2321/4326 3256/2401/4326 3174/2320/4326
f 3257/2403/4327 3246/2390/4327 3258/2404/4327
f 3176/2322/4328 3259/2405/4328 3185/2331/4328
f 3247/2393/4329 3260/2406/4329 3230/2375/4329
f 3257/2403/4330 3243/2389/4330 3246/2390/4330
f 3247/2393/4331 3243/2389/4331 3257/2403/4331
f 3164/2308/4332 3163/2309/4332 3199/2346/4332
f 3164/2308/4333 3199/2346/4333 3262/2407/4333
f 3199/2346/4334 3163/2309/4334 3197/2343/4334
f 3199/2346/4335 3197/2343/4335 3200/2345/4335
f 3220/2366/4336 3215/2361/4336 3223/2368/4336
f 3220/2366/4337 3223/2368/4337 3222/2369/4337
f 3215/2361/4338 3214/2362/4338 3241/2388/4338
f 3215/2361/4339 3241/2388/4339 3223/2368/4339
f 3214/2362/4340 3240/2386/4340 3242/2387/4340
f 3214/2362/4341 3242/2387/4341 3241/2388/4341
f 3263/2408/4342 3264/2410/4342 3265/2409/4342
f 3171/2317/4343 3164/2308/4343 3262/2407/4343
f 3171/2317/4344 3262/2407/4344 3265/2409/4344
f 3206/2354/4345 3266/2412/4345 3267/2411/4345
f 3206/2354/4346 3267/2411/4346 3234/2381/4346
f 3268/2413/4347 3269/2416/4347 3270/2415/4347
f 3268/2413/4348 3270/2415/4348 3271/2414/4348
f 3272/2417/4349 3273/2418/4349 3268/2413/4349
f 3272/2417/4350 3268/2413/4350 3271/2414/4350
f 3274/2419/4351 3273/2418/4351 3272/2417/4351
f 3274/2419/4352 3272/2417/4352 3275/2420/4352
f 3205/2351/4353 3224/2370/4353 3276/2422/4353
f 3205/2351/4354 3276/2422/4354 3277/2421/4354
f 3266/2412/4355 3206/2354/4355 3205/2351/4355
f 3266/2412/4356 3205/2351/4356 3277/2421/4356
f 3267/2411/4357 3266/2412/4357 3278/2423/4357
f 3267/2411/4358 3279/2426/4358 3280/2425/4358
f 3267/2411/4359 3280/2425/4359 3281/2424/4359
f 3271/2414/4360 3282/2428/4360 3283/2427/4360
f 3272/2417/4361 3271/2414/4361 3283/2427/4361
f 3272/2417/4362 3283/2427/4362 3284/2429/4362
f 3272/2417/4363 3284/2429/4363 3285/2430/4363
f 3272/2417/4364 3285/2430/4364 3275/2420/4364
f 3276/2422/4365 3286/2432/4365 3287/2431/4365
f 3276/2422/4366 3287/2431/4366 3277/2421/4366
f 3288/2433/4367 3277/2421/4367 3287/2431/4367
f 3289/2434/4368 3290/2435/4368 3269/2416/4368
f 3289/2434/4369 3269/2416/4369 3268/2413/4369
f 3291/2436/4370 3289/2434/4370 3268/2413/4370
f 3291/2436/4371 3268/2413/4371 3273/2418/4371
f 3292/2437/4372 3291/2436/4372 3273/2418/4372
f 3292/2437/4373 3273/2418/4373 3274/2419/4373
f 3166/2313/4374 3293/2439/4374 3294/2438/4374
f 3166/2313/4375 3294/2438/4375 3167/2312/4375
f 3293/2439/4376 3166/2313/4376 3289/2434/4376
f 3293/2439/4377 3289/2434/4377 3291/2436/4377
f 3166/2313/4378 3165/2311/4378 3290/2435/4378
f 3166/2313/4379 3290/2435/4379 3289/2434/4379
f 3207/2353/4380 3235/2380/4380 3231/2377/4380
f 3207/2353/4381 3231/2377/4381 3236/2382/4381
f 3208/2352/4382 3207/2353/4382 3236/2382/4382
f 3208/2352/4383 3236/2382/4383 3295/2440/4383
f 3225/2371/4384 3208/2352/4384 3295/2440/4384
f 3225/2371/4385 3295/2440/4385 3296/2441/4385
f 3297/2442/4386 3293/2439/4386 3291/2436/4386
f 3297/2442/4387 3291/2436/4387 3292/2437/4387
f 3230/2375/4388 3229/2376/4388 3244/2392/4388
f 3177/2323/4389 3175/2319/4389 3182/2327/4389
f 3167/2312/4390 3182/2327/4390 3178/2325/4390
f 3165/2311/4391 3167/2312/4391 3178/2325/4391
f 3297/2442/4392 3298/2443/4392 3294/2438/4392
f 3297/2442/4393 3294/2438/4393 3293/2439/4393
f 3203/2349/4394 3227/2373/4394 3296/2441/4394
f 3203/2349/4395 3296/2441/4395 3295/2440/4395
f 3236/2382/4396 3204/2348/4396 3203/2349/4396
f 3236/2382/4397 3203/2349/4397 3295/2440/4397
f 3229/2376/4398 3233/2378/4398 3244/2392/4398
f 3201/2347/4399 3204/2348/4399 3229/2376/4399
f 3232/2379/4400 3245/2391/4400 3244/2392/4400
f 3232/2379/4401 3244/2392/4401 3233/2378/4401
f 3229/2376/4402 3250/2396/4402 3201/2347/4402
f 3253/2398/4403 3202/2350/4403 3201/2347/4403
f 3253/2398/4404 3201/2347/4404 3250/2396/4404
f 3226/2372/4405 3202/2350/4405 3253/2398/4405
f 3226/2372/4406 3253/2398/4406 3299/2444/4406
f 3180/2326/4407 3182/2327/4407 3167/2312/4407
f 3294/2438/4408 3184/2329/4408 3180/2326/4408
f 3294/2438/4409 3180/2326/4409 3167/2312/4409
f 3191/2337/4410 3184/2329/4410 3294/2438/4410
f 3191/2337/4411 3294/2438/4411 3298/2443/4411
f 3190/2336/4412 3188/2333/4412 3158/2306/4412
f 3190/2336/4413 3158/2306/4413 3169/2314/4413
f 3188/2333/4414 3187/2334/4414 3159/2305/4414
f 3188/2333/4415 3159/2305/4415 3158/2306/4415
f 3249/2397/4416 3248/2394/4416 3237/2384/4416
f 3249/2397/4417 3237/2384/4417 3212/2356/4417
f 3252/2399/4418 3249/2397/4418 3212/2356/4418
f 3252/2399/4419 3212/2356/4419 3211/2357/4419
f 3253/2398/4420 3252/2399/4420 3254/2400/4420
f 3253/2398/4421 3254/2400/4421 3299/2444/4421
f 3204/2348/4422 3231/2377/4422 3233/2378/4422
f 3229/2376/4423 3204/2348/4423 3233/2378/4423
f 3300/2445/4424 3301/2446/4424 3235/2380/4424
f 3300/2445/4425 3235/2380/4425 3234/2381/4425
f 3281/2424/4426 3300/2445/4426 3234/2381/4426
f 3281/2424/4427 3234/2381/4427 3267/2411/4427
f 3269/2416/4428 3362/2447/4428 3270/2415/4428
f 3290/2435/4429 3304/2449/4429 3302/2448/4429
f 3290/2435/4430 3302/2448/4430 3269/2416/4430
f 3165/2311/4431 3305/2450/4431 3304/2449/4431
f 3165/2311/4432 3304/2449/4432 3290/2435/4432
f 3179/2324/4433 3306/2451/4433 3305/2450/4433
f 3179/2324/4434 3305/2450/4434 3165/2311/4434
f 3174/2320/4435 3256/2401/4435 3306/2451/4435
f 3174/2320/4436 3306/2451/4436 3179/2324/4436
f 3307/2452/4437 3246/2390/4437 3245/2391/4437
f 3307/2452/4438 3245/2391/4438 3308/2453/4438
f 3307/2452/4439 3258/2404/4439 3246/2390/4439
f 3309/2454/4440 3282/2428/4440 3270/2415/4440
f 3309/2454/4441 3270/2415/4441 3303/2455/4441
f 3309/2454/4442 3310/2456/4442 3282/2428/4442
f 3232/2379/4443 3231/2377/4443 3311/2510/4443
f 3232/2379/4444 3311/2510/4444 3312/2457/4444
f 3232/2379/4445 3312/2457/4445 3308/2453/4445
f 3232/2379/4446 3308/2453/4446 3245/2391/4446
f 3301/2446/4447 3311/2510/4447 3231/2377/4447
f 3301/2446/4448 3231/2377/4448 3235/2380/4448
f 3189/2335/4449 3313/2459/4449 3181/2328/4449
f 3182/2327/4450 3181/2328/4450 3313/2459/4450
f 3171/2317/4451 3314/2460/4451 3170/2316/4451
f 3265/2409/4452 3264/2410/4452 3314/2460/4452
f 3265/2409/4453 3314/2460/4453 3171/2317/4453
f 3240/2386/4454 3315/2462/4454 3316/2461/4454
f 3240/2386/4455 3316/2461/4455 3242/2387/4455
f 3239/2385/4456 3315/2462/4456 3240/2386/4456
f 3317/2463/4457 3250/2396/4457 3229/2376/4457
f 3251/2395/4458 3250/2396/4458 3317/2463/4458
f 3317/2463/4459 3229/2376/4459 3228/2374/4459
f 3182/2327/4460 3313/2459/4460 3186/2332/4460
f 3261/2464/4461 3228/2374/4461 3230/2375/4461
f 3186/2332/4462 3318/2465/4462 3177/2323/4462
f 3177/2323/4463 3318/2465/4463 3319/2466/4463
f 3176/2322/4464 3319/2466/4464 3259/2405/4464
f 3198/2344/4465 3265/2409/4465 3262/2407/4465
f 3198/2344/4466 3263/2408/4466 3265/2409/4466
f 3221/2367/4467 3223/2368/4467 3241/2388/4467
f 3262/2407/4468 3199/2346/4468 3198/2344/4468
f 3173/2321/4469 3320/2467/4469 3255/2402/4469
f 3185/2331/4470 3320/2467/4470 3173/2321/4470
f 3321/2468/4471 3260/2406/4471 3247/2393/4471
f 3257/2403/4472 3321/2468/4472 3247/2393/4472
f 3280/2425/4473 3279/2426/4473 3322/2469/4473
f 3271/2414/4474 3270/2415/4474 3282/2428/4474
f 3278/2423/4475 3266/2412/4475 3288/2433/4475
f 3267/2411/4476 3278/2423/4476 3279/2426/4476
f 3266/2412/4477 3277/2421/4477 3288/2433/4477
f 3323/2470/4478 3324/2472/4478 3325/2471/4478
f 3326/2473/4479 3327/2475/4479 3328/2474/4479
f 3329/2476/4480 3330/2479/4480 3331/2478/4480
f 3329/2476/4481 3331/2478/4481 3332/2477/4481
f 3333/2480/4482 3334/2482/4482 3335/2481/4482
f 3336/2483/4483 3337/2485/4483 3338/2484/4483
f 3324/2472/4484 3339/2486/4484 3325/2471/4484
f 3340/2487/4485 3341/2488/4485 3329/2476/4485
f 3342/2489/4486 3343/2491/4486 3345/2490/4486
f 3345/2490/4487 3346/2493/4487 3347/2492/4487
f 3345/2490/4488 3347/2492/4488 3342/2489/4488
f 3348/2494/4489 3349/2496/4489 3350/2495/4489
f 3331/2478/4490 3351/2498/4490 3352/2497/4490
f 3351/2498/4491 3334/2482/4491 3353/2499/4491
f 3324/2472/4492 3354/2500/4492 3339/2486/4492
f 3336/2483/4493 3335/2481/4493 3355/2501/4493
f 3337/2485/4494 3355/2501/4494 3356/2502/4494
f 3324/2472/4495 3357/2503/4495 3354/2500/4495
f 3339/2486/4496 3354/2500/4496 3358/2504/4496
f 3336/2483/4497 3355/2501/4497 3337/2485/4497
f 3333/2480/4498 3335/2481/4498 3336/2483/4498
f 3333/2480/4499 3359/2505/4499 3334/2482/4499
f 3353/2499/4500 3334/2482/4500 3359/2505/4500
f 3351/2498/4501 3353/2499/4501 3360/2506/4501
f 3352/2497/4502 3351/2498/4502 3360/2506/4502
f 3331/2478/4503 3352/2497/4503 3332/2477/4503
f 3323/2470/4504 3326/2473/4504 3328/2474/4504
f 3323/2470/4505 3325/2471/4505 3326/2473/4505
f 3327/2475/4506 3348/2494/4506 3350/2495/4506
f 3326/2473/4507 3348/2494/4507 3327/2475/4507
f 3346/2493/4508 3349/2496/4508 3347/2492/4508
f 3347/2492/4509 3349/2496/4509 3348/2494/4509
f 3343/2491/4510 3344/2507/4510 3345/2490/4510
f 3341/2488/4511 3330/2479/4511 3329/2476/4511
f 3137/2283/4512 3147/2293/4512 3361/2508/4512
f 3269/2416/4513 3302/2448/4513 3362/2447/4513
f 3362/2447/4514 3303/2455/4514 3270/2415/4514
f 3137/2283/4515 3361/2508/4515 3138/2284/4515
f 3230/2375/4516 3260/2406/4516 3261/2464/4516
f 3177/2323/4517 3319/2466/4517 3176/2322/4517
f 948/986/4518 930/967/4518 942/980/4518
f 938/976/4519 956/994/4519 1001/1023/4519
f 262/268/4520 248/254/4520 278/284/4520
f 1430/1396/4521 1471/1428/4521 1446/284/4521
f 3363/2511/4522 3752/2512/4522 3364/3/4522
f 3367/8/4523 3368/9/4523 3369/10/4523
f 3367/8/4524 3369/10/4524 3370/11/4524
f 3376/2513/4525 3385/2514/4525 3374/2515/4525
f 3755/2516/4526 3375/2517/4526 3376/2513/4526
f 3377/2518/4527 4011/2519/4527 3751/2520/4527
f 3367/8/4528 3377/2518/4528 3751/2520/4528
f 3367/8/4529 3751/2520/4529 3747/933/4529
f 3380/30/4530 3363/2511/4530 3364/3/4530
f 3381/2521/4531 3379/2522/4531 3384/39/4531
f 3381/2521/4532 3384/39/4532 3382/35/4532
f 3377/2518/4533 3367/8/4533 3370/11/4533
f 3377/2518/4534 3370/11/4534 3383/36/4534
f 3386/2523/4535 3375/2517/4535 3377/2518/4535
f 3386/2523/4536 3377/2518/4536 3383/36/4536
f 3387/43/4537 3382/35/4537 3391/2524/4537
f 3378/2525/4538 3388/46/4538 3873/4/4538
f 3384/39/4539 3397/2526/4539 3391/2524/4539
f 3384/39/4540 3391/2524/4540 3382/35/4540
f 3404/2527/4541 3387/43/4541 3391/2524/4541
f 3390/2528/4542 3400/2529/4542 3401/70/4542
f 3376/2513/4543 3375/2517/4543 3396/61/4543
f 3376/2513/4544 3396/61/4544 3385/2514/4544
f 3375/2517/4545 3403/75/4545 3396/61/4545
f 3405/2530/4546 3400/2529/4546 3392/2531/4546
f 3401/70/4547 3410/93/4547 3399/2532/4547
f 3401/70/4548 3399/2532/4548 3390/2528/4548
f 3401/70/4549 4015/2533/4549 3411/2534/4549
f 3395/2535/4550 3394/2536/4550 3407/85/4550
f 4015/2533/4551 3405/2530/4551 4014/2537/4551
f 3395/2535/4552 3408/87/4552 3388/46/4552
f 3393/2538/4553 3404/2527/4553 3435/2539/4553
f 3393/2538/4554 3435/2539/4554 3414/104/4554
f 3415/2540/4555 3404/2527/4555 3391/2524/4555
f 3415/2540/4556 3391/2524/4556 3430/2541/4556
f 3401/70/4557 3411/2534/4557 3410/93/4557
f 3875/109/117 3416/110/117 3876/111/117
f 3411/2534/4558 3418/2542/4558 3431/2543/4558
f 3417/2544/4559 3419/117/4559 3420/120/4559
f 3421/2545/4560 3407/85/4560 3414/104/4560
f 3429/139/4561 3446/2546/4561 3413/2547/4561
f 3429/139/4562 3413/2547/4562 3412/2548/4562
f 3422/2549/4563 3411/2534/4563 3431/2543/4563
f 3423/126/4564 3552/472/4564 3553/473/4564
f 3395/2535/4565 3407/85/4565 3421/2545/4565
f 3424/129/133 3425/130/133 3426/131/133
f 3416/110/134 3875/109/134 3877/132/134
f 3424/129/4566 3454/199/4566 3425/130/4566
f 3405/2530/4567 3862/2550/4567 3428/2551/4567
f 3462/2552/4568 3418/2542/4568 3409/2553/4568
f 3462/2552/4569 3409/2553/4569 3442/2554/4569
f 3430/2541/4570 3391/2524/4570 3427/2555/4570
f 3426/131/4571 3425/130/4571 3452/2556/4571
f 3426/131/4572 3452/2556/4572 3451/2557/4572
f 3432/149/155 3433/150/155 3434/151/155
f 3405/2530/4573 3428/2551/4573 4014/2537/4573
f 3454/199/4574 3507/2558/4574 3452/2556/4574
f 3454/199/4575 3452/2556/4575 3425/130/4575
f 3419/117/4576 3444/2559/4576 3420/120/4576
f 3870/2560/4577 3422/2549/4577 3431/2543/4577
f 3870/2560/4578 3431/2543/4578 3436/2561/4578
f 3437/2562/4579 3415/2540/4579 3430/2541/4579
f 3438/162/4580 3431/2543/4580 3418/2542/4580
f 3439/2563/4581 3440/2564/4581 3441/168/4581
f 3439/2563/4582 3441/168/4582 3469/2565/4582
f 3414/104/4583 3435/2539/4583 3468/2566/4583
f 3414/104/4584 3468/2566/4584 3421/2545/4584
f 3433/150/4585 3460/2567/4585 3461/2568/4585
f 3433/150/4586 3461/2568/4586 3434/151/4586
f 3434/151/185 3443/175/185 3432/149/185
f 3432/149/4587 3443/175/4587 3455/202/4587
f 3404/2527/4588 3415/2540/4588 3435/2539/4588
f 3431/2543/4589 3445/181/4589 3436/2561/4589
f 3445/181/198 3438/162/198 3447/184/198
f 3429/139/4590 3457/2569/4590 3458/207/4590
f 3429/139/4591 3458/207/4591 3446/2546/4591
f 3448/187/4592 3437/2562/4592 3449/188/4592
f 3482/2570/4593 3438/162/4593 3418/2542/4593
f 3482/2570/4594 3418/2542/4594 3462/2552/4594
f 3450/192/207 3416/110/207 3877/132/207
f 3878/197/4595 3408/87/4595 3395/2535/4595
f 3878/197/4596 3395/2535/4596 3453/198/4596
f 3456/2571/4597 3472/233/4597 3475/244/4597
f 3457/2569/4598 3463/216/4598 3464/217/4598
f 3457/2569/4599 3464/217/4599 3458/207/4599
f 3448/187/237 3449/188/237 3466/220/237
f 3448/187/238 3466/220/238 3467/221/238
f 3469/2565/4600 3470/224/4600 3439/2563/4600
f 3452/2556/4601 3477/2572/4601 3491/2573/4601
f 3452/2556/4602 3491/2573/4602 3451/2557/4602
f 3465/2574/4603 3430/2541/4603 3427/2555/4603
f 3465/2574/4604 3427/2555/4604 3485/273/4604
f 3443/175/4605 3500/2575/4605 3455/202/4605
f 3435/2539/4606 3448/187/4606 3467/221/4606
f 3452/2556/4607 3536/2576/4607 3477/2572/4607
f 3473/235/4608 3622/2577/4608 3607/2578/4608
f 3471/2579/4609 3428/2551/4609 3474/239/4609
f 4014/2537/4610 3428/2551/4610 4013/2580/4610
f 3501/2581/4611 3447/184/4611 3438/162/4611
f 3501/2581/4612 3438/162/4612 3482/2570/4612
f 3461/2568/4613 3460/2567/4613 3508/2582/4613
f 3461/2568/4614 3508/2582/4614 3509/2583/4614
f 3453/198/4615 3395/2535/4615 3479/255/4615
f 3453/198/281 3479/255/281 3480/256/281
f 3479/255/4616 3395/2535/4616 3421/2545/4616
f 3479/255/4617 3421/2545/4617 3481/258/4617
f 3475/244/4618 3472/233/4618 3484/2584/4618
f 3446/2546/4619 3476/2585/4619 3413/2547/4619
f 3458/207/4620 4012/2586/4620 3483/2587/4620
f 3458/207/4621 3483/2587/4621 3446/2546/4621
f 3468/2566/4622 3467/221/4622 3517/2588/4622
f 3467/221/4623 3466/220/4623 3513/2589/4623
f 3471/2579/4624 3861/1194/4624 3483/2587/4624
f 3483/2587/4625 4012/2586/4625 4013/2580/4625
f 3483/2587/4626 4013/2580/4626 3471/2579/4626
f 3487/281/4627 3739/913/4627 3740/914/4627
f 3488/2590/4628 3458/207/4628 3464/217/4628
f 3488/2590/4629 3464/217/4629 3489/2591/4629
f 3493/2592/4630 3503/2593/4630 3525/2594/4630
f 3494/296/4631 3481/258/4631 3421/2545/4631
f 3494/296/4632 3421/2545/4632 3468/2566/4632
f 3495/297/4633 3462/2552/4633 3442/2554/4633
f 3495/297/4634 3442/2554/4634 3478/2595/4634
f 3497/301/4635 3486/2596/4635 3868/1203/4635
f 3500/2575/4636 3443/175/4636 3492/293/4636
f 3469/2565/4637 3498/306/4637 3470/224/4637
f 3485/273/4638 3503/2593/4638 3465/2574/4638
f 3502/314/364 3879/315/364 3881/316/364
f 3502/314/367 3880/318/367 3879/315/367
f 3504/2597/4639 3482/2570/4639 3462/2552/4639
f 3478/2595/4640 3488/2590/4640 3506/2598/4640
f 3478/2595/4641 3506/2598/4641 3495/297/4641
f 3502/314/376 3881/316/376 3882/323/376
f 3468/2566/4642 3510/2599/4642 3505/326/4642
f 3468/2566/4643 3505/326/4643 3494/296/4643
f 3488/2590/4644 3489/2591/4644 3506/2598/4644
f 3491/2573/4645 3477/2572/4645 3538/424/4645
f 3491/2573/4646 3538/424/4646 3539/425/4646
f 3526/2600/4647 3467/221/4647 3513/2589/4647
f 3461/2568/4648 3563/2601/4648 3492/293/4648
f 3525/2594/4649 3511/340/4649 3493/2592/4649
f 3502/314/404 3882/323/404 3883/343/404
f 3477/2572/4650 3562/2602/4650 3538/424/4650
f 3498/306/4651 3515/349/4651 3516/350/4651
f 3498/306/4652 3516/350/4652 3499/307/4652
f 3482/2570/4653 3504/2597/4653 3501/2581/4653
f 3563/2601/4654 3570/2603/4654 3500/2575/4654
f 3563/2601/4655 3500/2575/4655 3492/293/4655
f 3504/2597/4656 3506/2598/4656 3519/357/4656
f 3522/2604/4657 3520/2605/4657 3521/2606/4657
f 3522/2604/4658 3521/2606/4658 3528/2607/4658
f 3523/2608/4659 3527/2609/4659 3549/2610/4659
f 3508/2582/4660 3555/2611/4660 3509/2583/4660
f 3524/374/4661 3511/340/4661 3557/2612/4661
f 3523/2608/4662 3541/2613/4662 3533/2614/4662
f 3521/2606/4663 3520/2605/4663 3535/2615/4663
f 3468/2566/4664 3517/2588/4664 3544/2616/4664
f 3468/2566/4665 3544/2616/4665 3510/2599/4665
f 3504/2597/4666 3996/2617/4666 3501/2581/4666
f 3522/2604/4667 3534/2618/4667 3546/446/4667
f 3500/2575/4668 3576/2619/4668 3514/2620/4668
f 3517/2588/4669 3526/2600/4669 3529/2621/4669
f 3517/2588/4670 3529/2621/4670 3540/2622/4670
f 3549/2610/4671 3543/435/4671 3559/2623/4671
f 3524/374/4672 3557/2612/4672 3530/411/4672
f 3531/2624/4673 3521/2606/4673 3532/2625/4673
f 3525/2594/4674 3503/2593/4674 3537/2626/4674
f 3542/2627/4675 3526/2600/4675 3513/2589/4675
f 3530/411/4676 3542/2627/4676 3513/2589/4676
f 3514/2620/4677 3576/2619/4677 3571/2628/4677
f 3546/446/4678 3534/2618/4678 3565/2629/4678
f 3529/2621/4679 3526/2600/4679 3542/2627/4679
f 3530/411/4680 3572/2630/4680 3542/2627/4680
f 3544/2616/4681 3517/2588/4681 3540/2622/4681
f 3544/2616/4682 3540/2622/4682 3554/475/4682
f 3541/2613/4683 3549/2610/4683 3558/2631/4683
f 3541/2613/4684 3558/2631/4684 3887/1206/4684
f 3534/2618/4685 3528/2607/4685 3531/2624/4685
f 3534/2618/4686 3531/2624/4686 3548/458/4686
f 3567/2632/4687 3531/2624/4687 3532/2625/4687
f 3529/2621/4688 3542/2627/4688 3551/471/4688
f 3509/2583/4689 3589/582/4689 3563/2601/4689
f 3560/485/4690 3561/486/4690 3886/2633/4690
f 3561/486/612 3560/485/612 3564/495/612
f 3577/2634/4691 3551/471/4691 3542/2627/4691
f 3577/2634/4692 3542/2627/4692 3572/2630/4692
f 3548/458/4693 3531/2624/4693 3567/2632/4693
f 3548/458/4694 3567/2632/4694 3574/2635/4694
f 3568/510/4695 3560/485/4695 3886/2633/4695
f 3569/2636/4696 3525/2594/4696 3537/2626/4696
f 3558/2631/4697 3549/2610/4697 3889/527/4697
f 3574/2635/4698 3594/2637/4698 3575/2638/4698
f 3574/2635/4699 3575/2638/4699 3548/458/4699
f 3580/2639/4700 3573/2640/4700 3532/2625/4700
f 3567/2632/4701 3532/2625/4701 3573/2640/4701
f 3579/2641/4702 3572/2630/4702 3557/2612/4702
f 3579/2641/4703 3557/2612/4703 3569/2636/4703
f 3995/2642/4704 3583/567/4704 3562/2602/4704
f 3995/2642/4705 3562/2602/4705 3536/2576/4705
f 3573/2640/4706 3578/2643/4706 3585/2644/4706
f 3573/2640/4707 3585/2644/4707 3567/2632/4707
f 3589/582/4708 3621/658/4708 3570/2603/4708
f 3589/582/4709 3570/2603/4709 3563/2601/4709
f 3574/2635/4710 3567/2632/4710 3585/2644/4710
f 3574/2635/4711 3585/2644/4711 3587/2645/4711
f 3586/572/4712 3577/2634/4712 3572/2630/4712
f 3586/572/4713 3572/2630/4713 3579/2641/4713
f 3576/2619/4714 3621/658/4714 3639/711/4714
f 3578/2643/4715 3573/2640/4715 3590/2646/4715
f 3578/2643/4716 3590/2646/4716 3629/2647/4716
f 3591/585/4717 3626/2648/4717 3590/2646/4717
f 3591/585/4718 3590/2646/4718 3580/2639/4718
f 3592/587/770 3890/588/770 3891/589/770
f 3593/591/4719 3585/2644/4719 3578/2643/4719
f 3593/591/4720 3578/2643/4720 3599/607/4720
f 3596/598/4721 3587/2645/4721 3585/2644/4721
f 3596/598/4722 3585/2644/4722 3593/591/4722
f 3592/587/4723 3891/589/4723 3892/2649/4723
f 3559/2623/4724 3597/600/4724 3584/2650/4724
f 3575/2638/4725 3594/2637/4725 3603/2651/4725
f 3575/2638/4726 3603/2651/4726 3588/2652/4726
f 3595/2653/4727 3587/2645/4727 3596/598/4727
f 3595/2653/4728 3596/598/4728 3598/606/4728
f 3600/608/798 3596/598/798 3593/591/798
f 3600/608/799 3593/591/799 3601/609/799
f 3598/606/803 3596/598/803 3600/608/803
f 3598/606/804 3600/608/804 3602/611/804
f 3601/609/4729 3593/591/4729 3599/607/4729
f 3601/609/4730 3599/607/4730 3610/629/4730
f 3604/616/813 3605/617/813 3606/618/813
f 3602/611/4731 3613/638/4731 3614/639/4731
f 3602/611/4732 3614/639/4732 3598/606/4732
f 3604/616/4733 3606/618/4733 3612/637/4733
f 3598/606/4734 3614/639/4734 3616/2654/4734
f 3598/606/4735 3616/2654/4735 3595/2653/4735
f 3995/2642/4736 3566/2655/4736 3583/567/4736
f 3605/617/823 3608/626/823 3609/627/823
f 3604/616/833 3608/626/833 3605/617/833
f 3609/627/4737 3608/626/4737 3617/644/4737
f 3611/2656/4738 3594/2637/4738 3615/640/4738
f 3611/2656/4739 3615/640/4739 3620/656/4739
f 3595/2653/4740 3628/682/4740 3615/640/4740
f 3603/2651/4741 3594/2637/4741 3611/2656/4741
f 3603/2651/4742 3611/2656/4742 3618/2657/4742
f 3599/607/4743 3578/2643/4743 3629/2647/4743
f 3599/607/4744 3629/2647/4744 3646/2658/4744
f 3627/2659/4745 3608/626/4745 3604/616/4745
f 3627/2659/4746 3604/616/4746 3625/2660/4746
f 3619/654/869 3604/616/869 3612/637/869
f 3625/2660/4747 3604/616/4747 3619/654/4747
f 3571/2628/4748 3576/2619/4748 3639/711/4748
f 3621/658/4749 3589/582/4749 3555/2611/4749
f 3610/629/4750 3599/607/4750 3646/2658/4750
f 3610/629/4751 3646/2658/4751 3649/2661/4751
f 3892/2649/4752 3623/662/4752 3592/587/4752
f 3617/644/4753 3608/626/4753 3651/2662/4753
f 3624/664/4754 3660/2663/4754 3658/757/4754
f 3624/664/4755 3658/757/4755 3650/743/4755
f 3614/639/4756 3613/638/4756 3653/2664/4756
f 3614/639/4757 3653/2664/4757 3654/2665/4757
f 3608/626/4758 3627/2659/4758 3651/2662/4758
f 3616/2654/4759 3614/639/4759 3654/2665/4759
f 3616/2654/4760 3654/2665/4760 3655/2666/4760
f 3615/640/4761 3628/682/4761 3632/691/4761
f 3615/640/4762 3632/691/4762 3620/656/4762
f 3619/654/4763 3612/637/4763 3656/2667/4763
f 3631/2668/4764 3636/701/4764 3630/686/4764
f 3633/693/4765 3625/2660/4765 3638/710/4765
f 3633/693/4766 3638/710/4766 3644/2669/4766
f 3616/2654/4767 3655/2666/4767 3628/682/4767
f 3634/2670/4768 3631/2668/4768 3630/686/4768
f 3627/2659/4769 3625/2660/4769 3633/693/4769
f 3627/2659/4770 3633/693/4770 3635/699/4770
f 3636/701/4771 3641/724/4771 3630/686/4771
f 3632/691/4772 3628/682/4772 3657/2671/4772
f 3632/691/4773 3657/2671/4773 3661/2672/4773
f 3637/2673/4774 3588/2652/4774 3603/2651/4774
f 3637/2673/4775 3603/2651/4775 3642/725/4775
f 3638/710/4776 3619/654/4776 3656/2667/4776
f 3642/725/4777 3603/2651/4777 3618/2657/4777
f 3642/725/4778 3618/2657/4778 3645/731/4778
f 3641/724/4779 3662/2674/4779 3630/686/4779
f 3648/740/4780 3634/2670/4780 3630/686/4780
f 3640/2675/4781 3626/2648/4781 3652/2676/4781
f 3650/743/4782 3659/2677/4782 3711/859/4782
f 3664/764/4783 3646/2658/4783 3629/2647/4783
f 3664/764/4784 3629/2647/4784 3640/2675/4784
f 3685/2678/4785 3648/740/4785 3630/686/4785
f 3671/780/4786 3627/2659/4786 3635/699/4786
f 3671/780/4787 3635/699/4787 3693/824/4787
f 3660/2663/4788 3637/2673/4788 3697/2679/4788
f 3660/2663/4789 3697/2679/4789 3703/839/4789
f 3665/769/4790 3638/710/4790 3656/2667/4790
f 3707/2680/4791 3642/725/4791 3645/731/4791
f 3707/2680/4792 3645/731/4792 3708/2681/4792
f 3662/2674/4793 3674/784/4793 3630/686/4793
f 3666/773/4794 3649/2661/4794 3646/2658/4794
f 3666/773/4795 3646/2658/4795 3664/764/4795
f 3697/2679/4796 3637/2673/4796 3642/725/4796
f 3697/2679/4797 3642/725/4797 3707/2680/4797
f 3657/2671/4798 3667/776/4798 3661/2672/4798
f 3668/777/4799 3654/2665/4799 3653/2664/4799
f 3668/777/4800 3653/2664/4800 3669/778/4800
f 3644/2669/1054 3638/710/1054 3665/769/1054
f 3644/2669/4801 3665/769/4801 3670/2682/4801
f 3674/784/4802 3684/2683/4802 3630/686/4802
f 3673/2684/4803 3655/2666/4803 3654/2665/4803
f 3673/2684/4804 3654/2665/4804 3668/777/4804
f 3672/781/4805 3657/2671/4805 3655/2666/4805
f 3672/781/4806 3655/2666/4806 3673/2684/4806
f 3675/787/4807 3894/788/4807 3895/2685/4807
f 3676/791/4808 3664/764/4808 3640/2675/4808
f 3676/791/4809 3640/2675/4809 3652/2676/4809
f 3657/2671/4810 3672/781/4810 3667/776/4810
f 3862/2550/4811 3677/2686/4811 3678/2687/4811
f 3862/2550/4812 3678/2687/4812 3428/2551/4812
f 3679/2688/4813 3666/773/4813 3664/764/4813
f 3679/2688/4814 3664/764/4814 3676/791/4814
f 3680/796/4815 3681/797/4815 3682/798/4815
f 3680/796/4816 3682/798/4816 3683/799/4816
f 3669/778/4817 3694/826/4817 3695/827/4817
f 3669/778/4818 3695/827/4818 3668/777/4818
f 3667/776/4819 3672/781/4819 3698/2689/4819
f 3667/776/4820 3698/2689/4820 3700/2690/4820
f 3688/2691/4821 3680/796/4821 3683/799/4821
f 3688/2691/4822 3683/799/4822 3689/2692/4822
f 3683/799/4823 3682/798/4823 3690/2693/4823
f 3683/799/4824 3690/2693/4824 3704/2694/4824
f 3668/777/4825 3695/827/4825 3702/2695/4825
f 3668/777/4826 3702/2695/4826 3673/2684/4826
f 3691/2696/4827 3685/2678/4827 3630/686/4827
f 3684/2683/4828 3692/823/4828 3630/686/4828
f 3692/823/4829 3691/2696/4829 3630/686/4829
f 3699/2697/4830 3702/2695/4830 3709/2698/4830
f 3896/834/4831 3675/787/4831 3895/2685/4831
f 3683/799/4832 3704/2694/4832 3710/2699/4832
f 3683/799/4833 3710/2699/4833 3689/2692/4833
f 3686/2700/4834 3687/2701/4834 3705/845/4834
f 3686/2700/4835 3705/845/4835 3706/846/4835
f 3707/2680/4836 3719/872/4836 3697/2679/4836
f 3713/862/4837 3700/2690/4837 3698/2689/4837
f 3713/862/4838 3698/2689/4838 3714/863/4838
f 3708/2681/4839 3715/2702/4839 3716/2703/4839
f 3708/2681/4840 3716/2703/4840 3707/2680/4840
f 3709/2698/4841 3722/2704/4841 3712/2705/4841
f 3709/2698/4842 3712/2705/4842 3699/2697/4842
f 3715/2702/4843 3713/862/4843 3714/863/4843
f 3715/2702/4844 3714/863/4844 3716/2703/4844
f 3701/2706/4845 3686/2700/4845 3706/846/4845
f 3701/2706/4846 3706/846/4846 3717/2707/4846
f 3704/2694/4847 3690/2693/4847 3718/871/4847
f 3714/863/4848 3712/2705/4848 3732/2708/4848
f 3704/2694/4849 3718/871/4849 3710/2699/4849
f 3707/2680/4850 3716/2703/4850 3719/872/4850
f 3706/846/1189 3705/845/1189 3723/880/1189
f 3706/846/1190 3723/880/1190 3724/881/1190
f 3716/2703/4851 3714/863/4851 3732/2708/4851
f 3725/885/4852 3697/2679/4852 3719/872/4852
f 3726/886/4853 3727/887/4853 3688/2691/4853
f 3726/886/4854 3688/2691/4854 3689/2692/4854
f 3717/2707/4855 3721/875/4855 3701/2706/4855
f 3730/2709/4856 3710/2699/4856 3718/871/4856
f 3717/2707/4857 3731/2710/4857 3721/875/4857
f 3717/2707/4858 3706/846/4858 3724/881/4858
f 3717/2707/4859 3724/881/4859 3731/2710/4859
f 3689/2692/4860 3710/2699/4860 3730/2709/4860
f 3689/2692/4861 3730/2709/4861 3726/886/4861
f 3734/899/4862 3712/2705/4862 3722/2704/4862
f 3897/906/4863 3898/2711/4863 3745/925/4863
f 3736/907/1239 3725/885/1239 3719/872/1239
f 3736/907/1240 3719/872/1240 3737/908/1240
f 3719/872/4864 3732/2708/4864 3735/2712/4864
f 3719/872/4865 3735/2712/4865 3737/908/4865
f 3734/899/4866 3735/2712/4866 3732/2708/4866
f 3733/898/4867 3741/915/4867 3738/912/4867
f 3900/916/4868 3742/917/4868 3901/2713/4868
f 3745/925/4869 3899/910/4869 3904/921/4869
f 3743/922/4870 3737/908/4870 3735/2712/4870
f 3743/922/4871 3735/2712/4871 3744/923/4871
f 3742/917/4872 3907/924/4872 3901/2713/4872
f 3902/926/1261 3903/927/1261 3746/928/1261
f 3746/928/1262 3905/929/1262 3902/926/1262
f 3903/927/1263 3906/930/1263 3746/928/1263
f 3368/9/4873 3367/8/4873 3747/933/4873
f 3368/9/4874 3747/933/4874 3748/934/4874
f 3873/4/4875 3884/2714/4875 3772/2715/4875
f 3873/4/4876 3772/2715/4876 3750/2716/4876
f 3749/937/4877 3757/2717/4877 3775/1001/4877
f 3749/937/4878 3761/2718/4878 3758/959/4878
f 3378/2525/4879 3873/4/4879 3750/2716/4879
f 3363/2511/4880 3756/955/4880 3752/2512/4880
f 3759/962/4881 3781/1011/4881 3783/2719/4881
f 3760/964/4882 3768/2720/4882 3771/993/4882
f 3760/964/4883 3771/993/4883 3778/2721/4883
f 3763/2722/4884 3764/2723/4884 3762/974/4884
f 3763/2722/4885 3762/974/4885 3765/979/4885
f 3747/933/4886 3766/981/4886 3767/982/4886
f 3747/933/4887 3767/982/4887 3748/934/4887
f 3768/2720/4888 3760/964/4888 3773/997/4888
f 3769/2724/4889 3766/981/4889 3747/933/4889
f 3769/2724/4890 3747/933/4890 3751/2520/4890
f 3762/974/4891 3766/981/4891 3765/979/4891
f 3786/1018/4892 3785/1017/4892 3379/2522/4892
f 3786/1018/4893 3379/2522/4893 3381/2521/4893
f 3766/981/4894 3762/974/4894 3777/2725/4894
f 3766/981/4895 3777/2725/4895 3767/982/4895
f 3374/2515/4896 3373/2726/4896 3774/2727/4896
f 3374/2515/4897 3774/2727/4897 3799/2728/4897
f 3764/2723/4898 3763/2722/4898 3776/2729/4898
f 3760/964/4899 3778/2721/4899 3798/2730/4899
f 3779/1008/4900 3790/2731/4900 3789/1024/4900
f 3782/2732/4901 3884/2714/4901 3885/1013/4901
f 3884/2714/4902 3782/2732/4902 3772/2715/4902
f 3782/2732/4903 3885/1013/4903 3802/1058/4903
f 3782/2732/4904 3802/1058/4904 3803/2733/4904
f 3753/2734/4905 3754/2735/4905 3787/1020/4905
f 3753/2734/4906 3787/1020/4906 3788/2736/4906
f 3381/2521/4907 3801/2737/4907 3786/1018/4907
f 3796/2738/4908 3777/2725/4908 3791/2739/4908
f 3769/2724/4909 3751/2520/4909 3816/2740/4909
f 3769/2724/4910 3816/2740/4910 3823/2741/4910
f 3792/1034/4911 3823/2741/4911 3814/2742/4911
f 3793/2743/4912 3765/979/4912 3792/1034/4912
f 3793/2743/4913 3792/1034/4913 3794/2744/4913
f 3795/1041/4914 3750/2716/4914 3772/2715/4914
f 3755/2516/4915 3376/2513/4915 3374/2515/4915
f 3755/2516/4916 3374/2515/4916 3797/2745/4916
f 3374/2515/4917 3799/2728/4917 3800/1049/4917
f 3787/1020/4918 3754/2735/4918 3770/2746/4918
f 3787/1020/4919 3770/2746/4919 3808/1074/4919
f 3793/2743/4920 3794/2744/4920 3805/2747/4920
f 3804/2748/4921 3813/1081/4921 3809/1075/4921
f 3799/2728/4922 3788/2736/4922 3800/1049/4922
f 3788/2736/4923 3787/1020/4923 3800/1049/4923
f 3770/2746/4924 3784/2749/4924 3807/1073/4924
f 3770/2746/4925 3807/1073/4925 3808/1074/4925
f 3785/1017/1434 3786/1018/1434 3810/1076/1434
f 3785/1017/1435 3810/1076/1435 3811/1077/1435
f 3814/2742/4926 3823/2741/4926 3825/2750/4926
f 3815/2751/4927 3813/1081/4927 3806/1068/4927
f 3797/2745/4928 3800/1049/4928 3824/1117/4928
f 3784/2749/4929 3812/2752/4929 3365/2753/4929
f 3784/2749/4930 3365/2753/4930 3807/1073/4930
f 3786/1018/4931 3801/2737/4931 3810/1076/4931
f 3801/2737/4932 3772/2715/4932 3782/2732/4932
f 3787/1020/4933 3808/1074/4933 3824/1117/4933
f 3787/1020/4934 3824/1117/4934 3800/1049/4934
f 3755/2516/4935 3797/2745/4935 3816/2740/4935
f 3821/1103/4936 3826/1121/4936 3818/1095/4936
f 3807/1073/4937 3827/1128/4937 3824/1117/4937
f 3807/1073/4938 3824/1117/4938 3808/1074/4938
f 3803/2733/4939 3802/1058/4939 3834/1145/4939
f 3803/2733/4940 3834/1145/4940 3833/2754/4940
f 3811/1077/1521 3810/1076/1521 3828/1129/1521
f 3811/1077/1522 3828/1129/1522 3829/1130/1522
f 3810/1076/4941 3782/2732/4941 3803/2733/4941
f 3810/1076/4942 3803/2733/4942 3828/1129/4942
f 3816/2740/4943 3824/1117/4943 3827/1128/4943
f 3816/2740/4944 3827/1128/4944 3823/2741/4944
f 3830/1133/4945 3371/2755/4945 3819/2756/4945
f 3830/1133/4946 3819/2756/4946 3831/1134/4946
f 3823/2741/4947 3827/1128/4947 3836/2757/4947
f 3823/2741/4948 3836/2757/4948 3835/2758/4948
f 3836/2757/4949 3827/1128/4949 3807/1073/4949
f 3836/2757/4950 3807/1073/4950 3365/2753/4950
f 3837/1152/4951 3838/1153/4951 3839/2759/4951
f 3828/1129/4952 3803/2733/4952 3833/2754/4952
f 3828/1129/4953 3833/2754/4953 3843/1163/4953
f 3829/1130/4954 3828/1129/4954 3843/1163/4954
f 3829/1130/4955 3843/1163/4955 3842/1162/4955
f 3834/1145/4956 3837/1152/4956 3839/2759/4956
f 3834/1145/4957 3839/2759/4957 3833/2754/4957
f 3840/1158/4958 3844/1164/4958 3841/1160/4958
f 3840/1158/4959 3847/1172/4959 3844/1164/4959
f 3843/1163/1593 3845/1169/1593 3846/1170/1593
f 3843/1163/1594 3846/1170/1594 3842/1162/1594
f 3845/1169/4960 3843/1163/4960 3833/2754/4960
f 3845/1169/4961 3833/2754/4961 3839/2759/4961
f 3840/1158/4962 3850/1176/4962 3847/1172/4962
f 3848/1173/4963 3849/1175/4963 3839/2759/4963
f 3851/1178/4964 3845/1169/4964 3849/1175/4964
f 3846/1170/4965 3858/1188/4965 3852/1180/4965
f 3840/1158/4966 3853/1181/4966 3850/1176/4966
f 3854/1182/4967 3853/1181/4967 3840/1158/4967
f 3854/1182/4968 3840/1158/4968 3855/1184/4968
f 3855/1184/4969 3840/1158/4969 3856/1185/4969
f 3851/1178/4970 3858/1188/4970 3845/1169/4970
f 3849/1175/4971 3857/1186/4971 3851/1178/4971
f 3859/2760/4972 3471/2579/4972 3474/239/4972
f 3550/2761/4973 3860/2762/4973 3859/2760/4973
f 3860/2762/4974 3861/1194/4974 3471/2579/4974
f 3860/2762/4975 3471/2579/4975 3859/2760/4975
f 3402/2763/4976 3406/2764/4976 3405/2530/4976
f 3402/2763/4977 3405/2530/4977 3392/2531/4977
f 3678/2687/4978 3677/2686/4978 3863/1197/4978
f 3444/2559/4979 3419/117/4979 3864/1198/4979
f 3678/2687/4980 3474/239/4980 3428/2551/4980
f 3490/2765/4981 3497/301/4981 3867/1202/4981
f 3413/2547/4982 3476/2585/4982 3459/2766/4982
f 3504/2597/4983 3462/2552/4983 3495/297/4983
f 3506/2598/4984 3489/2591/4984 3518/356/4984
f 3506/2598/4985 3504/2597/4985 3495/297/4985
f 3541/2613/4986 3887/1206/4986 3888/1207/4986
f 3541/2613/4987 3888/1207/4987 3871/1208/4987
f 3415/2540/4988 3437/2562/4988 3448/187/4988
f 3435/2539/4989 3415/2540/4989 3448/187/4989
f 3435/2539/4990 3467/221/4990 3468/2566/4990
f 3366/2767/4991 3819/2756/4991 3371/2755/4991
f 3917/2297/4992 3915/2768/4992 3914/2769/4992
f 3910/2770/4993 3908/2771/4993 3909/2772/4993
f 3912/2773/4994 3914/2769/4994 3915/2768/4994
f 3911/2774/4995 3908/2771/4995 3916/2294/4995
f 3910/2770/4996 3909/2772/4996 3918/2298/4996
f 3919/2300/4997 3913/2775/4997 3912/2773/4997
f 3909/2772/4998 3908/2771/4998 3911/2774/4998
f 3913/2775/4999 3914/2769/4999 3912/2773/4999
f 3921/2776/5000 3934/2345/5000 3933/2777/5000
f 3922/2778/5001 3968/2779/5001 3955/2780/5001
f 3922/2778/5002 3955/2780/5002 3964/2781/5002
f 3921/2776/5003 3924/2316/5003 3923/2782/5003
f 3921/2776/5004 3923/2782/5004 3920/2783/5004
f 3964/2781/5005 3929/2784/5005 3928/2332/5005
f 3929/2784/5006 3926/2785/5006 3920/2783/5006
f 3929/2784/5007 3920/2783/5007 3923/2782/5007
f 3930/2338/5008 3964/2781/5008 3965/2443/5008
f 3930/2338/5009 3931/2786/5009 3920/2783/5009
f 3930/2338/5010 3920/2783/5010 3926/2785/5010
f 3921/2776/5011 3920/2783/5011 3931/2786/5011
f 3921/2776/5012 3931/2786/5012 3932/2342/5012
f 3953/2408/5013 3933/2777/5013 3934/2345/5013
f 3947/2787/5014 3941/2369/5014 3938/2788/5014
f 3940/2365/5015 3939/2789/5015 3937/2790/5015
f 3940/2365/5016 3937/2790/5016 3938/2788/5016
f 3943/2373/5017 3935/2791/5017 3966/2444/5017
f 3936/2792/5018 3967/2793/5018 3971/2794/5018
f 3936/2792/5019 3971/2794/5019 3935/2791/5019
f 3938/2788/5020 3937/2790/5020 3945/2795/5020
f 3938/2788/5021 3945/2795/5021 3946/2385/5021
f 3937/2790/5022 3949/2796/5022 3973/2797/5022
f 3937/2790/5023 3973/2797/5023 3945/2795/5023
f 3966/2444/5024 3949/2796/5024 3937/2790/5024
f 3966/2444/5025 3937/2790/5025 3939/2789/5025
f 3951/2403/5026 3948/2798/5026 3969/2452/5026
f 3953/2408/5027 3954/2410/5027 3933/2777/5027
f 3963/2799/5028 3955/2780/5028 3959/2800/5028
f 3963/2799/5029 3959/2800/5029 3960/2430/5029
f 3942/2801/5030 3961/2432/5030 3962/2802/5030
f 3942/2801/5031 3962/2802/5031 3936/2792/5031
f 3962/2802/5032 3956/2426/5032 3936/2792/5032
f 3955/2780/5033 3958/2428/5033 3959/2800/5033
f 3942/2801/5034 3936/2792/5034 3935/2791/5034
f 3942/2801/5035 3935/2791/5035 3943/2373/5035
f 3964/2781/5036 3955/2780/5036 3963/2799/5036
f 3964/2781/5037 3963/2799/5037 3965/2443/5037
f 3935/2791/5038 3973/2797/5038 3949/2796/5038
f 3970/2454/5039 3958/2428/5039 3968/2779/5039
f 3970/2454/5040 3997/2803/5040 3958/2428/5040
f 3992/2503/5041 3993/2504/5041 3976/2804/5041
f 3992/2503/5042 3976/2804/5042 3975/2470/5042
f 3987/2805/5043 3978/2806/5043 3976/2804/5043
f 3979/2476/5044 3980/2479/5044 3988/2807/5044
f 3979/2476/5045 3988/2807/5045 3989/2808/5045
f 3981/2480/5046 3994/2809/5046 3990/2810/5046
f 3983/2487/5047 3980/2479/5047 3979/2476/5047
f 3984/2489/5048 3985/2507/5048 3986/2490/5048
f 3986/2490/5049 3977/2811/5049 3987/2805/5049
f 3986/2490/5050 3987/2805/5050 3984/2489/5050
f 3982/2484/5051 3981/2480/5051 3990/2810/5051
f 3982/2484/5052 3990/2810/5052 3991/2502/5052
f 3933/2777/5053 3924/2316/5053 3921/2776/5053
f 3938/2788/5054 3946/2385/5054 3947/2787/5054
f 3921/2776/5055 3932/2342/5055 3934/2345/5055
f 3941/2369/5056 3940/2365/5056 3938/2788/5056
f 3575/2638/5057 3588/2652/5057 3565/2629/5057
f 3452/2556/5058 3507/2558/5058 3536/2576/5058
f 3766/981/5059 3769/2724/5059 3765/979/5059
f 3375/2517/5060 3386/2523/5060 3403/75/5060
f 3795/1041/5061 3772/2715/5061 3801/2737/5061
f 3797/2745/5062 3374/2515/5062 3800/1049/5062
f 3712/2705/5063 3698/2689/5063 3672/781/5063
f 3712/2705/5064 3672/781/5064 3699/2697/5064
f 3716/2703/5065 3732/2708/5065 3719/872/5065
f 3714/863/5066 3698/2689/5066 3712/2705/5066
f 3385/2514/5067 3373/2726/5067 3374/2515/5067
f 3503/2593/5068 3512/342/5068 3537/2626/5068
f 3590/2646/5069 3640/2675/5069 3629/2647/5069
f 3928/2332/5070 3925/2812/5070 3964/2781/5070
f 3952/2406/5071 3944/2374/5071 3948/2798/5071
f 3925/2812/5072 3927/2331/5072 3950/2402/5072
f 3948/2798/5073 3971/2794/5073 3969/2452/5073
f 3948/2798/5074 3951/2403/5074 3952/2406/5074
f 3974/2466/5075 3927/2331/5075 3925/2812/5075
f 3922/2778/5076 3964/2781/5076 3925/2812/5076
f 3922/2778/5077 3925/2812/5077 3950/2402/5077
f 3839/2759/5078 3838/1153/5078 3848/1173/5078
f 3837/1152/5079 3832/1143/5079 3838/1153/5079
f 3846/1170/5080 3845/1169/5080 3858/1188/5080
f 3445/181/5081 3431/2543/5081 3438/162/5081
f 3699/2697/5082 3672/781/5082 3673/2684/5082
f 3699/2697/5083 3673/2684/5083 3702/2695/5083
f 3549/2610/5084 3582/560/5084 3581/559/5084
f 3549/2610/5085 3581/559/5085 3889/527/5085
f 3549/2610/5086 3527/2609/5086 3543/435/5086
f 3587/2645/5087 3595/2653/5087 3594/2637/5087
f 3587/2645/5088 3594/2637/5088 3574/2635/5088
f 3590/2646/5089 3626/2648/5089 3640/2675/5089
f 3725/885/5090 3720/873/5090 3703/839/5090
f 3745/925/5091 3898/2711/5091 3899/910/5091
f 3527/2609/5092 3547/448/5092 3543/435/5092
f 3522/2604/5093 3528/2607/5093 3534/2618/5093
f 3734/899/5094 3732/2708/5094 3712/2705/5094
f 3624/664/5095 3565/2629/5095 3588/2652/5095
f 3624/664/5096 3588/2652/5096 3637/2673/5096
f 3624/664/5097 3637/2673/5097 3660/2663/5097
f 3650/743/5098 3658/757/5098 3659/2677/5098
f 3659/2677/5099 3720/873/5099 3729/2813/5099
f 3725/885/5100 3703/839/5100 3697/2679/5100
f 3509/2583/5101 3555/2611/5101 3589/582/5101
f 3507/2558/5102 3995/2642/5102 3536/2576/5102
f 3507/2558/5103 3566/2655/5103 3995/2642/5103
f 3548/458/5104 3575/2638/5104 3565/2629/5104
f 3548/458/5105 3565/2629/5105 3534/2618/5105
f 3497/301/5106 3496/299/5106 3486/2596/5106
f 3490/2765/5107 3496/299/5107 3497/301/5107
f 3456/2571/5108 3865/1199/5108 3472/233/5108
f 3472/233/5109 3866/1200/5109 3484/2584/5109
f 3417/2544/5110 3869/1204/5110 3419/117/5110
f 3804/2748/5111 3806/1068/5111 3813/1081/5111
f 3815/2751/5112 3822/1111/5112 3813/1081/5112
f 3801/2737/5113 3782/2732/5113 3810/1076/5113
f 3777/2725/5114 3796/2738/5114 3767/982/5114
f 3749/937/5115 3780/2814/5115 3761/2718/5115
f 3749/937/5116 3758/959/5116 3757/2717/5116
f 3485/273/5117 3512/342/5117 3503/2593/5117
f 3391/2524/5118 3397/2526/5118 3427/2555/5118
f 3404/2527/5119 3393/2538/5119 3387/43/5119
f 3394/2536/5120 3395/2535/5120 3388/46/5120
f 3378/2525/5121 3394/2536/5121 3388/46/5121
f 3398/64/5122 3874/37/5122 3873/4/5122
f 3398/64/5123 3873/4/5123 3388/46/5123
f 3406/2764/5124 3862/2550/5124 3405/2530/5124
f 3861/1194/5125 3476/2585/5125 3483/2587/5125
f 3411/2534/5126 3422/2549/5126 3410/93/5126
f 3411/2534/5127 3409/2553/5127 3418/2542/5127
f 3526/2600/5128 3517/2588/5128 3467/221/5128
f 3504/2597/5129 3519/357/5129 3996/2617/5129
f 3506/2598/5130 3518/356/5130 3519/357/5130
f 3498/306/5131 3499/307/5131 3470/224/5131
f 3946/2385/5132 3972/2461/5132 3947/2787/5132
f 3933/2777/5133 3954/2410/5133 3924/2316/5133
f 3372/2815/5134 3817/1088/5134 3820/1102/5134
f 3372/2815/5135 3820/1102/5135 3366/2767/5135
f 3530/411/5136 3557/2612/5136 3572/2630/5136
f 3625/2660/5137 3619/654/5137 3638/710/5137
f 3595/2653/5138 3615/640/5138 3594/2637/5138
f 3956/2426/5139 3957/2425/5139 3967/2793/5139
f 3845/1169/5140 3839/2759/5140 3849/1175/5140
f 3998/2816/5141 3999/2817/5141 4000/2818/5141
f 3999/2817/5142 4001/2819/5142 4002/2820/5142
f 3999/2817/5143 4002/2820/5143 4000/2818/5143
f 4000/2818/5144 4002/2820/5144 4003/2821/5144
f 3998/2816/5145 4000/2818/5145 4004/2822/5145
f 4000/2818/5146 4003/2821/5146 4005/2823/5146
f 4000/2818/5147 4005/2823/5147 4004/2822/5147
f 4004/2822/5148 4005/2823/5148 4006/2824/5148
f 4007/2825/5149 4008/2826/5149 4009/2827/5149
f 4008/2826/5150 4003/2821/5150 4002/2820/5150
f 4008/2826/5151 4002/2820/5151 4009/2827/5151
f 4009/2827/5152 4002/2820/5152 4001/2819/5152
f 4007/2825/5153 4010/2828/5153 4008/2826/5153
f 4010/2828/5154 4006/2824/5154 4005/2823/5154
f 4010/2828/5155 4005/2823/5155 4008/2826/5155
f 4008/2826/5156 4005/2823/5156 4003/2821/5156
f 3597/600/5157 3663/2829/5157 3647/739/5157
f 3477/2572/5158 3536/2576/5158 3562/2602/5158
f 3566/2655/5159 3872/1209/5159 3583/567/5159
f 3576/2619/5160 3570/2603/5160 3621/658/5160
f 3500/2575/5161 3570/2603/5161 3576/2619/5161
f 3500/2575/5162 3514/2620/5162 3455/202/5162
f 3461/2568/5163 3509/2583/5163 3563/2601/5163
f 3443/175/5164 3434/151/5164 3492/293/5164
f 3434/151/5165 3461/2568/5165 3492/293/5165
f 3508/2582/5166 3556/478/5166 3555/2611/5166
f 3935/2791/5167 3949/2796/5167 3966/2444/5167
f 3930/2338/5168 3926/2785/5168 3964/2781/5168
f 4011/2519/5169 3377/2518/5169 3375/2517/5169
f 3792/1034/1379 3765/979/1379 3769/2724/1379
f 3792/1034/5170 3769/2724/5170 3823/2741/5170
f 3797/2745/5171 3824/1117/5171 3816/2740/5171
f 3375/2517/5172 3755/2516/5172 4011/2519/5172
f 4011/2519/5173 3755/2516/5173 3816/2740/5173
f 4011/2519/5174 3816/2740/5174 3751/2520/5174
f 3511/340/5175 3525/2594/5175 3557/2612/5175
f 3493/2592/5176 3465/2574/5176 3503/2593/5176
f 3569/2636/5177 3557/2612/5177 3525/2594/5177
f 3458/207/4620 3488/2590/4620 4012/2586/4620
f 4012/2586/5178 3488/2590/5178 3478/2595/5178
f 4012/2586/5179 3478/2595/5179 4013/2580/5179
f 3478/2595/5180 3442/2554/5180 4014/2537/5180
f 3478/2595/5181 4014/2537/5181 4013/2580/5181
f 4014/2537/5182 3442/2554/5182 3409/2553/5182
f 4014/2537/5183 3409/2553/5183 4015/2533/5183
f 3428/2551/5184 3471/2579/5184 4013/2580/5184
f 4015/2533/5185 3400/2529/5185 3405/2530/5185
f 3446/2546/5186 3483/2587/5186 3476/2585/5186
f 4015/2533/5187 3409/2553/5187 3411/2534/5187
f 3401/70/5188 3400/2529/5188 4015/2533/5188
f 3390/2528/5189 3389/2830/5189 3400/2529/5189
f 3655/2666/5190 3657/2671/5190 3628/682/5190
f 3595/2653/5191 3616/2654/5191 3628/682/5191
f 3964/2781/5192 3926/2785/5192 3929/2784/5192
f 3928/2332/5193 3974/2466/5193 3925/2812/5193
f 3944/2374/5194 3973/2797/5194 3935/2791/5194
f 3944/2374/5195 3935/2791/5195 3948/2798/5195
f 3948/2798/5196 3935/2791/5196 3971/2794/5196
f 3987/2805/5197 3977/2811/5197 3978/2806/5197
f 3978/2806/5198 3975/2470/5198 3976/2804/5198
f 3994/2809/5199 3988/2807/5199 3990/2810/5199
f 3994/2809/5200 3989/2808/5200 3988/2807/5200
f 3955/2780/5201 3968/2779/5201 3958/2428/5201
f 3956/2426/5202 3967/2793/5202 3936/2792/5202
f 3532/2625/5203 3521/2606/5203 3545/441/5203
f 3580/2639/5204 3590/2646/5204 3573/2640/5204
f 3545/441/5205 3580/2639/5205 3532/2625/5205
f 3523/2608/5206 3549/2610/5206 3541/2613/5206
f 3531/2624/5207 3528/2607/5207 3521/2606/5207
f 3521/2606/5208 3535/2615/5208 3545/441/5208
f 3584/2650/5209 3582/560/5209 3549/2610/5209
f 3584/2650/5210 3549/2610/5210 3559/2623/5210
f 3597/600/5211 3643/729/5211 3663/2829/5211
f 3729/2813/5212 3728/889/5212 3711/859/5212
f 3729/2813/5213 3711/859/5213 3659/2677/5213
f 3643/729/5214 3696/829/5214 3663/2829/5214
f 3647/739/5215 3893/715/5215 3584/2650/5215
f 3647/739/5216 3584/2650/5216 3597/600/5216
f 3366/2767/5217 3820/1102/5217 3819/2756/5217
f 3823/2741/5218 3835/2758/5218 3825/2750/5218
f 3400/2529/5219 3389/2830/5219 3392/2531/5219
f 4016/2511/5220 4017/3/5220 4405/2512/5220
f 4020/8/5221 4023/11/5221 4022/10/5221
f 4020/8/5222 4022/10/5222 4021/9/5222
f 4029/2513/5223 4027/2515/5223 4038/2514/5223
f 4408/2516/5224 4029/2513/5224 4028/2517/5224
f 4030/2518/5225 4404/2520/5225 4664/2519/5225
f 4020/8/5226 4400/933/5226 4404/2520/5226
f 4020/8/5227 4404/2520/5227 4030/2518/5227
f 4033/30/5228 4017/3/5228 4016/2511/5228
f 4034/2521/5229 4035/35/5229 4037/39/5229
f 4034/2521/5230 4037/39/5230 4032/2522/5230
f 4030/2518/5231 4036/36/5231 4023/11/5231
f 4030/2518/5232 4023/11/5232 4020/8/5232
f 4039/2523/5233 4030/2518/5233 4028/2517/5233
f 4039/2523/5234 4036/36/5234 4030/2518/5234
f 4040/43/5235 4044/2524/5235 4035/35/5235
f 4031/2525/5236 4526/4/5236 4041/46/5236
f 4044/2524/5237 4050/2526/5237 4037/39/5237
f 4044/2524/5238 4037/39/5238 4035/35/5238
f 4057/2527/5239 4044/2524/5239 4040/43/5239
f 4043/2528/5240 4054/70/5240 4053/2529/5240
f 4029/2513/5241 4038/2514/5241 4049/61/5241
f 4029/2513/5242 4049/61/5242 4028/2517/5242
f 4028/2517/5243 4049/61/5243 4056/75/5243
f 4058/2530/5244 4045/2531/5244 4053/2529/5244
f 4052/2532/5245 4063/93/5245 4054/70/5245
f 4052/2532/5246 4054/70/5246 4043/2528/5246
f 4054/70/5247 4064/2534/5247 4668/2533/5247
f 4048/2535/5248 4060/85/5248 4047/2536/5248
f 4668/2533/5249 4667/2537/5249 4058/2530/5249
f 4048/2535/5250 4041/46/5250 4061/87/5250
f 4046/2538/5251 4067/104/5251 4088/2539/5251
f 4046/2538/5252 4088/2539/5252 4057/2527/5252
f 4068/2540/5253 4083/2541/5253 4044/2524/5253
f 4068/2540/5254 4044/2524/5254 4057/2527/5254
f 4054/70/5255 4063/93/5255 4064/2534/5255
f 4528/109/1814 4529/111/1814 4069/110/1814
f 4064/2534/5256 4084/2543/5256 4071/2542/5256
f 4070/2544/5257 4073/120/5257 4072/117/5257
f 4074/2545/5258 4067/104/5258 4060/85/5258
f 4066/2547/5259 4099/2546/5259 4082/139/5259
f 4066/2547/5260 4082/139/5260 4065/2548/5260
f 4075/2549/5261 4084/2543/5261 4064/2534/5261
f 4076/126/5262 4206/473/5262 4205/472/5262
f 4048/2535/5263 4074/2545/5263 4060/85/5263
f 4077/129/1830 4079/131/1830 4078/130/1830
f 4069/110/1831 4530/132/1831 4528/109/1831
f 4077/129/5264 4078/130/5264 4107/199/5264
f 4058/2530/5265 4081/2551/5265 4515/2550/5265
f 4115/2552/5266 4095/2554/5266 4062/2553/5266
f 4115/2552/5267 4062/2553/5267 4071/2542/5267
f 4083/2541/5268 4080/2555/5268 4044/2524/5268
f 4079/131/5269 4104/2557/5269 4105/2556/5269
f 4079/131/5270 4105/2556/5270 4078/130/5270
f 4085/149/1852 4087/151/1852 4086/150/1852
f 4058/2530/5271 4667/2537/5271 4081/2551/5271
f 4105/2556/5272 4160/2558/5272 4107/199/5272
f 4105/2556/5273 4107/199/5273 4078/130/5273
f 4072/117/5274 4073/120/5274 4097/2559/5274
f 4523/2560/5275 4089/2561/5275 4084/2543/5275
f 4523/2560/5276 4084/2543/5276 4075/2549/5276
f 4090/2562/5277 4083/2541/5277 4068/2540/5277
f 4091/162/5278 4071/2542/5278 4084/2543/5278
f 4092/2563/5279 4122/2565/5279 4094/168/5279
f 4092/2563/5280 4094/168/5280 4093/2564/5280
f 4067/104/5281 4074/2545/5281 4121/2566/5281
f 4067/104/5282 4121/2566/5282 4088/2539/5282
f 4114/2568/5283 4113/2567/5283 4086/150/5283
f 4114/2568/5284 4086/150/5284 4087/151/5284
f 4087/151/1881 4085/149/1881 4096/175/1881
f 4085/149/5285 4108/202/5285 4096/175/5285
f 4057/2527/5286 4088/2539/5286 4068/2540/5286
f 4084/2543/5287 4089/2561/5287 4098/181/5287
f 4098/181/1893 4100/184/1893 4091/162/1893
f 4082/139/5288 4099/2546/5288 4111/207/5288
f 4082/139/5289 4111/207/5289 4110/2569/5289
f 4101/187/5290 4102/188/5290 4090/2562/5290
f 4135/2570/5291 4115/2552/5291 4071/2542/5291
f 4135/2570/5292 4071/2542/5292 4091/162/5292
f 4103/192/1903 4530/132/1903 4069/110/1903
f 4531/197/5293 4106/198/5293 4048/2535/5293
f 4531/197/5294 4048/2535/5294 4061/87/5294
f 4109/2571/5295 4128/244/5295 4125/233/5295
f 4110/2569/5296 4111/207/5296 4117/217/5296
f 4110/2569/5297 4117/217/5297 4116/216/5297
f 4101/187/1933 4120/221/1933 4119/220/1933
f 4101/187/1934 4119/220/1934 4102/188/1934
f 4122/2565/5298 4092/2563/5298 4123/224/5298
f 4144/2573/5299 4130/2572/5299 4105/2556/5299
f 4144/2573/5300 4105/2556/5300 4104/2557/5300
f 4118/2574/5301 4138/273/5301 4080/2555/5301
f 4118/2574/5302 4080/2555/5302 4083/2541/5302
f 4096/175/5303 4108/202/5303 4153/2575/5303
f 4088/2539/5304 4120/221/5304 4101/187/5304
f 4105/2556/5305 4130/2572/5305 4189/2576/5305
f 4126/235/5306 4260/2578/5306 4275/2577/5306
f 4124/2579/5307 4127/239/5307 4081/2551/5307
f 4667/2537/5308 4666/2580/5308 4081/2551/5308
f 4154/2581/5309 4135/2570/5309 4091/162/5309
f 4154/2581/5310 4091/162/5310 4100/184/5310
f 4114/2568/5311 4162/2583/5311 4161/2582/5311
f 4114/2568/5312 4161/2582/5312 4113/2567/5312
f 4106/198/1975 4133/256/1975 4132/255/1975
f 4106/198/5313 4132/255/5313 4048/2535/5313
f 4132/255/5314 4134/258/5314 4074/2545/5314
f 4132/255/5315 4074/2545/5315 4048/2535/5315
f 4128/244/5316 4137/2584/5316 4125/233/5316
f 4099/2546/5317 4066/2547/5317 4129/2585/5317
f 4136/2587/5318 4665/2586/5318 4111/207/5318
f 4136/2587/5319 4111/207/5319 4099/2546/5319
f 4121/2566/5320 4170/2588/5320 4120/221/5320
f 4120/221/5321 4166/2589/5321 4119/220/5321
f 4124/2579/5322 4136/2587/5322 4514/1194/5322
f 4666/2580/5323 4665/2586/5323 4136/2587/5323
f 4666/2580/5324 4136/2587/5324 4124/2579/5324
f 4140/281/5325 4393/914/5325 4392/913/5325
f 4141/2590/5326 4142/2591/5326 4117/217/5326
f 4141/2590/5327 4117/217/5327 4111/207/5327
f 4146/2592/5328 4178/2594/5328 4156/2593/5328
f 4147/296/5329 4121/2566/5329 4074/2545/5329
f 4147/296/5330 4074/2545/5330 4134/258/5330
f 4148/297/5331 4131/2595/5331 4095/2554/5331
f 4148/297/5332 4095/2554/5332 4115/2552/5332
f 4150/301/5333 4521/1203/5333 4139/2596/5333
f 4153/2575/5334 4145/293/5334 4096/175/5334
f 4122/2565/5335 4123/224/5335 4151/306/5335
f 4138/273/5336 4118/2574/5336 4156/2593/5336
f 4155/314/2058 4534/316/2058 4532/315/2058
f 4155/314/2061 4532/315/2061 4533/318/2061
f 4157/2597/5337 4115/2552/5337 4135/2570/5337
f 4131/2595/5338 4148/297/5338 4159/2598/5338
f 4131/2595/5339 4159/2598/5339 4141/2590/5339
f 4155/314/2070 4535/323/2070 4534/316/2070
f 4158/326/5340 4163/2599/5340 4121/2566/5340
f 4158/326/5341 4121/2566/5341 4147/296/5341
f 4141/2590/5342 4159/2598/5342 4142/2591/5342
f 4144/2573/5343 4192/425/5343 4191/424/5343
f 4144/2573/5344 4191/424/5344 4130/2572/5344
f 4179/2600/5345 4166/2589/5345 4120/221/5345
f 4114/2568/5346 4145/293/5346 4216/2601/5346
f 4178/2594/5347 4146/2592/5347 4164/340/5347
f 4155/314/2098 4536/343/2098 4535/323/2098
f 4130/2572/5348 4191/424/5348 4215/2602/5348
f 4151/306/5349 4152/307/5349 4169/350/5349
f 4151/306/5350 4169/350/5350 4168/349/5350
f 4135/2570/5351 4154/2581/5351 4157/2597/5351
f 4153/2575/5352 4223/2603/5352 4216/2601/5352
f 4153/2575/5353 4216/2601/5353 4145/293/5353
f 4157/2597/5354 4172/357/5354 4159/2598/5354
f 4175/2604/5355 4181/2607/5355 4174/2606/5355
f 4175/2604/5356 4174/2606/5356 4173/2605/5356
f 4176/2608/5357 4202/2610/5357 4180/2609/5357
f 4161/2582/5358 4162/2583/5358 4208/2611/5358
f 4177/374/5359 4210/2612/5359 4164/340/5359
f 4176/2608/5360 4186/2614/5360 4194/2613/5360
f 4174/2606/5361 4188/2615/5361 4173/2605/5361
f 4121/2566/5362 4163/2599/5362 4197/2616/5362
f 4121/2566/5363 4197/2616/5363 4170/2588/5363
f 4157/2597/5364 4154/2581/5364 4649/2617/5364
f 4175/2604/5365 4199/446/5365 4187/2618/5365
f 4153/2575/5366 4167/2620/5366 4229/2619/5366
f 4170/2588/5367 4193/2622/5367 4182/2621/5367
f 4170/2588/5368 4182/2621/5368 4179/2600/5368
f 4202/2610/5369 4212/2623/5369 4196/435/5369
f 4177/374/5370 4183/411/5370 4210/2612/5370
f 4184/2624/5371 4185/2625/5371 4174/2606/5371
f 4178/2594/5372 4190/2626/5372 4156/2593/5372
f 4195/2627/5373 4166/2589/5373 4179/2600/5373
f 4183/411/5374 4166/2589/5374 4195/2627/5374
f 4167/2620/5375 4224/2628/5375 4229/2619/5375
f 4199/446/5376 4218/2629/5376 4187/2618/5376
f 4182/2621/5377 4195/2627/5377 4179/2600/5377
f 4183/411/5378 4195/2627/5378 4225/2630/5378
f 4197/2616/5379 4207/475/5379 4193/2622/5379
f 4197/2616/5380 4193/2622/5380 4170/2588/5380
f 4194/2613/5381 4540/1206/5381 4211/2631/5381
f 4194/2613/5382 4211/2631/5382 4202/2610/5382
f 4187/2618/5383 4201/458/5383 4184/2624/5383
f 4187/2618/5384 4184/2624/5384 4181/2607/5384
f 4220/2632/5385 4185/2625/5385 4184/2624/5385
f 4182/2621/5386 4204/471/5386 4195/2627/5386
f 4162/2583/5387 4216/2601/5387 4242/582/5387
f 4213/485/5388 4539/2633/5388 4214/486/5388
f 4214/486/2305 4217/495/2305 4213/485/2305
f 4230/2634/5389 4225/2630/5389 4195/2627/5389
f 4230/2634/5390 4195/2627/5390 4204/471/5390
f 4201/458/5391 4227/2635/5391 4220/2632/5391
f 4201/458/5392 4220/2632/5392 4184/2624/5392
f 4221/510/5393 4539/2633/5393 4213/485/5393
f 4222/2636/5394 4190/2626/5394 4178/2594/5394
f 4211/2631/5395 4542/527/5395 4202/2610/5395
f 4228/2638/5396 4247/2637/5396 4227/2635/5396
f 4228/2638/5397 4227/2635/5397 4201/458/5397
f 4233/2639/5398 4185/2625/5398 4226/2640/5398
f 4220/2632/5399 4226/2640/5399 4185/2625/5399
f 4232/2641/5400 4222/2636/5400 4210/2612/5400
f 4232/2641/5401 4210/2612/5401 4225/2630/5401
f 4215/2602/5402 4236/567/5402 4648/2642/5402
f 4215/2602/5403 4648/2642/5403 4189/2576/5403
f 4238/2644/5404 4231/2643/5404 4226/2640/5404
f 4238/2644/5405 4226/2640/5405 4220/2632/5405
f 4223/2603/5406 4274/658/5406 4242/582/5406
f 4223/2603/5407 4242/582/5407 4216/2601/5407
f 4227/2635/5408 4240/2645/5408 4238/2644/5408
f 4227/2635/5409 4238/2644/5409 4220/2632/5409
f 4239/572/5410 4232/2641/5410 4225/2630/5410
f 4239/572/5411 4225/2630/5411 4230/2634/5411
f 4229/2619/5412 4292/711/5412 4274/658/5412
f 4231/2643/5413 4282/2647/5413 4243/2646/5413
f 4231/2643/5414 4243/2646/5414 4226/2640/5414
f 4243/2646/5415 4279/2648/5415 4244/585/5415
f 4243/2646/5416 4244/585/5416 4233/2639/5416
f 4245/587/2463 4544/589/2463 4543/588/2463
f 4246/591/5417 4252/607/5417 4231/2643/5417
f 4246/591/5418 4231/2643/5418 4238/2644/5418
f 4249/598/5419 4246/591/5419 4238/2644/5419
f 4249/598/5420 4238/2644/5420 4240/2645/5420
f 4245/587/5421 4545/2649/5421 4544/589/5421
f 4212/2623/5422 4237/2650/5422 4250/600/5422
f 4228/2638/5423 4241/2652/5423 4256/2651/5423
f 4228/2638/5424 4256/2651/5424 4247/2637/5424
f 4248/2653/5425 4251/606/5425 4249/598/5425
f 4248/2653/5426 4249/598/5426 4240/2645/5426
f 4253/608/2491 4254/609/2491 4246/591/2491
f 4253/608/2492 4246/591/2492 4249/598/2492
f 4251/606/2496 4255/611/2496 4253/608/2496
f 4251/606/2497 4253/608/2497 4249/598/2497
f 4254/609/5427 4263/629/5427 4252/607/5427
f 4254/609/5428 4252/607/5428 4246/591/5428
f 4257/616/2506 4259/618/2506 4258/617/2506
f 4267/639/5429 4266/638/5429 4255/611/5429
f 4267/639/5430 4255/611/5430 4251/606/5430
f 4257/616/5431 4265/637/5431 4259/618/5431
f 4269/2654/5432 4267/639/5432 4251/606/5432
f 4269/2654/5433 4251/606/5433 4248/2653/5433
f 4648/2642/5434 4236/567/5434 4219/2655/5434
f 4258/617/2515 4262/627/2515 4261/626/2515
f 4257/616/2525 4258/617/2525 4261/626/2525
f 4262/627/5435 4270/644/5435 4261/626/5435
f 4264/2656/5436 4273/656/5436 4268/640/5436
f 4264/2656/5437 4268/640/5437 4247/2637/5437
f 4248/2653/5438 4268/640/5438 4281/682/5438
f 4256/2651/5439 4271/2657/5439 4264/2656/5439
f 4256/2651/5440 4264/2656/5440 4247/2637/5440
f 4252/607/5441 4299/2658/5441 4282/2647/5441
f 4252/607/5442 4282/2647/5442 4231/2643/5442
f 4280/2659/5443 4278/2660/5443 4257/616/5443
f 4280/2659/5444 4257/616/5444 4261/626/5444
f 4272/654/2561 4265/637/2561 4257/616/2561
f 4278/2660/5445 4272/654/5445 4257/616/5445
f 4224/2628/5446 4292/711/5446 4229/2619/5446
f 4274/658/5447 4208/2611/5447 4242/582/5447
f 4263/629/5448 4302/2661/5448 4299/2658/5448
f 4263/629/5449 4299/2658/5449 4252/607/5449
f 4545/2649/5450 4245/587/5450 4276/662/5450
f 4270/644/5451 4304/2662/5451 4261/626/5451
f 4277/664/5452 4303/743/5452 4311/757/5452
f 4277/664/5453 4311/757/5453 4313/2663/5453
f 4267/639/5454 4307/2665/5454 4306/2664/5454
f 4267/639/5455 4306/2664/5455 4266/638/5455
f 4304/2662/5456 4280/2659/5456 4261/626/5456
f 4269/2654/5457 4308/2666/5457 4307/2665/5457
f 4269/2654/5458 4307/2665/5458 4267/639/5458
f 4285/691/5459 4281/682/5459 4268/640/5459
f 4285/691/5460 4268/640/5460 4273/656/5460
f 4272/654/5461 4309/2667/5461 4265/637/5461
f 4284/2668/5462 4283/686/5462 4289/701/5462
f 4286/693/5463 4297/2669/5463 4291/710/5463
f 4286/693/5464 4291/710/5464 4278/2660/5464
f 4269/2654/5465 4281/682/5465 4308/2666/5465
f 4287/2670/5466 4283/686/5466 4284/2668/5466
f 4280/2659/5467 4288/699/5467 4286/693/5467
f 4280/2659/5468 4286/693/5468 4278/2660/5468
f 4289/701/5469 4283/686/5469 4294/724/5469
f 4285/691/5470 4314/2672/5470 4310/2671/5470
f 4285/691/5471 4310/2671/5471 4281/682/5471
f 4290/2673/5472 4295/725/5472 4256/2651/5472
f 4290/2673/5473 4256/2651/5473 4241/2652/5473
f 4291/710/5474 4309/2667/5474 4272/654/5474
f 4295/725/5475 4298/731/5475 4271/2657/5475
f 4295/725/5476 4271/2657/5476 4256/2651/5476
f 4294/724/5477 4283/686/5477 4315/2674/5477
f 4301/740/5478 4283/686/5478 4287/2670/5478
f 4293/2675/5479 4305/2676/5479 4279/2648/5479
f 4303/743/5480 4364/859/5480 4312/2677/5480
f 4317/764/5481 4293/2675/5481 4282/2647/5481
f 4317/764/5482 4282/2647/5482 4299/2658/5482
f 4338/2678/5483 4283/686/5483 4301/740/5483
f 4288/699/5484 4280/2659/5484 4324/780/5484
f 4288/699/5485 4324/780/5485 4346/824/5485
f 4350/2679/5486 4290/2673/5486 4313/2663/5486
f 4350/2679/5487 4313/2663/5487 4356/839/5487
f 4318/769/5488 4309/2667/5488 4291/710/5488
f 4360/2680/5489 4361/2681/5489 4298/731/5489
f 4360/2680/5490 4298/731/5490 4295/725/5490
f 4315/2674/5491 4283/686/5491 4327/784/5491
f 4319/773/5492 4317/764/5492 4299/2658/5492
f 4319/773/5493 4299/2658/5493 4302/2661/5493
f 4350/2679/5494 4360/2680/5494 4295/725/5494
f 4350/2679/5495 4295/725/5495 4290/2673/5495
f 4310/2671/5496 4314/2672/5496 4320/776/5496
f 4321/777/5497 4322/778/5497 4306/2664/5497
f 4321/777/5498 4306/2664/5498 4307/2665/5498
f 4297/2669/5499 4323/2682/5499 4318/769/5499
f 4297/2669/2747 4318/769/2747 4291/710/2747
f 4327/784/5500 4283/686/5500 4337/2683/5500
f 4326/2684/5501 4321/777/5501 4307/2665/5501
f 4326/2684/5502 4307/2665/5502 4308/2666/5502
f 4325/781/5503 4326/2684/5503 4308/2666/5503
f 4325/781/5504 4308/2666/5504 4310/2671/5504
f 4328/787/5505 4548/2685/5505 4547/788/5505
f 4329/791/5506 4305/2676/5506 4293/2675/5506
f 4329/791/5507 4293/2675/5507 4317/764/5507
f 4310/2671/5508 4320/776/5508 4325/781/5508
f 4331/2687/5509 4330/2686/5509 4515/2550/5509
f 4331/2687/5510 4515/2550/5510 4081/2551/5510
f 4332/2688/5511 4329/791/5511 4317/764/5511
f 4332/2688/5512 4317/764/5512 4319/773/5512
f 4333/796/5513 4336/799/5513 4335/798/5513
f 4333/796/5514 4335/798/5514 4334/797/5514
f 4348/827/5515 4347/826/5515 4322/778/5515
f 4348/827/5516 4322/778/5516 4321/777/5516
f 4320/776/5517 4351/2689/5517 4325/781/5517
f 4320/776/5518 4353/2690/5518 4351/2689/5518
f 4341/2691/5519 4342/2692/5519 4336/799/5519
f 4341/2691/5520 4336/799/5520 4333/796/5520
f 4336/799/5521 4357/2694/5521 4343/2693/5521
f 4336/799/5522 4343/2693/5522 4335/798/5522
f 4355/2695/5523 4348/827/5523 4321/777/5523
f 4355/2695/5524 4321/777/5524 4326/2684/5524
f 4344/2696/5525 4283/686/5525 4338/2678/5525
f 4337/2683/5526 4283/686/5526 4345/823/5526
f 4345/823/5527 4283/686/5527 4344/2696/5527
f 4352/2697/5528 4362/2698/5528 4355/2695/5528
f 4549/834/5529 4548/2685/5529 4328/787/5529
f 4336/799/5530 4342/2692/5530 4363/2699/5530
f 4336/799/5531 4363/2699/5531 4357/2694/5531
f 4339/2700/5532 4359/846/5532 4358/845/5532
f 4339/2700/5533 4358/845/5533 4340/2701/5533
f 4360/2680/5534 4350/2679/5534 4372/872/5534
f 4366/862/5535 4367/863/5535 4351/2689/5535
f 4366/862/5536 4351/2689/5536 4353/2690/5536
f 4361/2681/5537 4360/2680/5537 4369/2703/5537
f 4361/2681/5538 4369/2703/5538 4368/2702/5538
f 4365/2705/5539 4375/2704/5539 4362/2698/5539
f 4365/2705/5540 4362/2698/5540 4352/2697/5540
f 4368/2702/5541 4369/2703/5541 4367/863/5541
f 4368/2702/5542 4367/863/5542 4366/862/5542
f 4354/2706/5543 4370/2707/5543 4359/846/5543
f 4354/2706/5544 4359/846/5544 4339/2700/5544
f 4357/2694/5545 4371/871/5545 4343/2693/5545
f 4367/863/5546 4385/2708/5546 4365/2705/5546
f 4357/2694/5547 4363/2699/5547 4371/871/5547
f 4360/2680/5548 4372/872/5548 4369/2703/5548
f 4359/846/2881 4377/881/2881 4376/880/2881
f 4359/846/2882 4376/880/2882 4358/845/2882
f 4369/2703/5549 4385/2708/5549 4367/863/5549
f 4378/885/5550 4372/872/5550 4350/2679/5550
f 4379/886/5551 4342/2692/5551 4341/2691/5551
f 4379/886/5552 4341/2691/5552 4380/887/5552
f 4370/2707/5553 4354/2706/5553 4374/875/5553
f 4383/2709/5554 4371/871/5554 4363/2699/5554
f 4370/2707/5555 4374/875/5555 4384/2710/5555
f 4370/2707/5556 4384/2710/5556 4377/881/5556
f 4370/2707/5557 4377/881/5557 4359/846/5557
f 4342/2692/5558 4379/886/5558 4383/2709/5558
f 4342/2692/5559 4383/2709/5559 4363/2699/5559
f 4387/899/5560 4375/2704/5560 4365/2705/5560
f 4550/906/5561 4398/925/5561 4551/2711/5561
f 4389/907/2931 4390/908/2931 4372/872/2931
f 4389/907/2932 4372/872/2932 4378/885/2932
f 4372/872/5562 4390/908/5562 4388/2712/5562
f 4372/872/5563 4388/2712/5563 4385/2708/5563
f 4387/899/5564 4385/2708/5564 4388/2712/5564
f 4394/915/5565 4389/907/5565 4378/885/5565
f 4394/915/5566 4378/885/5566 4386/898/5566
f 4553/916/5567 4554/2713/5567 4395/917/5567
f 4398/925/5568 4557/921/5568 4552/910/5568
f 4396/922/5569 4397/923/5569 4388/2712/5569
f 4396/922/5570 4388/2712/5570 4390/908/5570
f 4395/917/5571 4554/2713/5571 4560/924/5571
f 4555/926/2953 4399/928/2953 4556/927/2953
f 4399/928/2954 4555/926/2954 4558/929/2954
f 4556/927/2955 4399/928/2955 4559/930/2955
f 4021/9/5572 4401/934/5572 4400/933/5572
f 4021/9/5573 4400/933/5573 4020/8/5573
f 4526/4/5574 4403/2716/5574 4425/2715/5574
f 4526/4/5575 4425/2715/5575 4537/2714/5575
f 4402/937/5576 4428/1001/5576 4410/2717/5576
f 4402/937/5577 4411/959/5577 4414/2718/5577
f 4031/2525/5578 4403/2716/5578 4526/4/5578
f 4016/2511/5579 4405/2512/5579 4409/955/5579
f 4412/962/5580 4436/2719/5580 4434/1011/5580
f 4413/964/5581 4424/993/5581 4421/2720/5581
f 4413/964/5582 4431/2721/5582 4424/993/5582
f 4416/2722/5583 4418/979/5583 4415/974/5583
f 4416/2722/5584 4415/974/5584 4417/2723/5584
f 4400/933/5585 4401/934/5585 4420/982/5585
f 4400/933/5586 4420/982/5586 4419/981/5586
f 4421/2720/5587 4426/997/5587 4413/964/5587
f 4422/2724/5588 4404/2520/5588 4400/933/5588
f 4422/2724/5589 4400/933/5589 4419/981/5589
f 4415/974/5590 4418/979/5590 4419/981/5590
f 4032/2522/5591 4438/1017/5591 4439/1018/5591
f 4032/2522/5592 4439/1018/5592 4034/2521/5592
f 4419/981/5593 4420/982/5593 4430/2725/5593
f 4419/981/5594 4430/2725/5594 4415/974/5594
f 4027/2515/5595 4452/2728/5595 4427/2727/5595
f 4027/2515/5596 4427/2727/5596 4026/2726/5596
f 4417/2723/5597 4429/2729/5597 4416/2722/5597
f 4413/964/5598 4451/2730/5598 4431/2721/5598
f 4432/1008/5599 4442/1024/5599 4443/2731/5599
f 4435/2732/5600 4538/1013/5600 4537/2714/5600
f 4537/2714/5601 4425/2715/5601 4435/2732/5601
f 4435/2732/5602 4456/2733/5602 4455/1058/5602
f 4435/2732/5603 4455/1058/5603 4538/1013/5603
f 4406/2734/5604 4441/2736/5604 4440/1020/5604
f 4406/2734/5605 4440/1020/5605 4407/2735/5605
f 4034/2521/5606 4439/1018/5606 4454/2737/5606
f 4449/2738/5607 4444/2739/5607 4430/2725/5607
f 4422/2724/5608 4476/2741/5608 4469/2740/5608
f 4422/2724/5609 4469/2740/5609 4404/2520/5609
f 4445/1034/5610 4467/2742/5610 4476/2741/5610
f 4446/2743/5611 4447/2744/5611 4445/1034/5611
f 4446/2743/5612 4445/1034/5612 4418/979/5612
f 4448/1041/5613 4425/2715/5613 4403/2716/5613
f 4408/2516/5614 4450/2745/5614 4027/2515/5614
f 4408/2516/5615 4027/2515/5615 4029/2513/5615
f 4027/2515/5616 4453/1049/5616 4452/2728/5616
f 4440/1020/5617 4461/1074/5617 4423/2746/5617
f 4440/1020/5618 4423/2746/5618 4407/2735/5618
f 4446/2743/5619 4458/2747/5619 4447/2744/5619
f 4457/2748/5620 4462/1075/5620 4466/1081/5620
f 4452/2728/5621 4453/1049/5621 4441/2736/5621
f 4441/2736/5622 4453/1049/5622 4440/1020/5622
f 4423/2746/5623 4461/1074/5623 4460/1073/5623
f 4423/2746/5624 4460/1073/5624 4437/2749/5624
f 4438/1017/3128 4464/1077/3128 4463/1076/3128
f 4438/1017/3129 4463/1076/3129 4439/1018/3129
f 4467/2742/5625 4478/2750/5625 4476/2741/5625
f 4468/2751/5626 4459/1068/5626 4466/1081/5626
f 4450/2745/5627 4477/1117/5627 4453/1049/5627
f 4437/2749/5628 4460/1073/5628 4018/2753/5628
f 4437/2749/5629 4018/2753/5629 4465/2752/5629
f 4439/1018/5630 4463/1076/5630 4454/2737/5630
f 4454/2737/5631 4435/2732/5631 4425/2715/5631
f 4477/1117/5632 4461/1074/5632 4440/1020/5632
f 4477/1117/5633 4440/1020/5633 4453/1049/5633
f 4408/2516/5634 4469/2740/5634 4450/2745/5634
f 4474/1103/5635 4471/1095/5635 4479/1121/5635
f 4477/1117/5636 4480/1128/5636 4460/1073/5636
f 4477/1117/5637 4460/1073/5637 4461/1074/5637
f 4456/2733/5638 4486/2754/5638 4487/1145/5638
f 4456/2733/5639 4487/1145/5639 4455/1058/5639
f 4464/1077/3215 4482/1130/3215 4481/1129/3215
f 4464/1077/3216 4481/1129/3216 4463/1076/3216
f 4463/1076/5640 4481/1129/5640 4456/2733/5640
f 4463/1076/5641 4456/2733/5641 4435/2732/5641
f 4469/2740/5642 4476/2741/5642 4480/1128/5642
f 4469/2740/5643 4480/1128/5643 4477/1117/5643
f 4483/1133/5644 4484/1134/5644 4472/2756/5644
f 4483/1133/5645 4472/2756/5645 4024/2755/5645
f 4476/2741/5646 4488/2758/5646 4489/2757/5646
f 4476/2741/5647 4489/2757/5647 4480/1128/5647
f 4460/1073/5648 4480/1128/5648 4489/2757/5648
f 4460/1073/5649 4489/2757/5649 4018/2753/5649
f 4490/1152/5650 4492/2759/5650 4491/1153/5650
f 4481/1129/5651 4496/1163/5651 4486/2754/5651
f 4481/1129/5652 4486/2754/5652 4456/2733/5652
f 4482/1130/5653 4495/1162/5653 4496/1163/5653
f 4482/1130/5654 4496/1163/5654 4481/1129/5654
f 4487/1145/5655 4486/2754/5655 4492/2759/5655
f 4487/1145/5656 4492/2759/5656 4490/1152/5656
f 4493/1158/5657 4494/1160/5657 4497/1164/5657
f 4493/1158/5658 4497/1164/5658 4500/1172/5658
f 4499/1170/3287 4498/1169/3287 4496/1163/3287
f 4499/1170/3288 4496/1163/3288 4495/1162/3288
f 4498/1169/5659 4492/2759/5659 4486/2754/5659
f 4498/1169/5660 4486/2754/5660 4496/1163/5660
f 4493/1158/5661 4500/1172/5661 4503/1176/5661
f 4501/1173/5662 4492/2759/5662 4502/1175/5662
f 4504/1178/5663 4502/1175/5663 4498/1169/5663
f 4499/1170/5664 4505/1180/5664 4511/1188/5664
f 4493/1158/5665 4503/1176/5665 4506/1181/5665
f 4507/1182/5666 4493/1158/5666 4506/1181/5666
f 4507/1182/5667 4508/1184/5667 4493/1158/5667
f 4508/1184/5668 4509/1185/5668 4493/1158/5668
f 4504/1178/5669 4498/1169/5669 4511/1188/5669
f 4502/1175/5670 4504/1178/5670 4510/1186/5670
f 4512/2760/5671 4127/239/5671 4124/2579/5671
f 4203/2761/5672 4512/2760/5672 4513/2762/5672
f 4124/2579/5673 4514/1194/5673 4513/2762/5673
f 4124/2579/5674 4513/2762/5674 4512/2760/5674
f 4058/2530/5675 4059/2764/5675 4055/2763/5675
f 4058/2530/5676 4055/2763/5676 4045/2531/5676
f 4331/2687/5677 4516/1197/5677 4330/2686/5677
f 4097/2559/5678 4517/1198/5678 4072/117/5678
f 4331/2687/5679 4081/2551/5679 4127/239/5679
f 4143/2765/5680 4520/1202/5680 4150/301/5680
f 4066/2547/5681 4112/2766/5681 4129/2585/5681
f 4157/2597/5682 4148/297/5682 4115/2552/5682
f 4159/2598/5683 4171/356/5683 4142/2591/5683
f 4159/2598/5684 4148/297/5684 4157/2597/5684
f 4194/2613/5685 4524/1208/5685 4541/1207/5685
f 4194/2613/5686 4541/1207/5686 4540/1206/5686
f 4068/2540/5687 4101/187/5687 4090/2562/5687
f 4088/2539/5688 4101/187/5688 4068/2540/5688
f 4088/2539/5689 4121/2566/5689 4120/221/5689
f 4019/2767/5690 4024/2755/5690 4472/2756/5690
f 4570/2297/5691 4567/2769/5691 4568/2768/5691
f 4563/2770/5692 4562/2772/5692 4561/2771/5692
f 4565/2773/5693 4568/2768/5693 4567/2769/5693
f 4564/2774/5694 4569/2294/5694 4561/2771/5694
f 4563/2770/5695 4571/2298/5695 4562/2772/5695
f 4572/2300/5696 4565/2773/5696 4566/2775/5696
f 4562/2772/5697 4564/2774/5697 4561/2771/5697
f 4566/2775/5698 4565/2773/5698 4567/2769/5698
f 4574/2776/5699 4586/2777/5699 4587/2345/5699
f 4575/2778/5700 4617/2781/5700 4608/2780/5700
f 4575/2778/5701 4608/2780/5701 4621/2779/5701
f 4574/2776/5702 4573/2783/5702 4576/2782/5702
f 4574/2776/5703 4576/2782/5703 4577/2316/5703
f 4617/2781/5704 4581/2332/5704 4582/2784/5704
f 4582/2784/5705 4576/2782/5705 4573/2783/5705
f 4582/2784/5706 4573/2783/5706 4579/2785/5706
f 4583/2338/5707 4618/2443/5707 4617/2781/5707
f 4573/2783/5708 4584/2786/5708 4583/2338/5708
f 4573/2783/5709 4583/2338/5709 4579/2785/5709
f 4574/2776/5710 4585/2342/5710 4584/2786/5710
f 4574/2776/5711 4584/2786/5711 4573/2783/5711
f 4606/2408/5712 4587/2345/5712 4586/2777/5712
f 4600/2787/5713 4591/2788/5713 4594/2369/5713
f 4593/2365/5714 4591/2788/5714 4590/2790/5714
f 4593/2365/5715 4590/2790/5715 4592/2789/5715
f 4596/2373/5716 4619/2444/5716 4588/2791/5716
f 4589/2792/5717 4588/2791/5717 4624/2794/5717
f 4589/2792/5718 4624/2794/5718 4620/2793/5718
f 4591/2788/5719 4599/2385/5719 4598/2795/5719
f 4591/2788/5720 4598/2795/5720 4590/2790/5720
f 4626/2797/5721 4602/2796/5721 4590/2790/5721
f 4626/2797/5722 4590/2790/5722 4598/2795/5722
f 4590/2790/5723 4602/2796/5723 4619/2444/5723
f 4590/2790/5724 4619/2444/5724 4592/2789/5724
f 4604/2403/5725 4622/2452/5725 4601/2798/5725
f 4606/2408/5726 4586/2777/5726 4607/2410/5726
f 4616/2799/5727 4613/2430/5727 4612/2800/5727
f 4616/2799/5728 4612/2800/5728 4608/2780/5728
f 4615/2802/5729 4614/2432/5729 4595/2801/5729
f 4615/2802/5730 4595/2801/5730 4589/2792/5730
f 4615/2802/5731 4589/2792/5731 4609/2426/5731
f 4608/2780/5732 4612/2800/5732 4611/2428/5732
f 4595/2801/5733 4596/2373/5733 4588/2791/5733
f 4595/2801/5734 4588/2791/5734 4589/2792/5734
f 4616/2799/5735 4608/2780/5735 4617/2781/5735
f 4616/2799/5736 4617/2781/5736 4618/2443/5736
f 4588/2791/5737 4602/2796/5737 4626/2797/5737
f 4623/2454/5738 4621/2779/5738 4611/2428/5738
f 4623/2454/5739 4611/2428/5739 4650/2803/5739
f 4629/2804/5740 4646/2504/5740 4645/2503/5740
f 4629/2804/5741 4645/2503/5741 4628/2470/5741
f 4640/2805/5742 4629/2804/5742 4631/2806/5742
f 4632/2476/5743 4642/2808/5743 4641/2807/5743
f 4632/2476/5744 4641/2807/5744 4633/2479/5744
f 4634/2480/5745 4643/2810/5745 4647/2809/5745
f 4636/2487/5746 4632/2476/5746 4633/2479/5746
f 4637/2489/5747 4639/2490/5747 4638/2507/5747
f 4639/2490/5748 4637/2489/5748 4640/2805/5748
f 4639/2490/5749 4640/2805/5749 4630/2811/5749
f 4635/2484/5750 4644/2502/5750 4643/2810/5750
f 4635/2484/5751 4643/2810/5751 4634/2480/5751
f 4586/2777/5752 4574/2776/5752 4577/2316/5752
f 4591/2788/5753 4600/2787/5753 4599/2385/5753
f 4574/2776/5754 4587/2345/5754 4585/2342/5754
f 4594/2369/5755 4591/2788/5755 4593/2365/5755
f 4228/2638/5756 4218/2629/5756 4241/2652/5756
f 4105/2556/5757 4189/2576/5757 4160/2558/5757
f 4419/981/5758 4418/979/5758 4422/2724/5758
f 4028/2517/5759 4056/75/5759 4039/2523/5759
f 4448/1041/5760 4454/2737/5760 4425/2715/5760
f 4450/2745/5761 4453/1049/5761 4027/2515/5761
f 4325/781/5762 4351/2689/5762 4365/2705/5762
f 4325/781/5763 4365/2705/5763 4352/2697/5763
f 4369/2703/5764 4372/872/5764 4385/2708/5764
f 4367/863/5765 4365/2705/5765 4351/2689/5765
f 4038/2514/5766 4027/2515/5766 4026/2726/5766
f 4156/2593/5767 4190/2626/5767 4165/342/5767
f 4243/2646/5768 4282/2647/5768 4293/2675/5768
f 4581/2332/5769 4617/2781/5769 4578/2812/5769
f 4605/2406/5770 4601/2798/5770 4597/2374/5770
f 4578/2812/5771 4603/2402/5771 4580/2331/5771
f 4601/2798/5772 4622/2452/5772 4624/2794/5772
f 4601/2798/5773 4605/2406/5773 4604/2403/5773
f 4627/2466/5774 4578/2812/5774 4580/2331/5774
f 4575/2778/5775 4603/2402/5775 4578/2812/5775
f 4575/2778/5776 4578/2812/5776 4617/2781/5776
f 4492/2759/5777 4501/1173/5777 4491/1153/5777
f 4490/1152/5778 4491/1153/5778 4485/1143/5778
f 4499/1170/5779 4511/1188/5779 4498/1169/5779
f 4098/181/5780 4091/162/5780 4084/2543/5780
f 4352/2697/5781 4326/2684/5781 4325/781/5781
f 4352/2697/5782 4355/2695/5782 4326/2684/5782
f 4202/2610/5783 4542/527/5783 4234/559/5783
f 4202/2610/5784 4234/559/5784 4235/560/5784
f 4202/2610/5785 4196/435/5785 4180/2609/5785
f 4247/2637/5786 4248/2653/5786 4240/2645/5786
f 4247/2637/5787 4240/2645/5787 4227/2635/5787
f 4243/2646/5788 4293/2675/5788 4279/2648/5788
f 4378/885/5789 4373/873/5789 4386/898/5789
f 4398/925/5790 4552/910/5790 4551/2711/5790
f 4180/2609/5791 4196/435/5791 4200/448/5791
f 4175/2604/5792 4187/2618/5792 4181/2607/5792
f 4387/899/5793 4365/2705/5793 4385/2708/5793
f 4277/664/5794 4290/2673/5794 4241/2652/5794
f 4277/664/5795 4241/2652/5795 4218/2629/5795
f 4277/664/5796 4313/2663/5796 4290/2673/5796
f 4303/743/5797 4312/2677/5797 4311/757/5797
f 4312/2677/5798 4382/2813/5798 4373/873/5798
f 4378/885/5799 4350/2679/5799 4356/839/5799
f 4162/2583/5800 4242/582/5800 4208/2611/5800
f 4160/2558/5801 4189/2576/5801 4648/2642/5801
f 4160/2558/5802 4648/2642/5802 4219/2655/5802
f 4218/2629/5803 4228/2638/5803 4201/458/5803
f 4218/2629/5804 4201/458/5804 4187/2618/5804
f 4150/301/5805 4139/2596/5805 4149/299/5805
f 4143/2765/5806 4150/301/5806 4149/299/5806
f 4109/2571/5807 4125/233/5807 4518/1199/5807
f 4125/233/5808 4137/2584/5808 4519/1200/5808
f 4070/2544/5809 4072/117/5809 4522/1204/5809
f 4457/2748/5810 4466/1081/5810 4459/1068/5810
f 4468/2751/5811 4466/1081/5811 4475/1111/5811
f 4454/2737/5812 4463/1076/5812 4435/2732/5812
f 4430/2725/5813 4420/982/5813 4449/2738/5813
f 4402/937/5814 4414/2718/5814 4433/2814/5814
f 4402/937/5815 4410/2717/5815 4411/959/5815
f 4138/273/5816 4156/2593/5816 4165/342/5816
f 4044/2524/5817 4080/2555/5817 4050/2526/5817
f 4057/2527/5818 4040/43/5818 4046/2538/5818
f 4047/2536/5819 4041/46/5819 4048/2535/5819
f 4031/2525/5820 4041/46/5820 4047/2536/5820
f 4526/4/5821 4527/37/5821 4051/64/5821
f 4526/4/5822 4051/64/5822 4041/46/5822
f 4059/2764/5823 4058/2530/5823 4515/2550/5823
f 4514/1194/5824 4136/2587/5824 4129/2585/5824
f 4064/2534/5825 4063/93/5825 4075/2549/5825
f 4064/2534/5826 4071/2542/5826 4062/2553/5826
f 4179/2600/5827 4120/221/5827 4170/2588/5827
f 4157/2597/5828 4649/2617/5828 4172/357/5828
f 4159/2598/5829 4172/357/5829 4171/356/5829
f 4151/306/5830 4123/224/5830 4152/307/5830
f 4599/2385/5831 4600/2787/5831 4625/2461/5831
f 4586/2777/5832 4577/2316/5832 4607/2410/5832
f 4473/1102/5833 4470/1088/5833 4025/2815/5833
f 4473/1102/5834 4025/2815/5834 4019/2767/5834
f 4183/411/5835 4225/2630/5835 4210/2612/5835
f 4278/2660/5836 4291/710/5836 4272/654/5836
f 4248/2653/5837 4247/2637/5837 4268/640/5837
f 4609/2426/5838 4620/2793/5838 4610/2425/5838
f 4498/1169/5839 4502/1175/5839 4492/2759/5839
f 4651/2816/5840 4653/2818/5840 4652/2817/5840
f 4652/2817/5841 4655/2820/5841 4654/2819/5841
f 4652/2817/5842 4653/2818/5842 4655/2820/5842
f 4653/2818/5843 4656/2821/5843 4655/2820/5843
f 4651/2816/5844 4657/2822/5844 4653/2818/5844
f 4653/2818/5845 4658/2823/5845 4656/2821/5845
f 4653/2818/5846 4657/2822/5846 4658/2823/5846
f 4657/2822/5847 4659/2824/5847 4658/2823/5847
f 4660/2825/5848 4662/2827/5848 4661/2826/5848
f 4661/2826/5849 4655/2820/5849 4656/2821/5849
f 4661/2826/5850 4662/2827/5850 4655/2820/5850
f 4662/2827/5851 4654/2819/5851 4655/2820/5851
f 4660/2825/5852 4661/2826/5852 4663/2828/5852
f 4663/2828/5853 4658/2823/5853 4659/2824/5853
f 4663/2828/5854 4661/2826/5854 4658/2823/5854
f 4661/2826/5855 4656/2821/5855 4658/2823/5855
f 4250/600/5856 4300/739/5856 4316/2829/5856
f 4130/2572/5857 4215/2602/5857 4189/2576/5857
f 4219/2655/5858 4236/567/5858 4525/1209/5858
f 4229/2619/5859 4274/658/5859 4223/2603/5859
f 4153/2575/5860 4229/2619/5860 4223/2603/5860
f 4153/2575/5861 4108/202/5861 4167/2620/5861
f 4114/2568/5862 4216/2601/5862 4162/2583/5862
f 4096/175/5863 4145/293/5863 4087/151/5863
f 4087/151/5864 4145/293/5864 4114/2568/5864
f 4161/2582/5865 4208/2611/5865 4209/478/5865
f 4588/2791/5866 4619/2444/5866 4602/2796/5866
f 4583/2338/5867 4617/2781/5867 4579/2785/5867
f 4664/2519/5868 4028/2517/5868 4030/2518/5868
f 4445/1034/3073 4422/2724/3073 4418/979/3073
f 4445/1034/5869 4476/2741/5869 4422/2724/5869
f 4450/2745/5870 4469/2740/5870 4477/1117/5870
f 4028/2517/5871 4664/2519/5871 4408/2516/5871
f 4664/2519/5872 4469/2740/5872 4408/2516/5872
f 4664/2519/5873 4404/2520/5873 4469/2740/5873
f 4164/340/5874 4210/2612/5874 4178/2594/5874
f 4146/2592/5875 4156/2593/5875 4118/2574/5875
f 4222/2636/5876 4178/2594/5876 4210/2612/5876
f 4111/207/5318 4665/2586/5318 4141/2590/5318
f 4665/2586/5877 4666/2580/5877 4131/2595/5877
f 4665/2586/5878 4131/2595/5878 4141/2590/5878
f 4667/2537/5879 4095/2554/5879 4131/2595/5879
f 4667/2537/5880 4131/2595/5880 4666/2580/5880
f 4667/2537/5881 4668/2533/5881 4062/2553/5881
f 4667/2537/5882 4062/2553/5882 4095/2554/5882
f 4081/2551/5883 4666/2580/5883 4124/2579/5883
f 4668/2533/5884 4058/2530/5884 4053/2529/5884
f 4099/2546/5885 4129/2585/5885 4136/2587/5885
f 4668/2533/5886 4064/2534/5886 4062/2553/5886
f 4054/70/5887 4668/2533/5887 4053/2529/5887
f 4043/2528/5888 4053/2529/5888 4042/2830/5888
f 4308/2666/5889 4281/682/5889 4310/2671/5889
f 4248/2653/5890 4281/682/5890 4269/2654/5890
f 4617/2781/5891 4582/2784/5891 4579/2785/5891
f 4581/2332/5892 4578/2812/5892 4627/2466/5892
f 4597/2374/5893 4588/2791/5893 4626/2797/5893
f 4597/2374/5894 4601/2798/5894 4588/2791/5894
f 4601/2798/5895 4624/2794/5895 4588/2791/5895
f 4640/2805/5896 4631/2806/5896 4630/2811/5896
f 4631/2806/5897 4629/2804/5897 4628/2470/5897
f 4647/2809/5898 4643/2810/5898 4641/2807/5898
f 4647/2809/5899 4641/2807/5899 4642/2808/5899
f 4608/2780/5900 4611/2428/5900 4621/2779/5900
f 4609/2426/5901 4589/2792/5901 4620/2793/5901
f 4185/2625/5902 4198/441/5902 4174/2606/5902
f 4233/2639/5903 4226/2640/5903 4243/2646/5903
f 4198/441/5904 4185/2625/5904 4233/2639/5904
f 4176/2608/5905 4194/2613/5905 4202/2610/5905
f 4184/2624/5906 4174/2606/5906 4181/2607/5906
f 4174/2606/5907 4198/441/5907 4188/2615/5907
f 4202/2610/5908 4235/560/5908 4237/2650/5908
f 4202/2610/5909 4237/2650/5909 4212/2623/5909
f 4250/600/5910 4316/2829/5910 4296/729/5910
f 4364/859/5911 4381/889/5911 4382/2813/5911
f 4364/859/5912 4382/2813/5912 4312/2677/5912
f 4296/729/5913 4316/2829/5913 4349/829/5913
f 4237/2650/5914 4546/715/5914 4300/739/5914
f 4237/2650/5915 4300/739/5915 4250/600/5915
f 4019/2767/5916 4472/2756/5916 4473/1102/5916
f 4476/2741/5917 4478/2750/5917 4488/2758/5917
f 4053/2529/5918 4045/2531/5918 4042/2830/5918
f 3725/885/5919 3733/898/5919 3720/873/5919
f 4378/885/5920 4356/839/5920 4373/873/5920
f 3627/2659/5921 3671/780/5921 3651/2662/5921
f 4304/2662/5922 4324/780/5922 4280/2659/5922
f 3725/885/5923 3736/907/5923 3741/915/5923
f 3725/885/5924 3741/915/5924 3733/898/5924
f 4386/898/5925 4391/912/5925 4394/915/5925
f 4373/873/5926 4382/2813/5926 4386/898/5926
f 3733/898/5927 3729/2813/5927 3720/873/5927
f 4669/2831/5928 4670/2832/5928 4680/2833/5928
f 4669/2831/5928 4680/2833/5928 4679/2834/5928
f 4670/2832/5929 4671/2835/5929 4681/2836/5929
f 4670/2832/5929 4681/2836/5929 4680/2833/5929
f 4671/2835/5930 4672/2837/5930 4682/2838/5930
f 4671/2835/5930 4682/2838/5930 4681/2836/5930
f 4672/2837/5931 4673/2839/5931 4683/2840/5931
f 4672/2837/5931 4683/2840/5931 4682/2838/5931
f 4673/2839/5932 4674/2841/5932 4684/2842/5932
f 4673/2839/5932 4684/2842/5932 4683/2840/5932
f 4674/2841/5933 4675/2843/5933 4685/2844/5933
f 4674/2841/5933 4685/2844/5933 4684/2842/5933
f 4675/2843/5934 4676/2845/5934 4686/2846/5934
f 4675/2843/5934 4686/2846/5934 4685/2844/5934
f 4676/2845/5935 4677/2847/5935 4687/2848/5935
f 4676/2845/5935 4687/2848/5935 4686/2846/5935
f 4677/2847/5936 4678/2849/5936 4688/2850/5936
f 4677/2847/5936 4688/2850/5936 4687/2848/5936
f 4678/2849/5937 4669/2831/5937 4679/2834/5937
f 4678/2849/5937 4679/2834/5937 4688/2850/5937
f 4679/2834/5938 4680/2833/5938 4690/2851/5938
f 4679/2834/5938 4690/2851/5938 4689/2852/5938
f 4680/2833/5939 4681/2836/5939 4691/2853/5939
f 4680/2833/5939 4691/2853/5939 4690/2851/5939
f 4681/2836/5940 4682/2838/5940 4692/2854/5940
f 4681/2836/5940 4692/2854/5940 4691/2853/5940
f 4682/2838/5941 4683/2840/5941 4693/2855/5941
f 4682/2838/5941 4693/2855/5941 4692/2854/5941
f 4683/2840/5942 4684/2842/5942 4694/2856/5942
f 4683/2840/5942 4694/2856/5942 4693/2855/5942
f 4684/2842/5943 4685/2844/5943 4695/2857/5943
f 4684/2842/5944 4695/2857/5944 4694/2856/5944
f 4685/2844/5945 4686/2846/5945 4696/2858/5945
f 4685/2844/5946 4696/2858/5946 4695/2857/5946
f 4686/2846/5947 4687/2848/5947 4697/2859/5947
f 4686/2846/5947 4697/2859/5947 4696/2858/5947
f 4687/2848/5948 4688/2850/5948 4698/2860/5948
f 4687/2848/5948 4698/2860/5948 4697/2859/5948
f 4688/2850/5949 4679/2834/5949 4689/2852/5949
f 4688/2850/5949 4689/2852/5949 4698/2860/5949
f 4689/2852/5950 4690/2851/5950 4699/2861/5950
f 4690/2851/5951 4691/2853/5951 4699/2861/5951
f 4691/2853/5952 4692/2854/5952 4699/2861/5952
f 4692/2854/5953 4693/2855/5953 4699/2861/5953
f 4693/2855/5954 4694/2856/5954 4699/2861/5954
f 4694/2856/5955 4695/2857/5955 4699/2861/5955
f 4695/2857/5956 4696/2858/5956 4699/2861/5956
f 4696/2858/5957 4697/2859/5957 4699/2861/5957
f 4697/2859/5958 4698/2860/5958 4699/2861/5958
f 4698/2860/5959 4689/2852/5959 4699/2861/5959
f 4700/2831/5960 4710/2834/5960 4711/2833/5960
f 4700/2831/5960 4711/2833/5960 4701/2832/5960
f 4701/2832/5961 4711/2833/5961 4712/2836/5961
f 4701/2832/5961 4712/2836/5961 4702/2835/5961
f 4702/2835/5962 4712/2836/5962 4713/2838/5962
f 4702/2835/5962 4713/2838/5962 4703/2837/5962
f 4703/2837/5963 4713/2838/5963 4714/2840/5963
f 4703/2837/5963 4714/2840/5963 4704/2839/5963
f 4704/2839/5964 4714/2840/5964 4715/2842/5964
f 4704/2839/5964 4715/2842/5964 4705/2841/5964
f 4705/2841/5965 4715/2842/5965 4716/2844/5965
f 4705/2841/5965 4716/2844/5965 4706/2843/5965
f 4706/2843/5966 4716/2844/5966 4717/2846/5966
f 4706/2843/5966 4717/2846/5966 4707/2845/5966
f 4707/2845/5967 4717/2846/5967 4718/2848/5967
f 4707/2845/5968 4718/2848/5968 4708/2847/5968
f 4708/2847/5969 4718/2848/5969 4719/2850/5969
f 4708/2847/5969 4719/2850/5969 4709/2849/5969
f 4709/2849/5970 4719/2850/5970 4710/2834/5970
f 4709/2849/5970 4710/2834/5970 4700/2831/5970
f 4710/2834/5971 4720/2852/5971 4721/2851/5971
f 4710/2834/5971 4721/2851/5971 4711/2833/5971
f 4711/2833/5972 4721/2851/5972 4722/2853/5972
f 4711/2833/5972 4722/2853/5972 4712/2836/5972
f 4712/2836/5973 4722/2853/5973 4723/2854/5973
f 4712/2836/5973 4723/2854/5973 4713/2838/5973
f 4713/2838/5974 4723/2854/5974 4724/2855/5974
f 4713/2838/5974 4724/2855/5974 4714/2840/5974
f 4714/2840/5975 4724/2855/5975 4725/2856/5975
f 4714/2840/5975 4725/2856/5975 4715/2842/5975
f 4715/2842/5976 4725/2856/5976 4726/2857/5976
f 4715/2842/5977 4726/2857/5977 4716/2844/5977
f 4716/2844/5978 4726/2857/5978 4727/2858/5978
f 4716/2844/5979 4727/2858/5979 4717/2846/5979
f 4717/2846/5980 4727/2858/5980 4728/2859/5980
f 4717/2846/5980 4728/2859/5980 4718/2848/5980
f 4718/2848/5981 4728/2859/5981 4729/2860/5981
f 4718/2848/5981 4729/2860/5981 4719/2850/5981
f 4719/2850/5982 4729/2860/5982 4720/2852/5982
f 4719/2850/5983 4720/2852/5983 4710/2834/5983
f 4720/2852/5984 4730/2861/5984 4721/2851/5984
f 4721/2851/5985 4730/2861/5985 4722/2853/5985
f 4722/2853/5986 4730/2861/5986 4723/2854/5986
f 4723/2854/5987 4730/2861/5987 4724/2855/5987
f 4724/2855/5988 4730/2861/5988 4725/2856/5988
f 4725/2856/5989 4730/2861/5989 4726/2857/5989
f 4726/2857/5990 4730/2861/5990 4727/2858/5990
f 4727/2858/5991 4730/2861/5991 4728/2859/5991
f 4728/2859/5992 4730/2861/5992 4729/2860/5992
f 4729/2860/5993 4730/2861/5993 4720/2852/5993
f 4731/2511/5220 4732/3/5220 5403/2512/5220
f 5608/4/5994 5609/37/5994 4759/38/5994
f 5608/4/5995 4759/38/5995 4734/6/5995
f 4735/8/1701 4738/11/1701 4737/10/1701
f 4735/8/1702 4737/10/1702 4736/9/1702
f 4739/2862/5996 4742/2863/5996 4740/13/5996
f 4743/16/5997 4746/2864/5997 4745/2517/5997
f 4743/16/5998 4745/2517/5998 4744/17/5998
f 4747/20/5999 4749/22/5999 4744/17/5999
f 4747/20/6000 4744/17/6000 4748/21/6000
f 4734/6/1709 4752/25/1709 4751/24/1709
f 4734/6/1710 4751/24/1710 4750/23/1710
f 4735/8/1711 4747/20/1711 4748/21/1711
f 4753/26/6001 5393/932/6001 4756/33/6001
f 4753/26/6002 4756/33/6002 4754/27/6002
f 4755/30/5228 4732/3/5228 4731/2511/5228
f 4745/2517/6003 4748/21/6003 4744/17/6003
f 4756/33/6004 4757/35/6004 4760/39/6004
f 4756/33/6005 4760/39/6005 4754/27/6005
f 4748/21/1720 4758/36/1720 4738/11/1720
f 4748/21/1721 4738/11/1721 4735/8/1721
f 4761/40/6006 4746/2864/6006 4739/2862/6006
f 4761/40/6007 4739/2862/6007 4740/13/6007
f 4762/2523/6008 4748/21/6008 4745/2517/6008
f 4762/2523/6009 4758/36/6009 4748/21/6009
f 4763/43/6010 4783/2865/6010 4757/35/6010
f 4759/38/6011 4780/64/6011 4764/46/6011
f 4759/38/6012 4764/46/6012 4734/6/6012
f 4765/47/1735 4768/50/1735 4767/49/1735
f 4765/47/1736 4767/49/1736 4766/48/1736
f 4757/35/6013 4769/2866/6013 4760/39/6013
f 4766/48/1739 4771/53/1739 4770/52/1739
f 4766/48/1740 4770/52/1740 4765/47/1740
f 4789/2527/6014 4783/2865/6014 4763/43/6014
f 4789/2527/5818 4763/43/5818 4772/2538/5818
f 4767/49/6015 4774/2867/6015 4773/57/6015
f 4767/49/1745 4773/57/1745 4766/48/1745
f 4752/25/1747 4734/6/1747 4764/46/1747
f 4752/25/1748 4776/60/1748 4775/59/1748
f 4752/25/1749 4775/59/1749 4751/24/1749
f 4746/2864/6016 4761/40/6016 4777/61/6016
f 4746/2864/6017 4777/61/6017 4745/2517/6017
f 4778/62/1752 4771/53/1752 4766/48/1752
f 4778/62/1753 4766/48/1753 4773/57/1753
f 4781/65/1758 4782/66/1758 4767/49/1758
f 4781/65/1759 4767/49/1759 4768/50/1759
f 4774/2867/6018 4785/70/6018 4784/69/6018
f 4774/2867/6019 4784/69/6019 4773/57/6019
f 4771/53/1764 4787/72/1764 4786/71/1764
f 4771/53/1765 4786/71/1765 4770/52/1765
f 4745/2517/5243 4777/61/5243 4788/75/5243
f 4790/78/1774 4791/79/1774 4773/57/1774
f 4790/78/1775 4773/57/1775 4784/69/1775
f 4767/49/6020 4782/66/6020 4774/2867/6020
f 4785/70/6021 4794/2868/6021 4793/2869/6021
f 4785/70/6022 4793/2869/6022 4784/69/6022
f 4773/57/1780 4791/79/1780 4778/62/1780
f 4776/60/1782 4796/85/1782 4775/59/1782
f 4797/2870/6023 4790/78/6023 4784/69/6023
f 4797/2870/6024 4784/69/6024 4793/2869/6024
f 4752/25/1785 4764/46/1785 4798/87/1785
f 4794/2868/6025 4802/2871/6025 4799/2872/6025
f 4794/2868/6026 4799/2872/6026 4793/2869/6026
f 4800/91/6027 4807/2873/6027 4769/2866/6027
f 4800/91/6028 4769/2866/6028 4783/2865/6028
f 4774/2867/6029 4792/80/6029 4801/93/6029
f 4774/2867/6030 4801/93/6030 4785/70/6030
f 4803/96/6031 4837/2874/6031 4805/2875/6031
f 4803/96/6032 4805/2875/6032 4804/97/6032
f 4806/2876/6033 4797/2870/6033 4793/2869/6033
f 4806/2876/6034 4793/2869/6034 4799/2872/6034
f 4772/2538/5251 4808/104/5251 4841/2539/5251
f 4772/2538/5252 4841/2539/5252 4789/2527/5252
f 4776/60/1807 4752/25/1807 4798/87/1807
f 4810/2540/6035 4800/91/6035 4783/2865/6035
f 4810/2540/6036 4783/2865/6036 4789/2527/6036
f 4785/70/6037 4801/93/6037 4811/2877/6037
f 4785/70/6038 4811/2877/6038 4794/2868/6038
f 5610/109/1814 5611/111/1814 4812/110/1814
f 4813/112/6039 4815/2544/6039 4814/113/6039
f 4802/2871/6040 4836/2543/6040 4816/115/6040
f 4802/2871/6041 4816/115/6041 4799/2872/6041
f 4813/112/1818 4814/113/1818 4817/117/1818
f 4815/2544/6042 4819/120/6042 4818/119/6042
f 4815/2544/6043 4818/119/6043 4814/113/6043
f 4820/121/1821 4808/104/1821 4796/85/1821
f 4804/97/6044 4805/2875/6044 4822/2878/6044
f 4804/97/6045 4822/2878/6045 4821/122/6045
f 4823/2549/6046 4836/2543/6046 4802/2871/6046
f 4824/126/1826 4826/128/1826 4825/127/1826
f 4794/2868/6047 4811/2877/6047 4823/2549/6047
f 4794/2868/6048 4823/2549/6048 4802/2871/6048
f 4776/60/1829 4820/121/1829 4796/85/1829
f 4827/129/1830 4829/131/1830 4828/130/1830
f 4812/110/1831 5612/132/1831 5610/109/1831
f 4769/2866/6049 4807/2873/6049 4830/133/6049
f 4769/2866/6050 4830/133/6050 4779/2526/6050
f 4827/129/6051 4828/130/6051 4853/171/6051
f 4817/117/1838 4814/113/1838 4818/119/1838
f 4831/136/1839 4832/137/1839 4809/105/1839
f 4833/138/6052 4806/2876/6052 4799/2872/6052
f 4833/138/1841 4799/2872/1841 4816/115/1841
f 4821/122/6053 4822/2878/6053 4834/139/6053
f 4810/2540/6054 4835/2879/6054 4800/91/6054
f 4835/2879/6055 4849/2880/6055 4800/91/6055
f 4829/131/6056 4870/194/6056 4871/195/6056
f 4829/131/6057 4871/195/6057 4828/130/6057
f 4809/105/6058 4832/137/6058 5596/2550/6058
f 4838/149/1852 4840/151/1852 4839/150/1852
f 4842/2881/6059 4831/136/6059 4790/78/6059
f 4842/2881/6060 4790/78/6060 4797/2870/6060
f 4871/195/6061 4925/265/6061 4853/171/6061
f 4871/195/6062 4853/171/6062 4828/130/6062
f 4843/155/1859 4844/156/1859 4817/117/1859
f 5605/2560/6063 4845/2561/6063 4836/2543/6063
f 5605/2560/6064 4836/2543/6064 4823/2549/6064
f 4817/117/1862 4818/119/1862 4843/155/1862
f 4846/159/1863 4776/60/1863 4798/87/1863
f 4847/2562/6065 4858/2882/6065 4835/2879/6065
f 4847/2562/6066 4835/2879/6066 4810/2540/6066
f 4848/162/6067 4816/115/6067 4836/2543/6067
f 4850/166/177 4893/2565/177 4852/168/177
f 4850/166/177 4852/168/177 4851/167/177
f 4808/104/6068 4820/121/6068 4892/2883/6068
f 4808/104/6069 4892/2883/6069 4841/2539/6069
f 4854/2884/6070 4842/2881/6070 4797/2870/6070
f 4854/2884/6071 4797/2870/6071 4806/2876/6071
f 4884/212/6072 4883/211/6072 4839/150/6072
f 4884/212/6073 4839/150/6073 4840/151/6073
f 4840/151/1881 4838/149/1881 4855/175/1881
f 4838/149/6074 4872/196/6074 4855/175/6074
f 4846/159/1884 4857/179/1884 4820/121/1884
f 4846/159/1885 4820/121/1885 4776/60/1885
f 4789/2527/5286 4841/2539/5286 4810/2540/5286
f 4836/2543/5287 4845/2561/5287 4859/181/5287
f 4822/2878/6075 4860/2885/6075 4834/139/6075
f 4859/181/1893 4861/184/1893 4848/162/1893
f 4834/139/6076 4860/2885/6076 4863/2886/6076
f 4834/139/6077 4863/2886/6077 4862/2887/6077
f 4864/187/5290 4865/188/5290 4847/2562/5290
f 4832/137/6078 4866/190/6078 5596/2550/6078
f 4867/191/1901 4833/138/1901 4816/115/1901
f 4867/191/1902 4816/115/1902 4848/162/1902
f 4868/192/1903 5612/132/1903 4812/110/1903
f 4849/2880/6079 4869/193/6079 4830/133/6079
f 4849/2880/6080 4830/133/6080 4807/2873/6080
f 5613/197/1909 4873/198/1909 4846/159/1909
f 5613/197/1910 4846/159/1910 4798/87/1910
f 4827/129/1911 4853/171/1911 4874/199/1911
f 4838/149/1916 4875/202/1916 4872/196/1916
f 4882/210/6081 4895/226/6081 4876/204/6081
f 4862/2887/6082 4863/2886/6082 4879/207/6082
f 4862/2887/6083 4879/207/6083 4878/2569/6083
f 4880/208/6084 4881/209/6084 4805/2875/6084
f 4880/208/6085 4805/2875/6085 4837/2874/6085
f 4898/230/6086 4899/2888/6086 4855/175/6086
f 4885/215/6087 4854/2884/6087 4806/2876/6087
f 4885/215/6088 4806/2876/6088 4833/138/6088
f 4878/2569/6089 4879/207/6089 4887/217/6089
f 4878/2569/6090 4887/217/6090 4886/216/6090
f 4888/218/6091 4889/219/6091 4835/2879/6091
f 4888/218/6092 4835/2879/6092 4858/2882/6092
f 4864/187/1933 4891/221/1933 4890/220/1933
f 4864/187/1934 4890/220/1934 4865/188/1934
f 4893/2565/177 4850/166/177 4894/224/177
f 4896/227/1939 4897/228/1939 4871/195/1939
f 4896/227/1940 4871/195/1940 4870/194/1940
f 4889/219/6093 4907/2889/6093 4849/2880/6093
f 4889/219/6094 4849/2880/6094 4835/2879/6094
f 4872/196/6095 4965/321/6095 4898/230/6095
f 4872/196/6096 4898/230/6096 4855/175/6096
f 4884/212/6097 4840/151/6097 4899/2888/6097
f 4884/212/6098 4899/2888/6098 4924/264/6098
f 4841/2539/5304 4891/221/5304 4864/187/5304
f 4900/232/1948 4832/137/1948 4831/136/1948
f 4877/205/1949 4895/226/1949 4901/233/1949
f 4897/228/6099 4961/2890/6099 4871/195/6099
f 4902/235/256 4904/237/256 4903/236/256
f 4905/238/1952 4906/239/1952 4832/137/1952
f 4908/2891/6100 4900/232/6100 4831/136/6100
f 4908/2891/6101 4831/136/6101 4842/2881/6101
f 4912/248/6102 4895/226/6102 4882/210/6102
f 4912/248/6103 4882/210/6103 4909/244/6103
f 4910/245/1962 4867/191/1962 4848/162/1962
f 4910/245/1963 4848/162/1963 4861/184/1963
f 4911/246/6104 4927/2892/6104 4822/2878/6104
f 4925/265/6105 4970/329/6105 4874/199/6105
f 4925/265/6106 4874/199/6106 4853/171/6106
f 4884/212/1969 4914/251/1969 4913/250/1969
f 4884/212/1970 4913/250/1970 4883/211/1970
f 4896/227/6107 4945/2573/6107 4915/2572/6107
f 4896/227/6108 4915/2572/6108 4897/228/6108
f 4916/2893/6109 4908/2891/6109 4842/2881/6109
f 4916/2893/6110 4842/2881/6110 4854/2884/6110
f 4873/198/1975 4918/256/1975 4917/255/1975
f 4873/198/1976 4917/255/1976 4846/159/1976
f 4820/121/6111 4857/179/6111 4941/2894/6111
f 4820/121/6112 4941/2894/6112 4892/2883/6112
f 4917/255/1979 4919/258/1979 4857/179/1979
f 4917/255/1980 4857/179/1980 4846/159/1980
f 4909/244/6113 4920/260/6113 4928/269/6113
f 4909/244/6114 4928/269/6114 4912/248/6114
f 4921/261/1983 4885/215/1983 4833/138/1983
f 4921/261/1984 4833/138/1984 4867/191/1984
f 4860/2885/6115 4822/2878/6115 4922/262/6115
f 4860/2885/6116 4922/262/6116 4923/2895/6116
f 4860/2885/6117 4923/2895/6117 4863/2886/6117
f 4920/260/6118 4926/266/6118 4928/269/6118
f 4901/233/6119 4895/226/6119 4912/248/6119
f 4928/269/1998 4929/270/1998 4901/233/1998
f 4875/202/6120 4985/348/6120 4965/321/6120
f 4875/202/6121 4965/321/6121 4872/196/6121
f 4923/2895/6122 4939/2896/6122 4879/207/6122
f 4923/2895/6123 4879/207/6123 4863/2886/6123
f 4907/2889/6124 4930/273/6124 4869/193/6124
f 4907/2889/6125 4869/193/6125 4849/2880/6125
f 4901/233/2007 4912/248/2007 4928/269/2007
f 4892/2883/6126 4931/274/6126 4891/221/6126
f 4891/221/2009 4933/276/2009 4932/275/2009
f 4891/221/2010 4932/275/2010 4890/220/2010
f 4922/262/6127 4822/2878/6127 4927/2892/6127
f 4900/232/6128 4922/262/6128 4927/2892/6128
f 4900/232/6129 4927/2892/6129 4905/238/6129
f 4908/2891/6130 4923/2895/6130 4922/262/6130
f 4908/2891/6131 4922/262/6131 4900/232/6131
f 4936/281/2018 4938/283/2018 4937/282/2018
f 4939/2896/6132 4940/2591/6132 4887/217/6132
f 4939/2896/6133 4887/217/6133 4879/207/6133
f 4973/2897/6134 4961/2890/6134 4897/228/6134
f 4973/2897/6135 4897/228/6135 4915/2572/6135
f 4942/288/2025 4944/290/2025 4943/289/2025
f 4947/2592/6136 4948/295/6136 4889/219/6136
f 4947/2592/6137 4889/219/6137 4888/218/6137
f 4949/296/6138 4941/2894/6138 4857/179/6138
f 4949/296/2032 4857/179/2032 4919/258/2032
f 4950/297/6139 4916/2893/6139 4854/2884/6139
f 4950/297/6140 4854/2884/6140 4885/215/6140
f 4935/2898/6141 4952/299/6141 4951/298/6141
f 4939/2896/6142 4923/2895/6142 4908/2891/6142
f 4939/2896/6143 4908/2891/6143 4916/2893/6143
f 4953/300/2038 4934/278/2038 4954/301/2038
f 4914/251/6144 4975/2899/6144 4974/2582/6144
f 4914/251/6145 4974/2582/6145 4913/250/6145
f 4952/299/2041 4944/290/2041 4951/298/2041
f 4958/2575/6146 4946/293/6146 4899/2888/6146
f 4942/288/2045 4955/305/2045 4954/301/2045
f 4893/2565/177 4894/224/177 4957/307/177
f 4893/2565/177 4957/307/177 4956/306/177
f 4946/293/6147 4924/264/6147 4899/2888/6147
f 4924/264/2050 4959/310/2050 4914/251/2050
f 4924/264/2051 4914/251/2051 4884/212/2051
f 4960/311/2052 4921/261/2052 4867/191/2052
f 4960/311/2053 4867/191/2053 4910/245/2053
f 4907/2889/6148 4889/219/6148 4963/2593/6148
f 4954/301/2055 4934/278/2055 4951/298/2055
f 4954/301/2056 4951/298/2056 4942/288/2056
f 4962/314/2058 5616/316/2058 5614/315/2058
f 4962/314/2061 5614/315/2061 5615/318/2061
f 4889/219/6149 4948/295/6149 4963/2593/6149
f 4964/319/2063 4885/215/2063 4921/261/2063
f 4916/2893/6150 4950/297/6150 4966/322/6150
f 4916/2893/6151 4966/322/6151 4939/2896/6151
f 4962/314/2070 5617/323/2070 5616/316/2070
f 4892/2883/6152 4967/324/6152 4931/274/6152
f 4968/326/6153 4979/2599/6153 4941/2894/6153
f 4968/326/6154 4941/2894/6154 4949/296/6154
f 4939/2896/6155 4966/322/6155 4969/328/6155
f 4939/2896/6156 4969/328/6156 4940/2591/6156
f 4945/2573/6157 4972/331/6157 4971/330/6157
f 4945/2573/6158 4971/330/6158 4915/2572/6158
f 4976/335/2085 4933/276/2085 4891/221/2085
f 4976/335/2086 4891/221/2086 4931/274/2086
f 4977/336/6159 4948/295/6159 4947/2592/6159
f 4941/2894/6160 4967/324/6160 4892/2883/6160
f 4924/264/2089 4978/337/2089 4959/310/2089
f 4946/293/2090 4978/337/2090 4924/264/2090
f 5011/2900/6161 4975/2899/6161 4914/251/6161
f 5011/2900/6162 4914/251/6162 4959/310/6162
f 4977/336/6163 4947/2592/6163 4980/340/6163
f 4963/2593/5816 4981/342/5816 4930/273/5816
f 4963/2593/6164 4930/273/6164 4907/2889/6164
f 4962/314/2098 5618/343/2098 5617/323/2098
f 4977/336/6165 5004/2901/6165 4948/295/6165
f 4982/345/2100 4983/346/2100 4932/275/2100
f 4982/345/2101 4932/275/2101 4933/276/2101
f 4971/330/6166 4984/347/6166 4915/2572/6166
f 4956/306/177 4957/307/177 4987/350/177
f 4956/306/177 4987/350/177 4986/349/177
f 4988/351/6167 4969/328/6167 4966/322/6167
f 4921/261/2107 4960/311/2107 4964/319/2107
f 5011/2900/6168 4959/310/6168 4978/337/6168
f 4989/352/2109 4976/335/2109 4931/274/2109
f 4989/352/2110 4931/274/2110 4967/324/2110
f 4958/2575/6169 5000/2902/6169 4990/353/6169
f 4958/2575/6170 4990/353/6170 4946/293/6170
f 4991/355/6171 4977/336/6171 4980/340/6171
f 4988/351/2114 4993/357/2114 4992/356/2114
f 4988/351/6172 4992/356/6172 4969/328/6172
f 4941/2894/6173 4994/358/6173 4967/324/6173
f 4995/2903/6174 5006/2904/6174 4997/2905/6174
f 4995/2903/6175 4997/2905/6175 4996/360/6175
f 4946/293/6176 4990/353/6176 4978/337/6176
f 5018/2906/6177 5010/2907/6177 4995/2903/6177
f 4998/365/6178 5019/2908/6178 4999/2909/6178
f 4972/331/6179 5041/425/6179 5040/424/6179
f 4972/331/6180 5040/424/6180 4971/330/6180
f 4975/2899/6181 5002/373/6181 5001/372/6181
f 4975/2899/6182 5001/372/6182 4974/2582/6182
f 5003/374/6183 5039/2910/6183 4991/355/6183
f 4977/336/6184 4991/355/6184 5004/2901/6184
f 4976/335/2133 5005/377/2133 4933/276/2133
f 4999/2909/6185 5019/2908/6185 5024/2911/6185
f 5007/382/6186 5021/401/6186 4998/365/6186
f 5008/2912/6187 5009/384/6187 4996/360/6187
f 5008/2912/6188 4996/360/6188 4997/2905/6188
f 4933/276/2143 5005/377/2143 4982/345/2143
f 4925/265/6189 4961/2890/6189 5012/388/6189
f 4941/2894/6190 4979/2599/6190 5013/389/6190
f 4941/2894/6191 5013/389/6191 4994/358/6191
f 4984/347/6192 4971/330/6192 5040/424/6192
f 4984/347/6193 5040/424/6193 5054/2913/6193
f 5014/390/2152 4989/352/2152 4967/324/2152
f 5014/390/2153 4967/324/2153 4994/358/2153
f 4988/351/2154 5016/392/2154 5015/391/2154
f 4988/351/2155 5015/391/2155 4993/357/2155
f 4983/346/2158 4982/345/2158 5017/394/2158
f 5018/2906/6194 5033/2618/6194 5010/2907/6194
f 4965/321/6195 5020/399/6195 5000/2902/6195
f 4965/321/6196 5000/2902/6196 4958/2575/6196
f 5011/2900/6197 4978/337/6197 5062/2914/6197
f 4991/355/6198 5057/2915/6198 5004/2901/6198
f 4989/352/2168 5023/404/2168 5022/403/2168
f 4989/352/2169 5022/403/2169 4976/335/2169
f 5003/374/6199 5026/407/6199 5039/2910/6199
f 5012/388/2174 5027/408/2174 4970/329/2174
f 5012/388/2175 4970/329/2175 4925/265/2175
f 4990/353/6200 5089/2601/6200 5062/2914/6200
f 4990/353/6201 5062/2914/6201 4978/337/6201
f 5028/410/6202 5005/377/6202 4976/335/6202
f 5028/410/6203 4976/335/6203 5022/403/6203
f 5017/394/2180 5029/411/2180 5026/407/2180
f 5030/412/6204 5031/413/6204 4997/2905/6204
f 5030/412/6205 4997/2905/6205 5006/2904/6205
f 5007/382/2185 5032/415/2185 5021/401/2185
f 5034/417/6206 5035/418/6206 5009/384/6206
f 5034/417/6207 5009/384/6207 5008/2912/6207
f 4973/2897/6208 5036/2916/6208 5012/388/6208
f 4973/2897/6209 5012/388/6209 4961/2890/6209
f 5004/2901/6210 5037/420/6210 4963/2593/6210
f 5010/2907/6211 5038/421/6211 5030/412/6211
f 5010/2907/6212 5030/412/6212 5006/2904/6212
f 5026/407/6213 5061/2917/6213 5039/2910/6213
f 5023/404/2200 5043/427/2200 5042/426/2200
f 5023/404/2201 5042/426/2201 5022/403/2201
f 5021/401/6214 5044/428/6214 5019/2908/6214
f 5026/407/6215 5029/411/6215 5061/2917/6215
f 5011/2900/6216 5045/429/6216 5002/373/6216
f 5011/2900/6217 5002/373/6217 4975/2899/6217
f 5031/413/6218 5008/2912/6218 4997/2905/6218
f 5046/432/2208 5044/428/2208 5021/401/2208
f 4989/352/2210 5014/390/2210 5047/433/2210
f 4989/352/2211 5047/433/2211 5023/404/2211
f 5048/434/2212 4982/345/2212 5005/377/2212
f 5024/2911/6219 5049/435/6219 5025/2918/6219
f 4994/358/2214 5013/389/2214 5050/436/2214
f 4994/358/2215 5050/436/2215 5014/390/2215
f 5051/438/6220 5028/410/6220 5022/403/6220
f 5051/438/2219 5022/403/2219 5042/426/2219
f 5008/2912/6221 5053/441/6221 5034/417/6221
f 5029/411/2224 4982/345/2224 5048/434/2224
f 4985/348/2227 5055/443/2227 5020/399/2227
f 4985/348/2228 5020/399/2228 4965/321/2228
f 4984/347/6222 5056/444/6222 4973/2897/6222
f 5044/428/6223 5052/2919/6223 5019/2908/6223
f 5058/446/6224 5071/2920/6224 5033/2618/6224
f 5028/410/6225 5048/434/6225 5005/377/6225
f 5049/435/6226 5059/448/6226 5025/2918/6226
f 5047/433/2238 5060/449/2238 5043/427/2238
f 5047/433/2239 5043/427/2239 5023/404/2239
f 5000/2902/6227 5104/2603/6227 5089/2601/6227
f 5000/2902/6228 5089/2601/6228 4990/353/6228
f 5029/411/6229 5078/2921/6229 5061/2917/6229
f 5050/436/6230 5063/454/6230 5047/433/6230
f 5050/436/2249 5047/433/2249 5014/390/2249
f 5024/2911/6231 5064/2922/6231 5049/435/6231
f 5065/456/6232 5623/1206/6232 5044/428/6232
f 5065/456/2252 5044/428/2252 5046/432/2252
f 5033/2618/6233 5066/458/6233 5038/421/6233
f 5033/2618/6234 5038/421/6234 5010/2907/6234
f 5052/2919/6235 5067/460/6235 5024/2911/6235
f 5052/2919/6236 5024/2911/6236 5019/2908/6236
f 5051/438/6237 5068/461/6237 5028/410/6237
f 5099/2923/6238 5069/2924/6238 5031/413/6238
f 5099/2923/6239 5031/413/6239 5030/412/6239
f 5044/428/6240 5623/1206/6240 5070/464/6240
f 5044/428/6241 5070/464/6241 5052/2919/6241
f 5028/410/6242 5068/461/6242 5048/434/6242
f 5105/2925/6243 5008/2912/6243 5031/413/6243
f 5029/411/6244 5048/434/6244 5097/2926/6244
f 5029/411/6245 5097/2926/6245 5078/2921/6245
f 5051/438/2271 5074/471/2271 5068/461/2271
f 4826/128/2272 5076/473/2272 5075/472/2272
f 4826/128/2273 5075/472/2273 4825/127/2273
f 5038/421/6246 5107/2927/6246 5099/2923/6246
f 5038/421/6247 5099/2923/6247 5030/412/6247
f 5063/454/2276 5077/475/2276 5060/449/2276
f 5063/454/2277 5060/449/2277 5047/433/2277
f 5079/477/6248 5080/478/6248 5001/372/6248
f 5081/479/6249 5057/2915/6249 5039/2910/6249
f 5070/464/6250 5082/480/6250 5052/2919/6250
f 5105/2925/6251 5116/2928/6251 5053/441/6251
f 5105/2925/6252 5053/441/6252 5008/2912/6252
f 5083/482/6253 5024/2911/6253 5084/483/6253
f 5031/413/6254 5069/2924/6254 5105/2925/6254
f 5062/2914/6255 5085/484/6255 5045/429/6255
f 5062/2914/6256 5045/429/6256 5011/2900/6256
f 5086/485/2292 5621/487/2292 5087/486/2292
f 5054/2913/6257 5088/488/6257 4984/347/6257
f 5020/399/6258 5127/2619/6258 5104/2603/6258
f 5020/399/6259 5104/2603/6259 5000/2902/6259
f 5102/2929/6260 5097/2926/6260 5048/434/6260
f 5102/2929/6261 5048/434/6261 5068/461/6261
f 5090/492/6262 5037/420/6262 5004/2901/6262
f 5090/492/6263 5004/2901/6263 5057/2915/6263
f 5045/429/2303 5092/494/2303 5091/493/2303
f 5045/429/2304 5091/493/2304 5002/373/2304
f 5087/486/2305 5093/495/2305 5086/485/2305
f 5002/373/6264 5091/493/6264 5079/477/6264
f 5061/2917/6265 5094/496/6265 5081/479/6265
f 5061/2917/6266 5081/479/6266 5039/2910/6266
f 5067/460/6267 5084/483/6267 5024/2911/6267
f 5071/2920/6268 5058/446/6268 5095/498/6268
f 5108/2930/6269 5102/2929/6269 5068/461/6269
f 5108/2930/6270 5068/461/6270 5074/471/6270
f 5071/2920/6271 5096/500/6271 5066/458/6271
f 5071/2920/6272 5066/458/6272 5033/2618/6272
f 5086/485/2316 5622/501/2316 5621/487/2316
f 5066/458/6273 5121/2931/6273 5107/2927/6273
f 5066/458/6274 5107/2927/6274 5038/421/6274
f 5067/460/6275 5052/2919/6275 5082/480/6275
f 5036/2916/6276 5098/2655/6276 5027/408/6276
f 5036/2916/6277 5027/408/6277 5012/388/6277
f 5100/509/6278 5094/496/6278 5061/2917/6278
f 5101/510/2333 5622/501/2333 5086/485/2333
f 5103/513/6279 5090/492/6279 5081/479/6279
f 5106/2932/6280 5071/2920/6280 5095/498/6280
f 5055/443/6281 5109/2628/6281 5127/2619/6281
f 5055/443/6282 5127/2619/6282 5020/399/6282
f 5110/521/6283 5100/509/6283 5078/2921/6283
f 5110/521/6284 5078/2921/6284 5097/2926/6284
f 5111/522/2355 4786/71/2355 4787/72/2355
f 5111/522/2356 4787/72/2356 5112/523/2356
f 5085/484/6285 5113/2933/6285 5092/494/6285
f 5085/484/2358 5092/494/2358 5045/429/2358
f 5094/496/2359 5114/525/2359 5103/513/2359
f 5094/496/2360 5103/513/2360 5081/479/2360
f 5082/480/2361 5625/527/2361 5115/526/2361
f 5082/480/2362 5115/526/2362 5067/460/2362
f 5096/500/6286 5134/2934/6286 5121/2931/6286
f 5096/500/6287 5121/2931/6287 5066/458/6287
f 5105/2925/6288 5117/530/6288 5116/2928/6288
f 5105/2925/6289 5069/2924/6289 5118/2935/6289
f 5089/2601/6290 5119/532/6290 5085/484/6290
f 5089/2601/6291 5085/484/6291 5062/2914/6291
f 5084/483/6292 5067/460/6292 5140/560/6292
f 5084/483/2432 5140/560/2432 5145/569/2432
f 5102/2929/6293 5120/533/6293 5110/521/6293
f 5102/2929/6294 5110/521/6294 5097/2926/6294
f 5092/494/6295 5113/2933/6295 5122/2936/6295
f 5092/494/6296 5122/2936/6296 5091/493/6296
f 5071/2920/6297 5106/2932/6297 5123/2638/6297
f 5071/2920/6298 5123/2638/6298 5096/500/6298
f 5095/498/6299 5138/2937/6299 5106/2932/6299
f 5124/538/6300 5118/2935/6300 5069/2924/6300
f 5124/538/6301 5069/2924/6301 5099/2923/6301
f 5125/539/2382 5114/525/2382 5094/496/2382
f 5125/539/2383 5094/496/2383 5100/509/2383
f 5056/444/6302 5126/540/6302 5036/2916/6302
f 5108/2930/6303 5128/542/6303 5120/533/6303
f 5108/2930/6304 5120/533/6304 5102/2929/6304
f 5107/2927/6305 5130/544/6305 5129/543/6305
f 5107/2927/6306 5129/543/6306 5099/2923/6306
f 5152/2938/6307 5117/530/6307 5105/2925/6307
f 5152/2938/6308 5105/2925/6308 5118/2935/6308
f 5129/543/2395 5131/546/2395 5124/538/2395
f 5129/543/6309 5124/538/6309 5099/2923/6309
f 5089/2601/6310 5104/2603/6310 5133/2939/6310
f 5132/548/2399 5125/539/2399 5100/509/2399
f 5132/548/2400 5100/509/2400 5110/521/2400
f 5117/530/6311 5136/552/6311 5135/551/6311
f 5124/538/6312 5162/2940/6312 5152/2938/6312
f 5124/538/6313 5152/2938/6313 5118/2935/6313
f 5164/595/6314 5175/2941/6314 5134/2934/6314
f 5164/595/6315 5134/2934/6315 5096/500/6315
f 5121/2931/6316 5137/556/6316 5130/544/6316
f 5121/2931/6317 5130/544/6317 5107/2927/6317
f 5163/594/6318 5164/595/6318 5096/500/6318
f 5163/594/6319 5096/500/6319 5123/2638/6319
f 5142/564/2423 5132/548/2423 5110/521/2423
f 5142/564/2424 5110/521/2424 5120/533/2424
f 5088/488/2428 5144/567/2428 5126/540/2428
f 5088/488/2429 5126/540/2429 5056/444/2429
f 5130/544/2434 5147/571/2434 5146/570/2434
f 5130/544/2435 5146/570/2435 5129/543/2435
f 5148/572/6320 5142/564/6320 5120/533/6320
f 5148/572/6321 5120/533/6321 5128/542/6321
f 5146/570/2440 5149/574/2440 5131/546/2440
f 5146/570/2441 5131/546/2441 5129/543/2441
f 5127/2619/6322 5150/575/6322 5133/2939/6322
f 5127/2619/6323 5133/2939/6323 5104/2603/6323
f 5137/556/2446 5151/577/2446 5147/571/2446
f 5137/556/2447 5147/571/2447 5130/544/2447
f 5134/2934/6324 5153/579/6324 5137/556/6324
f 5134/2934/6325 5137/556/6325 5121/2931/6325
f 5106/2932/6326 5143/2942/6326 5154/2652/6326
f 5106/2932/6327 5154/2652/6327 5123/2638/6327
f 5131/546/6328 5200/2943/6328 5162/2940/6328
f 5131/546/6329 5162/2940/6329 5124/538/6329
f 5085/484/2455 5119/532/2455 5155/582/2455
f 5152/2938/6330 5156/584/6330 5136/552/6330
f 5152/2938/6331 5136/552/6331 5117/530/6331
f 5136/552/6332 5158/586/6332 5157/585/6332
f 5136/552/6333 5157/585/6333 5135/551/6333
f 5113/2933/6334 5085/484/6334 5155/582/6334
f 5159/587/2463 5627/589/2463 5626/588/2463
f 5119/532/6335 5133/2939/6335 5212/658/6335
f 5119/532/6336 5212/658/6336 5155/582/6336
f 5160/591/6337 5161/592/6337 5146/570/6337
f 5160/591/2467 5146/570/2467 5147/571/2467
f 5137/556/2474 5153/579/2474 5165/597/2474
f 5137/556/2475 5165/597/2475 5151/577/2475
f 5166/598/2476 5160/591/2476 5147/571/2476
f 5166/598/2477 5147/571/2477 5151/577/2477
f 5159/587/2478 5628/599/2478 5627/589/2478
f 5083/482/2480 5168/601/2480 5167/600/2480
f 5123/2638/5423 5154/2652/5423 5176/2651/5423
f 5123/2638/6338 5176/2651/6338 5163/594/6338
f 5165/597/6339 5169/606/6339 5166/598/6339
f 5165/597/2488 5166/598/2488 5151/577/2488
f 5161/592/2489 5170/607/2489 5149/574/2489
f 5161/592/2490 5149/574/2490 5146/570/2490
f 5171/608/2491 5172/609/2491 5160/591/2491
f 5171/608/6340 5160/591/6340 5166/598/6340
f 5175/2941/6341 5198/640/6341 5153/579/6341
f 5175/2941/6342 5153/579/6342 5134/2934/6342
f 5155/582/6343 5122/2936/6343 5113/2933/6343
f 5169/606/2496 5173/611/2496 5171/608/2496
f 5169/606/2497 5171/608/2497 5166/598/2497
f 5172/609/2498 5174/612/2498 5161/592/2498
f 5172/609/2499 5161/592/2499 5160/591/2499
f 5149/574/6344 5220/2944/6344 5200/2943/6344
f 5149/574/6345 5200/2943/6345 5131/546/6345
f 5177/616/6346 5179/618/6346 5178/617/6346
f 5180/619/2507 5181/620/2507 5173/611/2507
f 5180/619/2508 5173/611/2508 5169/606/2508
f 5177/616/2509 5182/621/2509 5179/618/2509
f 5183/622/2510 5180/619/2510 5169/606/2510
f 5183/622/2511 5169/606/2511 5165/597/2511
f 4904/237/6347 5185/624/6347 5184/623/6347
f 4904/237/819 5184/623/819 4903/236/819
f 5126/540/6348 5186/625/6348 5098/2655/6348
f 5126/540/6349 5098/2655/6349 5036/2916/6349
f 5178/617/2515 5188/627/2515 5187/626/2515
f 5141/2945/6350 5122/2936/6350 5155/582/6350
f 5174/612/2519 5189/629/2519 5170/607/2519
f 5174/612/2520 5170/607/2520 5161/592/2520
f 5190/630/2521 5191/631/2521 5164/595/2521
f 5190/630/2522 5164/595/2522 5163/594/2522
f 5192/632/2523 5183/622/2523 5165/597/2523
f 5192/632/6351 5165/597/6351 5153/579/6351
f 5177/616/2525 5178/617/2525 5187/626/2525
f 5628/599/2526 5159/587/2526 5193/633/2526
f 5188/627/2527 5194/634/2527 5187/626/2527
f 5629/635/2528 5168/601/2528 5084/483/2528
f 5629/635/2529 5084/483/2529 5145/569/2529
f 5191/631/6352 5202/2946/6352 5175/2941/6352
f 5191/631/6353 5175/2941/6353 5164/595/6353
f 5195/637/2532 5182/621/2532 5177/616/2532
f 5180/619/2533 5197/639/2533 5196/638/2533
f 5180/619/2534 5196/638/2534 5181/620/2534
f 5183/622/6354 5199/641/6354 5197/639/6354
f 5183/622/2538 5197/639/2538 5180/619/2538
f 5198/640/6355 5211/657/6355 5192/632/6355
f 5198/640/6356 5192/632/6356 5153/579/6356
f 5187/626/2543 5194/634/2543 5201/644/2543
f 5150/575/6357 5212/658/6357 5133/2939/6357
f 5136/552/6358 5156/584/6358 5225/678/6358
f 5136/552/6359 5225/678/6359 5158/586/6359
f 5162/2940/6360 5203/2947/6360 5156/584/6360
f 5162/2940/6361 5156/584/6361 5152/2938/6361
f 5176/2651/6362 5204/2657/6362 5190/630/6362
f 5176/2651/6363 5190/630/6363 5163/594/6363
f 5170/607/6364 5233/2948/6364 5220/2944/6364
f 5170/607/6365 5220/2944/6365 5149/574/6365
f 5205/650/2555 5206/651/2555 5177/616/2555
f 5205/650/2556 5177/616/2556 5187/626/2556
f 5192/632/2559 5207/653/2559 5199/641/2559
f 5192/632/2560 5199/641/2560 5183/622/2560
f 5208/654/2561 5195/637/2561 5177/616/2561
f 5206/651/2562 5208/654/2562 5177/616/2562
f 5109/2628/6366 5209/655/6366 5150/575/6366
f 5109/2628/6367 5150/575/6367 5127/2619/6367
f 5202/2946/6368 5210/656/6368 5198/640/6368
f 5202/2946/6369 5198/640/6369 5175/2941/6369
f 5213/659/2571 5214/660/2571 5184/623/2571
f 5213/659/6370 5184/623/6370 5185/624/6370
f 5212/658/6371 5141/2945/6371 5155/582/6371
f 5189/629/6372 5215/2949/6372 5233/2948/6372
f 5189/629/6373 5233/2948/6373 5170/607/6373
f 5193/633/2576 5159/587/2576 5216/662/2576
f 5201/644/6374 5217/2950/6374 5187/626/6374
f 5218/664/6375 5143/2942/6375 5138/2937/6375
f 5211/657/6376 5228/682/6376 5207/653/6376
f 5211/657/6377 5207/653/6377 5192/632/6377
f 5197/639/6378 5250/2951/6378 5249/2952/6378
f 5197/639/6379 5249/2952/6379 5196/638/6379
f 5217/2950/6380 5219/669/6380 5205/650/6380
f 5217/2950/6381 5205/650/6381 5187/626/6381
f 5199/641/6382 5252/2953/6382 5250/2951/6382
f 5199/641/6383 5250/2951/6383 5197/639/6383
f 5210/656/2591 5221/672/2591 5211/657/2591
f 5210/656/2592 5211/657/2592 5198/640/2592
f 5206/651/2593 5222/673/2593 5208/654/2593
f 5208/654/6384 5223/2954/6384 5195/637/6384
f 5206/651/2596 5224/675/2596 5222/673/2596
f 5144/567/6385 5607/1209/6385 5186/625/6385
f 5144/567/6386 5186/625/6386 5126/540/6386
f 5226/679/2601 5224/675/2601 5206/651/2601
f 5226/679/2602 5206/651/2602 5205/650/2602
f 5203/2947/6387 5227/680/6387 5156/584/6387
f 5201/644/6388 5244/2955/6388 5217/2950/6388
f 5207/653/6389 5254/2956/6389 5252/2953/6389
f 5207/653/6390 5252/2953/6390 5199/641/6390
f 5200/2943/6391 5229/2957/6391 5203/2947/6391
f 5200/2943/6392 5203/2947/6392 5162/2940/6392
f 5230/686/2614 5232/688/2614 5231/687/2614
f 5232/688/6393 5230/686/6393 5235/2958/6393
f 5221/672/2618 5234/691/2618 5228/682/2618
f 5221/672/2619 5228/682/2619 5211/657/2619
f 5236/693/2621 5237/694/2621 5222/673/2621
f 5236/693/2622 5222/673/2622 5224/675/2622
f 5228/682/6394 5261/2959/6394 5254/2956/6394
f 5228/682/6395 5254/2956/6395 5207/653/6395
f 5218/664/6396 5238/2960/6396 5143/2942/6396
f 5239/2670/6397 5230/686/6397 5231/687/6397
f 5226/679/2629 5240/699/2629 5236/693/2629
f 5226/679/2630 5236/693/2630 5224/675/2630
f 5150/575/2631 5241/700/2631 5212/658/2631
f 5235/2958/6398 5230/686/6398 5242/701/6398
f 5219/669/2633 5226/679/2633 5205/650/2633
f 5143/2942/6399 5238/2960/6399 5245/2673/6399
f 5143/2942/6400 5245/2673/6400 5154/2652/6400
f 5242/701/2645 5230/686/2645 5246/709/2645
f 5247/710/2646 5208/654/2646 5222/673/2646
f 5248/711/2647 5150/575/2647 5209/655/2647
f 5630/715/6401 5267/739/6401 5168/601/6401
f 5630/715/6402 5168/601/6402 5629/635/6402
f 5220/2944/6403 5251/2961/6403 5229/2957/6403
f 5220/2944/6404 5229/2957/6404 5200/2943/6404
f 5234/691/6405 5265/2962/6405 5261/2959/6405
f 5234/691/6406 5261/2959/6406 5228/682/6406
f 5253/719/6407 5238/2960/6407 5218/664/6407
f 5245/2673/5472 5257/725/5472 5176/2651/5472
f 5245/2673/5473 5176/2651/5473 5154/2652/5473
f 5229/2957/6408 5255/723/6408 5227/680/6408
f 5229/2957/6409 5227/680/6409 5203/2947/6409
f 5246/709/2667 5230/686/2667 5256/724/2667
f 5247/710/6410 5223/2954/6410 5208/654/6410
f 5237/694/2674 5259/730/2674 5247/710/2674
f 5237/694/2675 5247/710/2675 5222/673/2675
f 5257/725/5475 5260/731/5475 5204/2657/5475
f 5257/725/6411 5204/2657/6411 5176/2651/6411
f 5219/669/2680 5262/733/2680 5226/679/2680
f 5256/724/6412 5230/686/6412 5274/2963/6412
f 5226/679/2682 5262/733/2682 5240/699/2682
f 5263/2964/6413 5251/2961/6413 5220/2944/6413
f 5263/2964/6414 5220/2944/6414 5233/2948/6414
f 5268/740/5478 5230/686/5478 5239/2670/5478
f 5282/757/6415 5284/2663/6415 5238/2960/6415
f 5282/757/6416 5238/2960/6416 5253/719/6416
f 5269/2965/6417 5263/2964/6417 5233/2948/6417
f 5269/2965/6418 5233/2948/6418 5215/2949/6418
f 5282/757/3388 5253/719/3388 5270/743/3388
f 5271/2966/6419 5272/745/6419 5217/2950/6419
f 5271/2966/6420 5217/2950/6420 5244/2955/6420
f 5251/2961/6421 5273/746/6421 5255/723/6421
f 5251/2961/6422 5255/723/6422 5229/2957/6422
f 5255/723/2700 5275/748/2700 5243/703/2700
f 5255/723/2701 5243/703/2701 5227/680/2701
f 5250/2951/6423 5277/2967/6423 5276/2968/6423
f 5250/2951/6424 5276/2968/6424 5249/2952/6424
f 5219/669/6425 5217/2950/6425 5272/745/6425
f 5278/751/6426 5277/2967/6426 5250/2951/6426
f 5278/751/6427 5250/2951/6427 5252/2953/6427
f 5247/710/6428 5279/2969/6428 5223/2954/6428
f 5280/753/6429 5278/751/6429 5252/2953/6429
f 5280/753/6430 5252/2953/6430 5254/2956/6430
f 5281/755/6431 5280/753/6431 5254/2956/6431
f 5281/755/6432 5254/2956/6432 5261/2959/6432
f 5270/743/6433 5319/811/6433 5283/758/6433
f 5285/761/6434 5281/755/6434 5261/2959/6434
f 5285/761/6435 5261/2959/6435 5265/2962/6435
f 5274/2963/6436 5230/686/6436 5286/762/6436
f 5266/738/2721 5287/763/2721 5264/736/2721
f 5266/738/2722 5264/736/2722 5168/601/2722
f 5288/764/6437 5273/746/6437 5251/2961/6437
f 5288/764/6438 5251/2961/6438 5263/2964/6438
f 5289/2970/6439 5230/686/6439 5268/740/6439
f 5219/669/2727 5290/766/2727 5262/733/2727
f 5284/2663/6440 5291/2971/6440 5245/2673/6440
f 5284/2663/6441 5245/2673/6441 5238/2960/6441
f 5292/769/6442 5279/2969/6442 5247/710/6442
f 5293/2972/6443 5294/2973/6443 5260/731/6443
f 5293/2972/6444 5260/731/6444 5257/725/6444
f 5286/762/6445 5230/686/6445 5304/784/6445
f 5295/773/6446 5288/764/6446 5263/2964/6446
f 5295/773/6447 5263/2964/6447 5269/2965/6447
f 5291/2971/6448 5293/2972/6448 5257/725/6448
f 5291/2971/6449 5257/725/6449 5245/2673/6449
f 5272/745/2740 5290/766/2740 5219/669/2740
f 5255/723/2741 5273/746/2741 5296/775/2741
f 5255/723/2742 5296/775/2742 5275/748/2742
f 5281/755/6450 5285/761/6450 5297/776/6450
f 5298/777/6451 5299/778/6451 5276/2968/6451
f 5298/777/6452 5276/2968/6452 5277/2967/6452
f 5259/730/5499 5300/2682/5499 5292/769/5499
f 5259/730/2747 5292/769/2747 5247/710/2747
f 5271/2966/6453 5301/780/6453 5272/745/6453
f 5304/784/5500 5230/686/5500 5315/2683/5500
f 5303/783/6454 5298/777/6454 5277/2967/6454
f 5303/783/6455 5277/2967/6455 5278/751/6455
f 5302/781/6456 5305/786/6456 5280/753/6456
f 5302/781/6457 5280/753/6457 5281/755/6457
f 5306/787/2757 5631/789/2757 5632/788/2757
f 5305/786/2758 5303/783/2758 5278/751/2758
f 5305/786/2759 5278/751/2759 5280/753/2759
f 5316/2974/6458 5230/686/6458 5289/2970/6458
f 5307/791/2761 5296/775/2761 5273/746/2761
f 5307/791/2762 5273/746/2762 5288/764/2762
f 5281/755/2763 5297/776/2763 5302/781/2763
f 4866/190/6459 5309/794/6459 5308/2686/6459
f 5310/2688/5511 5307/791/5511 5288/764/5511
f 5310/2688/5512 5288/764/5512 5295/773/5512
f 5311/796/5513 5314/799/5513 5313/798/5513
f 5311/796/5514 5313/798/5514 5312/797/5514
f 5301/780/6460 5327/824/6460 5290/766/6460
f 5301/780/6461 5290/766/6461 5272/745/6461
f 5306/787/2775 5633/802/2775 5631/789/2775
f 5329/827/5515 5328/826/5515 5299/778/5515
f 5329/827/5516 5299/778/5516 5298/777/5516
f 5297/776/2781 5317/807/2781 5302/781/2781
f 5342/2975/6462 5343/2976/6462 5294/2973/6462
f 5342/2975/6463 5294/2973/6463 5293/2972/6463
f 5297/776/5518 5334/2690/5518 5332/2689/5518
f 5322/817/2789 5323/818/2789 5314/799/2789
f 5322/817/6464 5314/799/6464 5311/796/6464
f 5314/799/6465 5339/2977/6465 5324/2693/6465
f 5314/799/5522 5324/2693/5522 5313/798/5522
f 5336/838/6466 5329/827/6466 5298/777/6466
f 5336/838/6467 5298/777/6467 5303/783/6467
f 5325/822/6468 5230/686/6468 5316/2974/6468
f 5315/2683/5526 5230/686/5526 5326/823/5526
f 5331/2978/6469 5342/2975/6469 5293/2972/6469
f 5331/2978/6470 5293/2972/6470 5291/2971/6470
f 5326/823/2802 5230/686/2802 5325/822/2802
f 5264/736/2805 5287/763/2805 5330/829/2805
f 5305/786/6471 5344/850/6471 5303/783/6471
f 5333/833/6472 5345/2979/6472 5344/850/6472
f 5634/834/2813 5633/802/2813 5306/787/2813
f 5337/839/6473 5331/2978/6473 5291/2971/6473
f 5337/839/6474 5291/2971/6474 5284/2663/6474
f 5314/799/6475 5323/818/6475 5346/2980/6475
f 5314/799/6476 5346/2980/6476 5339/2977/6476
f 5320/2700/5532 5341/846/5532 5340/845/5532
f 5320/2700/5533 5340/845/5533 5321/2701/5533
f 5317/807/6477 5332/2689/6477 5349/2705/6477
f 5317/807/6478 5349/2705/6478 5338/841/6478
f 5342/2975/6479 5331/2978/6479 5359/872/6479
f 5347/859/6480 5371/889/6480 5370/888/6480
f 5347/859/6481 5370/888/6481 5318/810/6481
f 5283/758/2849 5318/810/2849 5348/860/2849
f 5350/862/5535 5351/863/5535 5332/2689/5535
f 5350/862/5536 5332/2689/5536 5334/2690/5536
f 5343/2976/6482 5342/2975/6482 5353/865/6482
f 5343/2976/6483 5353/865/6483 5352/864/6483
f 5322/817/2856 5355/867/2856 5354/866/2856
f 5322/817/2857 5354/866/2857 5323/818/2857
f 5338/841/6484 5356/869/6484 5345/2979/6484
f 5338/841/6485 5345/2979/6485 5333/833/6485
f 5352/864/2862 5353/865/2862 5351/863/2862
f 5352/864/2863 5351/863/2863 5350/862/2863
f 5335/2706/5543 5357/2707/5543 5341/846/5543
f 5335/2706/5544 5341/846/5544 5320/2700/5544
f 5339/2977/6486 5358/871/6486 5324/2693/6486
f 5351/863/6487 5375/893/6487 5349/2705/6487
f 5339/2977/6488 5346/2980/6488 5358/871/6488
f 5323/818/6489 5354/866/6489 5366/2981/6489
f 5323/818/6490 5366/2981/6490 5346/2980/6490
f 5349/2705/6491 5363/2704/6491 5356/869/6491
f 5349/2705/6492 5356/869/6492 5338/841/6492
f 5342/2975/6493 5359/872/6493 5353/865/6493
f 5341/846/2881 5365/881/2881 5364/880/2881
f 5341/846/2882 5364/880/2882 5340/845/2882
f 5318/810/2883 5361/874/2883 5348/860/2883
f 5353/865/6494 5376/897/6494 5375/893/6494
f 5353/865/6495 5375/893/6495 5351/863/6495
f 5367/2982/6496 5359/872/6496 5331/2978/6496
f 5361/874/6497 5360/873/6497 5348/860/6497
f 5368/886/2895 5354/866/2895 5355/867/2895
f 5368/886/2896 5355/867/2896 5369/887/2896
f 5346/2980/6498 5366/2981/6498 5358/871/6498
f 5357/2707/5553 5335/2706/5553 5362/875/5553
f 5370/888/2901 5372/890/2901 5361/874/2901
f 5370/888/2902 5361/874/2902 5318/810/2902
f 5373/2709/6499 5358/871/6499 5366/2981/6499
f 5357/2707/5555 5362/875/5555 5374/2710/5555
f 5357/2707/5556 5374/2710/5556 5365/881/5556
f 5357/2707/5557 5365/881/5557 5341/846/5557
f 5354/866/6500 5368/886/6500 5373/2709/6500
f 5354/866/6501 5373/2709/6501 5366/2981/6501
f 5377/898/2922 5367/2982/2922 5361/874/2922
f 5377/898/2923 5361/874/2923 5372/890/2923
f 5378/899/5560 5363/2704/5560 5349/2705/5560
f 5378/899/6502 5349/2705/6502 5375/893/6502
f 5635/901/6503 5390/925/6503 5637/902/6503
f 5376/897/2927 5380/904/2927 5379/903/2927
f 5376/897/2928 5379/903/2928 5375/893/2928
f 5636/906/6504 5390/925/6504 5635/901/6504
f 5381/907/2931 5382/908/2931 5359/872/2931
f 5381/907/6505 5359/872/6505 5367/2982/6505
f 5359/872/2933 5382/908/2933 5380/904/2933
f 5359/872/2934 5380/904/2934 5376/897/2934
f 5378/899/6506 5375/893/6506 5379/903/6506
f 5383/912/6507 5381/907/6507 5367/2982/6507
f 5383/912/6508 5367/2982/6508 5377/898/6508
f 4938/283/6509 5385/914/6509 5384/913/6509
f 4938/283/6510 5384/913/6510 4937/282/6510
f 5639/916/2944 5640/918/2944 5387/917/2944
f 5387/917/2945 5640/918/2945 5641/919/2945
f 5390/925/5568 5644/921/5568 5638/910/5568
f 5388/922/2947 5389/923/2947 5380/904/2947
f 5388/922/2948 5380/904/2948 5382/908/2948
f 5387/917/2950 5641/919/2950 5647/924/2950
f 5642/926/2953 5391/928/2953 5643/927/2953
f 5391/928/2954 5642/926/2954 5645/929/2954
f 5643/927/2955 5391/928/2955 5646/930/2955
f 4927/2892/6511 4911/246/6511 5392/931/6511
f 4736/9/2960 5395/934/2960 5394/933/2960
f 4736/9/2961 5394/933/2961 4735/8/2961
f 4733/2983/6512 5396/2984/6512 5608/4/6512
f 5397/937/2964 5399/939/2964 5398/938/2964
f 5397/937/2965 5398/938/2965 5400/940/2965
f 4750/23/6513 5401/2716/6513 4733/2983/6513
f 4735/8/2968 5394/933/2968 5402/942/2968
f 4735/8/2969 5402/942/2969 4747/20/2969
f 5414/959/6514 5421/2718/6514 5400/940/6514
f 5414/959/6515 5400/940/6515 5398/938/6515
f 5413/2717/6516 5414/959/6516 5398/938/6516
f 5413/2717/6517 5398/938/6517 5399/939/6517
f 5404/947/2975 5407/950/2975 5406/949/2975
f 5404/947/2976 5406/949/2976 5405/948/2976
f 4743/16/6518 5408/951/6518 4739/2862/6518
f 4743/16/6519 4739/2862/6519 4746/2864/6519
f 5400/940/2979 5409/952/2979 5397/937/2979
f 5410/954/2981 5399/939/2981 5397/937/2981
f 4731/2511/5579 5403/2512/5579 5411/955/5579
f 4749/22/2983 5412/956/2983 4743/16/2983
f 4749/22/6520 4743/16/6520 4744/17/6520
f 5415/961/2989 5417/963/2989 5416/962/2989
f 5418/964/2990 5420/966/2990 5419/965/2990
f 5420/966/6521 5435/993/6521 5431/2720/6521
f 5410/954/6522 5413/2717/6522 5399/939/6522
f 5402/942/3000 5422/972/3000 4749/22/3000
f 5402/942/3001 4749/22/3001 4747/20/3001
f 5418/964/3003 5424/976/3003 5420/966/3003
f 5425/2722/5583 5427/979/5583 5423/974/5583
f 5425/2722/5584 5423/974/5584 5426/2723/5584
f 5421/2718/6523 5409/952/6523 5400/940/6523
f 5419/965/3007 5428/980/3007 5418/964/3007
f 5394/933/3008 5395/934/3008 5430/982/3008
f 5394/933/3009 5430/982/3009 5429/981/3009
f 5431/2720/6524 5438/997/6524 5428/980/6524
f 5432/987/3016 5402/942/3016 5394/933/3016
f 5432/987/3017 5394/933/3017 5429/981/3017
f 5423/974/5590 5427/979/5590 5429/981/5590
f 4753/26/6525 5456/1017/6525 5457/1018/6525
f 4753/26/6526 5457/1018/6526 5393/932/6526
f 5405/948/3021 5406/949/3021 5434/991/3021
f 5405/948/3022 5434/991/3022 5433/990/3022
f 5429/981/6527 5430/982/6527 5437/2985/6527
f 5401/2716/6528 5436/2986/6528 5396/2984/6528
f 5401/2716/6529 5396/2984/6529 4733/2983/6529
f 5415/961/3036 5439/998/3036 5417/963/3036
f 4742/2863/6530 5481/2728/6530 5440/2727/6530
f 4742/2863/6531 5440/2727/6531 4741/14/6531
f 5410/954/6532 5441/1001/6532 5413/2717/6532
f 5442/1002/6533 5443/1003/6533 5425/2722/6533
f 5442/1002/6534 5425/2722/6534 5426/2723/6534
f 5435/993/6535 5420/966/6535 5424/976/6535
f 5446/1006/3045 5424/976/3045 5418/964/3045
f 5447/1007/3046 5449/1009/3046 5448/1008/3046
f 5421/2718/6536 5450/1010/6536 5409/952/6536
f 5439/998/3048 5451/1011/3048 5417/963/3048
f 5452/1012/6537 5620/1013/6537 5619/2714/6537
f 5415/961/3051 5453/1014/3051 5439/998/3051
f 5433/990/3052 5434/991/3052 5455/1016/3052
f 5433/990/3053 5455/1016/3053 5454/1015/3053
f 5396/2984/6538 5452/1012/6538 5619/2714/6538
f 5452/1012/3109 5488/1059/3109 5487/1058/3109
f 5452/1012/6539 5487/1058/6539 5620/1013/6539
f 5407/950/6540 5459/2987/6540 5458/1020/6540
f 5407/950/3059 5458/1020/3059 5406/949/3059
f 5393/932/6541 5457/1018/6541 5486/2988/6541
f 5461/1024/6542 5462/2731/6542 5449/1009/6542
f 5461/1024/3063 5449/1009/3063 5447/1007/3063
f 5463/1026/3064 5465/1028/3064 5442/1002/3064
f 5463/1026/3065 5442/1002/3065 5464/1027/3065
f 5466/1029/6543 5467/1030/6543 5444/2725/6543
f 5465/1028/3067 5443/1003/3067 5442/1002/3067
f 5454/1015/6544 5455/1016/6544 5479/2989/6544
f 5454/1015/6545 5479/2989/6545 5478/2990/6545
f 5432/987/3070 5468/1033/3070 5422/972/3070
f 5432/987/3071 5422/972/3071 5402/942/3071
f 5469/1034/6546 5468/1033/6546 5432/987/6546
f 5469/1034/6547 5432/987/6547 5427/979/6547
f 5412/956/3074 5470/1036/3074 5408/951/3074
f 5412/956/3075 5408/951/3075 4743/16/3075
f 5436/2986/6548 5471/2991/6548 5452/1012/6548
f 5436/2986/6549 5452/1012/6549 5396/2984/6549
f 5422/972/3080 5472/1038/3080 5412/956/3080
f 5422/972/3081 5412/956/3081 4749/22/3081
f 5473/2743/6550 5474/2744/6550 5469/1034/6550
f 5473/2743/5612 5469/1034/5612 5427/979/5612
f 5445/2721/6551 5424/976/6551 5446/1006/6551
f 5445/2721/6552 5446/1006/6552 5480/2730/6552
f 5475/1041/6553 5436/2986/6553 5401/2716/6553
f 5467/1030/3394 5466/1029/3394 5476/1043/3394
f 5408/951/6554 5477/1044/6554 4742/2863/6554
f 5408/951/6555 4742/2863/6555 4739/2862/6555
f 4742/2863/6556 5482/1049/6556 5481/2728/6556
f 5465/1028/6557 5484/1051/6557 5483/1050/6557
f 5465/1028/6558 5483/1050/6558 5443/1003/6558
f 5485/1052/3099 5434/991/3099 5406/949/3099
f 5406/949/3104 5458/1020/3104 5485/1052/3104
f 5460/2992/6559 5486/2988/6559 5475/1041/6559
f 5478/2990/6560 5479/2989/6560 5492/1064/6560
f 5478/2990/6561 5492/1064/6561 5491/1063/6561
f 5473/2743/6562 5483/1050/6562 5493/1065/6562
f 5473/2743/6563 5493/1065/6563 5474/2744/6563
f 5490/2748/6564 5489/1060/6564 5494/1066/6564
f 5481/2728/6565 5482/1049/6565 5459/2987/6565
f 5494/1066/6566 5495/1068/6566 5490/2748/6566
f 5496/1069/3121 5498/1071/3121 5497/1070/3121
f 5489/1060/6567 5490/2748/6567 5499/1072/6567
f 5459/2987/6568 5482/1049/6568 5458/1020/6568
f 5434/991/3125 5501/1074/3125 5500/1073/3125
f 5434/991/3126 5500/1073/3126 5455/1016/3126
f 5490/2748/6569 5502/1075/6569 5499/1072/6569
f 5456/1017/6570 5504/1077/6570 5503/1076/6570
f 5456/1017/3129 5503/1076/3129 5457/1018/3129
f 5491/1063/3130 5492/1064/3130 5506/1079/3130
f 5491/1063/3131 5506/1079/3131 5505/1078/3131
f 5468/1033/3132 5507/1080/3132 5472/1038/3132
f 5468/1033/6571 5472/1038/6571 5422/972/6571
f 5508/1081/3134 5494/1066/3134 5489/1060/3134
f 5485/1052/3135 5501/1074/3135 5434/991/3135
f 5484/1051/6572 5493/1065/6572 5483/1050/6572
f 5509/2742/6573 5510/2993/6573 5468/1033/6573
f 5509/2742/6574 5468/1033/6574 5469/1034/6574
f 5489/1060/3139 5499/1072/3139 5508/1081/3139
f 5511/2751/6575 5495/1068/6575 5494/1066/6575
f 5511/2751/6576 5494/1066/6576 5516/1092/6576
f 5477/1044/3141 5512/1085/3141 5482/1049/3141
f 5455/1016/6577 5500/1073/6577 5523/2994/6577
f 5455/1016/6578 5523/2994/6578 5479/2989/6578
f 5472/1038/3145 5513/1087/3145 5470/1036/3145
f 5472/1038/3146 5470/1036/3146 5412/956/3146
f 5496/1069/3147 5514/1088/3147 5498/1071/3147
f 5457/1018/6579 5503/1076/6579 5471/2991/6579
f 5457/1018/6580 5471/2991/6580 5486/2988/6580
f 5486/2988/6581 5471/2991/6581 5436/2986/6581
f 5482/1049/3152 5512/1085/3152 5458/1020/3152
f 5470/1036/3153 5515/1091/3153 5477/1044/3153
f 5470/1036/3154 5477/1044/3154 5408/951/3154
f 5508/1081/3155 5516/1092/3155 5494/1066/3155
f 5517/1093/3156 5519/1095/3156 5518/1094/3156
f 5458/1020/3158 5512/1085/3158 5520/1096/3158
f 5458/1020/3159 5520/1096/3159 5485/1052/3159
f 5484/1051/3163 5522/1098/3163 5521/1097/3163
f 5484/1051/3164 5521/1097/3164 5493/1065/3164
f 5524/1100/3167 5526/1102/3167 5497/1070/3167
f 5524/1100/3168 5497/1070/3168 5525/1101/3168
f 5527/1103/3170 5517/1093/3170 5528/1104/3170
f 5526/1102/3171 5496/1069/3171 5497/1070/3171
f 5471/2991/6582 5529/2995/6582 5488/1059/6582
f 5471/2991/6583 5488/1059/6583 5452/1012/6583
f 5485/1052/3174 5520/1096/3174 5530/1106/3174
f 5485/1052/3175 5530/1106/3175 5501/1074/3175
f 5517/1093/3176 5518/1094/3176 5528/1104/3176
f 5531/1107/3177 5516/1092/3177 5508/1081/3177
f 5515/1091/3178 5520/1096/3178 5512/1085/3178
f 5515/1091/3179 5512/1085/3179 5477/1044/3179
f 5530/1106/3181 5532/1109/3181 5500/1073/3181
f 5530/1106/6584 5500/1073/6584 5501/1074/6584
f 5479/2989/6585 5523/2994/6585 5533/1110/6585
f 5479/2989/6586 5533/1110/6586 5492/1064/6586
f 5534/1111/6587 5511/2751/6587 5516/1092/6587
f 5535/1112/3186 5536/1113/3186 5524/1100/3186
f 5535/1112/3187 5524/1100/3187 5525/1101/3187
f 5507/1080/3189 5537/1115/3189 5513/1087/3189
f 5507/1080/3190 5513/1087/3190 5472/1038/3190
f 5492/1064/3191 5533/1110/3191 5538/1116/3191
f 5492/1064/3192 5538/1116/3192 5506/1079/3192
f 5531/1107/3193 5534/1111/3193 5516/1092/3193
f 5515/1091/3194 5539/1117/3194 5530/1106/3194
f 5515/1091/3195 5530/1106/3195 5520/1096/3195
f 5540/1118/3196 5541/1119/3196 5521/1097/3196
f 5540/1118/3197 5521/1097/3197 5522/1098/3197
f 5470/1036/3199 5513/1087/3199 5539/1117/3199
f 5470/1036/3200 5539/1117/3200 5515/1091/3200
f 5500/1073/6588 5532/1109/6588 5546/2996/6588
f 5500/1073/6589 5546/2996/6589 5523/2994/6589
f 5518/1094/3203 5542/1121/3203 5528/1104/3203
f 5488/1059/3204 5544/1123/3204 5543/1122/3204
f 5488/1059/3205 5543/1122/3205 5487/1058/3205
f 5545/2997/6590 5537/1115/6590 5507/1080/6590
f 5545/2997/6591 5507/1080/6591 5510/2993/6591
f 5539/1117/3213 5547/1128/3213 5532/1109/3213
f 5539/1117/3214 5532/1109/3214 5530/1106/3214
f 5504/1077/3215 5549/1130/3215 5548/1129/3215
f 5504/1077/3216 5548/1129/3216 5503/1076/3216
f 5503/1076/6592 5548/1129/6592 5529/2995/6592
f 5503/1076/6593 5529/2995/6593 5471/2991/6593
f 5513/1087/3219 5537/1115/3219 5547/1128/3219
f 5513/1087/3220 5547/1128/3220 5539/1117/3220
f 5510/2993/6594 5509/2742/6594 5541/1119/6594
f 5510/2993/6595 5541/1119/6595 5550/1131/6595
f 5547/1128/6596 5557/2998/6596 5546/2996/6596
f 5547/1128/6597 5546/2996/6597 5532/1109/6597
f 5551/1133/3225 5552/1134/3225 5536/1113/3225
f 5551/1133/3226 5536/1113/3226 5535/1112/3226
f 5540/1118/3227 5553/1135/3227 5550/1131/3227
f 5540/1118/3228 5550/1131/3228 5541/1119/3228
f 5523/2994/6598 5546/2996/6598 5554/1136/6598
f 5523/2994/6599 5554/1136/6599 5533/1110/6599
f 5537/1115/6600 5545/2997/6600 5557/2998/6600
f 5537/1115/6601 5557/2998/6601 5547/1128/6601
f 5529/2995/6602 5555/2999/6602 5544/1123/6602
f 5529/2995/6603 5544/1123/6603 5488/1059/6603
f 5533/1110/3237 5554/1136/3237 5556/1139/3237
f 5533/1110/3238 5556/1139/3238 5538/1116/3238
f 5559/1144/3244 5560/1145/3244 5543/1122/3244
f 5559/1144/3245 5543/1122/3245 5544/1123/3245
f 5551/1133/3246 5561/1146/3246 5552/1134/3246
f 5562/1147/6604 5545/2997/6604 5510/2993/6604
f 5562/1147/6605 5510/2993/6605 5550/1131/6605
f 5563/1148/3249 5562/1147/3249 5550/1131/3249
f 5563/1148/3250 5550/1131/3250 5553/1135/3250
f 5546/2996/6606 5557/2998/6606 5564/1150/6606
f 5546/2996/6607 5564/1150/6607 5554/1136/6607
f 5554/1136/3255 5564/1150/3255 5565/1151/3255
f 5554/1136/3256 5565/1151/3256 5556/1139/3256
f 5545/2997/6608 5562/1147/6608 5564/1150/6608
f 5545/2997/6609 5564/1150/6609 5557/2998/6609
f 5566/1152/3259 5568/1154/3259 5567/1153/3259
f 5548/1129/6610 5569/1155/6610 5555/2999/6610
f 5548/1129/6611 5555/2999/6611 5529/2995/6611
f 5549/1130/3264 5570/1156/3264 5569/1155/3264
f 5549/1130/3265 5569/1155/3265 5548/1129/3265
f 5560/1145/3266 5559/1144/3266 5568/1154/3266
f 5560/1145/3267 5568/1154/3267 5566/1152/3267
f 5565/1151/3268 5564/1150/3268 5562/1147/3268
f 5565/1151/3269 5562/1147/3269 5563/1148/3269
f 5571/3000/6612 5559/1144/6612 5544/1123/6612
f 5571/3000/6613 5544/1123/6613 5555/2999/6613
f 5572/1158/5657 5573/1160/5657 5576/1164/5657
f 5574/1162/3275 5575/1163/3275 5569/1155/3275
f 5574/1162/3276 5569/1155/3276 5570/1156/3276
f 5575/1163/6614 5571/3000/6614 5555/2999/6614
f 5575/1163/6615 5555/2999/6615 5569/1155/6615
f 5577/3001/6616 5568/1154/6616 5559/1144/6616
f 5577/3001/6617 5559/1144/6617 5571/3000/6617
f 5577/3001/6618 5581/1173/6618 5568/1154/6618
f 5572/1158/5658 5576/1164/5658 5580/1172/5658
f 5579/1170/3287 5578/1169/3287 5575/1163/3287
f 5579/1170/3288 5575/1163/3288 5574/1162/3288
f 5578/1169/6619 5577/3001/6619 5571/3000/6619
f 5578/1169/6620 5571/3000/6620 5575/1163/6620
f 5572/1158/5661 5580/1172/5661 5583/1176/5661
f 5581/1173/6621 5577/3001/6621 5582/1175/6621
f 5584/1178/6622 5582/1175/6622 5577/3001/6622
f 5584/1178/6623 5577/3001/6623 5578/1169/6623
f 5579/1170/5664 5585/1180/5664 5591/1188/5664
f 5572/1158/5665 5583/1176/5665 5586/1181/5665
f 5587/1182/5666 5572/1158/5666 5586/1181/5666
f 5587/1182/5667 5588/1184/5667 5572/1158/5667
f 5588/1184/5668 5589/1185/5668 5572/1158/5668
f 5584/1178/5669 5578/1169/5669 5591/1188/5669
f 5582/1175/5670 5584/1178/5670 5590/1186/5670
f 5592/1189/6624 4906/239/6624 4905/238/6624
f 5073/3002/6625 5593/1192/6625 5594/3003/6625
f 4905/238/6626 5595/1194/6626 5594/3003/6626
f 4905/238/6627 5594/3003/6627 5592/1189/6627
f 4778/62/6628 4809/105/6628 4795/2764/6628
f 5309/794/6629 5597/1197/6629 5308/2686/6629
f 4856/2559/6630 5598/1198/6630 4844/156/6630
f 4843/155/6631 4856/2559/6631 4844/156/6631
f 4877/205/3323 5599/1199/3323 4876/204/3323
f 4926/266/6632 5600/1200/6632 4929/270/6632
f 4926/266/3325 4929/270/3325 4928/269/3325
f 4866/190/3326 4906/239/3326 5601/1201/3326
f 5309/794/3327 4866/190/3327 5601/1201/3327
f 4819/120/6633 4856/2559/6633 4843/155/6633
f 4819/120/6634 4843/155/6634 4818/119/6634
f 5596/2550/6635 4866/190/6635 5308/2686/6635
f 4906/239/3332 4866/190/3332 4832/137/3332
f 5595/1194/6636 4905/238/6636 4927/2892/6636
f 5595/1194/6637 4927/2892/6637 5392/931/6637
f 4943/289/3337 5602/1202/3337 4955/305/3337
f 4943/289/3338 4955/305/3338 4942/288/3338
f 4953/300/6638 4935/2898/6638 4934/278/6638
f 4953/300/6639 5603/1203/6639 4935/2898/6639
f 4935/2898/6640 4951/298/6640 4934/278/6640
f 4944/290/3342 4942/288/3342 4951/298/3342
f 4805/2875/6641 4911/246/6641 4822/2878/6641
f 4805/2875/6642 4881/209/6642 4911/246/6642
f 4813/112/6643 5604/1204/6643 4815/2544/6643
f 4795/2764/6644 4787/72/6644 4778/62/6644
f 4791/79/3351 4809/105/3351 4778/62/3351
f 4790/78/3352 4809/105/3352 4791/79/3352
f 5072/466/6645 5073/3002/6645 4881/209/6645
f 5072/466/3355 4881/209/3355 4880/208/3355
f 5593/1192/6646 5592/1189/6646 5594/3003/6646
f 4900/232/3358 4905/238/3358 4832/137/3358
f 4831/136/3359 4809/105/3359 4790/78/3359
f 5003/374/6647 4991/355/6647 4980/340/6647
f 5039/2910/6648 5057/2915/6648 4991/355/6648
f 4964/319/3362 4950/297/3362 4885/215/3362
f 4969/328/6649 4992/356/6649 4940/2591/6649
f 4966/322/3369 4950/297/3369 4964/319/3369
f 5016/392/3370 4988/351/3370 4964/319/3370
f 4982/345/3371 5029/411/3371 5017/394/3371
f 4960/311/3372 5016/392/3372 4964/319/3372
f 5004/2901/6650 4963/2593/6650 4948/295/6650
f 4988/351/3375 4966/322/3375 4964/319/3375
f 5065/456/3376 5606/1208/3376 5624/1207/3376
f 5065/456/3377 5624/1207/3377 5623/1206/3377
f 4810/2540/5687 4864/187/5687 4847/2562/5687
f 4841/2539/5688 4864/187/5688 4810/2540/5688
f 4841/2539/6651 4892/2883/6651 4891/221/6651
f 5083/482/6652 5064/2922/6652 5024/2911/6652
f 5258/729/6653 5167/600/6653 5264/736/6653
f 5248/711/3391 5241/700/3391 5150/575/3391
f 5467/1030/3087 5463/1026/3087 5464/1027/3087
f 5467/1030/3395 5476/1043/3395 5463/1026/3395
f 5466/1029/6654 5444/2725/6654 5437/2985/6654
f 5648/2121/3750 5650/2123/3750 5649/2122/3750
f 5649/2122/3751 5652/2125/3751 5651/2124/3751
f 5649/2122/3752 5650/2123/3752 5652/2125/3752
f 5648/2121/3753 5649/2122/3753 5653/2126/3753
f 5653/2126/3754 5655/2128/3754 5654/2127/3754
f 5653/2126/3755 5649/2122/3755 5655/2128/3755
f 5649/2122/3756 5651/2124/3756 5655/2128/3756
f 5648/2121/3757 5653/2126/3757 5656/2129/3757
f 5656/2129/3758 5658/2131/3758 5657/2130/3758
f 5656/2129/3759 5653/2126/3759 5658/2131/3759
f 5653/2126/3760 5654/2127/3760 5658/2131/3760
f 5648/2121/3761 5656/2129/3761 5659/2132/3761
f 5659/2132/3762 5656/2129/3762 5660/2133/3762
f 5656/2129/3763 5657/2130/3763 5660/2133/3763
f 5648/2121/3764 5659/2132/3764 5650/2123/3764
f 5652/2125/3765 5661/2134/3765 5651/2124/3765
f 5651/2124/3766 5662/2135/3766 5655/2128/3766
f 5655/2128/3767 5663/2136/3767 5654/2127/3767
f 5655/2128/3768 5662/2135/3768 5663/2136/3768
f 5662/2135/3769 5664/2137/3769 5663/2136/3769
f 5654/2127/3770 5665/2138/3770 5658/2131/3770
f 5658/2131/3771 5666/2139/3771 5657/2130/3771
f 5658/2131/3772 5665/2138/3772 5666/2139/3772
f 5665/2138/3773 5667/2140/3773 5666/2139/3773
f 5651/2124/3775 5661/2134/3775 5662/2135/3775
f 5662/2135/3776 5668/2142/3776 5664/2137/3776
f 5662/2135/3777 5661/2134/3777 5668/2142/3777
f 5654/2127/3778 5663/2136/3778 5665/2138/3778
f 5665/2138/3779 5669/2143/3779 5667/2140/3779
f 5665/2138/3780 5663/2136/3780 5669/2143/3780
f 5663/2136/3781 5664/2137/3781 5669/2143/3781
f 5666/2139/3784 5667/2140/3784 5670/2144/3784
f 5668/2142/3785 5671/2145/3785 5664/2137/3785
f 5664/2137/3786 5671/2145/3786 5669/2143/3786
f 5669/2143/3787 5672/2146/3787 5667/2140/3787
f 5669/2143/3788 5671/2145/3788 5672/2146/3788
f 5667/2140/3789 5672/2146/3789 5670/2144/3789
f 5673/2173/6655 5674/2175/6655 5679/2180/6655
f 5673/2173/3827 5679/2180/3827 5680/2181/3827
f 5675/2176/3810 5676/2179/3810 5677/2178/3810
f 5675/2176/3811 5677/2178/3811 5678/2177/3811
f 5679/2180/3812 5676/2179/3812 5675/2176/3812
f 5679/2180/3813 5675/2176/3813 5680/2181/3813
f 5688/2190/6656 5681/2184/6656 5682/2183/6656
f 5688/2190/6657 5682/2183/6657 5683/2185/6657
f 5684/2186/3816 5685/2189/3816 5686/2188/3816
f 5684/2186/3817 5686/2188/3817 5687/2187/3817
f 5687/2187/3818 5686/2188/3818 5688/2190/3818
f 5687/2187/3819 5688/2190/3819 5683/2185/3819
f 5689/2191/3820 5684/2186/3820 5687/2187/3820
f 5689/2191/3821 5687/2187/3821 5690/2192/3821
f 5690/2192/3822 5687/2187/3822 5683/2185/3822
f 5690/2192/3823 5683/2185/3823 5691/2193/3823
f 5683/2185/3825 5682/2183/3825 5691/2193/3825
f 5692/2207/6658 5694/2209/6658 5693/2208/6658
f 5692/2207/3873 5763/2210/3873 5694/2209/3873
f 5694/2209/3874 5695/2211/3874 5693/2208/3874
f 5696/2212/6659 5757/2214/6659 5697/2213/6659
f 5696/2212/6660 5697/2213/6660 5700/2216/6660
f 5696/2212/6661 5700/2216/6661 5699/2215/6661
f 5701/2217/3878 5703/2219/3878 5702/2218/3878
f 5704/2220/3879 5706/2222/3879 5705/2221/3879
f 5705/2221/3880 5706/2222/3880 5707/2223/3880
f 5708/2224/3881 5744/2226/3881 5709/2225/3881
f 5701/2217/3882 5702/2218/3882 5711/2227/3882
f 5702/2218/3883 5703/2219/3883 5761/2228/3883
f 5704/2220/3884 5705/2221/3884 5712/2229/3884
f 5705/2221/3885 5707/2223/3885 5759/2230/3885
f 5708/2224/6662 5714/2232/6662 5742/2231/6662
f 5708/2224/3887 5742/2231/3887 5744/2226/3887
f 5715/2233/3888 5717/2235/3888 5716/2234/3888
f 5718/2236/3889 5755/2238/3889 5719/2237/3889
f 5721/2239/3890 5723/2225/3890 5722/2240/3890
f 5715/2233/3891 5762/2241/3891 5717/2235/3891
f 5717/2235/3892 5724/2242/3892 5716/2234/3892
f 5718/2236/3893 5719/2237/3893 5721/2239/3893
f 5718/2236/6663 5721/2239/6663 5722/2240/6663
f 5742/2231/3895 5714/2232/3895 5743/2243/3895
f 5713/2244/3896 5725/2247/3896 5745/2246/3896
f 5713/2244/3897 5745/2246/3897 5710/2245/3897
f 5726/2248/3898 5748/2250/3898 5727/2249/3898
f 5746/2251/3899 5731/2253/3899 5747/2252/3899
f 5726/2248/3900 5731/2253/3900 5746/2251/3900
f 5726/2248/6664 5746/2251/6664 5748/2250/6664
f 5749/2254/6665 5728/2257/6665 5729/2256/6665
f 5749/2254/3903 5729/2256/3903 5730/2255/3903
f 5732/2258/3904 5734/2260/3904 5733/2259/3904
f 5732/2258/3905 5733/2259/3905 5735/2261/3905
f 5733/2259/6666 5734/2260/6666 5760/2262/6666
f 5736/2263/6667 5738/2265/6667 5737/2264/6667
f 5738/2265/3908 5739/2266/3908 5737/2264/3908
f 5736/2263/3909 5758/2267/3909 5738/2265/3909
f 5738/2265/3910 5740/2268/3910 5739/2266/3910
f 5700/2216/6668 5741/2249/6668 5699/2215/6668
f 5750/2269/6669 5756/2272/6669 5698/2271/6669
f 5750/2269/6670 5698/2271/6670 5751/2270/6670
f 5752/2273/3914 5754/2276/3914 5720/2275/3914
f 5752/2273/3915 5720/2275/3915 5753/2274/3915
f 5767/2283/6671 5764/3004/6671 5768/2774/6671
f 5769/2285/6672 5773/2769/6672 5770/2287/6672
f 5766/2281/6673 5765/2772/6673 5764/3004/6673
f 5771/2288/6674 5774/3005/6674 5773/2769/6674
f 5775/2293/6675 5776/2294/6675 5767/2283/6675
f 5770/2287/6676 5777/2297/6676 5769/2285/6676
f 5766/2281/6677 5778/2298/6677 5765/2772/6677
f 5779/2300/6678 5771/2288/6678 5772/2775/6678
f 5773/2769/6679 5774/3005/6679 5770/2287/6679
f 5765/2772/6680 5768/2774/6680 5764/3004/6680
f 5772/2775/6681 5771/2288/6681 5773/2769/6681
f 5780/2303/3937 5783/2304/3937 5782/2305/3937
f 5780/2303/3938 5782/2305/3938 5781/2306/3938
f 5808/2777/6682 5809/2345/6682 5785/2310/6682
f 5808/2777/6683 5785/2310/6683 5784/2307/6683
f 5780/2303/3941 5784/2307/3941 5785/2310/3941
f 5780/2303/3942 5785/2310/3942 5783/2304/3942
f 5786/2778/6684 5788/2312/6684 5787/2313/6684
f 5780/2303/3944 5781/2306/3944 5790/2314/3944
f 5780/2303/3945 5790/2314/3945 5789/2315/3945
f 5784/2307/3946 5780/2303/3946 5789/2315/3946
f 5784/2307/3947 5789/2315/3947 5791/2316/3947
f 5871/2438/6685 5788/2312/6685 5793/2328/6685
f 5871/2438/6686 5793/2328/6686 5795/2330/6686
f 5844/2405/6687 5792/2812/6687 5796/2331/6687
f 5794/2327/6688 5793/2328/6688 5788/2312/6688
f 5793/2328/3964 5799/2333/3964 5798/2334/3964
f 5793/2328/3965 5798/2334/3965 5795/2330/3965
f 5800/3006/6689 5801/2336/6689 5799/2333/6689
f 5800/3006/6690 5799/2333/6690 5793/2328/6690
f 5875/2443/6691 5871/2438/6691 5795/2330/6691
f 5875/2443/6692 5795/2330/6692 5802/2338/6692
f 5795/2330/3970 5798/2334/3970 5803/2339/3970
f 5795/2330/3971 5803/2339/3971 5802/2338/3971
f 5782/2305/3972 5804/2340/3972 5803/2339/3972
f 5782/2305/3973 5803/2339/3973 5798/2334/3973
f 5783/2304/3974 5805/2341/3974 5804/2340/3974
f 5783/2304/3975 5804/2340/3975 5782/2305/3975
f 5785/2310/3976 5806/2342/3976 5805/2341/3976
f 5785/2310/3977 5805/2341/3977 5783/2304/3977
f 5807/2344/6693 5809/2345/6693 5808/2777/6693
f 5838/2396/6694 5811/2348/6694 5810/2349/6694
f 5838/2396/6695 5810/2349/6695 5840/2398/6695
f 5814/2355/3985 5817/2356/3985 5816/2357/3985
f 5814/2355/3986 5816/2357/3986 5815/2358/3986
f 5818/2359/6696 5819/2360/6696 5824/2369/6696
f 5818/2359/6697 5824/2369/6697 5834/2787/6697
f 5814/2355/3989 5815/2358/3989 5819/2360/3989
f 5814/2355/3990 5819/2360/3990 5818/2359/3990
f 5820/2363/3991 5815/2358/3991 5816/2357/3991
f 5820/2363/3992 5816/2357/3992 5821/2364/3992
f 5822/2365/3993 5819/2360/3993 5815/2358/3993
f 5822/2365/3994 5815/2358/3994 5820/2363/3994
f 5823/2367/6698 5834/2787/6698 5824/2369/6698
f 5826/2373/6699 5876/2444/6699 5840/2398/6699
f 5826/2373/6700 5840/2398/6700 5810/2349/6700
f 5830/2382/6701 5811/2348/6701 5883/2794/6701
f 5814/2355/4007 5832/2383/4007 5831/2384/4007
f 5814/2355/4008 5831/2384/4008 5817/2356/4008
f 5818/2359/4009 5833/2385/4009 5832/2383/4009
f 5818/2359/4010 5832/2383/4010 5814/2355/4010
f 5836/2394/6702 5885/3007/6702 5838/2396/6702
f 5836/2394/4019 5838/2396/4019 5837/2397/4019
f 5837/2397/4020 5838/2396/4020 5840/2398/4020
f 5837/2397/4021 5840/2398/4021 5839/2399/4021
f 5821/2364/4022 5816/2357/4022 5839/2399/4022
f 5821/2364/4023 5839/2399/4023 5841/2400/4023
f 5843/2403/5725 5880/2452/5725 5835/2798/5725
f 5835/2798/6703 5887/2468/6703 5843/2403/6703
f 5846/2408/5726 5808/2777/5726 5847/2410/5726
f 5812/3008/6704 5829/3009/6704 5849/2411/6704
f 5812/3008/6705 5849/2411/6705 5848/2412/6705
f 5850/3010/6706 5852/2414/6706 5851/2415/6706
f 5850/3010/6707 5851/2415/6707 5868/3011/6707
f 5853/2417/6708 5852/2414/6708 5850/3010/6708
f 5853/2417/6709 5850/3010/6709 5854/3012/6709
f 5869/2799/6710 5855/2420/6710 5853/2417/6710
f 5869/2799/6711 5853/2417/6711 5854/3012/6711
f 5813/3013/6712 5857/2421/6712 5856/2422/6712
f 5813/3013/6713 5856/2422/6713 5825/2801/6713
f 5848/2412/6714 5857/2421/6714 5813/3013/6714
f 5848/2412/6715 5813/3013/6715 5812/3008/6715
f 5858/2426/6716 5867/2433/6716 5848/2412/6716
f 5858/2426/6717 5848/2412/6717 5849/2411/6717
f 5849/2411/4057 5860/2424/4057 5859/2425/4057
f 5849/2411/4058 5859/2425/4058 5858/2426/4058
f 5852/2414/4059 5862/2427/4059 5861/2428/4059
f 5853/2417/4060 5863/2429/4060 5862/2427/4060
f 5853/2417/4061 5862/2427/4061 5852/2414/4061
f 5853/2417/4062 5855/2420/4062 5864/2430/4062
f 5853/2417/4063 5864/2430/4063 5863/2429/4063
f 5856/2422/4064 5857/2421/4064 5866/2431/4064
f 5856/2422/4065 5866/2431/4065 5865/2432/4065
f 5867/2433/4066 5866/2431/4066 5857/2421/4066
f 5787/2313/4073 5788/2312/4073 5871/2438/4073
f 5787/2313/6718 5871/2438/6718 5870/2439/6718
f 5870/2439/6719 5854/3012/6719 5850/3010/6719
f 5870/2439/6720 5850/3010/6720 5787/2313/6720
f 5787/2313/6721 5850/3010/6721 5868/3011/6721
f 5787/2313/6722 5868/3011/6722 5786/2778/6722
f 5812/3008/6723 5830/2382/6723 5883/2794/6723
f 5812/3008/6724 5883/2794/6724 5829/3009/6724
f 5813/3013/6725 5872/2440/6725 5830/2382/6725
f 5813/3013/6726 5830/2382/6726 5812/3008/6726
f 5825/2801/6727 5873/2441/6727 5872/2440/6727
f 5825/2801/6728 5872/2440/6728 5813/3013/6728
f 5874/2442/6729 5869/2799/6729 5854/3012/6729
f 5874/2442/6730 5854/3012/6730 5870/2439/6730
f 5874/2442/4091 5870/2439/4091 5871/2438/4091
f 5874/2442/4092 5871/2438/4092 5875/2443/4092
f 5810/2349/4093 5872/2440/4093 5873/2441/4093
f 5810/2349/4094 5873/2441/4094 5826/2373/4094
f 5830/2382/4095 5872/2440/4095 5810/2349/4095
f 5830/2382/4096 5810/2349/4096 5811/2348/4096
f 5828/2376/6731 5835/2798/6731 5811/2348/6731
f 5811/2348/6732 5838/2396/6732 5828/2376/6732
f 5801/2336/4111 5790/2314/4111 5781/2306/4111
f 5801/2336/4112 5781/2306/4112 5799/2333/4112
f 5799/2333/4113 5781/2306/4113 5782/2305/4113
f 5799/2333/4114 5782/2305/4114 5798/2334/4114
f 5837/2397/4115 5817/2356/4115 5831/2384/4115
f 5837/2397/4116 5831/2384/4116 5836/2394/4116
f 5839/2399/4117 5816/2357/4117 5817/2356/4117
f 5839/2399/4118 5817/2356/4118 5837/2397/4118
f 5840/2398/4119 5876/2444/4119 5841/2400/4119
f 5840/2398/4120 5841/2400/4120 5839/2399/4120
f 5860/2424/6733 5849/2411/6733 5829/3009/6733
f 5860/2424/6734 5829/3009/6734 5877/2793/6734
f 5868/3011/6735 5851/2415/6735 5879/2455/6735
f 5868/3011/6736 5879/2455/6736 5878/2779/6736
f 5786/2778/6737 5868/3011/6737 5878/2779/6737
f 5881/2454/4139 5879/2455/4139 5851/2415/4139
f 5881/2454/4140 5851/2415/4140 5861/2428/4140
f 5881/2454/4141 5861/2428/4141 5882/2456/4141
f 5877/2793/6738 5829/3009/6738 5883/2794/6738
f 5794/2327/6739 5800/3006/6739 5793/2328/6739
f 5885/3007/6740 5828/2376/6740 5838/2396/6740
f 5885/3007/6741 5827/2374/6741 5828/2376/6741
f 5794/2327/6742 5797/2332/6742 5800/3006/6742
f 5886/2466/6743 5797/2332/6743 5794/2327/6743
f 5886/2466/6744 5794/2327/6744 5792/2812/6744
f 5807/2344/6745 5808/2777/6745 5846/2408/6745
f 5859/2425/4172 5888/2469/4172 5858/2426/4172
f 5852/2414/4173 5861/2428/4173 5851/2415/4173
f 5848/2412/4176 5867/2433/4176 5857/2421/4176
f 5889/2470/6746 5891/3014/6746 5890/2472/6746
f 5892/2473/4178 5894/2474/4178 5893/2475/4178
f 5895/2476/4179 5898/2477/4179 5897/2478/4179
f 5895/2476/4180 5897/2478/4180 5896/2479/4180
f 5899/2480/6747 5914/3015/6747 5900/2482/6747
f 5903/2487/5746 5895/2476/5746 5896/2479/5746
f 5904/2489/5747 5906/2490/5747 5905/2507/5747
f 5906/2490/4186 5904/2489/4186 5908/2492/4186
f 5906/2490/4187 5908/2492/4187 5907/2493/4187
f 5897/2478/6748 5912/3016/6748 5911/2498/6748
f 5911/2498/4190 5913/2499/4190 5900/2482/4190
f 5891/3014/6749 5917/2504/6749 5916/2503/6749
f 5891/3014/6750 5916/2503/6750 5890/2472/6750
f 5915/2502/6751 5914/3015/6751 5901/2483/6751
f 5915/2502/6752 5901/2483/6752 5902/2484/6752
f 5899/2480/6753 5901/2483/6753 5914/3015/6753
f 5899/2480/4198 5900/2482/4198 5918/2505/4198
f 5913/2499/4199 5918/2505/4199 5900/2482/4199
f 5911/2498/6754 5912/3016/6754 5913/2499/6754
f 5897/2478/6755 5898/2477/6755 5912/3016/6755
f 5889/2470/4203 5894/2474/4203 5892/2473/4203
f 5889/2470/6756 5892/2473/6756 5891/3014/6756
f 5893/2475/6757 5910/3017/6757 5909/2494/6757
f 5892/2473/4206 5893/2475/4206 5909/2494/4206
f 5907/2493/6758 5908/2492/6758 5910/3017/6758
f 5908/2492/6759 5909/2494/6759 5910/3017/6759
f 5767/2283/6760 5768/2774/6760 5775/2293/6760
f 5784/2307/6761 5791/2316/6761 5847/2410/6761
f 5784/2307/6762 5847/2410/6762 5808/2777/6762
f 5818/2359/6763 5834/2787/6763 5884/2461/6763
f 5818/2359/6764 5884/2461/6764 5833/2385/6764
f 5785/2310/6765 5809/2345/6765 5806/2342/6765
f 5824/2369/6766 5819/2360/6766 5822/2365/6766
f 4898/230/6767 4965/321/6767 4958/2575/6767
f 4999/2909/6768 5024/2911/6768 5025/2918/6768
f 4998/365/6769 5021/401/6769 5019/2908/6769
f 5046/432/2209 5021/401/2209 5032/415/2209
f 4984/347/6770 5088/488/6770 5056/444/6770
f 5091/493/6771 5122/2936/6771 5141/2945/6771
f 5091/493/6772 5141/2945/6772 5079/477/6772
f 5106/2932/6773 5138/2937/6773 5143/2942/6773
f 5058/446/6774 5033/2618/6774 5018/2906/6774
f 5079/477/6775 5001/372/6775 5002/373/6775
f 4871/195/6776 4961/2890/6776 4925/265/6776
f 4915/2572/6777 4984/347/6777 4973/2897/6777
f 5056/444/6778 5036/2916/6778 4973/2897/6778
f 5429/981/6779 5427/979/6779 5432/987/6779
f 5429/981/6780 5437/2985/6780 5444/2725/6780
f 5429/981/5594 5444/2725/5594 5423/974/5594
f 5468/1033/6781 5510/2993/6781 5507/1080/6781
f 4876/204/6782 4895/226/6782 4877/205/6782
f 4774/2867/6783 4782/66/6783 4792/80/6783
f 4745/2517/5759 4788/75/5759 4762/2523/5759
f 5475/1041/6784 5486/2988/6784 5436/2986/6784
f 5608/4/6785 5396/2984/6785 5619/2714/6785
f 5477/1044/6786 5482/1049/6786 4742/2863/6786
f 5302/781/6787 5317/807/6787 5338/841/6787
f 5302/781/6788 5338/841/6788 5333/833/6788
f 5353/865/6789 5359/872/6789 5376/897/6789
f 5351/863/5765 5349/2705/5765 5332/2689/5765
f 5431/2720/6790 5428/980/6790 5419/965/6790
f 5420/966/6791 5431/2720/6791 5419/965/6791
f 5435/993/6792 5424/976/6792 5445/2721/6792
f 4750/23/6793 4733/2983/6793 4734/6/6793
f 5608/4/6794 4734/6/6794 4733/2983/6794
f 4740/13/6795 4742/2863/6795 4741/14/6795
f 5393/932/6796 5486/2988/6796 5460/2992/6796
f 4963/2593/6797 5037/420/6797 4981/342/6797
f 5081/479/6798 5090/492/6798 5057/2915/6798
f 5100/509/6799 5061/2917/6799 5078/2921/6799
f 5225/678/2635 5227/680/2635 5243/703/2635
f 5156/584/6800 5227/680/6800 5225/678/6800
f 5117/530/6801 5135/551/6801 5116/2928/6801
f 5794/2327/6802 5788/2312/6802 5792/2812/6802
f 4855/175/6803 4899/2888/6803 4840/151/6803
f 5089/2601/6804 5133/2939/6804 5119/532/6804
f 4958/2575/6805 4899/2888/6805 4898/230/6805
f 4795/2764/6806 4809/105/6806 5596/2550/6806
f 4778/62/6807 4787/72/6807 4771/53/6807
f 5835/2798/6808 5828/2376/6808 5827/2374/6808
f 5835/2798/5770 5827/2374/5770 5845/2406/5770
f 5792/2812/5771 5842/2402/5771 5796/2331/5771
f 5835/2798/5772 5880/2452/5772 5883/2794/5772
f 5835/2798/6809 5883/2794/6809 5811/2348/6809
f 5835/2798/6810 5845/2406/6810 5887/2468/6810
f 5886/2466/6811 5792/2812/6811 5844/2405/6811
f 5786/2778/5775 5842/2402/5775 5792/2812/5775
f 5786/2778/6812 5792/2812/6812 5788/2312/6812
f 5568/1154/6813 5581/1173/6813 5567/1153/6813
f 5566/1152/5778 5567/1153/5778 5558/1143/5778
f 5579/1170/5779 5591/1188/5779 5578/1169/5779
f 4859/181/5780 4848/162/5780 4836/2543/5780
f 4800/91/6814 4849/2880/6814 4807/2873/6814
f 5297/776/6815 5332/2689/6815 5317/807/6815
f 5333/833/6816 5305/786/6816 5302/781/6816
f 5333/833/6817 5344/850/6817 5305/786/6817
f 5303/783/6818 5344/850/6818 5336/838/6818
f 5140/560/6819 5067/460/6819 5115/526/6819
f 5140/560/6820 5115/526/6820 5139/559/6820
f 4995/2903/6821 5010/2907/6821 5006/2904/6821
f 5390/925/6822 5638/910/6822 5637/902/6822
f 5381/907/6823 5383/912/6823 5386/915/6823
f 5283/758/6824 5319/811/6824 5318/810/6824
f 5270/743/6825 5283/758/6825 5282/757/6825
f 5264/736/6826 5167/600/6826 5168/601/6826
f 5168/601/2479 5083/482/2479 5084/483/2479
f 5337/839/6827 5360/873/6827 5361/874/6827
f 5337/839/6828 5361/874/6828 5367/2982/6828
f 5367/2982/6829 5331/2978/6829 5337/839/6829
f 5347/859/6830 5318/810/6830 5319/811/6830
f 5168/601/6831 5267/739/6831 5266/738/6831
f 5919/2511/4522 6591/2512/4522 5920/3/4522
f 6796/4/6832 5922/6/6832 5947/38/6832
f 6796/4/6833 5947/38/6833 6797/37/6833
f 5923/8/4 5924/9/4 5925/10/4
f 5923/8/5 5925/10/5 5926/11/5
f 5927/2862/6834 5928/13/6834 5930/2863/6834
f 5931/16/6835 5932/17/6835 5933/2517/6835
f 5931/16/6836 5933/2517/6836 5934/2864/6836
f 5935/20/6837 5936/21/6837 5932/17/6837
f 5935/20/6838 5932/17/6838 5937/22/6838
f 5922/6/12 5938/23/12 5939/24/12
f 5922/6/13 5939/24/13 5940/25/13
f 5923/8/14 5936/21/14 5935/20/14
f 5941/26/6839 5942/27/6839 5944/33/6839
f 5941/26/6840 5944/33/6840 6581/932/6840
f 5943/30/4530 5919/2511/4530 5920/3/4530
f 5933/2517/6841 5932/17/6841 5936/21/6841
f 5944/33/6842 5942/27/6842 5948/39/6842
f 5944/33/6843 5948/39/6843 5945/35/6843
f 5936/21/23 5923/8/23 5926/11/23
f 5936/21/24 5926/11/24 5946/36/24
f 5949/40/6844 5928/13/6844 5927/2862/6844
f 5949/40/6845 5927/2862/6845 5934/2864/6845
f 5950/2523/6846 5933/2517/6846 5936/21/6846
f 5950/2523/6847 5936/21/6847 5946/36/6847
f 5951/43/6848 5945/35/6848 5971/2865/6848
f 5952/46/6849 5968/64/6849 5947/38/6849
f 5952/46/6850 5947/38/6850 5922/6/6850
f 5953/47/38 5954/48/38 5955/49/38
f 5953/47/39 5955/49/39 5956/50/39
f 5945/35/6851 5948/39/6851 5957/2866/6851
f 5954/48/42 5953/47/42 5958/52/42
f 5954/48/43 5958/52/43 5959/53/43
f 5977/2527/5119 5960/2538/5119 5951/43/5119
f 5977/2527/6852 5951/43/6852 5971/2865/6852
f 5955/49/47 5954/48/47 5961/57/47
f 5955/49/6853 5961/57/6853 5962/2867/6853
f 5940/25/50 5952/46/50 5922/6/50
f 5940/25/51 5939/24/51 5963/59/51
f 5940/25/52 5963/59/52 5964/60/52
f 5934/2864/6854 5933/2517/6854 5965/61/6854
f 5934/2864/6855 5965/61/6855 5949/40/6855
f 5966/62/55 5961/57/55 5954/48/55
f 5966/62/56 5954/48/56 5959/53/56
f 5969/65/61 5956/50/61 5955/49/61
f 5969/65/62 5955/49/62 5970/66/62
f 5962/2867/6856 5961/57/6856 5972/69/6856
f 5962/2867/6857 5972/69/6857 5973/70/6857
f 5959/53/67 5958/52/67 5974/71/67
f 5959/53/68 5974/71/68 5975/72/68
f 5933/2517/4545 5976/75/4545 5965/61/4545
f 5978/78/77 5972/69/77 5961/57/77
f 5978/78/78 5961/57/78 5979/79/78
f 5955/49/6858 5962/2867/6858 5970/66/6858
f 5973/70/6859 5972/69/6859 5981/2869/6859
f 5973/70/6860 5981/2869/6860 5982/2868/6860
f 5961/57/83 5966/62/83 5979/79/83
f 5964/60/85 5963/59/85 5984/85/85
f 5985/2870/6861 5981/2869/6861 5972/69/6861
f 5985/2870/6862 5972/69/6862 5978/78/6862
f 5940/25/88 5986/87/88 5952/46/88
f 5982/2868/6863 5981/2869/6863 5987/2872/6863
f 5982/2868/6864 5987/2872/6864 5990/2871/6864
f 5988/91/6865 5971/2865/6865 5957/2866/6865
f 5988/91/6866 5957/2866/6866 5995/2873/6866
f 5962/2867/6867 5973/70/6867 5989/93/6867
f 5962/2867/6868 5989/93/6868 5980/80/6868
f 5991/96/6869 5992/97/6869 5993/2875/6869
f 5991/96/6870 5993/2875/6870 6025/2874/6870
f 5994/2876/6871 5987/2872/6871 5981/2869/6871
f 5994/2876/6872 5981/2869/6872 5985/2870/6872
f 5960/2538/4553 5977/2527/4553 6029/2539/4553
f 5960/2538/4554 6029/2539/4554 5996/104/4554
f 5964/60/110 5986/87/110 5940/25/110
f 5998/2540/6873 5977/2527/6873 5971/2865/6873
f 5998/2540/6874 5971/2865/6874 5988/91/6874
f 5973/70/6875 5982/2868/6875 5999/2877/6875
f 5973/70/6876 5999/2877/6876 5989/93/6876
f 6798/109/117 6000/110/117 6799/111/117
f 6001/112/6877 6002/113/6877 6003/2544/6877
f 5990/2871/6878 5987/2872/6878 6004/115/6878
f 5990/2871/6879 6004/115/6879 6024/2543/6879
f 6001/112/121 6005/117/121 6002/113/121
f 6003/2544/6880 6002/113/6880 6006/119/6880
f 6003/2544/6881 6006/119/6881 6007/120/6881
f 6008/121/124 5984/85/124 5996/104/124
f 5992/97/6882 6009/122/6882 6010/2878/6882
f 5992/97/6883 6010/2878/6883 5993/2875/6883
f 6011/2549/6884 5990/2871/6884 6024/2543/6884
f 6012/126/129 6013/127/129 6014/128/129
f 5982/2868/6885 5990/2871/6885 6011/2549/6885
f 5982/2868/6886 6011/2549/6886 5999/2877/6886
f 5964/60/132 5984/85/132 6008/121/132
f 6015/129/6887 6016/130/6887 6017/131/6887
f 6000/110/134 6798/109/134 6800/132/134
f 5957/2866/6888 5967/2526/6888 6018/133/6888
f 5957/2866/6889 6018/133/6889 5995/2873/6889
f 6015/129/6890 6041/171/6890 6016/130/6890
f 6005/117/141 6006/119/141 6002/113/141
f 6019/136/142 5997/105/142 6020/137/142
f 6021/138/143 6004/115/143 5987/2872/143
f 6021/138/6891 5987/2872/6891 5994/2876/6891
f 6009/122/6892 6022/139/6892 6010/2878/6892
f 5998/2540/6893 5988/91/6893 6023/2879/6893
f 6023/2879/6894 5988/91/6894 6037/2880/6894
f 6017/131/6895 6016/130/6895 6059/195/6895
f 6017/131/6896 6059/195/6896 6058/194/6896
f 5997/105/6897 6784/2550/6897 6020/137/6897
f 6026/149/155 6027/150/155 6028/151/155
f 6030/2881/6898 5985/2870/6898 5978/78/6898
f 6030/2881/6899 5978/78/6899 6019/136/6899
f 6041/171/6900 6113/265/6900 6059/195/6900
f 6041/171/6901 6059/195/6901 6016/130/6901
f 6031/155/162 6005/117/162 6032/156/162
f 6793/2560/6902 6011/2549/6902 6024/2543/6902
f 6793/2560/6903 6024/2543/6903 6033/2561/6903
f 6005/117/165 6031/155/165 6006/119/165
f 6034/159/166 5986/87/166 5964/60/166
f 6035/2562/6904 5998/2540/6904 6023/2879/6904
f 6035/2562/6905 6023/2879/6905 6046/2882/6905
f 6036/162/6906 6024/2543/6906 6004/115/6906
f 6038/166/177 6039/167/177 6040/168/177
f 6038/166/177 6040/168/177 6081/2565/177
f 5996/104/6907 6029/2539/6907 6080/2883/6907
f 5996/104/6908 6080/2883/6908 6008/121/6908
f 6042/2884/6909 5994/2876/6909 5985/2870/6909
f 6042/2884/6910 5985/2870/6910 6030/2881/6910
f 6027/150/6911 6071/211/6911 6072/212/6911
f 6027/150/6912 6072/212/6912 6028/151/6912
f 6028/151/185 6043/175/185 6026/149/185
f 6026/149/6913 6043/175/6913 6060/196/6913
f 6034/159/188 5964/60/188 6008/121/188
f 6034/159/189 6008/121/189 6045/179/189
f 5977/2527/4588 5998/2540/4588 6029/2539/4588
f 6024/2543/4589 6047/181/4589 6033/2561/4589
f 6010/2878/6914 6022/139/6914 6048/2885/6914
f 6047/181/198 6036/162/198 6049/184/198
f 6022/139/6915 6050/2887/6915 6051/2886/6915
f 6022/139/6916 6051/2886/6916 6048/2885/6916
f 6052/187/4592 6035/2562/4592 6053/188/4592
f 6020/137/6917 6784/2550/6917 6054/190/6917
f 6055/191/205 6036/162/205 6004/115/205
f 6055/191/206 6004/115/206 6021/138/206
f 6056/192/207 6000/110/207 6800/132/207
f 6037/2880/6918 5995/2873/6918 6018/133/6918
f 6037/2880/6919 6018/133/6919 6057/193/6919
f 6801/197/213 5986/87/213 6034/159/213
f 6801/197/214 6034/159/214 6061/198/214
f 6015/129/215 6062/199/215 6041/171/215
f 6026/149/6920 6060/196/6920 6063/202/6920
f 6070/210/6921 6064/204/6921 6083/226/6921
f 6050/2887/6922 6066/2569/6922 6067/207/6922
f 6050/2887/6923 6067/207/6923 6051/2886/6923
f 6068/208/6924 6025/2874/6924 5993/2875/6924
f 6068/208/6925 5993/2875/6925 6069/209/6925
f 6086/230/6926 6043/175/6926 6087/2888/6926
f 6073/215/6927 6021/138/6927 5994/2876/6927
f 6073/215/6928 5994/2876/6928 6042/2884/6928
f 6066/2569/6929 6074/216/6929 6075/217/6929
f 6066/2569/6930 6075/217/6930 6067/207/6930
f 6076/218/6931 6046/2882/6931 6023/2879/6931
f 6076/218/6932 6023/2879/6932 6077/219/6932
f 6052/187/237 6053/188/237 6078/220/237
f 6052/187/238 6078/220/238 6079/221/238
f 6081/2565/177 6082/224/177 6038/166/177
f 6084/227/243 6058/194/243 6059/195/243
f 6084/227/244 6059/195/244 6085/228/244
f 6077/219/6933 6023/2879/6933 6037/2880/6933
f 6077/219/6934 6037/2880/6934 6095/2889/6934
f 6086/230/6935 6153/321/6935 6060/196/6935
f 6086/230/6936 6060/196/6936 6043/175/6936
f 6072/212/6937 6112/264/6937 6087/2888/6937
f 6072/212/6938 6087/2888/6938 6028/151/6938
f 6029/2539/4606 6052/187/4606 6079/221/4606
f 6088/232/252 6019/136/252 6020/137/252
f 6065/205/253 6089/233/253 6083/226/253
f 6085/228/6939 6059/195/6939 6149/2890/6939
f 6090/235/256 6091/236/256 6092/237/256
f 6093/238/257 6020/137/257 6094/239/257
f 6096/2891/6940 6030/2881/6940 6019/136/6940
f 6096/2891/6941 6019/136/6941 6088/232/6941
f 6070/210/6942 6083/226/6942 6100/248/6942
f 6070/210/6943 6100/248/6943 6097/244/6943
f 6098/245/267 6049/184/267 6036/162/267
f 6098/245/268 6036/162/268 6055/191/268
f 6099/246/6944 6010/2878/6944 6115/2892/6944
f 6062/199/6945 6158/329/6945 6113/265/6945
f 6062/199/6946 6113/265/6946 6041/171/6946
f 6072/212/274 6071/211/274 6101/250/274
f 6072/212/275 6101/250/275 6102/251/275
f 6084/227/6947 6085/228/6947 6103/2572/6947
f 6084/227/6948 6103/2572/6948 6133/2573/6948
f 6104/2893/6949 6042/2884/6949 6030/2881/6949
f 6104/2893/6950 6030/2881/6950 6096/2891/6950
f 6061/198/280 6034/159/280 6105/255/280
f 6061/198/281 6105/255/281 6106/256/281
f 6008/121/6951 6080/2883/6951 6129/2894/6951
f 6008/121/6952 6129/2894/6952 6045/179/6952
f 6105/255/284 6034/159/284 6045/179/284
f 6105/255/285 6045/179/285 6107/258/285
f 6097/244/6953 6100/248/6953 6116/269/6953
f 6097/244/6954 6116/269/6954 6108/260/6954
f 6109/261/288 6055/191/288 6021/138/288
f 6109/261/289 6021/138/289 6073/215/289
f 6048/2885/6955 6110/262/6955 6010/2878/6955
f 6048/2885/6956 6051/2886/6956 6111/2895/6956
f 6048/2885/6957 6111/2895/6957 6110/262/6957
f 6108/260/6958 6116/269/6958 6114/266/6958
f 6089/233/2007 6100/248/2007 6083/226/2007
f 6116/269/304 6089/233/304 6117/270/304
f 6063/202/6959 6060/196/6959 6153/321/6959
f 6063/202/6960 6153/321/6960 6173/348/6960
f 6111/2895/6961 6051/2886/6961 6067/207/6961
f 6111/2895/6962 6067/207/6962 6127/2896/6962
f 6095/2889/6963 6037/2880/6963 6057/193/6963
f 6095/2889/6964 6057/193/6964 6118/273/6964
f 6089/233/6119 6116/269/6119 6100/248/6119
f 6080/2883/6965 6079/221/6965 6119/274/6965
f 6079/221/315 6078/220/315 6120/275/315
f 6079/221/316 6120/275/316 6121/276/316
f 6110/262/6966 6115/2892/6966 6010/2878/6966
f 6088/232/6967 6093/238/6967 6115/2892/6967
f 6088/232/6968 6115/2892/6968 6110/262/6968
f 6096/2891/6969 6088/232/6969 6110/262/6969
f 6096/2891/6970 6110/262/6970 6111/2895/6970
f 6124/281/324 6125/282/324 6126/283/324
f 6127/2896/6971 6067/207/6971 6075/217/6971
f 6127/2896/6972 6075/217/6972 6128/2591/6972
f 6161/2897/6973 6103/2572/6973 6085/228/6973
f 6161/2897/6974 6085/228/6974 6149/2890/6974
f 6130/288/331 6131/289/331 6132/290/331
f 6135/2592/6975 6076/218/6975 6077/219/6975
f 6135/2592/6976 6077/219/6976 6136/295/6976
f 6137/296/337 6107/258/337 6045/179/337
f 6137/296/6977 6045/179/6977 6129/2894/6977
f 6138/297/6978 6073/215/6978 6042/2884/6978
f 6138/297/6979 6042/2884/6979 6104/2893/6979
f 6123/2898/6980 6139/298/6980 6140/299/6980
f 6096/2891/6981 6111/2895/6981 6127/2896/6981
f 6096/2891/6982 6127/2896/6982 6104/2893/6982
f 6141/300/344 6142/301/344 6122/278/344
f 6162/2582/6983 6163/2899/6983 6102/251/6983
f 6162/2582/6984 6102/251/6984 6101/250/6984
f 6140/299/347 6139/298/347 6132/290/347
f 6146/2575/6985 6087/2888/6985 6134/293/6985
f 6130/288/351 6142/301/351 6143/305/351
f 6081/2565/177 6144/306/177 6145/307/177
f 6081/2565/177 6145/307/177 6082/224/177
f 6134/293/6986 6087/2888/6986 6112/264/6986
f 6112/264/356 6072/212/356 6102/251/356
f 6112/264/357 6102/251/357 6147/310/357
f 6148/311/358 6098/245/358 6055/191/358
f 6148/311/359 6055/191/359 6109/261/359
f 6095/2889/6987 6151/2593/6987 6077/219/6987
f 6142/301/361 6139/298/361 6122/278/361
f 6142/301/362 6130/288/362 6139/298/362
f 6150/314/364 6802/315/364 6804/316/364
f 6150/314/367 6803/318/367 6802/315/367
f 6077/219/6988 6151/2593/6988 6136/295/6988
f 6152/319/369 6109/261/369 6073/215/369
f 6104/2893/6989 6127/2896/6989 6154/322/6989
f 6104/2893/6990 6154/322/6990 6138/297/6990
f 6150/314/376 6804/316/376 6805/323/376
f 6080/2883/6991 6119/274/6991 6155/324/6991
f 6129/2894/6992 6167/2599/6992 6156/326/6992
f 6129/2894/6993 6156/326/6993 6137/296/6993
f 6127/2896/6994 6128/2591/6994 6157/328/6994
f 6127/2896/6995 6157/328/6995 6154/322/6995
f 6133/2573/6996 6103/2572/6996 6159/330/6996
f 6133/2573/6997 6159/330/6997 6160/331/6997
f 6164/335/391 6119/274/391 6079/221/391
f 6164/335/392 6079/221/392 6121/276/392
f 6165/336/6998 6135/2592/6998 6136/295/6998
f 6129/2894/6999 6080/2883/6999 6155/324/6999
f 6112/264/395 6147/310/395 6166/337/395
f 6134/293/396 6112/264/396 6166/337/396
f 6199/2900/7000 6147/310/7000 6102/251/7000
f 6199/2900/7001 6102/251/7001 6163/2899/7001
f 6165/336/7002 6168/340/7002 6135/2592/7002
f 6151/2593/7003 6095/2889/7003 6118/273/7003
f 6151/2593/5117 6118/273/5117 6169/342/5117
f 6150/314/404 6805/323/404 6806/343/404
f 6165/336/7004 6136/295/7004 6192/2901/7004
f 6170/345/406 6121/276/406 6120/275/406
f 6170/345/407 6120/275/407 6171/346/407
f 6159/330/7005 6103/2572/7005 6172/347/7005
f 6144/306/177 6174/349/177 6175/350/177
f 6144/306/177 6175/350/177 6145/307/177
f 6176/351/412 6154/322/412 6157/328/412
f 6109/261/413 6152/319/413 6148/311/413
f 6199/2900/7006 6166/337/7006 6147/310/7006
f 6177/352/415 6155/324/415 6119/274/415
f 6177/352/416 6119/274/416 6164/335/416
f 6178/353/7007 6188/2902/7007 6146/2575/7007
f 6178/353/7008 6146/2575/7008 6134/293/7008
f 6179/355/419 6168/340/419 6165/336/419
f 6176/351/420 6157/328/420 6180/356/420
f 6176/351/421 6180/356/421 6181/357/421
f 6129/2894/7009 6155/324/7009 6182/358/7009
f 6183/2903/7010 6184/360/7010 6185/2905/7010
f 6183/2903/7011 6185/2905/7011 6194/2904/7011
f 6134/293/7012 6166/337/7012 6178/353/7012
f 6206/2906/7013 6183/2903/7013 6198/2907/7013
f 6186/365/7014 6187/2909/7014 6207/2908/7014
f 6160/331/7015 6159/330/7015 6228/424/7015
f 6160/331/7016 6228/424/7016 6229/425/7016
f 6189/372/7017 6190/373/7017 6163/2899/7017
f 6189/372/7018 6163/2899/7018 6162/2582/7018
f 6191/374/7019 6179/355/7019 6227/2910/7019
f 6165/336/7020 6192/2901/7020 6179/355/7020
f 6164/335/440 6121/276/440 6193/377/440
f 6187/2909/7021 6212/2911/7021 6207/2908/7021
f 6195/382/7022 6186/365/7022 6209/401/7022
f 6196/2912/7023 6185/2905/7023 6184/360/7023
f 6196/2912/7024 6184/360/7024 6197/384/7024
f 6121/276/450 6170/345/450 6193/377/450
f 6113/265/7025 6200/388/7025 6149/2890/7025
f 6129/2894/7026 6182/358/7026 6201/389/7026
f 6129/2894/7027 6201/389/7027 6167/2599/7027
f 6172/347/7028 6242/2913/7028 6228/424/7028
f 6172/347/7029 6228/424/7029 6159/330/7029
f 6202/390/459 6182/358/459 6155/324/459
f 6202/390/460 6155/324/460 6177/352/460
f 6176/351/461 6181/357/461 6203/391/461
f 6176/351/462 6203/391/462 6204/392/462
f 6171/346/465 6205/394/465 6170/345/465
f 6206/2906/7030 6198/2907/7030 6221/2618/7030
f 6153/321/7031 6146/2575/7031 6188/2902/7031
f 6153/321/7032 6188/2902/7032 6208/399/7032
f 6199/2900/7033 6250/2914/7033 6166/337/7033
f 6179/355/7034 6192/2901/7034 6245/2915/7034
f 6177/352/475 6164/335/475 6210/403/475
f 6177/352/476 6210/403/476 6211/404/476
f 6191/374/7035 6227/2910/7035 6214/407/7035
f 6200/388/481 6113/265/481 6158/329/481
f 6200/388/482 6158/329/482 6215/408/482
f 6178/353/7036 6166/337/7036 6250/2914/7036
f 6178/353/7037 6250/2914/7037 6277/2601/7037
f 6216/410/7038 6210/403/7038 6164/335/7038
f 6216/410/7039 6164/335/7039 6193/377/7039
f 6205/394/487 6214/407/487 6217/411/487
f 6218/412/7040 6194/2904/7040 6185/2905/7040
f 6218/412/7041 6185/2905/7041 6219/413/7041
f 6195/382/492 6209/401/492 6220/415/492
f 6222/417/7042 6196/2912/7042 6197/384/7042
f 6222/417/496 6197/384/496 6223/418/496
f 6161/2897/7043 6149/2890/7043 6200/388/7043
f 6161/2897/7044 6200/388/7044 6224/2916/7044
f 6192/2901/7045 6151/2593/7045 6225/420/7045
f 6198/2907/7046 6194/2904/7046 6218/412/7046
f 6198/2907/7047 6218/412/7047 6226/421/7047
f 6214/407/7048 6227/2910/7048 6249/2917/7048
f 6211/404/507 6210/403/507 6230/426/507
f 6211/404/508 6230/426/508 6231/427/508
f 6209/401/7049 6207/2908/7049 6232/428/7049
f 6214/407/7050 6249/2917/7050 6217/411/7050
f 6199/2900/7051 6163/2899/7051 6190/373/7051
f 6199/2900/7052 6190/373/7052 6233/429/7052
f 6219/413/7053 6185/2905/7053 6196/2912/7053
f 6234/432/516 6209/401/516 6232/428/516
f 6177/352/517 6211/404/517 6235/433/517
f 6177/352/518 6235/433/518 6202/390/518
f 6236/434/519 6193/377/519 6170/345/519
f 6212/2911/7054 6213/2918/7054 6237/435/7054
f 6182/358/521 6202/390/521 6238/436/521
f 6182/358/522 6238/436/522 6201/389/522
f 6239/438/525 6230/426/525 6210/403/525
f 6239/438/7055 6210/403/7055 6216/410/7055
f 6196/2912/7056 6222/417/7056 6241/441/7056
f 6217/411/531 6236/434/531 6170/345/531
f 6173/348/534 6153/321/534 6208/399/534
f 6173/348/535 6208/399/535 6243/443/535
f 6172/347/7057 6161/2897/7057 6244/444/7057
f 6232/428/7058 6207/2908/7058 6240/2919/7058
f 6246/446/7059 6221/2618/7059 6259/2920/7059
f 6216/410/7060 6193/377/7060 6236/434/7060
f 6237/435/7061 6213/2918/7061 6247/448/7061
f 6235/433/545 6211/404/545 6231/427/545
f 6235/433/546 6231/427/546 6248/449/546
f 6277/2601/7062 6292/2603/7062 6188/2902/7062
f 6277/2601/7063 6188/2902/7063 6178/353/7063
f 6217/411/7064 6249/2917/7064 6266/2921/7064
f 6238/436/555 6202/390/555 6235/433/555
f 6238/436/7065 6235/433/7065 6251/454/7065
f 6212/2911/7066 6237/435/7066 6252/2922/7066
f 6253/456/558 6234/432/558 6232/428/558
f 6253/456/7067 6232/428/7067 6811/1206/7067
f 6221/2618/7068 6198/2907/7068 6226/421/7068
f 6221/2618/7069 6226/421/7069 6254/458/7069
f 6240/2919/7070 6207/2908/7070 6212/2911/7070
f 6240/2919/7071 6212/2911/7071 6255/460/7071
f 6239/438/7072 6216/410/7072 6256/461/7072
f 6287/2923/7073 6218/412/7073 6219/413/7073
f 6287/2923/7074 6219/413/7074 6257/2924/7074
f 6232/428/7075 6240/2919/7075 6258/464/7075
f 6232/428/7076 6258/464/7076 6811/1206/7076
f 6216/410/7077 6236/434/7077 6256/461/7077
f 6293/2925/7078 6219/413/7078 6196/2912/7078
f 6217/411/7079 6266/2921/7079 6285/2926/7079
f 6217/411/7080 6285/2926/7080 6236/434/7080
f 6239/438/578 6256/461/578 6262/471/578
f 6014/128/579 6013/127/579 6263/472/579
f 6014/128/580 6263/472/580 6264/473/580
f 6226/421/7081 6218/412/7081 6287/2923/7081
f 6226/421/7082 6287/2923/7082 6295/2927/7082
f 6251/454/583 6235/433/583 6248/449/583
f 6251/454/584 6248/449/584 6265/475/584
f 6267/477/7083 6189/372/7083 6268/478/7083
f 6269/479/7084 6227/2910/7084 6245/2915/7084
f 6258/464/7085 6240/2919/7085 6270/480/7085
f 6293/2925/7086 6196/2912/7086 6241/441/7086
f 6293/2925/7087 6241/441/7087 6304/2928/7087
f 6271/482/7088 6272/483/7088 6212/2911/7088
f 6219/413/7089 6293/2925/7089 6257/2924/7089
f 6250/2914/7090 6199/2900/7090 6233/429/7090
f 6250/2914/7091 6233/429/7091 6273/484/7091
f 6274/485/599 6275/486/599 6809/487/599
f 6242/2913/7092 6172/347/7092 6276/488/7092
f 6208/399/7093 6188/2902/7093 6292/2603/7093
f 6208/399/7094 6292/2603/7094 6315/2619/7094
f 6290/2929/7095 6256/461/7095 6236/434/7095
f 6290/2929/7096 6236/434/7096 6285/2926/7096
f 6278/492/7097 6245/2915/7097 6192/2901/7097
f 6278/492/7098 6192/2901/7098 6225/420/7098
f 6233/429/610 6190/373/610 6279/493/610
f 6233/429/611 6279/493/611 6280/494/611
f 6275/486/612 6274/485/612 6281/495/612
f 6190/373/7099 6267/477/7099 6279/493/7099
f 6249/2917/7100 6227/2910/7100 6269/479/7100
f 6249/2917/7101 6269/479/7101 6282/496/7101
f 6255/460/7102 6212/2911/7102 6272/483/7102
f 6259/2920/7103 6283/498/7103 6246/446/7103
f 6296/2930/7104 6262/471/7104 6256/461/7104
f 6296/2930/7105 6256/461/7105 6290/2929/7105
f 6259/2920/7106 6221/2618/7106 6254/458/7106
f 6259/2920/7107 6254/458/7107 6284/500/7107
f 6274/485/623 6809/487/623 6810/501/623
f 6254/458/7108 6226/421/7108 6295/2927/7108
f 6254/458/7109 6295/2927/7109 6309/2931/7109
f 6255/460/7110 6270/480/7110 6240/2919/7110
f 6224/2916/7111 6200/388/7111 6215/408/7111
f 6224/2916/7112 6215/408/7112 6286/2655/7112
f 6288/509/7113 6249/2917/7113 6282/496/7113
f 6289/510/640 6274/485/640 6810/501/640
f 6291/513/7114 6269/479/7114 6278/492/7114
f 6294/2932/7115 6283/498/7115 6259/2920/7115
f 6243/443/7116 6208/399/7116 6315/2619/7116
f 6243/443/7117 6315/2619/7117 6297/2628/7117
f 6298/521/7118 6285/2926/7118 6266/2921/7118
f 6298/521/7119 6266/2921/7119 6288/509/7119
f 6299/522/7120 6300/523/7120 5975/72/7120
f 6299/522/663 5975/72/663 5974/71/663
f 6273/484/664 6233/429/664 6280/494/664
f 6273/484/7121 6280/494/7121 6301/2933/7121
f 6282/496/666 6269/479/666 6291/513/666
f 6282/496/667 6291/513/667 6302/525/667
f 6270/480/668 6255/460/668 6303/526/668
f 6270/480/669 6303/526/669 6813/527/669
f 6284/500/7122 6254/458/7122 6309/2931/7122
f 6284/500/7123 6309/2931/7123 6322/2934/7123
f 6293/2925/7124 6304/2928/7124 6305/530/7124
f 6293/2925/7125 6306/2935/7125 6257/2924/7125
f 6277/2601/7126 6250/2914/7126 6273/484/7126
f 6277/2601/7127 6273/484/7127 6307/532/7127
f 6272/483/740 6333/569/740 6328/560/740
f 6272/483/7128 6328/560/7128 6255/460/7128
f 6290/2929/7129 6285/2926/7129 6298/521/7129
f 6290/2929/7130 6298/521/7130 6308/533/7130
f 6280/494/7131 6279/493/7131 6310/2936/7131
f 6280/494/7132 6310/2936/7132 6301/2933/7132
f 6259/2920/7133 6284/500/7133 6311/2638/7133
f 6259/2920/7134 6311/2638/7134 6294/2932/7134
f 6283/498/7135 6294/2932/7135 6326/2937/7135
f 6312/538/7136 6287/2923/7136 6257/2924/7136
f 6312/538/7137 6257/2924/7137 6306/2935/7137
f 6313/539/689 6288/509/689 6282/496/689
f 6313/539/690 6282/496/690 6302/525/690
f 6244/444/7138 6224/2916/7138 6314/540/7138
f 6296/2930/7139 6290/2929/7139 6308/533/7139
f 6296/2930/7140 6308/533/7140 6316/542/7140
f 6295/2927/7141 6287/2923/7141 6317/543/7141
f 6295/2927/7142 6317/543/7142 6318/544/7142
f 6340/2938/7143 6306/2935/7143 6293/2925/7143
f 6340/2938/7144 6293/2925/7144 6305/530/7144
f 6317/543/7145 6287/2923/7145 6312/538/7145
f 6317/543/703 6312/538/703 6319/546/703
f 6277/2601/7146 6321/2939/7146 6292/2603/7146
f 6320/548/706 6298/521/706 6288/509/706
f 6320/548/707 6288/509/707 6313/539/707
f 6305/530/7147 6323/551/7147 6324/552/7147
f 6312/538/7148 6306/2935/7148 6340/2938/7148
f 6312/538/7149 6340/2938/7149 6350/2940/7149
f 6322/2934/7150 6363/2941/7150 6352/595/7150
f 6322/2934/7151 6352/595/7151 6284/500/7151
f 6309/2931/7152 6295/2927/7152 6318/544/7152
f 6309/2931/7153 6318/544/7153 6325/556/7153
f 6284/500/7154 6352/595/7154 6351/594/7154
f 6284/500/7155 6351/594/7155 6311/2638/7155
f 6330/564/730 6308/533/730 6298/521/730
f 6330/564/731 6298/521/731 6320/548/731
f 6276/488/735 6244/444/735 6314/540/735
f 6276/488/736 6314/540/736 6332/567/736
f 6318/544/741 6317/543/741 6334/570/741
f 6318/544/742 6334/570/742 6335/571/742
f 6336/572/7156 6316/542/7156 6308/533/7156
f 6336/572/744 6308/533/744 6330/564/744
f 6334/570/747 6317/543/747 6319/546/747
f 6334/570/748 6319/546/748 6337/574/748
f 6315/2619/7157 6292/2603/7157 6321/2939/7157
f 6315/2619/7158 6321/2939/7158 6338/575/7158
f 6325/556/753 6318/544/753 6335/571/753
f 6325/556/754 6335/571/754 6339/577/754
f 6322/2934/7159 6309/2931/7159 6325/556/7159
f 6322/2934/7160 6325/556/7160 6341/579/7160
f 6294/2932/7161 6311/2638/7161 6342/2652/7161
f 6294/2932/7162 6342/2652/7162 6331/2942/7162
f 6319/546/7163 6312/538/7163 6350/2940/7163
f 6319/546/7164 6350/2940/7164 6388/2943/7164
f 6273/484/762 6343/582/762 6307/532/762
f 6340/2938/7165 6305/530/7165 6324/552/7165
f 6340/2938/7166 6324/552/7166 6344/584/7166
f 6324/552/7167 6323/551/7167 6345/585/7167
f 6324/552/7168 6345/585/7168 6346/586/7168
f 6301/2933/7169 6343/582/7169 6273/484/7169
f 6347/587/770 6814/588/770 6815/589/770
f 6307/532/7170 6343/582/7170 6400/658/7170
f 6307/532/7171 6400/658/7171 6321/2939/7171
f 6348/591/773 6335/571/773 6334/570/773
f 6348/591/774 6334/570/774 6349/592/774
f 6325/556/781 6339/577/781 6353/597/781
f 6325/556/7172 6353/597/7172 6341/579/7172
f 6354/598/783 6339/577/783 6335/571/783
f 6354/598/784 6335/571/784 6348/591/784
f 6347/587/785 6815/589/785 6816/599/785
f 6271/482/786 6355/600/786 6356/601/786
f 6311/2638/7173 6351/594/7173 6364/2651/7173
f 6311/2638/4726 6364/2651/4726 6342/2652/4726
f 6353/597/794 6339/577/794 6354/598/794
f 6353/597/795 6354/598/795 6357/606/795
f 6349/592/796 6334/570/796 6337/574/796
f 6349/592/797 6337/574/797 6358/607/797
f 6359/608/7174 6354/598/7174 6348/591/7174
f 6359/608/799 6348/591/799 6360/609/799
f 6341/579/7175 6386/640/7175 6363/2941/7175
f 6341/579/7176 6363/2941/7176 6322/2934/7176
f 6343/582/7177 6301/2933/7177 6310/2936/7177
f 6357/606/803 6354/598/803 6359/608/803
f 6357/606/804 6359/608/804 6361/611/804
f 6360/609/805 6348/591/805 6349/592/805
f 6360/609/806 6349/592/806 6362/612/806
f 6337/574/7178 6319/546/7178 6388/2943/7178
f 6337/574/7179 6388/2943/7179 6408/2944/7179
f 6365/616/7180 6366/617/7180 6367/618/7180
f 6368/619/814 6357/606/814 6361/611/814
f 6368/619/815 6361/611/815 6369/620/815
f 6365/616/816 6367/618/816 6370/621/816
f 6371/622/7181 6353/597/7181 6357/606/7181
f 6371/622/818 6357/606/818 6368/619/818
f 6092/237/819 6091/236/819 6372/623/819
f 6092/237/7182 6372/623/7182 6373/624/7182
f 6314/540/7183 6224/2916/7183 6286/2655/7183
f 6314/540/7184 6286/2655/7184 6374/625/7184
f 6366/617/823 6375/626/823 6376/627/823
f 6329/2945/7185 6343/582/7185 6310/2936/7185
f 6362/612/827 6349/592/827 6358/607/827
f 6362/612/828 6358/607/828 6377/629/828
f 6378/630/829 6351/594/829 6352/595/829
f 6378/630/830 6352/595/830 6379/631/830
f 6380/632/831 6341/579/831 6353/597/831
f 6380/632/832 6353/597/832 6371/622/832
f 6365/616/833 6375/626/833 6366/617/833
f 6816/599/834 6381/633/834 6347/587/834
f 6376/627/835 6375/626/835 6382/634/835
f 6817/635/836 6333/569/836 6272/483/836
f 6817/635/837 6272/483/837 6356/601/837
f 6379/631/7186 6352/595/7186 6363/2941/7186
f 6379/631/7187 6363/2941/7187 6390/2946/7187
f 6383/637/840 6365/616/840 6370/621/840
f 6368/619/841 6369/620/841 6384/638/841
f 6368/619/842 6384/638/842 6385/639/842
f 6371/622/845 6368/619/845 6385/639/845
f 6371/622/846 6385/639/846 6387/641/846
f 6380/632/7188 6399/657/7188 6386/640/7188
f 6380/632/7189 6386/640/7189 6341/579/7189
f 6375/626/851 6389/644/851 6382/634/851
f 6338/575/7190 6321/2939/7190 6400/658/7190
f 6413/678/7191 6344/584/7191 6324/552/7191
f 6413/678/7192 6324/552/7192 6346/586/7192
f 6350/2940/7193 6340/2938/7193 6344/584/7193
f 6350/2940/7194 6344/584/7194 6391/2947/7194
f 6364/2651/7195 6351/594/7195 6378/630/7195
f 6364/2651/7196 6378/630/7196 6392/2657/7196
f 6358/607/7197 6337/574/7197 6408/2944/7197
f 6358/607/7198 6408/2944/7198 6421/2948/7198
f 6393/650/863 6375/626/863 6365/616/863
f 6393/650/864 6365/616/864 6394/651/864
f 6380/632/867 6371/622/867 6387/641/867
f 6380/632/868 6387/641/868 6395/653/868
f 6396/654/869 6365/616/869 6383/637/869
f 6394/651/870 6365/616/870 6396/654/870
f 6297/2628/7199 6315/2619/7199 6338/575/7199
f 6297/2628/7200 6338/575/7200 6397/655/7200
f 6390/2946/7201 6363/2941/7201 6386/640/7201
f 6390/2946/7202 6386/640/7202 6398/656/7202
f 6401/659/7203 6373/624/7203 6372/623/7203
f 6401/659/880 6372/623/880 6402/660/880
f 6400/658/7204 6343/582/7204 6329/2945/7204
f 6377/629/7205 6358/607/7205 6421/2948/7205
f 6377/629/7206 6421/2948/7206 6403/2949/7206
f 6381/633/884 6404/662/884 6347/587/884
f 6389/644/7207 6375/626/7207 6405/2950/7207
f 6406/664/7208 6326/2937/7208 6331/2942/7208
f 6395/653/7209 6416/682/7209 6399/657/7209
f 6395/653/7210 6399/657/7210 6380/632/7210
f 6385/639/7211 6384/638/7211 6437/2952/7211
f 6385/639/7212 6437/2952/7212 6438/2951/7212
f 6405/2950/7213 6375/626/7213 6393/650/7213
f 6405/2950/7214 6393/650/7214 6407/669/7214
f 6387/641/7215 6385/639/7215 6438/2951/7215
f 6387/641/7216 6438/2951/7216 6440/2953/7216
f 6398/656/899 6386/640/899 6399/657/899
f 6398/656/900 6399/657/900 6409/672/900
f 6394/651/901 6396/654/901 6410/673/901
f 6396/654/7217 6383/637/7217 6411/2954/7217
f 6394/651/904 6410/673/904 6412/675/904
f 6332/567/7218 6314/540/7218 6374/625/7218
f 6332/567/7219 6374/625/7219 6795/1209/7219
f 6414/679/909 6393/650/909 6394/651/909
f 6414/679/910 6394/651/910 6412/675/910
f 6391/2947/7220 6344/584/7220 6415/680/7220
f 6389/644/7221 6405/2950/7221 6432/2955/7221
f 6395/653/7222 6387/641/7222 6440/2953/7222
f 6395/653/7223 6440/2953/7223 6442/2956/7223
f 6388/2943/7224 6350/2940/7224 6391/2947/7224
f 6388/2943/7225 6391/2947/7225 6417/2957/7225
f 6418/686/922 6419/687/922 6420/688/922
f 6420/688/7226 6423/2958/7226 6418/686/7226
f 6409/672/926 6399/657/926 6416/682/926
f 6409/672/927 6416/682/927 6422/691/927
f 6424/693/929 6412/675/929 6410/673/929
f 6424/693/930 6410/673/930 6425/694/930
f 6442/2956/7227 6449/2959/7227 6416/682/7227
f 6442/2956/7228 6416/682/7228 6395/653/7228
f 6406/664/7229 6331/2942/7229 6426/2960/7229
f 6427/2670/7230 6419/687/7230 6418/686/7230
f 6414/679/937 6412/675/937 6424/693/937
f 6414/679/938 6424/693/938 6428/699/938
f 6338/575/939 6400/658/939 6429/700/939
f 6423/2958/7231 6430/701/7231 6418/686/7231
f 6407/669/941 6393/650/941 6414/679/941
f 6331/2942/7232 6342/2652/7232 6433/2673/7232
f 6331/2942/7233 6433/2673/7233 6426/2960/7233
f 6430/701/953 6434/709/953 6418/686/953
f 6435/710/954 6410/673/954 6396/654/954
f 6436/711/955 6397/655/955 6338/575/955
f 6356/601/7234 6455/739/7234 6818/715/7234
f 6356/601/7235 6818/715/7235 6817/635/7235
f 6408/2944/7236 6388/2943/7236 6417/2957/7236
f 6408/2944/7237 6417/2957/7237 6439/2961/7237
f 6422/691/7238 6416/682/7238 6449/2959/7238
f 6422/691/7239 6449/2959/7239 6453/2962/7239
f 6441/719/7240 6406/664/7240 6426/2960/7240
f 6433/2673/4774 6342/2652/4774 6364/2651/4774
f 6433/2673/4775 6364/2651/4775 6445/725/4775
f 6417/2957/7241 6391/2947/7241 6415/680/7241
f 6417/2957/7242 6415/680/7242 6443/723/7242
f 6434/709/975 6444/724/975 6418/686/975
f 6435/710/7243 6396/654/7243 6411/2954/7243
f 6425/694/982 6410/673/982 6435/710/982
f 6425/694/983 6435/710/983 6447/730/983
f 6445/725/4777 6364/2651/4777 6392/2657/4777
f 6445/725/4778 6392/2657/4778 6448/731/4778
f 6407/669/988 6414/679/988 6450/733/988
f 6444/724/7244 6462/2963/7244 6418/686/7244
f 6414/679/990 6428/699/990 6450/733/990
f 6451/2964/7245 6421/2948/7245 6408/2944/7245
f 6451/2964/7246 6408/2944/7246 6439/2961/7246
f 6456/740/4780 6427/2670/4780 6418/686/4780
f 6426/2960/7247 6472/2663/7247 6470/757/7247
f 6426/2960/7248 6470/757/7248 6441/719/7248
f 6457/2965/7249 6403/2949/7249 6421/2948/7249
f 6457/2965/7250 6421/2948/7250 6451/2964/7250
f 6470/757/1694 6458/743/1694 6441/719/1694
f 6459/2966/7251 6432/2955/7251 6405/2950/7251
f 6459/2966/7252 6405/2950/7252 6460/745/7252
f 6439/2961/7253 6417/2957/7253 6443/723/7253
f 6439/2961/7254 6443/723/7254 6461/746/7254
f 6443/723/1008 6415/680/1008 6431/703/1008
f 6443/723/1009 6431/703/1009 6463/748/1009
f 6438/2951/7255 6437/2952/7255 6464/2968/7255
f 6438/2951/7256 6464/2968/7256 6465/2967/7256
f 6407/669/7257 6460/745/7257 6405/2950/7257
f 6466/751/7258 6440/2953/7258 6438/2951/7258
f 6466/751/7259 6438/2951/7259 6465/2967/7259
f 6435/710/7260 6411/2954/7260 6467/2969/7260
f 6468/753/7261 6442/2956/7261 6440/2953/7261
f 6468/753/7262 6440/2953/7262 6466/751/7262
f 6469/755/7263 6449/2959/7263 6442/2956/7263
f 6469/755/7264 6442/2956/7264 6468/753/7264
f 6458/743/7265 6471/758/7265 6507/811/7265
f 6473/761/7266 6453/2962/7266 6449/2959/7266
f 6473/761/7267 6449/2959/7267 6469/755/7267
f 6462/2963/7268 6474/762/7268 6418/686/7268
f 6454/738/1029 6356/601/1029 6452/736/1029
f 6454/738/1030 6452/736/1030 6475/763/1030
f 6476/764/7269 6451/2964/7269 6439/2961/7269
f 6476/764/7270 6439/2961/7270 6461/746/7270
f 6477/2970/7271 6456/740/7271 6418/686/7271
f 6407/669/1035 6450/733/1035 6478/766/1035
f 6472/2663/7272 6426/2960/7272 6433/2673/7272
f 6472/2663/7273 6433/2673/7273 6479/2971/7273
f 6480/769/7274 6435/710/7274 6467/2969/7274
f 6481/2972/7275 6445/725/7275 6448/731/7275
f 6481/2972/7276 6448/731/7276 6482/2973/7276
f 6474/762/7277 6492/784/7277 6418/686/7277
f 6483/773/7278 6457/2965/7278 6451/2964/7278
f 6483/773/7279 6451/2964/7279 6476/764/7279
f 6479/2971/7280 6433/2673/7280 6445/725/7280
f 6479/2971/7281 6445/725/7281 6481/2972/7281
f 6460/745/1048 6407/669/1048 6478/766/1048
f 6443/723/1049 6463/748/1049 6484/775/1049
f 6443/723/1050 6484/775/1050 6461/746/1050
f 6469/755/7282 6485/776/7282 6473/761/7282
f 6486/777/7283 6465/2967/7283 6464/2968/7283
f 6486/777/7284 6464/2968/7284 6487/778/7284
f 6447/730/1054 6435/710/1054 6480/769/1054
f 6447/730/4801 6480/769/4801 6488/2682/4801
f 6459/2966/7285 6460/745/7285 6489/780/7285
f 6492/784/4802 6503/2683/4802 6418/686/4802
f 6491/783/7286 6466/751/7286 6465/2967/7286
f 6491/783/7287 6465/2967/7287 6486/777/7287
f 6490/781/7288 6469/755/7288 6468/753/7288
f 6490/781/7289 6468/753/7289 6493/786/7289
f 6494/787/7290 6820/788/7290 6819/789/7290
f 6493/786/1066 6468/753/1066 6466/751/1066
f 6493/786/1067 6466/751/1067 6491/783/1067
f 6504/2974/7291 6477/2970/7291 6418/686/7291
f 6495/791/1069 6476/764/1069 6461/746/1069
f 6495/791/1070 6461/746/1070 6484/775/1070
f 6469/755/1071 6490/781/1071 6485/776/1071
f 6054/190/7292 6496/2686/7292 6497/794/7292
f 6498/2688/7293 6483/773/7293 6476/764/7293
f 6498/2688/4814 6476/764/4814 6495/791/4814
f 6499/796/4815 6500/797/4815 6501/798/4815
f 6499/796/4816 6501/798/4816 6502/799/4816
f 6489/780/7294 6460/745/7294 6478/766/7294
f 6489/780/7295 6478/766/7295 6515/824/7295
f 6494/787/1083 6819/789/1083 6821/802/1083
f 6487/778/4817 6516/826/4817 6517/827/4817
f 6487/778/4818 6517/827/4818 6486/777/4818
f 6485/776/1089 6490/781/1089 6505/807/1089
f 6530/2975/7296 6481/2972/7296 6482/2973/7296
f 6530/2975/7297 6482/2973/7297 6531/2976/7297
f 6485/776/4820 6520/2689/4820 6522/2690/4820
f 6510/817/1097 6499/796/1097 6502/799/1097
f 6510/817/1098 6502/799/1098 6511/818/1098
f 6502/799/4823 6501/798/4823 6512/2693/4823
f 6502/799/7298 6512/2693/7298 6527/2977/7298
f 6486/777/7299 6517/827/7299 6524/838/7299
f 6486/777/7300 6524/838/7300 6491/783/7300
f 6513/822/7301 6504/2974/7301 6418/686/7301
f 6503/2683/4828 6514/823/4828 6418/686/4828
f 6519/2978/7302 6479/2971/7302 6481/2972/7302
f 6519/2978/7303 6481/2972/7303 6530/2975/7303
f 6514/823/1110 6513/822/1110 6418/686/1110
f 6452/736/1113 6518/829/1113 6475/763/1113
f 6493/786/7304 6491/783/7304 6532/850/7304
f 6521/833/7305 6532/850/7305 6533/2979/7305
f 6822/834/1121 6494/787/1121 6821/802/1121
f 6525/839/7306 6472/2663/7306 6479/2971/7306
f 6525/839/7307 6479/2971/7307 6519/2978/7307
f 6502/799/7308 6527/2977/7308 6534/2980/7308
f 6502/799/7309 6534/2980/7309 6511/818/7309
f 6508/2700/4834 6509/2701/4834 6528/845/4834
f 6508/2700/4835 6528/845/4835 6529/846/4835
f 6505/807/7310 6526/841/7310 6537/2705/7310
f 6505/807/7311 6537/2705/7311 6520/2689/7311
f 6530/2975/7312 6547/872/7312 6519/2978/7312
f 6535/859/7313 6506/810/7313 6558/888/7313
f 6535/859/7314 6558/888/7314 6559/889/7314
f 6471/758/1157 6536/860/1157 6506/810/1157
f 6538/862/4837 6522/2690/4837 6520/2689/4837
f 6538/862/4838 6520/2689/4838 6539/863/4838
f 6531/2976/7315 6540/864/7315 6541/865/7315
f 6531/2976/7316 6541/865/7316 6530/2975/7316
f 6510/817/1164 6511/818/1164 6542/866/1164
f 6510/817/1165 6542/866/1165 6543/867/1165
f 6526/841/7317 6521/833/7317 6533/2979/7317
f 6526/841/7318 6533/2979/7318 6544/869/7318
f 6540/864/1170 6538/862/1170 6539/863/1170
f 6540/864/1171 6539/863/1171 6541/865/1171
f 6523/2706/4845 6508/2700/4845 6529/846/4845
f 6523/2706/4846 6529/846/4846 6545/2707/4846
f 6527/2977/7319 6512/2693/7319 6546/871/7319
f 6539/863/7320 6537/2705/7320 6563/893/7320
f 6527/2977/7321 6546/871/7321 6534/2980/7321
f 6511/818/7322 6534/2980/7322 6554/2981/7322
f 6511/818/7323 6554/2981/7323 6542/866/7323
f 6537/2705/7324 6526/841/7324 6544/869/7324
f 6537/2705/7325 6544/869/7325 6551/2704/7325
f 6530/2975/7326 6541/865/7326 6547/872/7326
f 6529/846/1189 6528/845/1189 6552/880/1189
f 6529/846/1190 6552/880/1190 6553/881/1190
f 6506/810/1191 6536/860/1191 6549/874/1191
f 6541/865/7327 6539/863/7327 6563/893/7327
f 6541/865/7328 6563/893/7328 6564/897/7328
f 6555/2982/7329 6519/2978/7329 6547/872/7329
f 6549/874/1202 6536/860/1202 6548/873/1202
f 6556/886/1203 6557/887/1203 6543/867/1203
f 6556/886/1204 6543/867/1204 6542/866/1204
f 6534/2980/7330 6546/871/7330 6554/2981/7330
f 6545/2707/4855 6550/875/4855 6523/2706/4855
f 6558/888/1209 6506/810/1209 6549/874/1209
f 6558/888/1210 6549/874/1210 6560/890/1210
f 6561/2709/7331 6554/2981/7331 6546/871/7331
f 6545/2707/4857 6562/2710/4857 6550/875/4857
f 6545/2707/4858 6529/846/4858 6553/881/4858
f 6545/2707/4859 6553/881/4859 6562/2710/4859
f 6542/866/7332 6554/2981/7332 6561/2709/7332
f 6542/866/7333 6561/2709/7333 6556/886/7333
f 6565/898/1230 6560/890/1230 6549/874/1230
f 6565/898/1231 6549/874/1231 6555/2982/1231
f 6566/899/7334 6563/893/7334 6537/2705/7334
f 6566/899/4862 6537/2705/4862 6551/2704/4862
f 6823/901/7335 6825/902/7335 6578/925/7335
f 6564/897/1235 6563/893/1235 6567/903/1235
f 6564/897/1236 6567/903/1236 6568/904/1236
f 6824/906/7336 6823/901/7336 6578/925/7336
f 6569/907/7337 6555/2982/7337 6547/872/7337
f 6569/907/1240 6547/872/1240 6570/908/1240
f 6547/872/1241 6564/897/1241 6568/904/1241
f 6547/872/1242 6568/904/1242 6570/908/1242
f 6566/899/7338 6567/903/7338 6563/893/7338
f 6555/2982/7339 6569/907/7339 6571/912/7339
f 6555/2982/7340 6571/912/7340 6565/898/7340
f 6126/283/7341 6125/282/7341 6572/913/7341
f 6126/283/7342 6572/913/7342 6573/914/7342
f 6827/916/1252 6575/917/1252 6828/918/1252
f 6575/917/1253 6829/919/1253 6828/918/1253
f 6578/925/4869 6826/910/4869 6832/921/4869
f 6576/922/1255 6570/908/1255 6568/904/1255
f 6576/922/1256 6568/904/1256 6577/923/1256
f 6575/917/1258 6835/924/1258 6829/919/1258
f 6830/926/1261 6831/927/1261 6579/928/1261
f 6579/928/1262 6833/929/1262 6830/926/1262
f 6831/927/1263 6834/930/1263 6579/928/1263
f 6115/2892/7343 6580/931/7343 6099/246/7343
f 5924/9/1268 5923/8/1268 6582/933/1268
f 5924/9/1269 6582/933/1269 6583/934/1269
f 5921/2983/7344 6796/4/7344 6584/2984/7344
f 6585/937/1272 6586/938/1272 6587/939/1272
f 6585/937/1273 6588/940/1273 6586/938/1273
f 5938/23/7345 5921/2983/7345 6589/2716/7345
f 5923/8/1276 5935/20/1276 6590/942/1276
f 5923/8/1277 6590/942/1277 6582/933/1277
f 6588/940/7346 6609/2718/7346 6602/959/7346
f 6588/940/7347 6602/959/7347 6586/938/7347
f 6601/2717/7348 6587/939/7348 6586/938/7348
f 6601/2717/7349 6586/938/7349 6602/959/7349
f 6592/947/1283 6593/948/1283 6594/949/1283
f 6592/947/1284 6594/949/1284 6595/950/1284
f 5931/16/7350 5934/2864/7350 5927/2862/7350
f 5931/16/7351 5927/2862/7351 6596/951/7351
f 6588/940/1287 6585/937/1287 6597/952/1287
f 6598/954/1289 6585/937/1289 6587/939/1289
f 5919/2511/4880 6599/955/4880 6591/2512/4880
f 5937/22/7352 5932/17/7352 5931/16/7352
f 5937/22/1292 5931/16/1292 6600/956/1292
f 6603/961/1297 6604/962/1297 6605/963/1297
f 6606/964/1298 6607/965/1298 6608/966/1298
f 6608/966/7353 6619/2720/7353 6623/993/7353
f 6598/954/7354 6587/939/7354 6601/2717/7354
f 6590/942/1308 5935/20/1308 5937/22/1308
f 6590/942/1309 5937/22/1309 6610/972/1309
f 6606/964/1311 6608/966/1311 6612/976/1311
f 6613/2722/4884 6614/2723/4884 6611/974/4884
f 6613/2722/4885 6611/974/4885 6615/979/4885
f 6609/2718/7355 6588/940/7355 6597/952/7355
f 6607/965/1315 6606/964/1315 6616/980/1315
f 6582/933/1316 6617/981/1316 6618/982/1316
f 6582/933/1317 6618/982/1317 6583/934/1317
f 6619/2720/7356 6616/980/7356 6626/997/7356
f 6620/987/1324 6617/981/1324 6582/933/1324
f 6620/987/1325 6582/933/1325 6590/942/1325
f 6611/974/4891 6617/981/4891 6615/979/4891
f 6645/1018/7357 6644/1017/7357 5941/26/7357
f 6645/1018/7358 5941/26/7358 6581/932/7358
f 6593/948/1329 6621/990/1329 6622/991/1329
f 6593/948/1330 6622/991/1330 6594/949/1330
f 6617/981/7359 6625/2985/7359 6618/982/7359
f 6589/2716/7360 5921/2983/7360 6584/2984/7360
f 6589/2716/7361 6584/2984/7361 6624/2986/7361
f 6603/961/1343 6605/963/1343 6627/998/1343
f 5930/2863/7362 5929/14/7362 6628/2727/7362
f 5930/2863/7363 6628/2727/7363 6669/2728/7363
f 6598/954/7364 6601/2717/7364 6629/1001/7364
f 6630/1002/7365 6614/2723/7365 6613/2722/7365
f 6630/1002/7366 6613/2722/7366 6631/1003/7366
f 6623/993/7367 6612/976/7367 6608/966/7367
f 6634/1006/1352 6606/964/1352 6612/976/1352
f 6635/1007/1353 6636/1008/1353 6637/1009/1353
f 6609/2718/7368 6597/952/7368 6638/1010/7368
f 6627/998/1355 6605/963/1355 6639/1011/1355
f 6640/1012/7369 6807/2714/7369 6808/1013/7369
f 6603/961/1358 6627/998/1358 6641/1014/1358
f 6621/990/1359 6642/1015/1359 6643/1016/1359
f 6621/990/1360 6643/1016/1360 6622/991/1360
f 6584/2984/7370 6807/2714/7370 6640/1012/7370
f 6640/1012/7371 6808/1013/7371 6675/1058/7371
f 6640/1012/1416 6675/1058/1416 6676/1059/1416
f 6595/950/1365 6594/949/1365 6646/1020/1365
f 6595/950/7372 6646/1020/7372 6647/2987/7372
f 6581/932/7373 6674/2988/7373 6645/1018/7373
f 6649/1024/1369 6635/1007/1369 6637/1009/1369
f 6649/1024/7374 6637/1009/7374 6650/2731/7374
f 6651/1026/1371 6652/1027/1371 6630/1002/1371
f 6651/1026/1372 6630/1002/1372 6653/1028/1372
f 6654/1029/7375 6632/2725/7375 6655/1030/7375
f 6653/1028/7376 6630/1002/7376 6631/1003/7376
f 6642/1015/7377 6666/2990/7377 6667/2989/7377
f 6642/1015/7378 6667/2989/7378 6643/1016/7378
f 6620/987/1377 6590/942/1377 6610/972/1377
f 6620/987/1378 6610/972/1378 6656/1033/1378
f 6657/1034/7379 6615/979/7379 6620/987/7379
f 6657/1034/7380 6620/987/7380 6656/1033/7380
f 6600/956/7381 5931/16/7381 6596/951/7381
f 6600/956/1382 6596/951/1382 6658/1036/1382
f 6624/2986/7382 6584/2984/7382 6640/1012/7382
f 6624/2986/7383 6640/1012/7383 6659/2991/7383
f 6610/972/1387 5937/22/1387 6600/956/1387
f 6610/972/1388 6600/956/1388 6660/1038/1388
f 6661/2743/4912 6615/979/4912 6657/1034/4912
f 6661/2743/4913 6657/1034/4913 6662/2744/4913
f 6633/2721/7384 6668/2730/7384 6634/1006/7384
f 6633/2721/7385 6634/1006/7385 6612/976/7385
f 6663/1041/7386 6589/2716/7386 6624/2986/7386
f 6655/1030/1394 6664/1043/1394 6654/1029/1394
f 6596/951/7387 5927/2862/7387 5930/2863/7387
f 6596/951/7388 5930/2863/7388 6665/1044/7388
f 5930/2863/7389 6669/2728/7389 6670/1049/7389
f 6653/1028/7390 6631/1003/7390 6671/1050/7390
f 6653/1028/7391 6671/1050/7391 6672/1051/7391
f 6673/1052/7392 6594/949/7392 6622/991/7392
f 6594/949/1410 6673/1052/1410 6646/1020/1410
f 6648/2992/7393 6663/1041/7393 6674/2988/7393
f 6666/2990/7394 6679/1063/7394 6680/1064/7394
f 6666/2990/7395 6680/1064/7395 6667/2989/7395
f 6661/2743/7396 6662/2744/7396 6681/1065/7396
f 6661/2743/7397 6681/1065/7397 6671/1050/7397
f 6678/2748/7398 6682/1066/7398 6677/1060/7398
f 6669/2728/7399 6647/2987/7399 6670/1049/7399
f 6682/1066/7400 6678/2748/7400 6683/1068/7400
f 6684/1069/1427 6685/1070/1427 6686/1071/1427
f 6677/1060/7401 6687/1072/7401 6678/2748/7401
f 6647/2987/7402 6646/1020/7402 6670/1049/7402
f 6622/991/1431 6643/1016/1431 6688/1073/1431
f 6622/991/1432 6688/1073/1432 6689/1074/1432
f 6678/2748/7403 6687/1072/7403 6690/1075/7403
f 6644/1017/1434 6645/1018/1434 6691/1076/1434
f 6644/1017/1435 6691/1076/1435 6692/1077/1435
f 6679/1063/1436 6693/1078/1436 6694/1079/1436
f 6679/1063/1437 6694/1079/1437 6680/1064/1437
f 6656/1033/1438 6610/972/1438 6660/1038/1438
f 6656/1033/1439 6660/1038/1439 6695/1080/1439
f 6696/1081/1440 6677/1060/1440 6682/1066/1440
f 6673/1052/1441 6622/991/1441 6689/1074/1441
f 6672/1051/7404 6671/1050/7404 6681/1065/7404
f 6697/2742/7405 6657/1034/7405 6656/1033/7405
f 6697/2742/7406 6656/1033/7406 6698/2993/7406
f 6677/1060/1445 6696/1081/1445 6687/1072/1445
f 6699/2751/7407 6704/1092/7407 6682/1066/7407
f 6699/2751/7408 6682/1066/7408 6683/1068/7408
f 6665/1044/1448 6670/1049/1448 6700/1085/1448
f 6643/1016/7409 6667/2989/7409 6711/2994/7409
f 6643/1016/7410 6711/2994/7410 6688/1073/7410
f 6660/1038/1451 6600/956/1451 6658/1036/1451
f 6660/1038/1452 6658/1036/1452 6701/1087/1452
f 6684/1069/1453 6686/1071/1453 6702/1088/1453
f 6645/1018/7411 6674/2988/7411 6659/2991/7411
f 6645/1018/7412 6659/2991/7412 6691/1076/7412
f 6674/2988/7413 6624/2986/7413 6659/2991/7413
f 6670/1049/1458 6646/1020/1458 6700/1085/1458
f 6658/1036/1459 6596/951/1459 6665/1044/1459
f 6658/1036/1460 6665/1044/1460 6703/1091/1460
f 6696/1081/1461 6682/1066/1461 6704/1092/1461
f 6705/1093/1462 6706/1094/1462 6707/1095/1462
f 6646/1020/1464 6673/1052/1464 6708/1096/1464
f 6646/1020/1465 6708/1096/1465 6700/1085/1465
f 6672/1051/1469 6681/1065/1469 6709/1097/1469
f 6672/1051/7414 6709/1097/7414 6710/1098/7414
f 6712/1100/1473 6713/1101/1473 6685/1070/1473
f 6712/1100/1474 6685/1070/1474 6714/1102/1474
f 6715/1103/1476 6716/1104/1476 6705/1093/1476
f 6714/1102/1477 6685/1070/1477 6684/1069/1477
f 6659/2991/7415 6640/1012/7415 6676/1059/7415
f 6659/2991/7416 6676/1059/7416 6717/2995/7416
f 6673/1052/1480 6689/1074/1480 6718/1106/1480
f 6673/1052/1481 6718/1106/1481 6708/1096/1481
f 6705/1093/1482 6716/1104/1482 6706/1094/1482
f 6719/1107/1483 6696/1081/1483 6704/1092/1483
f 6703/1091/1484 6665/1044/1484 6700/1085/1484
f 6703/1091/1485 6700/1085/1485 6708/1096/1485
f 6718/1106/7417 6689/1074/7417 6688/1073/7417
f 6718/1106/1488 6688/1073/1488 6720/1109/1488
f 6667/2989/7418 6680/1064/7418 6721/1110/7418
f 6667/2989/7419 6721/1110/7419 6711/2994/7419
f 6722/1111/7420 6704/1092/7420 6699/2751/7420
f 6723/1112/1492 6713/1101/1492 6712/1100/1492
f 6723/1112/1493 6712/1100/1493 6724/1113/1493
f 6695/1080/1495 6660/1038/1495 6701/1087/1495
f 6695/1080/1496 6701/1087/1496 6725/1115/1496
f 6680/1064/1497 6694/1079/1497 6726/1116/1497
f 6680/1064/1498 6726/1116/1498 6721/1110/1498
f 6719/1107/1499 6704/1092/1499 6722/1111/1499
f 6703/1091/1500 6708/1096/1500 6718/1106/1500
f 6703/1091/1501 6718/1106/1501 6727/1117/1501
f 6728/1118/1502 6710/1098/1502 6709/1097/1502
f 6728/1118/1503 6709/1097/1503 6729/1119/1503
f 6658/1036/1505 6703/1091/1505 6727/1117/1505
f 6658/1036/1506 6727/1117/1506 6701/1087/1506
f 6688/1073/7421 6711/2994/7421 6734/2996/7421
f 6688/1073/7422 6734/2996/7422 6720/1109/7422
f 6706/1094/1509 6716/1104/1509 6730/1121/1509
f 6676/1059/1510 6675/1058/1510 6731/1122/1510
f 6676/1059/1511 6731/1122/1511 6732/1123/1511
f 6733/2997/7423 6698/2993/7423 6695/1080/7423
f 6733/2997/7424 6695/1080/7424 6725/1115/7424
f 6727/1117/1519 6718/1106/1519 6720/1109/1519
f 6727/1117/1520 6720/1109/1520 6735/1128/1520
f 6692/1077/1521 6691/1076/1521 6736/1129/1521
f 6692/1077/1522 6736/1129/1522 6737/1130/1522
f 6691/1076/7425 6659/2991/7425 6717/2995/7425
f 6691/1076/7426 6717/2995/7426 6736/1129/7426
f 6701/1087/1525 6727/1117/1525 6735/1128/1525
f 6701/1087/1526 6735/1128/1526 6725/1115/1526
f 6729/1119/7427 6697/2742/7427 6698/2993/7427
f 6729/1119/7428 6698/2993/7428 6738/1131/7428
f 6735/1128/7429 6720/1109/7429 6734/2996/7429
f 6735/1128/7430 6734/2996/7430 6745/2998/7430
f 6739/1133/1531 6723/1112/1531 6724/1113/1531
f 6739/1133/1532 6724/1113/1532 6740/1134/1532
f 6728/1118/1533 6729/1119/1533 6738/1131/1533
f 6728/1118/1534 6738/1131/1534 6741/1135/1534
f 6711/2994/7431 6721/1110/7431 6742/1136/7431
f 6711/2994/7432 6742/1136/7432 6734/2996/7432
f 6725/1115/7433 6735/1128/7433 6745/2998/7433
f 6725/1115/7434 6745/2998/7434 6733/2997/7434
f 6717/2995/7435 6676/1059/7435 6732/1123/7435
f 6717/2995/7436 6732/1123/7436 6743/2999/7436
f 6721/1110/1543 6726/1116/1543 6744/1139/1543
f 6721/1110/1544 6744/1139/1544 6742/1136/1544
f 6747/1144/1550 6732/1123/1550 6731/1122/1550
f 6747/1144/1551 6731/1122/1551 6748/1145/1551
f 6739/1133/1552 6740/1134/1552 6749/1146/1552
f 6750/1147/7437 6738/1131/7437 6698/2993/7437
f 6750/1147/7438 6698/2993/7438 6733/2997/7438
f 6751/1148/7439 6741/1135/7439 6738/1131/7439
f 6751/1148/1556 6738/1131/1556 6750/1147/1556
f 6734/2996/7440 6742/1136/7440 6752/1150/7440
f 6734/2996/7441 6752/1150/7441 6745/2998/7441
f 6742/1136/1561 6744/1139/1561 6753/1151/1561
f 6742/1136/1562 6753/1151/1562 6752/1150/1562
f 6733/2997/7442 6745/2998/7442 6752/1150/7442
f 6733/2997/7443 6752/1150/7443 6750/1147/7443
f 6754/1152/1566 6755/1153/1566 6756/1154/1566
f 6736/1129/7444 6717/2995/7444 6743/2999/7444
f 6736/1129/7445 6743/2999/7445 6757/1155/7445
f 6737/1130/1570 6736/1129/1570 6757/1155/1570
f 6737/1130/1571 6757/1155/1571 6758/1156/1571
f 6748/1145/1572 6754/1152/1572 6756/1154/1572
f 6748/1145/1573 6756/1154/1573 6747/1144/1573
f 6753/1151/1574 6751/1148/1574 6750/1147/1574
f 6753/1151/1575 6750/1147/1575 6752/1150/1575
f 6759/3000/7446 6743/2999/7446 6732/1123/7446
f 6759/3000/7447 6732/1123/7447 6747/1144/7447
f 6760/1158/4958 6764/1164/4958 6761/1160/4958
f 6762/1162/1581 6758/1156/1581 6757/1155/1581
f 6762/1162/1582 6757/1155/1582 6763/1163/1582
f 6763/1163/7448 6757/1155/7448 6743/2999/7448
f 6763/1163/7449 6743/2999/7449 6759/3000/7449
f 6765/3001/7450 6759/3000/7450 6747/1144/7450
f 6765/3001/7451 6747/1144/7451 6756/1154/7451
f 6765/3001/7452 6756/1154/7452 6769/1173/7452
f 6760/1158/4959 6768/1172/4959 6764/1164/4959
f 6763/1163/1593 6766/1169/1593 6767/1170/1593
f 6763/1163/1594 6767/1170/1594 6762/1162/1594
f 6766/1169/7453 6763/1163/7453 6759/3000/7453
f 6766/1169/7454 6759/3000/7454 6765/3001/7454
f 6760/1158/4962 6771/1176/4962 6768/1172/4962
f 6769/1173/7455 6770/1175/7455 6765/3001/7455
f 6772/1178/7456 6766/1169/7456 6765/3001/7456
f 6772/1178/7457 6765/3001/7457 6770/1175/7457
f 6767/1170/4965 6779/1188/4965 6773/1180/4965
f 6760/1158/4966 6774/1181/4966 6771/1176/4966
f 6775/1182/4967 6774/1181/4967 6760/1158/4967
f 6775/1182/4968 6760/1158/4968 6776/1184/4968
f 6776/1184/4969 6760/1158/4969 6777/1185/4969
f 6772/1178/4970 6779/1188/4970 6766/1169/4970
f 6770/1175/4971 6778/1186/4971 6772/1178/4971
f 6780/1189/7458 6093/238/7458 6094/239/7458
f 6261/3002/7459 6782/3003/7459 6781/1192/7459
f 6782/3003/7460 6783/1194/7460 6093/238/7460
f 6782/3003/7461 6093/238/7461 6780/1189/7461
f 5966/62/7462 5983/2764/7462 5997/105/7462
f 6497/794/7463 6496/2686/7463 6785/1197/7463
f 6044/2559/7464 6032/156/7464 6786/1198/7464
f 6031/155/7465 6032/156/7465 6044/2559/7465
f 6065/205/1629 6064/204/1629 6787/1199/1629
f 6114/266/7466 6117/270/7466 6788/1200/7466
f 6114/266/1631 6116/269/1631 6117/270/1631
f 6054/190/1632 6789/1201/1632 6094/239/1632
f 6497/794/1633 6789/1201/1633 6054/190/1633
f 6007/120/7467 6006/119/7467 6031/155/7467
f 6007/120/7468 6031/155/7468 6044/2559/7468
f 6784/2550/7469 6496/2686/7469 6054/190/7469
f 6094/239/1638 6020/137/1638 6054/190/1638
f 6783/1194/7470 6580/931/7470 6115/2892/7470
f 6783/1194/7471 6115/2892/7471 6093/238/7471
f 6131/289/1643 6143/305/1643 6790/1202/1643
f 6131/289/7472 6130/288/7472 6143/305/7472
f 6141/300/7473 6122/278/7473 6123/2898/7473
f 6141/300/7474 6123/2898/7474 6791/1203/7474
f 6123/2898/7475 6122/278/7475 6139/298/7475
f 6132/290/1648 6139/298/1648 6130/288/1648
f 5993/2875/7476 6010/2878/7476 6099/246/7476
f 5993/2875/7477 6099/246/7477 6069/209/7477
f 6001/112/7478 6003/2544/7478 6792/1204/7478
f 5983/2764/7479 5966/62/7479 5975/72/7479
f 5979/79/1657 5966/62/1657 5997/105/1657
f 5978/78/1658 5979/79/1658 5997/105/1658
f 6260/466/1660 6068/208/1660 6069/209/1660
f 6260/466/7480 6069/209/7480 6261/3002/7480
f 6781/1192/7481 6782/3003/7481 6780/1189/7481
f 6088/232/1664 6020/137/1664 6093/238/1664
f 6019/136/1665 5978/78/1665 5997/105/1665
f 6191/374/1666 6168/340/1666 6179/355/1666
f 6227/2910/7482 6179/355/7482 6245/2915/7482
f 6152/319/1668 6073/215/1668 6138/297/1668
f 6157/328/7483 6128/2591/7483 6180/356/7483
f 6154/322/1675 6152/319/1675 6138/297/1675
f 6204/392/1676 6152/319/1676 6176/351/1676
f 6170/345/1677 6205/394/1677 6217/411/1677
f 6148/311/1678 6152/319/1678 6204/392/1678
f 6192/2901/7484 6136/295/7484 6151/2593/7484
f 6176/351/1681 6152/319/1681 6154/322/1681
f 6253/456/1682 6811/1206/1682 6812/1207/1682
f 6253/456/1683 6812/1207/1683 6794/1208/1683
f 5998/2540/4988 6035/2562/4988 6052/187/4988
f 6029/2539/4989 5998/2540/4989 6052/187/4989
f 6029/2539/7485 6079/221/7485 6080/2883/7485
f 6271/482/7486 6212/2911/7486 6252/2922/7486
f 6446/729/7487 6452/736/7487 6355/600/7487
f 6436/711/1697 6338/575/1697 6429/700/1697
f 6655/1030/3392 6652/1027/3392 6651/1026/3392
f 6655/1030/3393 6651/1026/3393 6664/1043/3393
f 6654/1029/7488 6625/2985/7488 6632/2725/7488
f 6836/2121/3710 6837/2122/3710 6838/2123/3710
f 6837/2122/3711 6839/2124/3711 6840/2125/3711
f 6837/2122/3712 6840/2125/3712 6838/2123/3712
f 6836/2121/3713 6841/2126/3713 6837/2122/3713
f 6841/2126/3714 6842/2127/3714 6843/2128/3714
f 6841/2126/3715 6843/2128/3715 6837/2122/3715
f 6837/2122/3716 6843/2128/3716 6839/2124/3716
f 6836/2121/3717 6844/2129/3717 6841/2126/3717
f 6844/2129/3718 6845/2130/3718 6846/2131/3718
f 6844/2129/3719 6846/2131/3719 6841/2126/3719
f 6841/2126/3720 6846/2131/3720 6842/2127/3720
f 6836/2121/3721 6847/2132/3721 6844/2129/3721
f 6847/2132/3722 6848/2133/3722 6844/2129/3722
f 6844/2129/3723 6848/2133/3723 6845/2130/3723
f 6836/2121/3724 6838/2123/3724 6847/2132/3724
f 6840/2125/3725 6839/2124/3725 6849/2134/3725
f 6839/2124/3726 6843/2128/3726 6850/2135/3726
f 6843/2128/3727 6842/2127/3727 6851/2136/3727
f 6843/2128/3728 6851/2136/3728 6850/2135/3728
f 6850/2135/3729 6851/2136/3729 6852/2137/3729
f 6842/2127/3730 6846/2131/3730 6853/2138/3730
f 6846/2131/3731 6845/2130/3731 6854/2139/3731
f 6846/2131/3732 6854/2139/3732 6853/2138/3732
f 6853/2138/3733 6854/2139/3733 6855/2140/3733
f 6839/2124/3735 6850/2135/3735 6849/2134/3735
f 6850/2135/3736 6852/2137/3736 6856/2142/3736
f 6850/2135/3737 6856/2142/3737 6849/2134/3737
f 6842/2127/3738 6853/2138/3738 6851/2136/3738
f 6853/2138/3739 6855/2140/3739 6857/2143/3739
f 6853/2138/3740 6857/2143/3740 6851/2136/3740
f 6851/2136/3741 6857/2143/3741 6852/2137/3741
f 6854/2139/3744 6858/2144/3744 6855/2140/3744
f 6856/2142/3745 6852/2137/3745 6859/2145/3745
f 6852/2137/3746 6857/2143/3746 6859/2145/3746
f 6857/2143/3747 6855/2140/3747 6860/2146/3747
f 6857/2143/3748 6860/2146/3748 6859/2145/3748
f 6855/2140/3749 6858/2144/3749 6860/2146/3749
f 6861/2173/3807 6868/2181/3807 6867/2180/3807
f 6861/2173/7489 6867/2180/7489 6862/2175/7489
f 6863/2176/3791 6866/2177/3791 6865/2178/3791
f 6863/2176/3792 6865/2178/3792 6864/2179/3792
f 6867/2180/3793 6868/2181/3793 6863/2176/3793
f 6867/2180/3794 6863/2176/3794 6864/2179/3794
f 6876/2190/7490 6871/2185/7490 6870/2183/7490
f 6876/2190/7491 6870/2183/7491 6869/2184/7491
f 6872/2186/3797 6875/2187/3797 6874/2188/3797
f 6872/2186/3798 6874/2188/3798 6873/2189/3798
f 6875/2187/3799 6871/2185/3799 6876/2190/3799
f 6875/2187/3800 6876/2190/3800 6874/2188/3800
f 6877/2191/3801 6878/2192/3801 6875/2187/3801
f 6877/2191/3802 6875/2187/3802 6872/2186/3802
f 6878/2192/3803 6879/2193/3803 6871/2185/3803
f 6878/2192/3804 6871/2185/3804 6875/2187/3804
f 6871/2185/3806 6879/2193/3806 6870/2183/3806
f 6880/2207/3828 6881/2208/3828 6882/2209/3828
f 6880/2207/3829 6882/2209/3829 6951/2210/3829
f 6882/2209/3830 6881/2208/3830 6883/2211/3830
f 6884/2212/3831 6885/2213/3831 6945/2214/3831
f 6884/2212/3832 6887/2215/3832 6888/2216/3832
f 6884/2212/3833 6888/2216/3833 6885/2213/3833
f 6889/2217/3834 6890/2218/3834 6891/2219/3834
f 6892/2220/3835 6893/2221/3835 6894/2222/3835
f 6893/2221/3836 6895/2223/3836 6894/2222/3836
f 6896/2224/3837 6897/2225/3837 6932/2226/3837
f 6889/2217/3838 6899/2227/3838 6890/2218/3838
f 6890/2218/3839 6949/2228/3839 6891/2219/3839
f 6892/2220/7492 6900/2229/7492 6893/2221/7492
f 6893/2221/3841 6947/2230/3841 6895/2223/3841
f 6896/2224/3842 6932/2226/3842 6930/2231/3842
f 6896/2224/7493 6930/2231/7493 6902/2232/7493
f 6903/2233/3844 6904/2234/3844 6905/2235/3844
f 6906/2236/3845 6907/2237/3845 6943/2238/3845
f 6909/2239/3846 6910/2240/3846 6911/2225/3846
f 6903/2233/3847 6905/2235/3847 6950/2241/3847
f 6905/2235/3848 6904/2234/3848 6912/2242/3848
f 6906/2236/3849 6910/2240/3849 6909/2239/3849
f 6906/2236/3850 6909/2239/3850 6907/2237/3850
f 6930/2231/3851 6931/2243/3851 6902/2232/3851
f 6901/2244/3852 6898/2245/3852 6933/2246/3852
f 6901/2244/3853 6933/2246/3853 6913/2247/3853
f 6914/2248/3854 6915/2249/3854 6936/2250/3854
f 6934/2251/3855 6935/2252/3855 6919/2253/3855
f 6914/2248/7494 6936/2250/7494 6934/2251/7494
f 6914/2248/3857 6934/2251/3857 6919/2253/3857
f 6937/2254/3858 6918/2255/3858 6917/2256/3858
f 6937/2254/7495 6917/2256/7495 6916/2257/7495
f 6920/2258/3860 6921/2259/3860 6922/2260/3860
f 6920/2258/3861 6923/2261/3861 6921/2259/3861
f 6921/2259/3862 6948/2262/3862 6922/2260/3862
f 6924/2263/3863 6925/2264/3863 6926/2265/3863
f 6926/2265/3864 6925/2264/3864 6927/2266/3864
f 6924/2263/3865 6926/2265/3865 6946/2267/3865
f 6926/2265/3866 6927/2266/3866 6928/2268/3866
f 6888/2216/3867 6887/2215/3867 6929/2249/3867
f 6938/2269/3868 6939/2270/3868 6886/2271/3868
f 6938/2269/3869 6886/2271/3869 6944/2272/3869
f 6940/2273/3870 6941/2274/3870 6908/2275/3870
f 6940/2273/3871 6908/2275/3871 6942/2276/3871
f 6955/2283/7496 6956/2774/7496 6952/3004/7496
f 6957/2285/7497 6958/2287/7497 6961/2769/7497
f 6954/2281/7498 6952/3004/7498 6953/2772/7498
f 6959/2288/7499 6961/2769/7499 6962/3005/7499
f 6963/2293/7500 6955/2283/7500 6964/2294/7500
f 6958/2287/7501 6957/2285/7501 6965/2297/7501
f 6954/2281/7502 6953/2772/7502 6966/2298/7502
f 6967/2300/7503 6960/2775/7503 6959/2288/7503
f 6961/2769/7504 6958/2287/7504 6962/3005/7504
f 6953/2772/7505 6952/3004/7505 6956/2774/7505
f 6960/2775/7506 6961/2769/7506 6959/2288/7506
f 6968/2303/4238 6969/2306/4238 6970/2305/4238
f 6968/2303/4239 6970/2305/4239 6971/2304/4239
f 6973/2310/7507 6997/2345/7507 6996/2777/7507
f 6973/2310/7508 6996/2777/7508 6972/2307/7508
f 6968/2303/4242 6971/2304/4242 6973/2310/4242
f 6968/2303/4243 6973/2310/4243 6972/2307/4243
f 6974/2778/7509 6975/2313/7509 6976/2312/7509
f 6968/2303/4245 6977/2315/4245 6978/2314/4245
f 6968/2303/4246 6978/2314/4246 6969/2306/4246
f 6972/2307/4247 6979/2316/4247 6977/2315/4247
f 6972/2307/4248 6977/2315/4248 6968/2303/4248
f 6981/2328/7510 6976/2312/7510 7059/2438/7510
f 6981/2328/7511 7059/2438/7511 6983/2330/7511
f 7032/2405/7512 6984/2331/7512 6980/2812/7512
f 6982/2327/7513 6976/2312/7513 6981/2328/7513
f 6981/2328/4265 6983/2330/4265 6986/2334/4265
f 6981/2328/4266 6986/2334/4266 6987/2333/4266
f 6988/3006/7514 6981/2328/7514 6987/2333/7514
f 6988/3006/7515 6987/2333/7515 6989/2336/7515
f 6983/2330/7516 7059/2438/7516 7063/2443/7516
f 6983/2330/7517 7063/2443/7517 6990/2338/7517
f 6983/2330/4271 6990/2338/4271 6991/2339/4271
f 6983/2330/4272 6991/2339/4272 6986/2334/4272
f 6970/2305/4273 6986/2334/4273 6991/2339/4273
f 6970/2305/4274 6991/2339/4274 6992/2340/4274
f 6971/2304/4275 6970/2305/4275 6992/2340/4275
f 6971/2304/4276 6992/2340/4276 6993/2341/4276
f 6973/2310/4277 6971/2304/4277 6993/2341/4277
f 6973/2310/4278 6993/2341/4278 6994/2342/4278
f 6995/2344/7518 6996/2777/7518 6997/2345/7518
f 7026/2396/7519 7028/2398/7519 6998/2349/7519
f 7026/2396/7520 6998/2349/7520 6999/2348/7520
f 7002/2355/4286 7003/2358/4286 7004/2357/4286
f 7002/2355/4287 7004/2357/4287 7005/2356/4287
f 7006/2359/7521 7022/2787/7521 7012/2369/7521
f 7006/2359/7522 7012/2369/7522 7007/2360/7522
f 7002/2355/4290 7006/2359/4290 7007/2360/4290
f 7002/2355/4291 7007/2360/4291 7003/2358/4291
f 7008/2363/4292 7009/2364/4292 7004/2357/4292
f 7008/2363/4293 7004/2357/4293 7003/2358/4293
f 7010/2365/4294 7008/2363/4294 7003/2358/4294
f 7010/2365/4295 7003/2358/4295 7007/2360/4295
f 7011/2367/7523 7012/2369/7523 7022/2787/7523
f 7014/2373/7524 6998/2349/7524 7028/2398/7524
f 7014/2373/7525 7028/2398/7525 7064/2444/7525
f 7018/2382/7526 7071/2794/7526 6999/2348/7526
f 7002/2355/4308 7005/2356/4308 7019/2384/4308
f 7002/2355/4309 7019/2384/4309 7020/2383/4309
f 7006/2359/4310 7002/2355/4310 7020/2383/4310
f 7006/2359/4311 7020/2383/4311 7021/2385/4311
f 7024/2394/4319 7025/2397/4319 7026/2396/4319
f 7024/2394/7527 7026/2396/7527 7073/3007/7527
f 7025/2397/4321 7027/2399/4321 7028/2398/4321
f 7025/2397/4322 7028/2398/4322 7026/2396/4322
f 7009/2364/4323 7029/2400/4323 7027/2399/4323
f 7009/2364/4324 7027/2399/4324 7004/2357/4324
f 7031/2403/5026 7023/2798/5026 7068/2452/5026
f 7023/2798/7528 7031/2403/7528 7075/2468/7528
f 7034/2408/5027 7035/2410/5027 6996/2777/5027
f 7000/3008/7529 7036/2412/7529 7037/2411/7529
f 7000/3008/7530 7037/2411/7530 7017/3009/7530
f 7038/3010/7531 7056/3011/7531 7039/2415/7531
f 7038/3010/7532 7039/2415/7532 7040/2414/7532
f 7041/2417/7533 7042/3012/7533 7038/3010/7533
f 7041/2417/7534 7038/3010/7534 7040/2414/7534
f 7057/2799/7535 7042/3012/7535 7041/2417/7535
f 7057/2799/7536 7041/2417/7536 7043/2420/7536
f 7001/3013/7537 7013/2801/7537 7044/2422/7537
f 7001/3013/7538 7044/2422/7538 7045/2421/7538
f 7036/2412/7539 7000/3008/7539 7001/3013/7539
f 7036/2412/7540 7001/3013/7540 7045/2421/7540
f 7036/2412/7541 7055/2433/7541 7046/2426/7541
f 7036/2412/7542 7046/2426/7542 7037/2411/7542
f 7037/2411/4358 7046/2426/4358 7047/2425/4358
f 7037/2411/4359 7047/2425/4359 7048/2424/4359
f 7040/2414/4360 7049/2428/4360 7050/2427/4360
f 7041/2417/4361 7040/2414/4361 7050/2427/4361
f 7041/2417/4362 7050/2427/4362 7051/2429/4362
f 7041/2417/4363 7051/2429/4363 7052/2430/4363
f 7041/2417/4364 7052/2430/4364 7043/2420/4364
f 7044/2422/4365 7053/2432/4365 7054/2431/4365
f 7044/2422/4366 7054/2431/4366 7045/2421/4366
f 7055/2433/4367 7045/2421/4367 7054/2431/4367
f 6975/2313/4374 7058/2439/4374 7059/2438/4374
f 6975/2313/4375 7059/2438/4375 6976/2312/4375
f 7058/2439/7543 6975/2313/7543 7038/3010/7543
f 7058/2439/7544 7038/3010/7544 7042/3012/7544
f 6975/2313/7545 6974/2778/7545 7056/3011/7545
f 6975/2313/7546 7056/3011/7546 7038/3010/7546
f 7000/3008/7547 7017/3009/7547 7071/2794/7547
f 7000/3008/7548 7071/2794/7548 7018/2382/7548
f 7001/3013/7549 7000/3008/7549 7018/2382/7549
f 7001/3013/7550 7018/2382/7550 7060/2440/7550
f 7013/2801/7551 7001/3013/7551 7060/2440/7551
f 7013/2801/7552 7060/2440/7552 7061/2441/7552
f 7062/2442/7553 7058/2439/7553 7042/3012/7553
f 7062/2442/7554 7042/3012/7554 7057/2799/7554
f 7062/2442/4392 7063/2443/4392 7059/2438/4392
f 7062/2442/4393 7059/2438/4393 7058/2439/4393
f 6998/2349/4394 7014/2373/4394 7061/2441/4394
f 6998/2349/4395 7061/2441/4395 7060/2440/4395
f 7018/2382/4396 6999/2348/4396 6998/2349/4396
f 7018/2382/4397 6998/2349/4397 7060/2440/4397
f 7016/2376/7555 6999/2348/7555 7023/2798/7555
f 6999/2348/7556 7016/2376/7556 7026/2396/7556
f 6989/2336/4412 6987/2333/4412 6969/2306/4412
f 6989/2336/4413 6969/2306/4413 6978/2314/4413
f 6987/2333/4414 6986/2334/4414 6970/2305/4414
f 6987/2333/4415 6970/2305/4415 6969/2306/4415
f 7025/2397/4416 7024/2394/4416 7019/2384/4416
f 7025/2397/4417 7019/2384/4417 7005/2356/4417
f 7027/2399/4418 7025/2397/4418 7005/2356/4418
f 7027/2399/4419 7005/2356/4419 7004/2357/4419
f 7028/2398/4420 7027/2399/4420 7029/2400/4420
f 7028/2398/4421 7029/2400/4421 7064/2444/4421
f 7048/2424/7557 7065/2793/7557 7017/3009/7557
f 7048/2424/7558 7017/3009/7558 7037/2411/7558
f 7056/3011/7559 7066/2779/7559 7067/2455/7559
f 7056/3011/7560 7067/2455/7560 7039/2415/7560
f 6974/2778/7561 7066/2779/7561 7056/3011/7561
f 7069/2454/4440 7049/2428/4440 7039/2415/4440
f 7069/2454/4441 7039/2415/4441 7067/2455/4441
f 7069/2454/4442 7070/2456/4442 7049/2428/4442
f 7065/2793/7562 7071/2794/7562 7017/3009/7562
f 6982/2327/7563 6981/2328/7563 6988/3006/7563
f 7073/3007/7564 7026/2396/7564 7016/2376/7564
f 7073/3007/7565 7016/2376/7565 7015/2374/7565
f 6982/2327/7566 6988/3006/7566 6985/2332/7566
f 7074/2466/7567 6980/2812/7567 6982/2327/7567
f 7074/2466/7568 6982/2327/7568 6985/2332/7568
f 6995/2344/7569 7034/2408/7569 6996/2777/7569
f 7047/2425/4473 7046/2426/4473 7076/2469/4473
f 7040/2414/4474 7039/2415/4474 7049/2428/4474
f 7036/2412/4477 7045/2421/4477 7055/2433/4477
f 7077/2470/7570 7078/2472/7570 7079/3014/7570
f 7080/2473/4479 7081/2475/4479 7082/2474/4479
f 7083/2476/4480 7084/2479/4480 7085/2478/4480
f 7083/2476/4481 7085/2478/4481 7086/2477/4481
f 7087/2480/7571 7088/2482/7571 7102/3015/7571
f 7091/2487/5047 7084/2479/5047 7083/2476/5047
f 7092/2489/5048 7093/2507/5048 7094/2490/5048
f 7094/2490/4487 7095/2493/4487 7096/2492/4487
f 7094/2490/4488 7096/2492/4488 7092/2489/4488
f 7085/2478/7572 7099/2498/7572 7100/3016/7572
f 7099/2498/4491 7088/2482/4491 7101/2499/4491
f 7104/2503/7573 7105/2504/7573 7079/3014/7573
f 7104/2503/7574 7079/3014/7574 7078/2472/7574
f 7089/2483/7575 7102/3015/7575 7103/2502/7575
f 7089/2483/7576 7103/2502/7576 7090/2484/7576
f 7087/2480/7577 7102/3015/7577 7089/2483/7577
f 7087/2480/7578 7106/2505/7578 7088/2482/7578
f 7101/2499/4500 7088/2482/4500 7106/2505/4500
f 7099/2498/7579 7101/2499/7579 7100/3016/7579
f 7085/2478/7580 7100/3016/7580 7086/2477/7580
f 7077/2470/4504 7080/2473/4504 7082/2474/4504
f 7077/2470/7581 7079/3014/7581 7080/2473/7581
f 7081/2475/7582 7097/2494/7582 7098/3017/7582
f 7080/2473/4507 7097/2494/4507 7081/2475/4507
f 7095/2493/7583 7098/3017/7583 7096/2492/7583
f 7096/2492/7584 7098/3017/7584 7097/2494/7584
f 6955/2283/7585 6963/2293/7585 6956/2774/7585
f 7035/2410/7586 6979/2316/7586 6972/2307/7586
f 7035/2410/7587 6972/2307/7587 6996/2777/7587
f 7006/2359/7588 7021/2385/7588 7072/2461/7588
f 7006/2359/7589 7072/2461/7589 7022/2787/7589
f 6973/2310/7590 6994/2342/7590 6997/2345/7590
f 7012/2369/7591 7010/2365/7591 7007/2360/7591
f 6086/230/7592 6146/2575/7592 6153/321/7592
f 6187/2909/7593 6213/2918/7593 6212/2911/7593
f 6186/365/7594 6207/2908/7594 6209/401/7594
f 6234/432/515 6220/415/515 6209/401/515
f 6172/347/7595 6244/444/7595 6276/488/7595
f 6329/2945/7596 6310/2936/7596 6279/493/7596
f 6329/2945/7597 6279/493/7597 6267/477/7597
f 6294/2932/7598 6331/2942/7598 6326/2937/7598
f 6246/446/7599 6206/2906/7599 6221/2618/7599
f 6267/477/7600 6190/373/7600 6189/372/7600
f 6059/195/7601 6113/265/7601 6149/2890/7601
f 6103/2572/7602 6161/2897/7602 6172/347/7602
f 6244/444/7603 6161/2897/7603 6224/2916/7603
f 6617/981/7604 6620/987/7604 6615/979/7604
f 6617/981/4894 6611/974/4894 6632/2725/4894
f 6617/981/7605 6632/2725/7605 6625/2985/7605
f 6656/1033/7606 6695/1080/7606 6698/2993/7606
f 6064/204/7607 6065/205/7607 6083/226/7607
f 5962/2867/7608 5980/80/7608 5970/66/7608
f 5933/2517/5060 5950/2523/5060 5976/75/5060
f 6663/1041/7609 6624/2986/7609 6674/2988/7609
f 6796/4/7610 6807/2714/7610 6584/2984/7610
f 6665/1044/7611 5930/2863/7611 6670/1049/7611
f 6526/841/7612 6505/807/7612 6490/781/7612
f 6526/841/7613 6490/781/7613 6521/833/7613
f 6541/865/7614 6564/897/7614 6547/872/7614
f 6539/863/5066 6520/2689/5066 6537/2705/5066
f 6619/2720/7615 6607/965/7615 6616/980/7615
f 6608/966/7616 6607/965/7616 6619/2720/7616
f 6623/993/7617 6633/2721/7617 6612/976/7617
f 5938/23/7618 5922/6/7618 5921/2983/7618
f 6796/4/7619 5921/2983/7619 5922/6/7619
f 5928/13/7620 5929/14/7620 5930/2863/7620
f 6581/932/7621 6648/2992/7621 6674/2988/7621
f 6151/2593/7622 6169/342/7622 6225/420/7622
f 6269/479/7623 6245/2915/7623 6278/492/7623
f 6288/509/7624 6266/2921/7624 6249/2917/7624
f 6413/678/944 6431/703/944 6415/680/944
f 6344/584/7625 6413/678/7625 6415/680/7625
f 6305/530/7626 6304/2928/7626 6323/551/7626
f 6982/2327/7627 6980/2812/7627 6976/2312/7627
f 6043/175/7628 6028/151/7628 6087/2888/7628
f 6277/2601/7629 6307/532/7629 6321/2939/7629
f 6146/2575/7630 6086/230/7630 6087/2888/7630
f 5983/2764/7631 6784/2550/7631 5997/105/7631
f 5966/62/7632 5959/53/7632 5975/72/7632
f 7015/2374/7633 7016/2376/7633 7023/2798/7633
f 7015/2374/5071 7023/2798/5071 7033/2406/5071
f 6980/2812/5072 6984/2331/5072 7030/2402/5072
f 7023/2798/7634 6999/2348/7634 7071/2794/7634
f 7023/2798/5073 7071/2794/5073 7068/2452/5073
f 7023/2798/7635 7075/2468/7635 7033/2406/7635
f 7074/2466/7636 7032/2405/7636 6980/2812/7636
f 6974/2778/7637 6976/2312/7637 6980/2812/7637
f 6974/2778/5077 6980/2812/5077 7030/2402/5077
f 6756/1154/7638 6755/1153/7638 6769/1173/7638
f 6754/1152/5079 6746/1143/5079 6755/1153/5079
f 6767/1170/5080 6766/1169/5080 6779/1188/5080
f 6047/181/5081 6024/2543/5081 6036/162/5081
f 5988/91/7639 5995/2873/7639 6037/2880/7639
f 6485/776/7640 6505/807/7640 6520/2689/7640
f 6521/833/7641 6490/781/7641 6493/786/7641
f 6521/833/7642 6493/786/7642 6532/850/7642
f 6491/783/7643 6524/838/7643 6532/850/7643
f 6328/560/7644 6327/559/7644 6303/526/7644
f 6328/560/7645 6303/526/7645 6255/460/7645
f 6183/2903/7646 6194/2904/7646 6198/2907/7646
f 6578/925/7647 6825/902/7647 6826/910/7647
f 6569/907/7648 6574/915/7648 6571/912/7648
f 6471/758/7649 6506/810/7649 6507/811/7649
f 6458/743/7650 6470/757/7650 6471/758/7650
f 6452/736/7651 6356/601/7651 6355/600/7651
f 6356/601/787 6272/483/787 6271/482/787
f 6549/874/7652 6548/873/7652 6525/839/7652
f 6549/874/7653 6525/839/7653 6555/2982/7653
f 6555/2982/7654 6525/839/7654 6519/2978/7654
f 6535/859/7655 6507/811/7655 6506/810/7655
f 6356/601/7656 6454/738/7656 6455/739/7656
f 4760/39/7657 4769/2866/7657 4779/2526/7657
f 5957/2866/7658 5948/39/7658 5967/2526/7658
f 4757/35/7659 4783/2865/7659 4769/2866/7659
f 5971/2865/7660 5945/35/7660 5957/2866/7660
f 7107/3018/7661 7108/3019/7661 7109/3020/7661
f 7107/3018/7662 7109/3020/7662 7110/3021/7662
f 7107/3018/7663 7110/3021/7663 7111/3022/7663
f 7107/3018/7664 7111/3022/7664 7112/3023/7664
f 7107/3018/7665 7112/3023/7665 7113/3024/7665
f 7107/3018/7666 7113/3024/7666 7114/3025/7666
f 7107/3018/7667 7114/3025/7667 7115/3026/7667
f 7107/3018/7668 7115/3026/7668 7116/3027/7668
f 7107/3018/7669 7116/3027/7669 7117/3028/7669
f 7107/3018/7670 7117/3028/7670 7118/3029/7670
f 7107/3018/7671 7118/3029/7671 7119/3030/7671
f 7107/3018/7672 7119/3030/7672 7120/3031/7672
f 7107/3018/7673 7120/3031/7673 7121/3032/7673
f 7107/3018/7674 7121/3032/7674 7122/3033/7674
f 7107/3018/7675 7122/3033/7675 7123/3034/7675
f 7107/3018/7676 7123/3034/7676 7108/3019/7676
f 7108/3019/7677 7124/3035/7677 7125/3036/7677
f 7108/3019/7677 7125/3036/7677 7109/3020/7677
f 7109/3020/7678 7125/3036/7678 7126/3037/7678
f 7109/3020/7678 7126/3037/7678 7110/3021/7678
f 7110/3021/7679 7126/3037/7679 7127/3038/7679
f 7110/3021/7679 7127/3038/7679 7111/3022/7679
f 7111/3022/7680 7127/3038/7680 7128/3039/7680
f 7111/3022/7680 7128/3039/7680 7112/3023/7680
f 7112/3023/7681 7128/3039/7681 7129/3040/7681
f 7112/3023/7681 7129/3040/7681 7113/3024/7681
f 7113/3024/7682 7129/3040/7682 7130/3041/7682
f 7113/3024/7682 7130/3041/7682 7114/3025/7682
f 7114/3025/7683 7130/3041/7683 7131/3042/7683
f 7114/3025/7683 7131/3042/7683 7115/3026/7683
f 7115/3026/7684 7131/3042/7684 7132/3043/7684
f 7115/3026/7684 7132/3043/7684 7116/3027/7684
f 7116/3027/7685 7132/3043/7685 7133/3044/7685
f 7116/3027/7685 7133/3044/7685 7117/3028/7685
f 7117/3028/7686 7133/3044/7686 7134/3045/7686
f 7117/3028/7686 7134/3045/7686 7118/3029/7686
f 7118/3029/7687 7134/3045/7687 7135/3046/7687
f 7118/3029/7687 7135/3046/7687 7119/3030/7687
f 7119/3030/7688 7135/3046/7688 7136/3047/7688
f 7119/3030/7688 7136/3047/7688 7120/3031/7688
f 7120/3031/7689 7136/3047/7689 7137/3048/7689
f 7120/3031/7689 7137/3048/7689 7121/3032/7689
f 7121/3032/7690 7137/3048/7690 7138/3049/7690
f 7121/3032/7690 7138/3049/7690 7122/3033/7690
f 7122/3033/7691 7138/3049/7691 7139/3050/7691
f 7122/3033/7691 7139/3050/7691 7123/3034/7691
f 7123/3034/7692 7139/3050/7692 7124/3035/7692
f 7123/3034/7692 7124/3035/7692 7108/3019/7692
f 7124/3035/7693 7140/3051/7693 7141/3052/7693
f 7124/3035/7693 7141/3052/7693 7125/3036/7693
f 7125/3036/7694 7141/3052/7694 7142/3053/7694
f 7125/3036/7694 7142/3053/7694 7126/3037/7694
f 7126/3037/7695 7142/3053/7695 7143/3054/7695
f 7126/3037/7695 7143/3054/7695 7127/3038/7695
f 7127/3038/7696 7143/3054/7696 7144/3055/7696
f 7127/3038/7696 7144/3055/7696 7128/3039/7696
f 7128/3039/7697 7144/3055/7697 7145/3056/7697
f 7128/3039/7697 7145/3056/7697 7129/3040/7697
f 7129/3040/7698 7145/3056/7698 7146/3057/7698
f 7129/3040/7698 7146/3057/7698 7130/3041/7698
f 7130/3041/7699 7146/3057/7699 7147/3058/7699
f 7130/3041/7699 7147/3058/7699 7131/3042/7699
f 7131/3042/7700 7147/3058/7700 7148/3059/7700
f 7131/3042/7700 7148/3059/7700 7132/3043/7700
f 7132/3043/7701 7148/3059/7701 7149/3060/7701
f 7132/3043/7701 7149/3060/7701 7133/3044/7701
f 7133/3044/7702 7149/3060/7702 7150/3061/7702
f 7133/3044/7702 7150/3061/7702 7134/3045/7702
f 7134/3045/7703 7150/3061/7703 7151/3062/7703
f 7134/3045/7703 7151/3062/7703 7135/3046/7703
f 7135/3046/7704 7151/3062/7704 7152/3063/7704
f 7135/3046/7704 7152/3063/7704 7136/3047/7704
f 7136/3047/7705 7152/3063/7705 7153/3064/7705
f 7136/3047/7705 7153/3064/7705 7137/3048/7705
f 7137/3048/7706 7153/3064/7706 7154/3065/7706
f 7137/3048/7706 7154/3065/7706 7138/3049/7706
f 7138/3049/7707 7154/3065/7707 7155/3066/7707
f 7138/3049/7707 7155/3066/7707 7139/3050/7707
f 7139/3050/7708 7155/3066/7708 7140/3051/7708
f 7139/3050/7708 7140/3051/7708 7124/3035/7708
f 7140/3051/7709 7156/3067/7709 7157/3068/7709
f 7140/3051/7710 7157/3068/7710 7141/3052/7710
f 7141/3052/7711 7157/3068/7711 7158/3069/7711
f 7141/3052/7711 7158/3069/7711 7142/3053/7711
f 7142/3053/7712 7158/3069/7712 7159/3070/7712
f 7142/3053/7712 7159/3070/7712 7143/3054/7712
f 7143/3054/7713 7159/3070/7713 7160/3071/7713
f 7143/3054/7713 7160/3071/7713 7144/3055/7713
f 7144/3055/7714 7160/3071/7714 7161/3072/7714
f 7144/3055/7714 7161/3072/7714 7145/3056/7714
f 7145/3056/7715 7161/3072/7715 7162/3073/7715
f 7145/3056/7715 7162/3073/7715 7146/3057/7715
f 7146/3057/7716 7162/3073/7716 7163/3074/7716
f 7146/3057/7716 7163/3074/7716 7147/3058/7716
f 7147/3058/7717 7163/3074/7717 7164/3075/7717
f 7147/3058/7717 7164/3075/7717 7148/3059/7717
f 7148/3059/7718 7164/3075/7718 7165/3076/7718
f 7148/3059/7718 7165/3076/7718 7149/3060/7718
f 7149/3060/7719 7165/3076/7719 7166/3077/7719
f 7149/3060/7719 7166/3077/7719 7150/3061/7719
f 7150/3061/7720 7166/3077/7720 7167/3078/7720
f 7150/3061/7720 7167/3078/7720 7151/3062/7720
f 7151/3062/7721 7167/3078/7721 7168/3079/7721
f 7151/3062/7721 7168/3079/7721 7152/3063/7721
f 7152/3063/7722 7168/3079/7722 7169/3080/7722
f 7152/3063/7722 7169/3080/7722 7153/3064/7722
f 7153/3064/7723 7169/3080/7723 7170/3081/7723
f 7153/3064/7723 7170/3081/7723 7154/3065/7723
f 7154/3065/7724 7170/3081/7724 7171/3082/7724
f 7154/3065/7724 7171/3082/7724 7155/3066/7724
f 7155/3066/7725 7171/3082/7725 7156/3067/7725
f 7155/3066/7725 7156/3067/7725 7140/3051/7725
f 7172/3018/7726 7174/3020/7726 7173/3019/7726
f 7172/3018/7727 7175/3021/7727 7174/3020/7727
f 7172/3018/7728 7176/3022/7728 7175/3021/7728
f 7172/3018/7729 7177/3023/7729 7176/3022/7729
f 7172/3018/7730 7178/3024/7730 7177/3023/7730
f 7172/3018/7731 7179/3025/7731 7178/3024/7731
f 7172/3018/7732 7180/3026/7732 7179/3025/7732
f 7172/3018/7733 7181/3027/7733 7180/3026/7733
f 7172/3018/7734 7182/3028/7734 7181/3027/7734
f 7172/3018/7735 7183/3029/7735 7182/3028/7735
f 7172/3018/7736 7184/3030/7736 7183/3029/7736
f 7172/3018/7737 7185/3031/7737 7184/3030/7737
f 7172/3018/7738 7186/3032/7738 7185/3031/7738
f 7172/3018/7739 7187/3033/7739 7186/3032/7739
f 7172/3018/7740 7188/3034/7740 7187/3033/7740
f 7172/3018/7741 7173/3019/7741 7188/3034/7741
f 7173/3019/7742 7174/3020/7742 7190/3036/7742
f 7173/3019/7742 7190/3036/7742 7189/3035/7742
f 7174/3020/7743 7175/3021/7743 7191/3037/7743
f 7174/3020/7744 7191/3037/7744 7190/3036/7744
f 7175/3021/7745 7176/3022/7745 7192/3038/7745
f 7175/3021/7745 7192/3038/7745 7191/3037/7745
f 7176/3022/7746 7177/3023/7746 7193/3039/7746
f 7176/3022/7746 7193/3039/7746 7192/3038/7746
f 7177/3023/7747 7178/3024/7747 7194/3040/7747
f 7177/3023/7747 7194/3040/7747 7193/3039/7747
f 7178/3024/7748 7179/3025/7748 7195/3041/7748
f 7178/3024/7748 7195/3041/7748 7194/3040/7748
f 7179/3025/7749 7180/3026/7749 7196/3042/7749
f 7179/3025/7749 7196/3042/7749 7195/3041/7749
f 7180/3026/7750 7181/3027/7750 7197/3043/7750
f 7180/3026/7750 7197/3043/7750 7196/3042/7750
f 7181/3027/7751 7182/3028/7751 7198/3044/7751
f 7181/3027/7751 7198/3044/7751 7197/3043/7751
f 7182/3028/7752 7183/3029/7752 7199/3045/7752
f 7182/3028/7752 7199/3045/7752 7198/3044/7752
f 7183/3029/7753 7184/3030/7753 7200/3046/7753
f 7183/3029/7753 7200/3046/7753 7199/3045/7753
f 7184/3030/7754 7185/3031/7754 7201/3047/7754
f 7184/3030/7754 7201/3047/7754 7200/3046/7754
f 7185/3031/7755 7186/3032/7755 7202/3048/7755
f 7185/3031/7755 7202/3048/7755 7201/3047/7755
f 7186/3032/7756 7187/3033/7756 7203/3049/7756
f 7186/3032/7756 7203/3049/7756 7202/3048/7756
f 7187/3033/7757 7188/3034/7757 7204/3050/7757
f 7187/3033/7757 7204/3050/7757 7203/3049/7757
f 7188/3034/7758 7173/3019/7758 7189/3035/7758
f 7188/3034/7758 7189/3035/7758 7204/3050/7758
f 7189/3035/7759 7190/3036/7759 7206/3052/7759
f 7189/3035/7759 7206/3052/7759 7205/3051/7759
f 7190/3036/7760 7191/3037/7760 7207/3053/7760
f 7190/3036/7760 7207/3053/7760 7206/3052/7760
f 7191/3037/7761 7192/3038/7761 7208/3054/7761
f 7191/3037/7761 7208/3054/7761 7207/3053/7761
f 7192/3038/7762 7193/3039/7762 7209/3055/7762
f 7192/3038/7762 7209/3055/7762 7208/3054/7762
f 7193/3039/7763 7194/3040/7763 7210/3056/7763
f 7193/3039/7763 7210/3056/7763 7209/3055/7763
f 7194/3040/7764 7195/3041/7764 7211/3057/7764
f 7194/3040/7764 7211/3057/7764 7210/3056/7764
f 7195/3041/7765 7196/3042/7765 7212/3058/7765
f 7195/3041/7766 7212/3058/7766 7211/3057/7766
f 7196/3042/7767 7197/3043/7767 7213/3059/7767
f 7196/3042/7767 7213/3059/7767 7212/3058/7767
f 7197/3043/7768 7198/3044/7768 7214/3060/7768
f 7197/3043/7768 7214/3060/7768 7213/3059/7768
f 7198/3044/7769 7199/3045/7769 7215/3061/7769
f 7198/3044/7769 7215/3061/7769 7214/3060/7769
f 7199/3045/7770 7200/3046/7770 7216/3062/7770
f 7199/3045/7770 7216/3062/7770 7215/3061/7770
f 7200/3046/7771 7201/3047/7771 7217/3063/7771
f 7200/3046/7771 7217/3063/7771 7216/3062/7771
f 7201/3047/7772 7202/3048/7772 7218/3064/7772
f 7201/3047/7772 7218/3064/7772 7217/3063/7772
f 7202/3048/7773 7203/3049/7773 7219/3065/7773
f 7202/3048/7773 7219/3065/7773 7218/3064/7773
f 7203/3049/7774 7204/3050/7774 7220/3066/7774
f 7203/3049/7774 7220/3066/7774 7219/3065/7774
f 7204/3050/7775 7189/3035/7775 7205/3051/7775
f 7204/3050/7775 7205/3051/7775 7220/3066/7775
f 7205/3051/7776 7206/3052/7776 7222/3068/7776
f 7205/3051/7776 7222/3068/7776 7221/3067/7776
f 7206/3052/7777 7207/3053/7777 7223/3069/7777
f 7206/3052/7777 7223/3069/7777 7222/3068/7777
f 7207/3053/7778 7208/3054/7778 7224/3070/7778
f 7207/3053/7778 7224/3070/7778 7223/3069/7778
f 7208/3054/7779 7209/3055/7779 7225/3071/7779
f 7208/3054/7779 7225/3071/7779 7224/3070/7779
f 7209/3055/7780 7210/3056/7780 7226/3072/7780
f 7209/3055/7780 7226/3072/7780 7225/3071/7780
f 7210/3056/7781 7211/3057/7781 7227/3073/7781
f 7210/3056/7781 7227/3073/7781 7226/3072/7781
f 7211/3057/7782 7212/3058/7782 7228/3074/7782
f 7211/3057/7783 7228/3074/7783 7227/3073/7783
f 7212/3058/7784 7213/3059/7784 7229/3075/7784
f 7212/3058/7784 7229/3075/7784 7228/3074/7784
f 7213/3059/7785 7214/3060/7785 7230/3076/7785
f 7213/3059/7785 7230/3076/7785 7229/3075/7785
f 7214/3060/7786 7215/3061/7786 7231/3077/7786
f 7214/3060/7786 7231/3077/7786 7230/3076/7786
f 7215/3061/7787 7216/3062/7787 7232/3078/7787
f 7215/3061/7787 7232/3078/7787 7231/3077/7787
f 7216/3062/7788 7217/3063/7788 7233/3079/7788
f 7216/3062/7788 7233/3079/7788 7232/3078/7788
f 7217/3063/7789 7218/3064/7789 7234/3080/7789
f 7217/3063/7789 7234/3080/7789 7233/3079/7789
f 7218/3064/7790 7219/3065/7790 7235/3081/7790
f 7218/3064/7790 7235/3081/7790 7234/3080/7790
f 7219/3065/7791 7220/3066/7791 7236/3082/7791
f 7219/3065/7791 7236/3082/7791 7235/3081/7791
f 7220/3066/7792 7205/3051/7792 7221/3067/7792
f 7220/3066/7792 7221/3067/7792 7236/3082/7792
