v -0.00000 -0.07953 -0.11217
v -0.01339 -0.10282 -0.09214
v -0.01149 -0.09239 -0.08123
v -0.02949 -0.10206 -0.08109
v -0.03711 -0.08239 -0.06432
v -0.01775 -0.07370 -0.06504
v -0.03389 -0.17076 0.01980
v -0.02512 -0.17070 -0.00619
v -0.02179 -0.16512 -0.00577
v -0.03248 -0.16068 0.02733
v -0.07079 -0.09810 -0.02678
v -0.06326 -0.07899 -0.02723
v -0.05214 -0.09777 -0.06249
v -0.06080 -0.11461 -0.05920
v -0.08116 -0.14749 0.00906
v -0.07055 -0.15315 0.03023
v -0.06701 -0.13347 0.03604
v -0.07622 -0.12105 0.01091
v -0.05573 -0.17289 0.02559
v -0.05522 -0.15554 0.03542
v -0.07264 -0.17202 0.02038
v -0.05214 -0.09777 -0.06249
v -0.06326 -0.07899 -0.02723
v -0.04494 -0.06023 -0.02797
v -0.00000 -0.16711 -0.02898
v -0.00000 -0.16543 -0.00557
v -0.01380 -0.16511 -0.00549
v -0.01344 -0.16621 -0.03023
v -0.00000 -0.08744 -0.07966
v -0.07023 -0.09877 0.01185
v -0.07657 -0.12085 -0.02656
v -0.02179 -0.16512 -0.00577
v -0.01483 -0.16628 0.02605
v -0.03248 -0.16068 0.02733
v -0.04710 -0.15108 0.03706
v -0.00000 -0.06989 -0.06475
v -0.00000 -0.16742 0.02505
v -0.06293 -0.07933 0.01090
v -0.06713 -0.10732 0.02995
v -0.05855 -0.13417 0.04249
v -0.04710 -0.15108 0.03706
v -0.03351 -0.16955 0.06315
v -0.04712 -0.15821 0.06609
v -0.02058 -0.05468 -0.04279
v -0.10506 -0.23319 0.18368
v -0.10890 -0.22774 0.18080
v -0.08469 -0.22790 0.17119
v -0.08444 -0.23319 0.17606
v -0.01558 -0.17384 0.06011
v -0.11470 -0.23319 0.21159
v -0.11948 -0.22713 0.21211
v -0.06212 -0.10801 0.04335
v -0.05758 -0.13920 0.06829
v -0.05855 -0.13417 0.04249
v -0.10894 -0.20696 0.17594
v -0.08462 -0.20696 0.16702
v -0.06293 -0.07933 0.01090
v -0.04459 -0.05525 0.01087
v -0.06091 -0.08423 0.02915
v -0.11926 -0.20739 0.20928
v -0.00000 -0.17536 0.06024
v -0.00000 -0.05943 -0.05397
v -0.06299 -0.23319 0.18036
v -0.06033 -0.22798 0.17602
v -0.04778 -0.16534 0.09647
v -0.03358 -0.17781 0.09604
v -0.10785 -0.19319 0.17268
v -0.08410 -0.19460 0.16462
v -0.11662 -0.23319 0.23112
v -0.12084 -0.22801 0.23255
v -0.06255 -0.10970 0.06888
v -0.06212 -0.10801 0.04335
v -0.05853 -0.08727 0.04317
v -0.01654 -0.18300 0.09546
v -0.05866 -0.14210 0.09742
v -0.11355 -0.18881 0.20302
v -0.11617 -0.19789 0.20595
v -0.05973 -0.20734 0.17310
v -0.10627 -0.17903 0.16593
v -0.08248 -0.17958 0.15457
v -0.11639 -0.20459 0.23155
v -0.12025 -0.21713 0.23352
v -0.06091 -0.08423 0.02915
v -0.11198 -0.17717 0.19677
v -0.02176 -0.04478 -0.01633
v -0.00000 -0.18371 0.09488
v -0.10413 -0.16603 0.15971
v -0.08075 -0.16694 0.14672
v -0.04857 -0.16896 0.12546
v -0.03368 -0.18235 0.12665
v -0.05848 -0.19520 0.17133
v -0.10033 -0.15224 0.15307
v -0.07796 -0.15454 0.14031
v -0.06299 -0.23319 0.18036
v -0.06033 -0.22798 0.17602
v -0.04805 -0.22770 0.19116
v -0.05240 -0.23319 0.19318
v -0.10980 -0.16513 0.19066
v -0.06537 -0.11175 0.09805
v -0.01744 -0.18815 0.12673
v -0.05933 -0.08869 0.06968
v -0.05853 -0.08727 0.04317
v -0.11339 -0.19531 0.21899
v -0.06258 -0.14177 0.12300
v -0.05714 -0.18172 0.16517
v -0.10639 -0.14877 0.18329
v -0.00000 -0.00874 -0.05011
v -0.12373 -0.22863 0.24479
v -0.12338 -0.21782 0.25211
v -0.12025 -0.21713 0.23352
v -0.09625 -0.13746 0.14596
v -0.07348 -0.14091 0.13340
v -0.12645 -0.23001 0.26871
v -0.11541 -0.20913 0.23766
v -0.11758 -0.21238 0.25632
v -0.10876 -0.20510 0.24333
v -0.04186 -0.06009 0.04424
v -0.05973 -0.20734 0.17310
v -0.04651 -0.20609 0.18984
v -0.05562 -0.16881 0.16068
v -0.06612 -0.15503 0.14342
v -0.12645 -0.23001 0.26871
v -0.12373 -0.22863 0.24479
v -0.10479 -0.22873 0.25819
v -0.31459 0.23370 0.00552
v -0.29282 0.20281 0.01380
v -0.29501 0.20394 0.01837
v -0.00000 -0.18851 0.12726
v -0.06929 -0.11477 0.11578
v -0.28560 0.21314 0.00898
v -0.09494 -0.18470 0.22950
v -0.09612 -0.19292 0.24111
v -0.10106 -0.13286 0.17613
v -0.05848 -0.19520 0.17133
v -0.05397 -0.15846 0.14274
v -0.04869 -0.17066 0.15717
v -0.03390 -0.18158 0.16029
v -0.27230 0.18520 0.02858
v -0.27523 0.18582 0.03430
v -0.07997 -0.12279 0.12984
v -0.04788 -0.23319 0.21615
v -0.04305 -0.22623 0.21615
v -0.10799 -0.20289 0.24284
v -0.31459 0.23370 0.00552
v -0.29501 0.20394 0.01837
v -0.29067 0.21540 0.02425
v -0.06156 -0.08834 0.09751
v -0.09433 -0.17530 0.22328
v -0.25653 0.19701 0.02373
v -0.11173 -0.21788 0.26035
v -0.10479 -0.22873 0.25819
v -0.05829 -0.15533 0.14586
v -0.06548 -0.14114 0.13317
v -0.02218 -0.04361 0.01244
v -0.06548 -0.14114 0.13317
v -0.05829 -0.15533 0.14586
v -0.08860 -0.11553 0.14055
v -0.01847 -0.18720 0.16179
v -0.07269 -0.11637 0.12327
v -0.07269 -0.11637 0.12327
v -0.10506 -0.23319 0.18368
v -0.08444 -0.23319 0.17606
v -0.06299 -0.23319 0.18036
v -0.05240 -0.23319 0.19318
v -0.04234 -0.06459 0.07144
v -0.28102 0.22665 0.01282
v -0.09294 -0.16263 0.21644
v -0.27523 0.18582 0.03430
v -0.26774 0.19875 0.04063
v -0.29418 0.21452 0.02946
v -0.10287 -0.21083 0.25083
v -0.10104 -0.21712 0.25422
v -0.29308 0.22043 0.03038
v -0.02253 -0.04864 0.04515
v -0.05289 -0.16434 0.15982
v -0.07750 -0.10389 0.12589
v -0.09091 -0.14696 0.20963
v -0.04296 -0.19108 0.19495
v -0.08289 -0.09075 0.13561
v -0.05714 -0.18172 0.16517
v -0.04385 -0.18161 0.19232
v -0.07153 -0.09701 0.11861
v -0.07750 -0.10389 0.12589
v -0.04219 -0.20833 0.21475
v -0.09714 -0.20273 0.24934
v -0.09185 -0.11153 0.16895
v -0.00000 -0.04098 -0.00230
v -0.00000 -0.18764 0.16253
v -0.25846 0.17135 0.04993
v -0.25272 0.16863 0.04266
v -0.28613 0.22924 0.02762
v -0.00000 -0.04089 0.01274
v -0.28155 0.23282 0.02114
v -0.24606 0.21622 0.02867
v -0.23529 0.17885 0.03910
v -0.28155 0.23282 0.02114
v -0.09302 -0.21369 0.26056
v -0.09730 -0.21714 0.25536
v -0.09420 -0.22910 0.26594
v -0.05562 -0.16881 0.16068
v -0.04392 -0.17166 0.19040
v -0.05090 -0.23319 0.23296
v -0.04598 -0.22811 0.23316
v -0.09179 -0.20866 0.25402
v -0.25846 0.17135 0.04993
v -0.24818 0.18364 0.05826
v -0.26960 0.20549 0.04725
v -0.26385 0.20460 0.04242
v -0.08787 -0.13093 0.20240
v -0.05289 -0.16434 0.15982
v -0.04259 -0.16739 0.18984
v -0.04259 -0.16739 0.18984
v -0.03974 -0.16838 0.19137
v -0.08289 -0.09075 0.13561
v -0.07333 -0.07583 0.13240
v -0.04393 -0.06461 0.09660
v -0.04788 -0.23319 0.21615
v -0.11470 -0.23319 0.21159
v -0.04255 -0.19951 0.21301
v -0.08973 -0.21829 0.27248
v -0.24178 0.14580 0.06781
v -0.23200 0.14485 0.05890
v -0.03232 -0.17371 0.19312
v -0.26991 0.21020 0.05056
v -0.26353 0.20221 0.04041
v -0.06957 -0.18475 0.23337
v -0.08259 -0.23092 0.28872
v -0.21299 0.15807 0.05275
v -0.08259 -0.23092 0.28872
v -0.09420 -0.22910 0.26594
v -0.07099 -0.22910 0.26594
v -0.06913 -0.19285 0.24252
v -0.08267 -0.20344 0.25206
v -0.01963 -0.17945 0.19589
v -0.25749 0.22104 0.04923
v -0.06966 -0.17538 0.22630
v -0.08259 -0.20685 0.26083
v -0.08267 -0.20344 0.25206
v -0.08676 -0.08269 0.16226
v -0.04497 -0.21866 0.23563
v -0.04655 -0.20523 0.23252
v -0.08259 -0.21339 0.27268
v -0.24844 0.22611 0.04209
v -0.24178 0.14580 0.06781
v -0.23174 0.16328 0.07829
v -0.20790 0.10863 0.08275
v -0.21731 0.10983 0.09586
v -0.06894 -0.16284 0.22088
v -0.00873 -0.04376 0.03603
v -0.00000 -0.04199 0.03320
v -0.02268 -0.05470 0.07290
v -0.01453 -0.04698 0.04547
v -0.07379 -0.21141 0.26013
v -0.07327 -0.20844 0.25372
v -0.08246 -0.11122 0.19439
v -0.04922 -0.18674 0.22119
v -0.04952 -0.17809 0.21716
v -0.24197 0.18532 0.05796
v -0.21942 0.20721 0.04643
v -0.06785 -0.21852 0.25506
v -0.04762 -0.19617 0.22834
v -0.06774 -0.14737 0.21553
v -0.07546 -0.21829 0.27248
v -0.07099 -0.22910 0.26594
v -0.24844 0.22611 0.04209
v -0.04965 -0.16759 0.21302
v -0.00000 -0.18052 0.19724
v -0.05411 -0.06195 0.12277
v -0.08676 -0.08269 0.16226
v -0.07916 -0.06747 0.16052
v -0.06471 -0.21867 0.25371
v -0.05253 -0.21718 0.25929
v -0.06129 -0.21064 0.24994
v -0.05533 -0.20404 0.24307
v -0.03875 -0.22819 0.26716
v -0.05909 -0.22793 0.25802
v -0.04197 -0.22794 0.24508
v -0.04911 -0.15735 0.21006
v -0.04652 -0.15533 0.20534
v -0.18336 0.13097 0.07172
v -0.02138 -0.05527 0.09583
v -0.04203 -0.21755 0.25135
v -0.04497 -0.21866 0.23563
v -0.04851 -0.21148 0.23882
v -0.18347 0.08345 0.10616
v -0.19408 0.08673 0.12036
v -0.23680 0.19818 0.06212
v -0.04652 -0.15533 0.20534
v -0.04337 -0.15827 0.21040
v -0.01251 -0.04989 0.06130
v -0.06619 -0.13143 0.21076
v -0.04722 -0.21325 0.25521
v -0.05484 -0.20722 0.24399
v -0.05909 -0.22793 0.25802
v -0.03875 -0.22819 0.26716
v -0.21731 0.10983 0.09586
v -0.20799 0.13384 0.10400
v -0.24075 0.19889 0.06903
v -0.04197 -0.22794 0.24508
v -0.05090 -0.23319 0.23296
v -0.11662 -0.23319 0.23112
v -0.24227 0.20371 0.07367
v -0.05200 -0.14530 0.21017
v -0.22398 0.16824 0.07493
v -0.07845 -0.08546 0.18915
v -0.03601 -0.16330 0.21966
v -0.19689 0.17758 0.05525
v -0.00000 -0.01818 0.04904
v -0.02192 -0.16828 0.22568
v -0.06482 -0.11097 0.20406
v -0.15533 0.10657 0.09120
v -0.23411 0.21418 0.07197
v -0.05552 -0.13252 0.20952
v -0.03882 -0.05557 0.11867
v -0.00000 -0.05132 0.07880
v -0.00000 -0.05001 0.06962
v -0.04856 -0.14527 0.20806
v -0.05091 -0.13322 0.20837
v -0.22231 0.22021 0.06238
v -0.16549 0.07330 0.12174
v -0.17758 0.07467 0.13693
v -0.16308 0.16085 0.07325
v -0.19408 0.08673 0.12036
v -0.18696 0.11090 0.12823
v -0.06032 -0.05019 0.14930
v -0.04485 -0.14469 0.21651
v -0.21441 0.17787 0.07575
v -0.00000 -0.05227 0.09558
v -0.19874 0.14036 0.10115
v -0.04864 -0.13401 0.20902
v -0.04856 -0.14527 0.20806
v -0.00000 -0.16928 0.22977
v -0.03875 -0.15018 0.23233
v -0.07079 -0.06957 0.18572
v -0.07845 -0.08546 0.18915
v -0.13645 0.09117 0.10556
v -0.22231 0.22021 0.06238
v -0.06748 -0.23319 0.24886
v -0.09641 -0.23319 0.24868
v -0.05537 -0.11165 0.20545
v -0.03860 -0.04599 0.13142
v -0.21245 0.18726 0.08229
v -0.21634 0.18821 0.08985
v -0.04684 -0.13369 0.21872
v -0.04864 -0.13401 0.20902
v -0.05000 -0.11111 0.20598
v -0.02158 -0.05098 0.11462
v -0.12042 0.00012 0.15413
v -0.10420 -0.01448 0.15349
v -0.11361 -0.02176 0.17396
v -0.13310 -0.00638 0.17614
v -0.13435 0.02060 0.15573
v -0.14505 0.01218 0.18001
v -0.10420 -0.01448 0.15349
v -0.12042 0.00012 0.15413
v -0.09812 0.00903 0.12961
v -0.08683 -0.00614 0.13260
v -0.14790 0.06473 0.13734
v -0.15857 0.06613 0.15546
v -0.21949 0.19405 0.09785
v -0.17758 0.07467 0.13693
v -0.17019 0.09619 0.14840
v -0.05000 -0.11111 0.20598
v -0.04705 -0.10750 0.21289
v -0.02302 -0.15401 0.24319
v -0.06298 -0.05419 0.17280
v -0.13435 0.02060 0.15573
v -0.10830 0.03063 0.12807
v -0.11767 -0.03013 0.19909
v -0.13976 -0.01266 0.20148
v -0.07666 -0.02830 0.15416
v -0.08690 -0.03484 0.17408
v -0.07666 -0.02830 0.15416
v -0.13051 0.14475 0.09150
v -0.14956 0.00528 0.20601
v -0.17607 0.12004 0.12558
v -0.18789 0.19959 0.06563
v -0.00000 -0.04916 0.11101
v -0.02110 -0.04324 0.12323
v -0.05406 -0.09446 0.20214
v -0.06086 -0.09058 0.19954
v -0.08643 -0.04091 0.19744
v -0.06086 -0.09058 0.19954
v -0.14280 0.04261 0.16015
v -0.15098 0.03347 0.18705
v -0.06954 0.01385 0.11701
v -0.06636 -0.00282 0.12377
v -0.20777 0.21166 0.09802
v -0.18862 0.15952 0.10488
v -0.06159 -0.02361 0.14174
v -0.03957 -0.13530 0.23523
v -0.05392 -0.04264 0.15341
v -0.03784 -0.03731 0.13677
v -0.11632 0.05358 0.12934
v -0.14280 0.04261 0.16015
v -0.05406 -0.09446 0.20214
v -0.19285 0.21906 0.08672
v -0.18490 0.17246 0.11206
v -0.05891 -0.04797 0.17301
v -0.05575 -0.07815 0.19769
v -0.13757 -0.01983 0.22880
v -0.11607 -0.03602 0.22218
v -0.07259 0.03873 0.11128
v -0.05424 -0.03587 0.15396
v -0.15404 0.02570 0.21217
v -0.05939 -0.04126 0.17385
v -0.05424 -0.03587 0.15396
v -0.15186 0.19486 0.09026
v -0.00000 -0.15587 0.24841
v -0.14831 -0.00182 0.23542
v -0.05005 -0.10112 0.21783
v -0.04097 -0.11526 0.23541
v -0.13557 0.05871 0.14632
v -0.14444 0.05920 0.16764
v -0.05424 -0.03587 0.15396
v -0.03794 -0.02955 0.13540
v -0.03964 -0.01926 0.12919
v -0.15587 0.10523 0.14825
v -0.15384 0.08124 0.17094
v -0.15857 0.06613 0.15546
v -0.03794 -0.02955 0.13540
v -0.01981 -0.03438 0.12825
v -0.05211 -0.06116 0.19418
v -0.13557 0.05871 0.14632
v -0.00000 -0.04208 0.11939
v -0.07809 0.06786 0.11012
v -0.05939 -0.04126 0.17385
v -0.04057 -0.00096 0.11764
v -0.04083 0.01576 0.11095
v -0.05571 -0.04728 0.19651
v -0.11337 0.07843 0.12289
v -0.19285 0.21906 0.08672
v -0.10570 0.13249 0.10615
v -0.02267 -0.13625 0.24775
v -0.14444 0.05920 0.16764
v -0.14920 0.05142 0.19489
v -0.14444 0.05920 0.16764
v -0.01947 -0.02670 0.12680
v -0.19007 0.17286 0.11907
v -0.04150 -0.10990 0.23747
v -0.05090 -0.08530 0.21738
v -0.16475 0.14571 0.13105
v -0.00000 -0.03294 0.12350
v -0.11337 0.07843 0.12289
v -0.01947 -0.02670 0.12680
v -0.01905 -0.01553 0.12121
v -0.15094 0.01717 0.24243
v -0.19396 0.17928 0.13000
v -0.04117 0.04411 0.10423
v -0.05254 -0.05346 0.19500
v -0.12935 -0.02605 0.25373
v -0.10662 -0.04087 0.24200
v -0.01845 0.00006 0.11373
v -0.15128 0.04324 0.21812
v -0.06748 -0.23319 0.24886
v -0.06618 -0.22799 0.25272
v -0.06742 -0.22803 0.25313
v -0.07595 -0.04752 0.23023
v -0.04666 -0.06805 0.21648
v -0.05571 -0.04728 0.19651
v -0.12084 -0.22801 0.23255
v -0.09824 -0.22827 0.25380
v -0.13948 -0.00846 0.26344
v -0.00000 -0.02638 0.12294
v -0.04234 -0.09214 0.23528
v -0.14424 0.07398 0.18582
v -0.14444 0.05920 0.16764
v -0.02266 -0.11850 0.24779
v -0.01271 0.01591 0.10879
v -0.04690 -0.05238 0.22120
v -0.08514 0.12222 0.11955
v -0.04156 0.11457 0.10985
v -0.14169 0.13524 0.15561
v -0.00000 0.00302 0.08245
v -0.01253 -0.01435 0.11899
v -0.08514 0.12222 0.11955
v -0.17918 0.20558 0.13332
v -0.16169 0.16095 0.13894
v -0.04588 -0.05907 0.21835
v -0.00000 -0.13804 0.25243
v -0.15075 0.09546 0.17231
v -0.14144 0.10353 0.16565
v -0.00000 -0.01917 0.11961
v -0.02389 -0.11354 0.25211
v -0.04141 0.07331 0.10520
v -0.14424 0.07398 0.18582
v -0.04690 -0.05238 0.22120
v -0.14870 0.03334 0.24805
v -0.03935 -0.07228 0.23147
v -0.12115 0.18747 0.11273
v -0.14062 0.00950 0.27220
v -0.15895 0.21540 0.11835
v -0.11616 -0.03097 0.27603
v -0.09568 -0.04382 0.26068
v -0.13726 0.09719 0.19350
v -0.02422 -0.09620 0.25036
v -0.00000 0.02001 0.10768
v -0.16725 0.16004 0.14494
v -0.03817 -0.06303 0.23350
v -0.00000 -0.11966 0.25222
v -0.17204 0.16634 0.15469
v -0.06542 -0.04972 0.24240
v -0.14119 0.07872 0.20798
v -0.14208 0.06980 0.22764
v -0.12697 -0.01043 0.28472
v -0.03815 -0.05612 0.23879
v -0.15895 0.21540 0.11835
v -0.02461 -0.07570 0.24282
v -0.09641 -0.23319 0.24868
v -0.09824 -0.22827 0.25380
v -0.13254 0.11408 0.17647
v -0.00000 -0.11495 0.25612
v -0.00000 0.04651 0.10229
v -0.13549 0.02173 0.28075
v -0.03815 -0.05612 0.23879
v -0.04344 -0.05275 0.25749
v -0.08346 -0.04501 0.27171
v -0.13987 0.15154 0.16712
v -0.02394 -0.06535 0.24454
v -0.12958 0.00424 0.29048
v -0.13491 0.11239 0.18417
v -0.13990 0.06033 0.24996
v -0.13726 0.09719 0.19350
v -0.09407 -0.03767 0.29328
v -0.00000 -0.09833 0.25439
v -0.09711 0.17842 0.13176
v -0.15734 0.19621 0.15917
v -0.02505 -0.05822 0.24788
v -0.11399 -0.01964 0.29438
v -0.11892 -0.00913 0.29670
v -0.06647 -0.04799 0.28394
v -0.09813 -0.02570 0.30516
v -0.14577 0.14862 0.17215
v -0.00000 -0.07624 0.24674
v -0.14883 0.15376 0.17820
v -0.12608 0.01652 0.29484
v -0.02505 -0.05822 0.24788
v -0.02750 -0.05478 0.26361
v -0.07260 -0.04127 0.30607
v -0.13390 0.04106 0.27337
v -0.12717 0.03002 0.28753
v -0.12214 0.00169 0.29914
v -0.13455 0.10221 0.21631
v -0.13292 0.10993 0.19754
v -0.00000 0.08689 0.10179
v -0.01653 0.09387 0.10322
v -0.13594 0.05590 0.26246
v -0.13315 0.20900 0.14238
v -0.13292 0.10993 0.19754
v -0.00000 -0.06701 0.24862
v -0.12635 0.12975 0.18224
v -0.13568 0.09398 0.23611
v -0.07726 0.16360 0.14524
v -0.12846 0.12887 0.18756
v -0.02144 0.11468 0.10702
v -0.10910 -0.01255 0.30403
v -0.11438 -0.00611 0.30283
v -0.00000 -0.05873 0.25321
v -0.12505 0.13092 0.20410
v -0.09754 -0.01678 0.31228
v -0.13253 0.18453 0.18706
v -0.13315 0.20900 0.14238
v -0.11716 0.00019 0.30388
v -0.04874 -0.04983 0.29191
v -0.11730 0.01268 0.30473
v -0.13372 0.08359 0.25715
v -0.07651 -0.03182 0.31844
v -0.12214 0.14706 0.19016
v -0.11943 0.02319 0.29851
v -0.03001 -0.05191 0.29674
v -0.00000 -0.05873 0.25321
v -0.00000 -0.05599 0.26834
v -0.00000 0.11084 0.06786
v -0.13029 0.14593 0.19024
v -0.10909 -0.00332 0.30650
v -0.10384 -0.00767 0.30998
v -0.05132 -0.04361 0.31818
v -0.12912 0.05252 0.27520
v -0.12683 0.04380 0.28267
v -0.13165 0.15036 0.19406
v -0.11452 0.00337 0.30784
v -0.11087 -0.00099 0.30659
v -0.07726 0.16360 0.14524
v -0.03791 0.16035 0.13241
v -0.12935 0.07634 0.27030
v -0.12238 0.03450 0.29194
v -0.12569 0.12417 0.22294
v -0.12505 0.13092 0.20410
v -0.10939 -0.00086 0.30798
v -0.09484 -0.01038 0.31658
v -0.10519 -0.00153 0.30304
v -0.10416 -0.00283 0.30374
v -0.11358 0.01822 0.30657
v -0.10434 -0.00106 0.30414
v -0.09965 -0.00602 0.30688
v -0.07765 -0.02062 0.32655
v -0.11611 0.02759 0.30080
v -0.12488 0.07101 0.27955
v -0.08481 -0.00993 0.29641
v -0.10519 -0.00153 0.30304
v -0.10416 -0.00283 0.30374
v -0.10339 -0.00558 0.31111
v -0.09979 -0.00472 0.30578
v -0.09965 -0.00602 0.30688
v -0.10524 -0.00200 0.31427
v -0.09824 -0.22827 0.25380
v -0.06742 -0.22803 0.25313
v -0.10896 0.19633 0.16670
v -0.08291 -0.00431 0.29944
v -0.10434 -0.00106 0.30414
v -0.12693 0.11612 0.24416
v -0.09122 -0.00788 0.31310
v -0.12238 0.05149 0.28621
v -0.12079 0.04603 0.29007
v -0.10533 0.00555 0.31557
v -0.01667 0.13237 0.11207
v -0.09979 -0.00472 0.30578
v -0.11740 0.03919 0.29655
v -0.09122 -0.00788 0.31310
v -0.09104 -0.00727 0.31259
v -0.09399 -0.00817 0.31809
v -0.11049 0.02202 0.30833
v -0.09501 -0.00472 0.32211
v -0.10277 0.01274 0.31652
v -0.05432 -0.03415 0.33340
v -0.09104 -0.00727 0.31259
v -0.11205 0.03332 0.30413
v -0.01439 -0.05316 0.30013
v -0.03289 -0.04509 0.32713
v -0.11989 0.06638 0.29266
v -0.07620 -0.01222 0.33049
v -0.05620 -0.00728 0.29116
v -0.05252 -0.01639 0.28539
v -0.12573 0.10599 0.26459
v -0.09331 0.00153 0.32441
v -0.07459 -0.01564 0.31894
v -0.10896 0.19633 0.16670
v -0.10622 0.02807 0.31153
v -0.09976 0.01680 0.31812
v -0.11577 0.14995 0.20748
v -0.06748 -0.23319 0.24886
v -0.09641 -0.23319 0.24868
v -0.07290 -0.00844 0.32834
v -0.00000 0.14005 0.11444
v -0.06921 -0.00680 0.31758
v -0.11577 0.14995 0.20748
v -0.09033 0.00939 0.32579
v -0.12166 0.09661 0.28040
v -0.07295 -0.00816 0.32797
v -0.07601 -0.00793 0.33255
v -0.03608 -0.00479 0.30951
v -0.05626 -0.02362 0.34157
v -0.07722 -0.00444 0.33521
v -0.09668 0.02344 0.32075
v -0.02767 -0.02334 0.29297
v -0.07290 -0.00844 0.32834
v -0.02597 -0.01818 0.27670
v -0.11818 0.08900 0.28811
v -0.07733 0.17452 0.16678
v -0.00000 -0.05396 0.30297
v -0.02279 -0.00877 0.28479
v -0.01529 -0.04611 0.33430
v -0.07295 -0.00816 0.32797
v -0.08800 0.01460 0.32607
v -0.07660 0.00016 0.33539
v -0.03510 -0.03636 0.34474
v -0.11497 0.07990 0.30060
v -0.06605 0.05420 0.30395
v -0.12238 0.05149 0.28621
v -0.12079 0.04603 0.29007
v -0.11740 0.03919 0.29655
v -0.05692 -0.01386 0.34439
v -0.08593 0.02113 0.32795
v -0.11205 0.03332 0.30413
v -0.00000 -0.01791 0.27345
v -0.00000 -0.02493 0.29836
v -0.07570 0.00764 0.33416
v -0.10922 0.14202 0.25432
v -0.10619 0.15260 0.23372
v -0.11989 0.06638 0.29266
v -0.00000 -0.00852 0.28348
v -0.10299 0.16275 0.21162
v -0.10622 0.02807 0.31153
v -0.05580 -0.00981 0.34234
v -0.00000 -0.04660 0.33673
v -0.07505 0.01354 0.33181
v -0.05580 -0.00981 0.34234
v -0.05186 -0.00817 0.33401
v -0.05541 -0.00940 0.34222
v -0.11093 0.12718 0.27909
v -0.09668 0.02344 0.32075
v -0.02419 -0.02069 0.34401
v -0.08674 0.17622 0.19432
v -0.05541 -0.00940 0.34222
v -0.05768 -0.00865 0.34677
v -0.00000 0.15960 0.12858
v -0.03669 -0.02643 0.35304
v -0.07474 0.02004 0.33278
v -0.05899 -0.00468 0.34794
v -0.10299 0.16275 0.21162
v -0.10931 0.11140 0.29582
v -0.11497 0.07990 0.30060
v -0.05956 0.00005 0.34590
v -0.01650 -0.03832 0.35110
v -0.08593 0.02113 0.32795
v -0.10556 0.10349 0.30177
v -0.06039 0.00724 0.34160
v -0.06794 0.18103 0.18847
v -0.07733 0.17452 0.16678
v -0.08674 0.17622 0.19432
v -0.00000 -0.02464 0.35124
v -0.10497 0.09262 0.31042
v -0.06157 0.01342 0.33663
v -0.00000 -0.00544 0.30586
v -0.07474 0.02004 0.33278
v -0.03692 -0.01748 0.35616
v -0.02985 0.18834 0.18294
v -0.06286 0.02010 0.33589
v -0.01671 0.17478 0.14598
v -0.00000 0.17181 0.13572
v -0.10497 0.09262 0.31042
v -0.08788 0.17049 0.22316
v -0.03536 -0.01308 0.35347
v -0.08674 0.17622 0.19432
v -0.03658 -0.01240 0.35509
v -0.02334 -0.00724 0.35149
v -0.01829 -0.02964 0.36099
v -0.06286 0.02010 0.33589
v -0.00000 -0.04012 0.35136
v -0.03658 -0.01240 0.35509
v -0.03893 -0.01076 0.35929
v -0.04138 -0.00510 0.35950
v -0.03536 -0.01308 0.35347
v -0.04353 0.00106 0.35546
v -0.04589 0.00747 0.34850
v -0.04758 0.01511 0.34171
v -0.06794 0.18103 0.18847
v -0.07751 0.17579 0.23107
v -0.05795 0.18365 0.23295
v -0.08610 0.16858 0.24204
v -0.07990 0.16524 0.26431
v -0.05003 0.02134 0.33782
v -0.05003 0.02134 0.33782
v -0.01677 0.18674 0.17020
v -0.01977 -0.02224 0.36429
v -0.09216 0.10124 0.32076
v -0.00000 -0.00924 0.35545
v -0.08347 0.15711 0.27451
v -0.09102 0.13907 0.29612
v -0.01926 -0.01714 0.35927
v -0.09217 0.11074 0.31469
v -0.09216 0.10124 0.32076
v -0.03863 0.02718 0.33773
v -0.01926 -0.01714 0.35927
v -0.09376 0.12190 0.31101
v -0.00000 -0.03204 0.36144
v -0.03684 0.02430 0.34170
v -0.02098 -0.01434 0.36750
v -0.01865 -0.01539 0.36316
v -0.00000 -0.02137 0.36229
v -0.01865 -0.01539 0.36316
v -0.03143 0.01861 0.35118
v -0.03535 0.03295 0.34379
v -0.02263 -0.00739 0.36973
v -0.03684 0.02430 0.34170
v -0.02743 0.01226 0.35881
v -0.02499 0.00224 0.36656
v -0.00000 0.21235 0.14060
v -0.07759 0.10324 0.33011
v -0.00000 -0.02638 0.36591
v -0.10287 -0.21083 0.25083
v -0.10104 -0.21712 0.25422
v -0.09730 -0.21714 0.25536
v -0.00000 -0.02137 0.36229
v -0.07751 0.17579 0.23107
v -0.08610 0.16858 0.24204
v -0.09914 0.19152 0.24445
v -0.08606 0.20082 0.22865
v -0.03748 0.04815 0.34676
v -0.00863 -0.01653 0.36669
v -0.00897 -0.01535 0.37140
v -0.00863 -0.01653 0.36669
v -0.06624 0.10010 0.33717
v -0.04131 0.06415 0.34768
v -0.02826 0.03049 0.35024
v -0.07724 0.11237 0.32636
v -0.07759 0.10324 0.33011
v -0.03030 0.19021 0.22251
v -0.02985 0.18834 0.18294
v -0.03535 0.03295 0.34379
v -0.09306 0.19003 0.27143
v -0.09914 0.19152 0.24445
v -0.08610 0.16858 0.24204
v -0.07990 0.16524 0.26431
v -0.05795 0.18365 0.23295
v -0.06393 0.20865 0.23133
v -0.10308 0.21200 0.24584
v -0.09092 0.21811 0.23249
v -0.00971 -0.00823 0.37417
v -0.05679 0.09226 0.34215
v -0.04733 0.07846 0.34640
v -0.00000 -0.01630 0.36785
v -0.07596 0.12656 0.32362
v -0.00000 -0.01630 0.36785
v -0.00000 -0.01529 0.37270
v -0.02214 0.02911 0.35674
v -0.00000 0.19130 0.17922
v -0.01082 0.00299 0.37364
v -0.07205 0.14240 0.31194
v -0.02973 0.04726 0.34995
v -0.01202 0.01717 0.36968
v -0.03748 0.04815 0.34676
v -0.09617 0.21006 0.27139
v -0.10308 0.21200 0.24584
v -0.00000 -0.00891 0.37555
v -0.06562 0.17098 0.27393
v -0.06322 0.16376 0.28623
v -0.01226 0.03028 0.36529
v -0.09692 0.22308 0.25025
v -0.08958 0.22711 0.24252
v -0.07124 0.22421 0.23412
v -0.06562 0.17098 0.27393
v -0.07190 0.19652 0.28022
v -0.06232 0.10850 0.33682
v -0.06624 0.10010 0.33717
v -0.02231 0.04654 0.35632
v -0.00000 0.00372 0.37586
v -0.03455 0.06589 0.35102
v -0.04131 0.06415 0.34768
v -0.09692 0.22308 0.25025
v -0.09399 0.22309 0.26775
v -0.05434 0.12288 0.33965
v -0.00000 0.01908 0.37217
v -0.07816 0.23101 0.24466
v -0.00000 0.19236 0.22042
v -0.00000 0.19130 0.17922
v -0.04662 0.18599 0.24581
v -0.01257 0.04636 0.36377
v -0.04733 0.07846 0.34640
v -0.03937 0.08280 0.35061
v -0.05679 0.09226 0.34215
v -0.05258 0.10133 0.34315
v -0.04991 0.21122 0.24637
v -0.04662 0.18599 0.24581
v -0.02562 0.06763 0.35670
v -0.00000 0.03100 0.36803
v -0.07826 0.21542 0.27892
v -0.08466 0.23144 0.25673
v -0.03429 0.13586 0.34034
v -0.04726 0.18174 0.26602
v -0.03154 0.18291 0.26820
v -0.08466 0.23144 0.25673
v -0.03151 0.08856 0.35505
v -0.05944 0.22768 0.24810
v -0.00000 0.04676 0.36671
v -0.04150 0.11061 0.34950
v -0.04726 0.18174 0.26602
v -0.05117 0.20618 0.27106
v -0.08279 0.22798 0.27069
v -0.01537 0.06862 0.36401
v -0.07213 0.23283 0.25285
v -0.03226 0.16780 0.29926
v -0.05117 0.20618 0.27106
v -0.04726 0.18174 0.26602
v -0.01548 0.19050 0.24887
v -0.00000 0.19197 0.24237
v -0.02240 0.18486 0.26802
v -0.07263 0.23273 0.26344
v -0.07263 0.23273 0.26344
v -0.02074 0.09299 0.36025
v -0.05937 0.22397 0.26982
v -0.00000 0.06900 0.36769
v -0.05937 0.22397 0.26982
v -0.02725 0.11457 0.35318
v -0.01502 0.18015 0.28515
v -0.00000 0.09548 0.36612
v -0.01036 0.21178 0.26420
v -0.00980 0.10193 0.36281
v -0.00972 0.11504 0.35794
v -0.00000 0.21249 0.25959
v -0.01352 0.16033 0.32132
v -0.01422 0.14750 0.33539
v -0.01323 0.20942 0.27868
v -0.00000 0.16988 0.30505
v -0.00000 0.17795 0.29049
v -0.06618 -0.22799 0.25272
v -0.04598 -0.22811 0.23316
v -0.00000 0.16491 0.31581
v -0.00000 0.11017 0.38084
v -0.00000 0.20616 0.28701
v -0.00000 0.14283 0.34081
v -0.00000 0.11968 0.35730
v -0.00000 0.23262 0.28003
v -0.00000 0.17492 0.34783
v -0.04851 -0.21148 0.23882
v -0.02121 -0.16557 -0.03230
v -0.03555 -0.18714 0.00934
v -0.02807 -0.18691 -0.00607
v -0.02642 -0.11195 -0.08811
v -0.01485 -0.22963 0.04586
v -0.02189 -0.21587 0.03618
v -0.02795 -0.21864 0.03927
v -0.01880 -0.21929 0.03059
v -0.03976 -0.11877 -0.07770
v -0.05637 -0.18779 0.01439
v -0.02725 -0.21102 0.02927
v -0.02337 -0.21534 0.02122
v -0.01014 -0.11224 -0.09960
v -0.03341 -0.21364 0.03355
v -0.02179 -0.16512 -0.00577
v -0.02512 -0.17070 -0.00619
v -0.02678 -0.16991 -0.03163
v -0.02121 -0.16557 -0.03230
v -0.08125 -0.14860 -0.02570
v -0.01931 -0.22933 0.02454
v -0.00000 -0.17092 -0.05342
v -0.03419 -0.22854 0.03823
v -0.00000 -0.11452 -0.10460
v -0.08279 -0.16804 0.00440
v -0.03704 -0.21112 0.02940
v -0.03937 -0.21916 0.03484
v -0.03284 -0.20778 0.02262
v -0.02696 -0.21183 0.01809
v -0.01931 -0.22933 0.02454
v -0.01485 -0.22963 0.04586
v -0.03419 -0.22854 0.03823
v -0.05272 -0.23187 0.06765
v -0.04702 -0.22018 0.05231
v -0.05351 -0.21495 0.05300
v -0.04469 -0.21576 0.04118
v -0.05440 -0.20855 0.04218
v -0.02302 -0.21969 0.01443
v -0.06588 -0.13435 -0.05433
v -0.07534 -0.18764 0.00916
v -0.03312 -0.20090 0.01447
v -0.03284 -0.20778 0.02262
v -0.02696 -0.21183 0.01809
v -0.06016 -0.22000 0.05332
v -0.04570 -0.21052 0.03365
v -0.03704 -0.21112 0.02940
v -0.05560 -0.20495 0.03160
v -0.04347 -0.23067 0.04602
v -0.03503 -0.19431 0.00937
v -0.02747 -0.19431 -0.00518
v -0.04570 -0.21052 0.03365
v -0.04101 -0.21901 0.03548
v -0.03937 -0.21916 0.03484
v -0.04101 -0.21901 0.03548
v -0.05635 -0.19369 0.01507
v -0.05594 -0.19876 0.02378
v -0.01997 -0.16521 -0.05483
v -0.02807 -0.18691 -0.00607
v -0.03092 -0.18777 -0.02837
v -0.02649 -0.20089 -0.00370
v -0.05560 -0.20495 0.03160
v -0.06390 -0.21549 0.04267
v -0.03534 -0.12516 -0.08238
v -0.02359 -0.21282 -0.00101
v -0.04123 -0.22984 0.03515
v -0.03022 -0.23004 0.02662
v -0.03976 -0.11877 -0.07770
v -0.04618 -0.13217 -0.07214
v -0.04030 -0.22957 0.03442
v -0.04030 -0.22957 0.03442
v -0.04123 -0.22984 0.03515
v -0.02302 -0.21969 0.01443
v -0.06487 -0.21080 0.03571
v -0.06485 -0.23038 0.04767
v -0.04347 -0.23067 0.04602
v -0.05272 -0.23187 0.06765
v -0.06485 -0.23038 0.04767
v -0.02375 -0.22974 0.01267
v -0.04030 -0.22957 0.03442
v -0.01924 -0.12697 -0.10727
v -0.02375 -0.22974 0.01267
v -0.02747 -0.19431 -0.00518
v -0.03147 -0.19414 -0.02720
v -0.00000 -0.17301 -0.06429
v -0.01985 -0.16668 -0.06691
v -0.00000 -0.12008 -0.11006
v -0.03822 -0.16625 -0.05599
v -0.03384 -0.15796 -0.05876
v -0.03384 -0.15796 -0.05876
v -0.04123 -0.22984 0.03515
v -0.06902 -0.23000 0.03790
v -0.03359 -0.23336 0.02358
v -0.03022 -0.23004 0.02662
v -0.04240 -0.23335 0.03124
v -0.02140 -0.23012 0.00225
v -0.02375 -0.22974 0.01267
v -0.02649 -0.20089 -0.00370
v -0.03078 -0.20183 -0.02560
v -0.07582 -0.19401 0.00906
v -0.07878 -0.20689 0.02657
v -0.07689 -0.20021 0.01896
v -0.08263 -0.16779 -0.02504
v -0.02825 -0.14535 -0.10487
v -0.08546 -0.18720 -0.00219
v -0.06487 -0.21080 0.03571
v -0.07349 -0.21104 0.03248
v -0.06896 -0.22054 0.03805
v -0.04096 -0.13447 -0.07392
v -0.03723 -0.13979 -0.07653
v -0.02547 -0.23337 0.00230
v -0.07056 -0.15496 -0.05017
v -0.02359 -0.21282 -0.00101
v -0.02821 -0.21398 -0.02357
v -0.06902 -0.23000 0.03790
v -0.04096 -0.13447 -0.07392
v -0.05026 -0.14865 -0.06578
v -0.06902 -0.23000 0.03790
v -0.06876 -0.23337 0.03345
v -0.03991 -0.17733 -0.05076
v -0.07072 -0.22058 0.03738
v -0.06896 -0.22054 0.03805
v -0.03828 -0.15072 -0.06547
v -0.03828 -0.15072 -0.06547
v -0.03273 -0.15350 -0.07001
v -0.00000 -0.13643 -0.14216
v -0.01367 -0.14366 -0.14212
v -0.08132 -0.21966 0.04422
v -0.07072 -0.22058 0.03738
v -0.07349 -0.21104 0.03248
v -0.02140 -0.23012 0.00225
v -0.02619 -0.23006 -0.01989
v -0.07034 -0.23002 0.03786
v -0.08690 -0.21427 0.04052
v -0.08152 -0.20873 0.03157
v -0.07878 -0.20689 0.02657
v -0.07861 -0.23337 0.02739
v -0.03359 -0.23336 0.02358
v -0.04240 -0.23335 0.03124
v -0.07772 -0.23024 0.04413
v -0.04175 -0.19492 -0.04359
v -0.04104 -0.18849 -0.04544
v -0.07034 -0.23002 0.03786
v -0.01739 -0.17406 -0.10211
v -0.00000 -0.18091 -0.10112
v -0.02547 -0.23337 0.00230
v -0.02999 -0.23333 -0.01699
v -0.08769 -0.19543 -0.00382
v -0.09447 -0.23122 0.05333
v -0.08585 -0.21083 0.02099
v -0.09017 -0.20214 -0.00211
v -0.08585 -0.21083 0.02099
v -0.05304 -0.16281 -0.06047
v -0.04141 -0.20214 -0.04209
v -0.08634 -0.18703 -0.02441
v -0.06876 -0.23337 0.03345
v -0.08968 -0.21513 0.02625
v -0.02661 -0.16107 -0.10329
v -0.07246 -0.17162 -0.04657
v -0.09261 -0.21945 0.03710
v -0.07772 -0.23024 0.04413
v -0.08093 -0.23188 0.02964
v -0.07034 -0.23002 0.03786
v -0.05497 -0.17469 -0.05514
v -0.08093 -0.23188 0.02964
v -0.07861 -0.23337 0.02739
v -0.04059 -0.21424 -0.04030
v -0.08788 -0.23341 0.00082
v -0.02547 -0.23337 0.00230
v -0.08712 -0.23337 0.01787
v -0.09447 -0.23122 0.05333
v -0.09438 -0.22990 0.03342
v -0.02047 -0.15569 -0.14189
v -0.05662 -0.18879 -0.04900
v -0.09438 -0.22990 0.03342
v -0.09039 -0.21806 0.01908
v -0.05724 -0.19548 -0.04709
v -0.03957 -0.23021 -0.03807
v -0.09193 -0.23011 0.01871
v -0.02999 -0.23333 -0.01699
v -0.08505 -0.23357 -0.01822
v -0.09039 -0.21806 0.01908
v -0.08828 -0.19555 -0.02443
v -0.04172 -0.23337 -0.03243
v -0.07395 -0.18811 -0.04339
v -0.08712 -0.23337 0.01787
v -0.09193 -0.23011 0.01871
v -0.05781 -0.20249 -0.04564
v -0.09193 -0.23011 0.01871
v -0.00000 -0.14127 -0.16217
v -0.01204 -0.14832 -0.16220
v -0.02031 -0.16870 -0.14178
v -0.09390 -0.21623 -0.00078
v -0.08996 -0.20256 -0.02435
v -0.05770 -0.21524 -0.04453
v -0.07469 -0.19554 -0.04189
v -0.01401 -0.17963 -0.14170
v -0.00000 -0.18561 -0.14167
v -0.09326 -0.23019 0.00077
v -0.07575 -0.20255 -0.04091
v -0.04172 -0.23337 -0.03243
v -0.07327 -0.23370 -0.03328
v -0.08788 -0.23341 0.00082
v -0.05679 -0.23036 -0.04251
v -0.09077 -0.21491 -0.02321
v -0.01749 -0.15856 -0.16220
v -0.05658 -0.23354 -0.03636
v -0.07662 -0.21535 -0.03979
v -0.01591 -0.07953 -0.24203
v -0.00000 -0.08011 -0.23654
v -0.00000 -0.05966 -0.24721
v -0.01246 -0.14445 -0.18732
v -0.00000 -0.13721 -0.18732
v -0.05658 -0.23354 -0.03636
v -0.08971 -0.23036 -0.02117
v -0.08505 -0.23357 -0.01822
v -0.01782 -0.17048 -0.16201
v -0.07628 -0.23048 -0.03868
v -0.07327 -0.23370 -0.03328
v -0.00000 -0.11448 -0.21602
v -0.02752 -0.09793 -0.23725
v -0.02156 -0.12279 -0.21867
v -0.01274 -0.18064 -0.16177
v -0.00000 -0.18685 -0.16163
v -0.01863 -0.15597 -0.18732
v -0.00000 -0.14681 -0.23993
v -0.01591 -0.07953 -0.24203
v -0.00000 -0.05966 -0.24721
v -0.01918 -0.16864 -0.18732
v -0.00000 -0.18587 -0.18732
v -0.01396 -0.17939 -0.18732
v -0.02752 -0.09793 -0.23725
v -0.03354 -0.14110 -0.22288
v -0.06028 -0.10571 -0.25890
v -0.05262 -0.09117 -0.25962
v -0.03328 -0.15930 -0.22779
v -0.02114 -0.17610 -0.23250
v -0.00000 -0.18381 -0.23701
v -0.05262 -0.09117 -0.25962
v -0.06769 -0.08570 -0.27987
v -0.06769 -0.08570 -0.27987
v -0.06470 -0.11398 -0.26797
v -0.05248 -0.14713 -0.26126
v -0.05248 -0.14713 -0.26126
v -0.06470 -0.11398 -0.26797
v -0.04291 -0.16718 -0.27558
v -0.02672 -0.17983 -0.28055
v -0.00000 -0.18596 -0.28812
v -0.05826 -0.15464 -0.28519
v -0.04291 -0.16718 -0.27558
v -0.03925 -0.17523 -0.29036
v -0.03071 -0.18249 -0.31488
v -0.00000 -0.18596 -0.28812
v -0.05826 -0.15464 -0.28519
v -0.03925 -0.17523 -0.29036
v -0.03071 -0.18249 -0.31488
v -0.07327 -0.20844 0.25372
v -0.06713 -0.20307 0.24975
v -0.06471 -0.21867 0.25371
v -0.06785 -0.21852 0.25506
v -0.06129 -0.21064 0.24994
v -0.05484 -0.20722 0.24399
v -0.11541 -0.20913 0.23766
v -0.10876 -0.20510 0.24333
v -0.09824 -0.22827 0.25380
v -0.09824 -0.22827 0.25380
v -0.09824 -0.22827 0.25380
v -0.06742 -0.22803 0.25313
v -0.09179 -0.20866 0.25402
v -0.04598 -0.22811 0.23316
v -0.06618 -0.22799 0.25272
v -0.12084 -0.22801 0.23255
v -0.05289 -0.16434 0.15982
v -0.00000 -0.02638 0.12294
v -0.08674 0.17622 0.19432
v -0.00000 -0.07953 -0.11217
v 0.01339 -0.10282 -0.09214
v 0.01149 -0.09239 -0.08123
v 0.02949 -0.10206 -0.08109
v 0.03711 -0.08239 -0.06432
v 0.01775 -0.07370 -0.06504
v 0.03389 -0.17076 0.01980
v 0.02512 -0.17070 -0.00619
v 0.02179 -0.16512 -0.00577
v 0.03248 -0.16068 0.02733
v 0.07079 -0.09810 -0.02678
v 0.06326 -0.07899 -0.02723
v 0.05213 -0.09777 -0.06249
v 0.06080 -0.11461 -0.05920
v 0.08116 -0.14749 0.00906
v 0.07055 -0.15315 0.03023
v 0.06701 -0.13347 0.03604
v 0.07622 -0.12105 0.01091
v 0.05573 -0.17289 0.02559
v 0.05522 -0.15554 0.03542
v 0.07264 -0.17202 0.02038
v 0.05213 -0.09777 -0.06249
v 0.06326 -0.07899 -0.02723
v 0.04494 -0.06023 -0.02797
v -0.00000 -0.16711 -0.02898
v -0.00000 -0.16543 -0.00557
v 0.01380 -0.16511 -0.00549
v 0.01344 -0.16621 -0.03023
v -0.00000 -0.08744 -0.07966
v 0.07023 -0.09877 0.01185
v 0.07657 -0.12085 -0.02656
v 0.02179 -0.16512 -0.00577
v 0.01483 -0.16628 0.02605
v 0.03248 -0.16068 0.02733
v 0.04710 -0.15108 0.03706
v -0.00000 -0.06989 -0.06475
v -0.00000 -0.16742 0.02505
v 0.06293 -0.07933 0.01090
v 0.06713 -0.10732 0.02995
v 0.05855 -0.13417 0.04249
v 0.04710 -0.15108 0.03706
v 0.03351 -0.16955 0.06315
v 0.04712 -0.15821 0.06609
v 0.02058 -0.05468 -0.04279
v 0.10506 -0.23319 0.18368
v 0.10890 -0.22774 0.18080
v 0.08469 -0.22790 0.17119
v 0.08444 -0.23319 0.17606
v 0.01558 -0.17384 0.06011
v 0.11470 -0.23319 0.21159
v 0.11948 -0.22713 0.21211
v 0.06212 -0.10801 0.04335
v 0.05758 -0.13920 0.06829
v 0.05855 -0.13417 0.04249
v 0.10894 -0.20696 0.17594
v 0.08462 -0.20696 0.16702
v 0.06293 -0.07933 0.01090
v 0.04459 -0.05525 0.01087
v 0.06091 -0.08423 0.02915
v 0.11926 -0.20739 0.20928
v -0.00000 -0.17536 0.06024
v -0.00000 -0.05943 -0.05397
v 0.06299 -0.23319 0.18036
v 0.06033 -0.22798 0.17602
v 0.04778 -0.16534 0.09647
v 0.03358 -0.17781 0.09604
v 0.10785 -0.19319 0.17268
v 0.08410 -0.19460 0.16462
v 0.11662 -0.23319 0.23112
v 0.12084 -0.22801 0.23255
v 0.06255 -0.10970 0.06888
v 0.06212 -0.10801 0.04335
v 0.05853 -0.08727 0.04317
v 0.01654 -0.18300 0.09546
v 0.05866 -0.14210 0.09742
v 0.11355 -0.18881 0.20302
v 0.11617 -0.19789 0.20595
v 0.05973 -0.20734 0.17310
v 0.10627 -0.17903 0.16593
v 0.08248 -0.17958 0.15457
v 0.11639 -0.20459 0.23155
v 0.12025 -0.21713 0.23352
v 0.06091 -0.08423 0.02915
v 0.11198 -0.17717 0.19677
v 0.02176 -0.04478 -0.01633
v -0.00000 -0.18371 0.09488
v 0.10413 -0.16603 0.15971
v 0.08075 -0.16694 0.14672
v 0.04857 -0.16896 0.12546
v 0.03368 -0.18235 0.12665
v 0.05841 -0.19520 0.17133
v 0.10032 -0.15224 0.15307
v 0.07796 -0.15454 0.14031
v 0.06299 -0.23319 0.18036
v 0.06033 -0.22798 0.17602
v 0.04805 -0.22770 0.19116
v 0.05240 -0.23319 0.19318
v 0.10980 -0.16513 0.19066
v 0.06537 -0.11175 0.09805
v 0.01744 -0.18815 0.12673
v 0.05933 -0.08869 0.06968
v 0.05853 -0.08727 0.04317
v 0.11339 -0.19531 0.21899
v 0.06258 -0.14177 0.12300
v 0.05694 -0.18172 0.16517
v 0.10639 -0.14877 0.18329
v -0.00000 -0.00874 -0.05011
v 0.12373 -0.22863 0.24479
v 0.12338 -0.21782 0.25211
v 0.12025 -0.21713 0.23352
v 0.09625 -0.13746 0.14596
v 0.07348 -0.14091 0.13340
v 0.12645 -0.23001 0.26871
v 0.11541 -0.20913 0.23766
v 0.11758 -0.21238 0.25632
v 0.10876 -0.20510 0.24333
v 0.04186 -0.06009 0.04424
v 0.05973 -0.20734 0.17310
v 0.04652 -0.20609 0.18984
v 0.05540 -0.16881 0.16068
v 0.06612 -0.15503 0.14342
v 0.12645 -0.23001 0.26871
v 0.12373 -0.22863 0.24479
v 0.10479 -0.22873 0.25819
v 0.31459 0.23370 0.00552
v 0.29282 0.20281 0.01380
v 0.29501 0.20394 0.01837
v -0.00000 -0.18851 0.12726
v 0.06929 -0.11477 0.11578
v 0.28560 0.21314 0.00898
v 0.09494 -0.18470 0.22950
v 0.09612 -0.19292 0.24111
v 0.10106 -0.13286 0.17613
v 0.05841 -0.19520 0.17133
v 0.05397 -0.15846 0.14274
v 0.04857 -0.17066 0.15717
v 0.03390 -0.18158 0.16029
v 0.27230 0.18520 0.02858
v 0.27523 0.18582 0.03430
v 0.07997 -0.12279 0.12984
v 0.04788 -0.23319 0.21615
v 0.04305 -0.22623 0.21615
v 0.10799 -0.20289 0.24284
v 0.31459 0.23370 0.00552
v 0.29501 0.20394 0.01837
v 0.29067 0.21540 0.02425
v 0.06156 -0.08834 0.09751
v 0.09433 -0.17530 0.22328
v 0.25653 0.19701 0.02373
v 0.11173 -0.21788 0.26035
v 0.10479 -0.22873 0.25819
v 0.05829 -0.15533 0.14586
v 0.06548 -0.14114 0.13317
v 0.02218 -0.04361 0.01244
v 0.06548 -0.14114 0.13317
v 0.05829 -0.15533 0.14586
v 0.08860 -0.11552 0.14055
v 0.01847 -0.18720 0.16179
v 0.07269 -0.11637 0.12327
v 0.07269 -0.11637 0.12327
v 0.10506 -0.23319 0.18368
v 0.08444 -0.23319 0.17606
v 0.06299 -0.23319 0.18036
v 0.05240 -0.23319 0.19318
v 0.04234 -0.06459 0.07144
v 0.28102 0.22665 0.01282
v 0.09294 -0.16263 0.21644
v 0.27523 0.18582 0.03430
v 0.26774 0.19875 0.04063
v 0.29418 0.21452 0.02946
v 0.10287 -0.21083 0.25083
v 0.10104 -0.21712 0.25422
v 0.29308 0.22043 0.03038
v 0.02253 -0.04864 0.04515
v 0.05270 -0.16434 0.15982
v 0.07750 -0.10389 0.12589
v 0.09091 -0.14696 0.20963
v 0.04307 -0.19108 0.19495
v 0.08289 -0.09075 0.13561
v 0.05694 -0.18172 0.16517
v 0.04392 -0.18161 0.19232
v 0.07153 -0.09701 0.11861
v 0.07750 -0.10389 0.12589
v 0.04219 -0.20833 0.21475
v 0.09714 -0.20273 0.24934
v 0.09185 -0.11153 0.16895
v -0.00000 -0.04098 -0.00230
v -0.00000 -0.18764 0.16253
v 0.25846 0.17135 0.04993
v 0.25272 0.16863 0.04266
v 0.28613 0.22924 0.02762
v -0.00000 -0.04089 0.01274
v 0.28155 0.23282 0.02114
v 0.24606 0.21622 0.02867
v 0.23529 0.17885 0.03910
v 0.28155 0.23282 0.02114
v 0.09302 -0.21369 0.26056
v 0.09730 -0.21714 0.25536
v 0.09420 -0.22910 0.26594
v 0.05540 -0.16881 0.16068
v 0.04389 -0.17166 0.19040
v 0.05090 -0.23319 0.23296
v 0.04598 -0.22811 0.23316
v 0.09179 -0.20866 0.25402
v 0.25846 0.17135 0.04993
v 0.24818 0.18364 0.05826
v 0.26960 0.20549 0.04725
v 0.26385 0.20460 0.04242
v 0.08787 -0.13093 0.20240
v 0.05270 -0.16434 0.15982
v 0.04253 -0.16739 0.18984
v 0.04253 -0.16739 0.18984
v 0.03980 -0.16838 0.19137
v 0.08289 -0.09075 0.13561
v 0.07333 -0.07583 0.13240
v 0.04393 -0.06461 0.09660
v 0.04788 -0.23319 0.21615
v 0.11470 -0.23319 0.21159
v 0.04258 -0.19951 0.21301
v 0.08973 -0.21829 0.27248
v 0.24178 0.14580 0.06781
v 0.23200 0.14485 0.05890
v 0.03254 -0.17371 0.19312
v 0.26991 0.21020 0.05056
v 0.26353 0.20221 0.04041
v 0.06957 -0.18475 0.23337
v 0.08259 -0.23092 0.28872
v 0.21299 0.15807 0.05275
v 0.08259 -0.23092 0.28872
v 0.09420 -0.22910 0.26594
v 0.07099 -0.22910 0.26594
v 0.06913 -0.19285 0.24252
v 0.08267 -0.20344 0.25206
v 0.01977 -0.17945 0.19589
v 0.25749 0.22104 0.04923
v 0.06966 -0.17538 0.22630
v 0.08259 -0.20685 0.26083
v 0.08267 -0.20344 0.25206
v 0.08676 -0.08269 0.16226
v 0.04497 -0.21866 0.23563
v 0.04655 -0.20523 0.23252
v 0.08259 -0.21339 0.27268
v 0.24844 0.22611 0.04209
v 0.24178 0.14580 0.06781
v 0.23174 0.16328 0.07829
v 0.20790 0.10863 0.08275
v 0.21731 0.10983 0.09586
v 0.06892 -0.16284 0.22088
v 0.00873 -0.04376 0.03603
v -0.00000 -0.04199 0.03320
v 0.02268 -0.05470 0.07290
v 0.01453 -0.04698 0.04547
v 0.07379 -0.21141 0.26013
v 0.07327 -0.20844 0.25372
v 0.08246 -0.11122 0.19439
v 0.04928 -0.18674 0.22119
v 0.04964 -0.17809 0.21716
v 0.24197 0.18532 0.05796
v 0.21942 0.20721 0.04643
v 0.06785 -0.21852 0.25506
v 0.04762 -0.19617 0.22834
v 0.06772 -0.14737 0.21553
v 0.07546 -0.21829 0.27248
v 0.07099 -0.22910 0.26594
v 0.24844 0.22611 0.04209
v 0.04973 -0.16759 0.21302
v -0.00000 -0.18052 0.19724
v 0.05411 -0.06195 0.12277
v 0.08676 -0.08269 0.16226
v 0.07916 -0.06747 0.16052
v 0.06471 -0.21867 0.25371
v 0.05253 -0.21718 0.25929
v 0.06129 -0.21064 0.24994
v 0.05533 -0.20404 0.24307
v 0.03875 -0.22819 0.26716
v 0.05909 -0.22793 0.25802
v 0.04197 -0.22794 0.24508
v 0.04913 -0.15735 0.21006
v 0.04652 -0.15533 0.20534
v 0.18336 0.13097 0.07172
v 0.02138 -0.05527 0.09583
v 0.04203 -0.21755 0.25135
v 0.04497 -0.21866 0.23563
v 0.04851 -0.21148 0.23882
v 0.18347 0.08345 0.10616
v 0.19408 0.08673 0.12036
v 0.23680 0.19818 0.06212
v 0.04652 -0.15533 0.20534
v 0.04347 -0.15827 0.21040
v 0.01250 -0.04989 0.06130
v 0.06619 -0.13143 0.21076
v 0.04722 -0.21325 0.25521
v 0.05484 -0.20722 0.24399
v 0.05909 -0.22793 0.25802
v 0.03875 -0.22819 0.26716
v 0.21731 0.10983 0.09586
v 0.20799 0.13384 0.10400
v 0.24075 0.19889 0.06903
v 0.04197 -0.22794 0.24508
v 0.05090 -0.23319 0.23296
v 0.11662 -0.23319 0.23112
v 0.24227 0.20371 0.07367
v 0.05196 -0.14530 0.21017
v 0.22398 0.16824 0.07493
v 0.07845 -0.08546 0.18915
v 0.03615 -0.16330 0.21966
v 0.19689 0.17758 0.05525
v -0.00000 -0.01818 0.04904
v 0.02192 -0.16828 0.22568
v 0.06482 -0.11097 0.20406
v 0.15533 0.10657 0.09120
v 0.23411 0.21418 0.07197
v 0.05552 -0.13252 0.20952
v 0.03882 -0.05557 0.11867
v -0.00000 -0.05132 0.07880
v -0.00000 -0.05001 0.06962
v 0.04853 -0.14527 0.20806
v 0.05091 -0.13322 0.20837
v 0.22231 0.22021 0.06238
v 0.16549 0.07330 0.12174
v 0.17758 0.07467 0.13693
v 0.16308 0.16085 0.07325
v 0.19408 0.08673 0.12036
v 0.18696 0.11090 0.12823
v 0.06032 -0.05019 0.14930
v 0.04487 -0.14469 0.21651
v 0.21441 0.17787 0.07575
v -0.00000 -0.05227 0.09558
v 0.19874 0.14036 0.10115
v 0.04863 -0.13401 0.20902
v 0.04853 -0.14527 0.20806
v -0.00000 -0.16928 0.22977
v 0.03875 -0.15018 0.23233
v 0.07079 -0.06957 0.18572
v 0.07845 -0.08546 0.18915
v 0.13645 0.09117 0.10556
v 0.22231 0.22021 0.06238
v 0.06748 -0.23319 0.24886
v 0.09641 -0.23319 0.24868
v 0.05537 -0.11165 0.20545
v 0.03860 -0.04599 0.13142
v 0.21245 0.18726 0.08229
v 0.21634 0.18821 0.08985
v 0.04684 -0.13369 0.21872
v 0.04863 -0.13401 0.20902
v 0.05000 -0.11111 0.20598
v 0.02158 -0.05098 0.11462
v 0.12042 0.00012 0.15413
v 0.10420 -0.01448 0.15349
v 0.11361 -0.02176 0.17396
v 0.13310 -0.00638 0.17614
v 0.13435 0.02060 0.15573
v 0.14505 0.01218 0.18001
v 0.10420 -0.01448 0.15349
v 0.12042 0.00012 0.15413
v 0.09812 0.00903 0.12961
v 0.08683 -0.00614 0.13260
v 0.14790 0.06473 0.13734
v 0.15857 0.06613 0.15546
v 0.21949 0.19405 0.09785
v 0.17758 0.07467 0.13693
v 0.17019 0.09619 0.14840
v 0.05000 -0.11111 0.20598
v 0.04705 -0.10750 0.21289
v 0.02302 -0.15401 0.24319
v 0.06298 -0.05419 0.17280
v 0.13435 0.02060 0.15573
v 0.10830 0.03063 0.12807
v 0.11767 -0.03013 0.19909
v 0.13976 -0.01266 0.20148
v 0.07666 -0.02830 0.15416
v 0.08690 -0.03484 0.17408
v 0.07666 -0.02830 0.15416
v 0.13051 0.14475 0.09150
v 0.14956 0.00528 0.20601
v 0.17607 0.12004 0.12558
v 0.18789 0.19959 0.06563
v -0.00000 -0.04916 0.11101
v 0.02110 -0.04324 0.12323
v 0.05406 -0.09446 0.20214
v 0.06086 -0.09058 0.19954
v 0.08643 -0.04091 0.19744
v 0.06086 -0.09058 0.19954
v 0.14280 0.04261 0.16015
v 0.15098 0.03347 0.18705
v 0.06954 0.01385 0.11701
v 0.06636 -0.00282 0.12377
v 0.20777 0.21167 0.09802
v 0.18862 0.15952 0.10488
v 0.06159 -0.02361 0.14174
v 0.03957 -0.13530 0.23523
v 0.05392 -0.04264 0.15341
v 0.03784 -0.03731 0.13677
v 0.11632 0.05358 0.12934
v 0.14280 0.04261 0.16015
v 0.05406 -0.09446 0.20214
v 0.19285 0.21906 0.08672
v 0.18490 0.17246 0.11206
v 0.05891 -0.04797 0.17301
v 0.05575 -0.07815 0.19769
v 0.13757 -0.01983 0.22880
v 0.11607 -0.03602 0.22218
v 0.07259 0.03873 0.11128
v 0.05424 -0.03587 0.15396
v 0.15404 0.02570 0.21217
v 0.05939 -0.04126 0.17385
v 0.05424 -0.03587 0.15396
v 0.15186 0.19486 0.09026
v -0.00000 -0.15587 0.24841
v 0.14831 -0.00182 0.23542
v 0.05005 -0.10112 0.21783
v 0.04097 -0.11526 0.23541
v 0.13557 0.05871 0.14632
v 0.14444 0.05920 0.16764
v 0.05424 -0.03587 0.15396
v 0.03794 -0.02955 0.13540
v 0.03964 -0.01926 0.12919
v 0.15587 0.10523 0.14825
v 0.15384 0.08124 0.17094
v 0.15857 0.06613 0.15546
v 0.03794 -0.02955 0.13540
v 0.01981 -0.03438 0.12825
v 0.05211 -0.06116 0.19418
v 0.13557 0.05871 0.14632
v -0.00000 -0.04208 0.11939
v 0.07809 0.06786 0.11012
v 0.05939 -0.04126 0.17385
v 0.04057 -0.00096 0.11764
v 0.04083 0.01576 0.11095
v 0.05571 -0.04728 0.19651
v 0.11337 0.07843 0.12289
v 0.19285 0.21906 0.08672
v 0.10570 0.13249 0.10615
v 0.02267 -0.13625 0.24775
v 0.14444 0.05920 0.16764
v 0.14920 0.05142 0.19489
v 0.14444 0.05920 0.16764
v 0.01947 -0.02670 0.12680
v 0.19007 0.17286 0.11907
v 0.04150 -0.10990 0.23747
v 0.05090 -0.08530 0.21738
v 0.16475 0.14571 0.13105
v -0.00000 -0.03294 0.12350
v 0.11337 0.07843 0.12289
v 0.01947 -0.02670 0.12680
v 0.01905 -0.01553 0.12121
v 0.15094 0.01717 0.24243
v 0.19396 0.17928 0.13000
v 0.04117 0.04411 0.10423
v 0.05254 -0.05346 0.19500
v 0.12935 -0.02605 0.25373
v 0.10662 -0.04087 0.24200
v 0.01845 0.00006 0.11373
v 0.15128 0.04324 0.21812
v 0.06748 -0.23319 0.24886
v 0.06618 -0.22799 0.25272
v 0.06742 -0.22803 0.25313
v 0.07595 -0.04752 0.23023
v 0.04666 -0.06805 0.21648
v 0.05571 -0.04728 0.19651
v 0.12084 -0.22801 0.23255
v 0.09824 -0.22827 0.25380
v 0.13948 -0.00846 0.26344
v -0.00000 -0.02638 0.12294
v 0.04234 -0.09214 0.23528
v 0.14424 0.07398 0.18582
v 0.14444 0.05920 0.16764
v 0.02266 -0.11850 0.24779
v 0.01271 0.01591 0.10879
v 0.04690 -0.05238 0.22120
v 0.08514 0.12222 0.11955
v 0.04156 0.11457 0.10985
v 0.14169 0.13524 0.15561
v -0.00000 0.00302 0.08245
v 0.01253 -0.01435 0.11899
v 0.08514 0.12222 0.11955
v 0.17918 0.20558 0.13332
v 0.16169 0.16095 0.13894
v 0.04588 -0.05907 0.21835
v -0.00000 -0.13804 0.25243
v 0.15075 0.09546 0.17231
v 0.14144 0.10353 0.16565
v -0.00000 -0.01917 0.11961
v 0.02389 -0.11354 0.25211
v 0.04141 0.07331 0.10520
v 0.14424 0.07398 0.18582
v 0.04690 -0.05238 0.22120
v 0.14870 0.03334 0.24805
v 0.03935 -0.07228 0.23147
v 0.12115 0.18747 0.11273
v 0.14062 0.00950 0.27220
v 0.15895 0.21540 0.11835
v 0.11616 -0.03097 0.27603
v 0.09568 -0.04382 0.26068
v 0.13726 0.09719 0.19350
v 0.02422 -0.09620 0.25036
v -0.00000 0.02001 0.10768
v 0.16725 0.16004 0.14494
v 0.03817 -0.06303 0.23350
v -0.00000 -0.11966 0.25222
v 0.17204 0.16634 0.15469
v 0.06542 -0.04972 0.24240
v 0.14119 0.07872 0.20798
v 0.14208 0.06980 0.22764
v 0.12697 -0.01043 0.28472
v 0.03815 -0.05612 0.23879
v 0.15895 0.21540 0.11835
v 0.02461 -0.07570 0.24282
v 0.09641 -0.23319 0.24868
v 0.09824 -0.22827 0.25380
v 0.13254 0.11408 0.17647
v -0.00000 -0.11495 0.25612
v -0.00000 0.04651 0.10229
v 0.13548 0.02173 0.28075
v 0.03815 -0.05612 0.23879
v 0.04344 -0.05275 0.25749
v 0.08346 -0.04501 0.27171
v 0.13987 0.15154 0.16712
v 0.02394 -0.06535 0.24454
v 0.12958 0.00424 0.29048
v 0.13491 0.11239 0.18417
v 0.13990 0.06033 0.24996
v 0.13726 0.09719 0.19350
v 0.09407 -0.03767 0.29328
v -0.00000 -0.09833 0.25439
v 0.09711 0.17842 0.13176
v 0.15734 0.19621 0.15917
v 0.02505 -0.05822 0.24788
v 0.11399 -0.01964 0.29438
v 0.11892 -0.00913 0.29670
v 0.06647 -0.04799 0.28394
v 0.09813 -0.02570 0.30516
v 0.14577 0.14862 0.17215
v -0.00000 -0.07624 0.24674
v 0.14883 0.15376 0.17820
v 0.12608 0.01652 0.29484
v 0.02505 -0.05822 0.24788
v 0.02750 -0.05478 0.26361
v 0.07260 -0.04127 0.30607
v 0.13389 0.04106 0.27337
v 0.12717 0.03002 0.28753
v 0.12214 0.00169 0.29914
v 0.13455 0.10221 0.21631
v 0.13292 0.10993 0.19754
v -0.00000 0.08689 0.10179
v 0.01653 0.09387 0.10322
v 0.13594 0.05590 0.26246
v 0.13315 0.20900 0.14238
v 0.13292 0.10993 0.19754
v -0.00000 -0.06701 0.24862
v 0.12635 0.12975 0.18224
v 0.13568 0.09398 0.23611
v 0.07726 0.16360 0.14524
v 0.12846 0.12887 0.18756
v 0.02144 0.11468 0.10702
v 0.10910 -0.01255 0.30403
v 0.11438 -0.00611 0.30283
v -0.00000 -0.05873 0.25321
v 0.12505 0.13092 0.20410
v 0.09754 -0.01678 0.31228
v 0.13253 0.18453 0.18706
v 0.13315 0.20900 0.14238
v 0.11716 0.00019 0.30388
v 0.04874 -0.04983 0.29191
v 0.11730 0.01268 0.30473
v 0.13372 0.08359 0.25715
v 0.07651 -0.03182 0.31844
v 0.12214 0.14706 0.19016
v 0.11943 0.02319 0.29851
v 0.03001 -0.05191 0.29674
v -0.00000 -0.05873 0.25321
v -0.00000 -0.05599 0.26834
v -0.00000 0.11084 0.06786
v 0.13029 0.14593 0.19024
v 0.10909 -0.00332 0.30650
v 0.10384 -0.00767 0.30998
v 0.05132 -0.04361 0.31818
v 0.12912 0.05252 0.27520
v 0.12683 0.04380 0.28267
v 0.13165 0.15036 0.19406
v 0.11452 0.00337 0.30784
v 0.11087 -0.00099 0.30659
v 0.07726 0.16360 0.14524
v 0.03791 0.16035 0.13241
v 0.12935 0.07634 0.27030
v 0.12238 0.03450 0.29194
v 0.12569 0.12417 0.22294
v 0.12505 0.13092 0.20410
v 0.10939 -0.00086 0.30798
v 0.09484 -0.01038 0.31658
v 0.10519 -0.00153 0.30304
v 0.10416 -0.00283 0.30374
v 0.11358 0.01822 0.30657
v 0.10434 -0.00106 0.30414
v 0.09965 -0.00602 0.30688
v 0.07765 -0.02062 0.32655
v 0.11611 0.02759 0.30080
v 0.12488 0.07101 0.27955
v 0.08481 -0.00993 0.29641
v 0.10519 -0.00153 0.30304
v 0.10416 -0.00283 0.30374
v 0.10339 -0.00558 0.31111
v 0.09979 -0.00472 0.30578
v 0.09965 -0.00602 0.30688
v 0.10524 -0.00200 0.31427
v 0.09824 -0.22827 0.25380
v 0.06742 -0.22803 0.25313
v 0.10896 0.19633 0.16670
v 0.08291 -0.00431 0.29944
v 0.10434 -0.00106 0.30414
v 0.12693 0.11612 0.24416
v 0.09122 -0.00788 0.31310
v 0.12238 0.05149 0.28621
v 0.12079 0.04603 0.29007
v 0.10533 0.00555 0.31557
v 0.01667 0.13237 0.11207
v 0.09979 -0.00472 0.30578
v 0.11740 0.03919 0.29655
v 0.09122 -0.00788 0.31310
v 0.09104 -0.00727 0.31259
v 0.09399 -0.00817 0.31809
v 0.11049 0.02202 0.30833
v 0.09501 -0.00472 0.32211
v 0.10277 0.01274 0.31652
v 0.05432 -0.03415 0.33340
v 0.09104 -0.00727 0.31259
v 0.11205 0.03332 0.30413
v 0.01439 -0.05316 0.30013
v 0.03289 -0.04509 0.32713
v 0.11989 0.06638 0.29266
v 0.07620 -0.01222 0.33049
v 0.05620 -0.00728 0.29116
v 0.05252 -0.01639 0.28539
v 0.12573 0.10599 0.26459
v 0.09331 0.00153 0.32441
v 0.07459 -0.01564 0.31894
v 0.10896 0.19633 0.16670
v 0.10622 0.02808 0.31153
v 0.09976 0.01680 0.31812
v 0.11577 0.14995 0.20748
v 0.06748 -0.23319 0.24886
v 0.09641 -0.23319 0.24868
v 0.07290 -0.00844 0.32834
v -0.00000 0.14005 0.11444
v 0.06921 -0.00680 0.31758
v 0.11577 0.14995 0.20748
v 0.09033 0.00939 0.32579
v 0.12166 0.09661 0.28040
v 0.07295 -0.00816 0.32797
v 0.07601 -0.00793 0.33255
v 0.03608 -0.00479 0.30951
v 0.05626 -0.02362 0.34157
v 0.07722 -0.00444 0.33521
v 0.09668 0.02344 0.32075
v 0.02767 -0.02334 0.29297
v 0.07290 -0.00844 0.32834
v 0.02597 -0.01818 0.27670
v 0.11818 0.08900 0.28811
v 0.07733 0.17452 0.16678
v -0.00000 -0.05396 0.30297
v 0.02279 -0.00877 0.28479
v 0.01529 -0.04611 0.33430
v 0.07295 -0.00816 0.32797
v 0.08800 0.01460 0.32607
v 0.07660 0.00016 0.33539
v 0.03510 -0.03636 0.34474
v 0.11497 0.07990 0.30060
v 0.06605 0.05420 0.30395
v 0.12238 0.05149 0.28621
v 0.12079 0.04603 0.29007
v 0.11740 0.03919 0.29655
v 0.05692 -0.01386 0.34439
v 0.08593 0.02113 0.32795
v 0.11205 0.03332 0.30413
v -0.00000 -0.01791 0.27345
v -0.00000 -0.02493 0.29836
v 0.07570 0.00764 0.33416
v 0.10922 0.14202 0.25432
v 0.10619 0.15260 0.23372
v 0.11989 0.06638 0.29266
v -0.00000 -0.00852 0.28348
v 0.10299 0.16275 0.21162
v 0.10622 0.02808 0.31153
v 0.05580 -0.00981 0.34234
v -0.00000 -0.04660 0.33673
v 0.07505 0.01354 0.33181
v 0.05580 -0.00981 0.34234
v 0.05186 -0.00817 0.33401
v 0.05541 -0.00940 0.34222
v 0.11093 0.12718 0.27909
v 0.09668 0.02344 0.32075
v 0.02419 -0.02069 0.34401
v 0.08674 0.17622 0.19432
v 0.05541 -0.00940 0.34222
v 0.05768 -0.00865 0.34677
v -0.00000 0.15960 0.12858
v 0.03669 -0.02643 0.35304
v 0.07474 0.02004 0.33278
v 0.05899 -0.00468 0.34794
v 0.10299 0.16275 0.21162
v 0.10931 0.11140 0.29582
v 0.11497 0.07990 0.30060
v 0.05956 0.00005 0.34590
v 0.01650 -0.03832 0.35110
v 0.08593 0.02113 0.32795
v 0.10556 0.10349 0.30177
v 0.06039 0.00724 0.34160
v 0.06794 0.18103 0.18847
v 0.07733 0.17452 0.16678
v 0.08674 0.17622 0.19432
v -0.00000 -0.02464 0.35124
v 0.10497 0.09262 0.31042
v 0.06157 0.01342 0.33663
v -0.00000 -0.00544 0.30586
v 0.07474 0.02004 0.33278
v 0.03692 -0.01748 0.35616
v 0.02985 0.18834 0.18294
v 0.06286 0.02010 0.33589
v 0.01671 0.17478 0.14598
v -0.00000 0.17181 0.13572
v 0.10497 0.09262 0.31042
v 0.08788 0.17049 0.22316
v 0.03536 -0.01308 0.35347
v 0.08674 0.17622 0.19432
v 0.03658 -0.01240 0.35509
v 0.02334 -0.00724 0.35149
v 0.01829 -0.02964 0.36099
v 0.06286 0.02010 0.33589
v -0.00000 -0.04012 0.35136
v 0.03658 -0.01240 0.35509
v 0.03893 -0.01076 0.35929
v 0.04138 -0.00510 0.35950
v 0.03536 -0.01308 0.35347
v 0.04353 0.00106 0.35546
v 0.04589 0.00747 0.34850
v 0.04758 0.01511 0.34171
v 0.06794 0.18103 0.18847
v 0.07751 0.17579 0.23107
v 0.05795 0.18365 0.23295
v 0.08610 0.16858 0.24204
v 0.07990 0.16524 0.26431
v 0.05003 0.02134 0.33782
v 0.05003 0.02134 0.33782
v 0.01677 0.18674 0.17020
v 0.01977 -0.02224 0.36429
v 0.09216 0.10124 0.32076
v -0.00000 -0.00924 0.35545
v 0.08347 0.15711 0.27451
v 0.09102 0.13907 0.29612
v 0.01926 -0.01714 0.35927
v 0.09217 0.11074 0.31469
v 0.09216 0.10124 0.32076
v 0.03863 0.02718 0.33773
v 0.01926 -0.01714 0.35927
v 0.09376 0.12190 0.31101
v -0.00000 -0.03204 0.36144
v 0.03684 0.02430 0.34170
v 0.02098 -0.01434 0.36750
v 0.01865 -0.01539 0.36316
v -0.00000 -0.02137 0.36229
v 0.01865 -0.01539 0.36316
v 0.03143 0.01861 0.35118
v 0.03535 0.03295 0.34379
v 0.02263 -0.00739 0.36973
v 0.03684 0.02430 0.34170
v 0.02743 0.01226 0.35881
v 0.02498 0.00224 0.36656
v -0.00000 0.21235 0.14060
v 0.07759 0.10324 0.33011
v -0.00000 -0.02638 0.36591
v 0.10287 -0.21083 0.25083
v 0.10104 -0.21712 0.25422
v 0.09730 -0.21714 0.25536
v -0.00000 -0.02137 0.36229
v 0.07751 0.17579 0.23107
v 0.08610 0.16858 0.24204
v 0.09914 0.19152 0.24445
v 0.08606 0.20082 0.22865
v 0.03747 0.04815 0.34676
v 0.00863 -0.01653 0.36669
v 0.00897 -0.01535 0.37140
v 0.00863 -0.01653 0.36669
v 0.06624 0.10010 0.33717
v 0.04131 0.06415 0.34768
v 0.02826 0.03049 0.35024
v 0.07724 0.11237 0.32636
v 0.07759 0.10324 0.33011
v 0.03030 0.19021 0.22251
v 0.02985 0.18834 0.18294
v 0.03535 0.03295 0.34379
v 0.09306 0.19003 0.27143
v 0.09914 0.19152 0.24445
v 0.08610 0.16858 0.24204
v 0.07990 0.16524 0.26431
v 0.05795 0.18365 0.23295
v 0.06393 0.20865 0.23133
v 0.10308 0.21200 0.24584
v 0.09092 0.21811 0.23249
v 0.00971 -0.00823 0.37417
v 0.05679 0.09226 0.34215
v 0.04733 0.07846 0.34640
v -0.00000 -0.01630 0.36785
v 0.07596 0.12656 0.32362
v -0.00000 -0.01630 0.36785
v -0.00000 -0.01529 0.37270
v 0.02214 0.02911 0.35674
v -0.00000 0.19130 0.17922
v 0.01082 0.00299 0.37364
v 0.07205 0.14240 0.31194
v 0.02973 0.04726 0.34995
v 0.01202 0.01717 0.36968
v 0.03747 0.04815 0.34676
v 0.09617 0.21006 0.27139
v 0.10308 0.21200 0.24584
v -0.00000 -0.00891 0.37555
v 0.06562 0.17098 0.27393
v 0.06322 0.16376 0.28623
v 0.01226 0.03028 0.36529
v 0.09692 0.22308 0.25025
v 0.08958 0.22711 0.24252
v 0.07124 0.22421 0.23412
v 0.06562 0.17098 0.27393
v 0.07190 0.19652 0.28022
v 0.06232 0.10850 0.33682
v 0.06624 0.10010 0.33717
v 0.02230 0.04654 0.35632
v -0.00000 0.00372 0.37586
v 0.03455 0.06589 0.35102
v 0.04131 0.06415 0.34768
v 0.09692 0.22308 0.25025
v 0.09399 0.22309 0.26775
v 0.05434 0.12288 0.33965
v -0.00000 0.01908 0.37217
v 0.07816 0.23101 0.24466
v -0.00000 0.19236 0.22042
v -0.00000 0.19130 0.17922
v 0.04662 0.18599 0.24581
v 0.01257 0.04636 0.36377
v 0.04733 0.07846 0.34640
v 0.03937 0.08280 0.35061
v 0.05679 0.09226 0.34215
v 0.05258 0.10133 0.34315
v 0.04991 0.21122 0.24637
v 0.04662 0.18599 0.24581
v 0.02562 0.06763 0.35670
v -0.00000 0.03100 0.36803
v 0.07826 0.21542 0.27892
v 0.08466 0.23144 0.25673
v 0.03429 0.13586 0.34034
v 0.04726 0.18174 0.26602
v 0.03154 0.18291 0.26820
v 0.08466 0.23144 0.25673
v 0.03151 0.08856 0.35505
v 0.05944 0.22768 0.24810
v -0.00000 0.04676 0.36671
v 0.04150 0.11061 0.34950
v 0.04726 0.18174 0.26602
v 0.05117 0.20618 0.27106
v 0.08279 0.22798 0.27069
v 0.01537 0.06862 0.36401
v 0.07213 0.23283 0.25285
v 0.03226 0.16780 0.29926
v 0.05117 0.20618 0.27106
v 0.04726 0.18174 0.26602
v 0.01548 0.19050 0.24887
v -0.00000 0.19197 0.24237
v 0.02240 0.18486 0.26802
v 0.07263 0.23273 0.26344
v 0.07263 0.23273 0.26344
v 0.02074 0.09299 0.36025
v 0.05937 0.22397 0.26982
v -0.00000 0.06900 0.36769
v 0.05937 0.22397 0.26982
v 0.02725 0.11457 0.35318
v 0.01502 0.18015 0.28515
v -0.00000 0.09548 0.36612
v 0.01036 0.21178 0.26420
v 0.00980 0.10193 0.36281
v 0.00972 0.11504 0.35794
v -0.00000 0.21249 0.25959
v 0.01352 0.16033 0.32132
v 0.01422 0.14750 0.33539
v 0.01323 0.20942 0.27868
v -0.00000 0.16988 0.30505
v -0.00000 0.17795 0.29049
v 0.06618 -0.22799 0.25272
v 0.04598 -0.22811 0.23316
v -0.00000 0.16491 0.31581
v -0.00000 0.11017 0.38084
v -0.00000 0.20616 0.28701
v -0.00000 0.14283 0.34081
v -0.00000 0.11968 0.35730
v -0.00000 0.23262 0.28003
v -0.00000 0.17492 0.34783
v 0.04851 -0.21148 0.23882
v 0.02121 -0.16557 -0.03230
v 0.03555 -0.18714 0.00934
v 0.02807 -0.18691 -0.00607
v 0.02642 -0.11195 -0.08811
v 0.01485 -0.22963 0.04586
v 0.02189 -0.21587 0.03618
v 0.02795 -0.21864 0.03927
v 0.01880 -0.21929 0.03059
v 0.03976 -0.11877 -0.07770
v 0.05637 -0.18779 0.01439
v 0.02725 -0.21102 0.02927
v 0.02337 -0.21534 0.02122
v 0.01014 -0.11224 -0.09960
v 0.03341 -0.21364 0.03355
v 0.02179 -0.16512 -0.00577
v 0.02512 -0.17070 -0.00619
v 0.02678 -0.16991 -0.03163
v 0.02121 -0.16557 -0.03230
v 0.08125 -0.14860 -0.02570
v 0.01931 -0.22933 0.02454
v -0.00000 -0.17092 -0.05342
v 0.03419 -0.22854 0.03823
v -0.00000 -0.11452 -0.10460
v 0.08279 -0.16804 0.00440
v 0.03704 -0.21112 0.02940
v 0.03937 -0.21916 0.03484
v 0.03284 -0.20778 0.02262
v 0.02696 -0.21183 0.01809
v 0.01931 -0.22933 0.02454
v 0.01485 -0.22963 0.04586
v 0.03419 -0.22854 0.03823
v 0.05272 -0.23187 0.06765
v 0.04702 -0.22018 0.05231
v 0.05351 -0.21495 0.05300
v 0.04469 -0.21576 0.04118
v 0.05440 -0.20855 0.04218
v 0.02302 -0.21969 0.01443
v 0.06588 -0.13435 -0.05433
v 0.07534 -0.18764 0.00916
v 0.03312 -0.20090 0.01447
v 0.03284 -0.20778 0.02262
v 0.02696 -0.21183 0.01809
v 0.06016 -0.22000 0.05332
v 0.04570 -0.21052 0.03365
v 0.03704 -0.21112 0.02940
v 0.05560 -0.20495 0.03160
v 0.04347 -0.23067 0.04602
v 0.03503 -0.19431 0.00937
v 0.02747 -0.19431 -0.00518
v 0.04570 -0.21052 0.03365
v 0.04101 -0.21901 0.03548
v 0.03937 -0.21916 0.03484
v 0.04101 -0.21901 0.03548
v 0.05635 -0.19369 0.01507
v 0.05594 -0.19876 0.02378
v 0.01997 -0.16521 -0.05483
v 0.02807 -0.18691 -0.00607
v 0.03092 -0.18777 -0.02837
v 0.02649 -0.20089 -0.00370
v 0.05560 -0.20495 0.03160
v 0.06390 -0.21549 0.04267
v 0.03534 -0.12516 -0.08238
v 0.02359 -0.21282 -0.00101
v 0.04123 -0.22984 0.03515
v 0.03022 -0.23004 0.02662
v 0.03976 -0.11877 -0.07770
v 0.04618 -0.13217 -0.07214
v 0.04030 -0.22957 0.03442
v 0.04030 -0.22957 0.03442
v 0.04123 -0.22984 0.03515
v 0.02302 -0.21969 0.01443
v 0.06487 -0.21080 0.03571
v 0.06485 -0.23038 0.04767
v 0.04347 -0.23067 0.04602
v 0.05272 -0.23187 0.06765
v 0.06485 -0.23038 0.04767
v 0.02375 -0.22974 0.01267
v 0.04030 -0.22957 0.03442
v 0.01924 -0.12697 -0.10727
v 0.02375 -0.22974 0.01267
v 0.02747 -0.19431 -0.00518
v 0.03147 -0.19414 -0.02720
v -0.00000 -0.17301 -0.06429
v 0.01985 -0.16668 -0.06691
v -0.00000 -0.12008 -0.11006
v 0.03822 -0.16625 -0.05599
v 0.03384 -0.15796 -0.05876
v 0.03384 -0.15796 -0.05876
v 0.04123 -0.22984 0.03515
v 0.06902 -0.23000 0.03790
v 0.03359 -0.23336 0.02358
v 0.03022 -0.23004 0.02662
v 0.04240 -0.23335 0.03124
v 0.02140 -0.23012 0.00225
v 0.02375 -0.22974 0.01267
v 0.02649 -0.20089 -0.00370
v 0.03078 -0.20183 -0.02560
v 0.07582 -0.19401 0.00906
v 0.07878 -0.20689 0.02657
v 0.07689 -0.20021 0.01896
v 0.08263 -0.16779 -0.02504
v 0.02825 -0.14535 -0.10487
v 0.08546 -0.18720 -0.00219
v 0.06487 -0.21080 0.03571
v 0.07349 -0.21104 0.03248
v 0.06896 -0.22054 0.03805
v 0.04096 -0.13447 -0.07392
v 0.03723 -0.13979 -0.07653
v 0.02547 -0.23337 0.00230
v 0.07056 -0.15496 -0.05017
v 0.02359 -0.21282 -0.00101
v 0.02821 -0.21398 -0.02357
v 0.06902 -0.23000 0.03790
v 0.04096 -0.13447 -0.07392
v 0.05026 -0.14865 -0.06578
v 0.06902 -0.23000 0.03790
v 0.06876 -0.23337 0.03345
v 0.03991 -0.17733 -0.05076
v 0.07072 -0.22058 0.03738
v 0.06896 -0.22054 0.03805
v 0.03828 -0.15072 -0.06547
v 0.03828 -0.15072 -0.06547
v 0.03273 -0.15350 -0.07001
v -0.00000 -0.13643 -0.14216
v 0.01367 -0.14366 -0.14212
v 0.08132 -0.21966 0.04422
v 0.07072 -0.22058 0.03738
v 0.07349 -0.21104 0.03248
v 0.02140 -0.23012 0.00225
v 0.02619 -0.23006 -0.01989
v 0.07034 -0.23002 0.03786
v 0.08690 -0.21427 0.04052
v 0.08152 -0.20873 0.03157
v 0.07878 -0.20689 0.02657
v 0.07861 -0.23337 0.02739
v 0.03359 -0.23336 0.02358
v 0.04240 -0.23335 0.03124
v 0.07772 -0.23024 0.04413
v 0.04175 -0.19492 -0.04359
v 0.04104 -0.18849 -0.04544
v 0.07034 -0.23002 0.03786
v 0.01739 -0.17406 -0.10211
v -0.00000 -0.18091 -0.10112
v 0.02547 -0.23337 0.00230
v 0.02999 -0.23333 -0.01699
v 0.08769 -0.19543 -0.00382
v 0.09447 -0.23122 0.05333
v 0.08585 -0.21083 0.02099
v 0.09017 -0.20214 -0.00211
v 0.08585 -0.21083 0.02099
v 0.05304 -0.16281 -0.06047
v 0.04141 -0.20214 -0.04209
v 0.08634 -0.18703 -0.02441
v 0.06876 -0.23337 0.03345
v 0.08968 -0.21513 0.02625
v 0.02661 -0.16107 -0.10329
v 0.07246 -0.17162 -0.04657
v 0.09261 -0.21945 0.03710
v 0.07772 -0.23024 0.04413
v 0.08093 -0.23188 0.02964
v 0.07034 -0.23002 0.03786
v 0.05497 -0.17469 -0.05514
v 0.08093 -0.23188 0.02964
v 0.07861 -0.23337 0.02739
v 0.04059 -0.21424 -0.04030
v 0.08788 -0.23341 0.00082
v 0.02547 -0.23337 0.00230
v 0.08712 -0.23337 0.01787
v 0.09447 -0.23122 0.05333
v 0.09438 -0.22990 0.03342
v 0.02047 -0.15569 -0.14189
v 0.05662 -0.18879 -0.04900
v 0.09438 -0.22990 0.03342
v 0.09039 -0.21806 0.01908
v 0.05724 -0.19548 -0.04709
v 0.03957 -0.23021 -0.03807
v 0.09193 -0.23011 0.01871
v 0.02999 -0.23333 -0.01699
v 0.08505 -0.23357 -0.01822
v 0.09039 -0.21806 0.01908
v 0.08828 -0.19555 -0.02443
v 0.04172 -0.23337 -0.03243
v 0.07395 -0.18811 -0.04339
v 0.08712 -0.23337 0.01787
v 0.09193 -0.23011 0.01871
v 0.05781 -0.20249 -0.04564
v 0.09193 -0.23011 0.01871
v -0.00000 -0.14127 -0.16217
v 0.01204 -0.14832 -0.16220
v 0.02031 -0.16870 -0.14178
v 0.09390 -0.21623 -0.00078
v 0.08996 -0.20256 -0.02435
v 0.05770 -0.21524 -0.04453
v 0.07469 -0.19554 -0.04189
v 0.01401 -0.17963 -0.14170
v -0.00000 -0.18561 -0.14167
v 0.09326 -0.23019 0.00077
v 0.07575 -0.20255 -0.04091
v 0.04172 -0.23337 -0.03243
v 0.07327 -0.23370 -0.03328
v 0.08788 -0.23341 0.00082
v 0.05679 -0.23036 -0.04251
v 0.09077 -0.21491 -0.02321
v 0.01749 -0.15856 -0.16220
v 0.05658 -0.23354 -0.03636
v 0.07662 -0.21535 -0.03979
v 0.01590 -0.07953 -0.24203
v -0.00000 -0.08011 -0.23654
v -0.00000 -0.05966 -0.24721
v 0.01246 -0.14445 -0.18732
v -0.00000 -0.13721 -0.18732
v 0.05658 -0.23354 -0.03636
v 0.08971 -0.23036 -0.02117
v 0.08505 -0.23357 -0.01822
v 0.01782 -0.17048 -0.16201
v 0.07628 -0.23048 -0.03868
v 0.07327 -0.23370 -0.03328
v -0.00000 -0.11448 -0.21602
v 0.02752 -0.09793 -0.23725
v 0.02156 -0.12279 -0.21867
v 0.01274 -0.18064 -0.16177
v -0.00000 -0.18685 -0.16163
v 0.01863 -0.15597 -0.18732
v -0.00000 -0.14681 -0.23993
v 0.01590 -0.07953 -0.24203
v -0.00000 -0.05966 -0.24721
v 0.01918 -0.16864 -0.18732
v -0.00000 -0.18587 -0.18732
v 0.01396 -0.17939 -0.18732
v 0.02752 -0.09793 -0.23725
v 0.03354 -0.14110 -0.22288
v 0.06028 -0.10571 -0.25890
v 0.05262 -0.09117 -0.25962
v 0.03328 -0.15930 -0.22779
v 0.02114 -0.17610 -0.23250
v -0.00000 -0.18381 -0.23701
v 0.05262 -0.09117 -0.25962
v 0.06769 -0.08570 -0.27987
v 0.06769 -0.08570 -0.27987
v 0.06470 -0.11398 -0.26797
v 0.05248 -0.14713 -0.26126
v 0.05248 -0.14713 -0.26126
v 0.06470 -0.11398 -0.26797
v 0.04291 -0.16718 -0.27558
v 0.02672 -0.17983 -0.28055
v -0.00000 -0.18596 -0.28812
v 0.05826 -0.15464 -0.28519
v 0.04291 -0.16718 -0.27558
v 0.03925 -0.17523 -0.29036
v 0.03071 -0.18249 -0.31488
v -0.00000 -0.18596 -0.28812
v 0.05826 -0.15464 -0.28519
v 0.03925 -0.17523 -0.29036
v 0.03071 -0.18249 -0.31488
v 0.07327 -0.20844 0.25372
v 0.06713 -0.20307 0.24975
v 0.06471 -0.21867 0.25371
v 0.06785 -0.21852 0.25506
v 0.06129 -0.21064 0.24994
v 0.05484 -0.20722 0.24399
v 0.11541 -0.20913 0.23766
v 0.10876 -0.20510 0.24333
v 0.09824 -0.22827 0.25380
v 0.09824 -0.22827 0.25380
v 0.09824 -0.22827 0.25380
v 0.06742 -0.22803 0.25313
v 0.09179 -0.20866 0.25402
v 0.04598 -0.22811 0.23316
v 0.06618 -0.22799 0.25272
v 0.12084 -0.22801 0.23255
v 0.05270 -0.16434 0.15982
v -0.00000 -0.02638 0.12294
v 0.08674 0.17622 0.19432
v -0.01339 -0.10282 -0.09214
v -0.01149 -0.09239 -0.08123
v -0.00000 -0.08744 -0.07966
v -0.02058 -0.05468 -0.04279
v -0.00000 -0.05943 -0.05397
v -0.02176 -0.04478 -0.01633
v -0.00000 -0.04098 -0.00230
v -0.00873 -0.04376 0.03603
v -0.00000 -0.04199 0.03320
v -0.01453 -0.04698 0.04547
v -0.01251 -0.04989 0.06130
v -0.00000 -0.05001 0.06962
v -0.01014 -0.11224 -0.09960
v -0.00000 -0.11452 -0.10460
v 0.01339 -0.10282 -0.09214
v 0.01149 -0.09239 -0.08123
v -0.00000 -0.08744 -0.07966
v 0.02058 -0.05468 -0.04279
v -0.00000 -0.05943 -0.05397
v 0.02176 -0.04478 -0.01633
v -0.00000 -0.04098 -0.00230
v 0.00873 -0.04376 0.03603
v -0.00000 -0.04199 0.03320
v 0.01453 -0.04698 0.04547
v 0.01250 -0.04989 0.06130
v -0.00000 -0.05001 0.06962
v 0.01014 -0.11224 -0.09960
v -0.00000 -0.11452 -0.10460
v -0.01845 0.00006 0.11373
v -0.01271 0.01591 0.10879
v -0.01253 -0.01435 0.11899
v -0.00000 -0.01917 0.11961
v -0.00000 0.02001 0.10768
v -0.00000 0.08689 0.10179
v -0.01653 0.09387 0.10322
v -0.02144 0.11468 0.10702
v -0.01667 0.13237 0.11207
v -0.00000 0.14005 0.11444
v -0.01671 0.17478 0.14598
v -0.00000 0.17181 0.13572
v -0.01677 0.18674 0.17020
v -0.00000 0.19130 0.17922
v 0.01845 0.00006 0.11373
v 0.01271 0.01591 0.10879
v 0.01253 -0.01435 0.11899
v -0.00000 -0.01917 0.11961
v -0.00000 0.02001 0.10768
v -0.00000 0.08689 0.10179
v 0.01653 0.09387 0.10322
v 0.02144 0.11468 0.10702
v 0.01667 0.13237 0.11207
v -0.00000 0.14005 0.11444
v 0.01671 0.17478 0.14598
v -0.00000 0.17181 0.13572
v 0.01677 0.18674 0.17020
v -0.00000 0.19130 0.17922
v -0.01548 0.19050 0.24887
v -0.00000 0.19197 0.24237
v -0.02240 0.18486 0.26802
v -0.01502 0.18015 0.28515
v -0.00000 0.09548 0.36612
v -0.00980 0.10193 0.36281
v -0.00972 0.11504 0.35794
v -0.01352 0.16033 0.32132
v -0.01422 0.14750 0.33539
v -0.00000 0.17795 0.29049
v -0.00000 0.16491 0.31581
v -0.00000 0.14283 0.34081
v -0.00000 0.11968 0.35730
v 0.01548 0.19050 0.24887
v -0.00000 0.19197 0.24237
v 0.02240 0.18486 0.26802
v 0.01502 0.18015 0.28515
v -0.00000 0.09548 0.36612
v 0.00980 0.10193 0.36281
v 0.00972 0.11504 0.35794
v 0.01352 0.16033 0.32132
v 0.01422 0.14750 0.33539
v -0.00000 0.17795 0.29049
v -0.00000 0.16491 0.31581
v -0.00000 0.14283 0.34081
v -0.00000 0.11968 0.35730
v 0.10061 0.09636 0.25274
v 0.10857 0.07734 0.24895
v 0.11462 0.07658 0.26904
v 0.10705 0.09466 0.27265
v 0.08790 0.11166 0.25893
v 0.09496 0.10921 0.27853
v 0.07169 0.12175 0.26690
v 0.07954 0.11881 0.28611
v 0.05356 0.12563 0.27588
v 0.06229 0.12251 0.29465
v 0.03528 0.12294 0.28499
v 0.04491 0.11994 0.30332
v 0.01865 0.11393 0.29333
v 0.02909 0.11137 0.31125
v 0.00529 0.09949 0.30010
v 0.01639 0.09764 0.31769
v -0.00349 0.08102 0.30462
v 0.00804 0.08007 0.32199
v -0.00683 0.06034 0.30646
v 0.00486 0.06041 0.32373
v -0.00440 0.03947 0.30543
v 0.00717 0.04056 0.32276
v 0.00356 0.02045 0.30164
v 0.01474 0.02247 0.31915
v 0.01626 0.00515 0.29545
v 0.02683 0.00792 0.31327
v 0.03248 -0.00493 0.28748
v 0.04225 -0.00167 0.30569
v 0.05061 -0.00882 0.27850
v 0.05950 -0.00537 0.29715
v 0.06889 -0.00613 0.26939
v 0.07688 -0.00281 0.28848
v 0.08552 0.00288 0.26105
v 0.09270 0.00576 0.28055
v 0.09888 0.01733 0.25428
v 0.10540 0.01950 0.27411
v 0.10766 0.03580 0.24976
v 0.11375 0.03706 0.26981
v 0.11100 0.05648 0.24792
v 0.11693 0.05673 0.26806
v 0.11454 0.07403 0.28993
v 0.10810 0.08942 0.29300
v 0.09782 0.10180 0.29800
v 0.08470 0.10996 0.30445
v 0.07003 0.11310 0.31172
v 0.05525 0.11092 0.31908
v 0.04179 0.10363 0.32584
v 0.03098 0.09195 0.33131
v 0.02388 0.07701 0.33497
v 0.02118 0.06028 0.33645
v 0.02315 0.04339 0.33562
v 0.02958 0.02801 0.33256
v 0.03986 0.01563 0.32755
v 0.05298 0.00747 0.32110
v 0.06765 0.00433 0.31384
v 0.08244 0.00650 0.30647
v 0.09590 0.01379 0.29972
v 0.10670 0.02548 0.29424
v 0.11381 0.04042 0.29059
v 0.11651 0.05715 0.28910
v 0.11027 0.07106 0.30480
v 0.10512 0.08337 0.30726
v 0.09689 0.09328 0.31126
v 0.08639 0.09981 0.31642
v 0.07465 0.10233 0.32224
v 0.06282 0.10058 0.32813
v 0.05205 0.09475 0.33354
v 0.04340 0.08540 0.33792
v 0.03772 0.07344 0.34084
v 0.03555 0.06005 0.34203
v 0.03713 0.04654 0.34137
v 0.04228 0.03423 0.33891
v 0.05051 0.02432 0.33491
v 0.06100 0.01779 0.32975
v 0.07275 0.01528 0.32393
v 0.08458 0.01702 0.31804
v 0.09535 0.02285 0.31263
v 0.10400 0.03221 0.30825
v 0.10968 0.04416 0.30533
v 0.11184 0.05755 0.30414
v 0.10313 0.06747 0.31831
v 0.09952 0.07610 0.32003
v 0.09375 0.08305 0.32284
v 0.08639 0.08763 0.32646
v 0.07816 0.08939 0.33054
v 0.06986 0.08817 0.33467
v 0.06231 0.08408 0.33846
v 0.05624 0.07752 0.34153
v 0.05226 0.06914 0.34359
v 0.05074 0.05975 0.34442
v 0.05184 0.05027 0.34395
v 0.05546 0.04164 0.34223
v 0.06123 0.03470 0.33943
v 0.06859 0.03012 0.33581
v 0.07682 0.02835 0.33173
v 0.08512 0.02957 0.32759
v 0.09267 0.03366 0.32381
v 0.09874 0.04022 0.32073
v 0.10272 0.04861 0.31868
v 0.10424 0.05800 0.31785
v 0.09287 0.06332 0.32931
v 0.09102 0.06774 0.33019
v 0.08806 0.07131 0.33163
v 0.08429 0.07365 0.33348
v 0.08007 0.07456 0.33557
v 0.07581 0.07393 0.33769
v 0.07194 0.07183 0.33964
v 0.06883 0.06847 0.34121
v 0.06679 0.06418 0.34226
v 0.06601 0.05936 0.34269
v 0.06658 0.05451 0.34245
v 0.06843 0.05008 0.34157
v 0.07139 0.04652 0.34013
v 0.07516 0.04417 0.33827
v 0.07938 0.04327 0.33618
v 0.08364 0.04389 0.33406
v 0.08751 0.04599 0.33212
v 0.09061 0.04935 0.33055
v 0.09266 0.05365 0.32949
v 0.09343 0.05846 0.32907
v 0.08060 0.05893 0.33773
v -0.10061 0.09636 0.25274
v -0.10857 0.07734 0.24895
v -0.11462 0.07658 0.26904
v -0.10705 0.09466 0.27265
v -0.08790 0.11166 0.25893
v -0.09496 0.10921 0.27853
v -0.07169 0.12175 0.26690
v -0.07954 0.11881 0.28611
v -0.05356 0.12563 0.27588
v -0.06229 0.12251 0.29465
v -0.03528 0.12294 0.28499
v -0.04491 0.11994 0.30332
v -0.01865 0.11393 0.29333
v -0.02909 0.11137 0.31125
v -0.00529 0.09949 0.30010
v -0.01639 0.09764 0.31769
v 0.00349 0.08102 0.30462
v -0.00804 0.08007 0.32199
v 0.00683 0.06034 0.30646
v -0.00486 0.06041 0.32373
v 0.00440 0.03947 0.30543
v -0.00717 0.04056 0.32276
v -0.00356 0.02045 0.30164
v -0.01474 0.02247 0.31915
v -0.01626 0.00515 0.29545
v -0.02683 0.00792 0.31327
v -0.03248 -0.00493 0.28748
v -0.04225 -0.00167 0.30569
v -0.05061 -0.00882 0.27850
v -0.05950 -0.00537 0.29715
v -0.06889 -0.00613 0.26939
v -0.07688 -0.00281 0.28848
v -0.08552 0.00288 0.26105
v -0.09270 0.00576 0.28055
v -0.09888 0.01733 0.25428
v -0.10540 0.01950 0.27411
v -0.10766 0.03580 0.24976
v -0.11375 0.03706 0.26981
v -0.11100 0.05648 0.24792
v -0.11693 0.05673 0.26806
v -0.11454 0.07403 0.28993
v -0.10810 0.08942 0.29300
v -0.09782 0.10180 0.29800
v -0.08470 0.10996 0.30445
v -0.07003 0.11310 0.31172
v -0.05525 0.11092 0.31908
v -0.04179 0.10363 0.32584
v -0.03098 0.09195 0.33131
v -0.02388 0.07701 0.33497
v -0.02118 0.06028 0.33645
v -0.02314 0.04339 0.33562
v -0.02958 0.02801 0.33256
v -0.03986 0.01563 0.32755
v -0.05298 0.00747 0.32110
v -0.06765 0.00433 0.31384
v -0.08244 0.00650 0.30647
v -0.09590 0.01379 0.29972
v -0.10670 0.02548 0.29424
v -0.11381 0.04042 0.29059
v -0.11651 0.05715 0.28910
v -0.11027 0.07106 0.30480
v -0.10512 0.08337 0.30726
v -0.09689 0.09328 0.31126
v -0.08639 0.09981 0.31642
v -0.07465 0.10233 0.32224
v -0.06282 0.10058 0.32813
v -0.05205 0.09475 0.33354
v -0.04340 0.08540 0.33792
v -0.03772 0.07344 0.34084
v -0.03555 0.06005 0.34203
v -0.03713 0.04654 0.34137
v -0.04228 0.03423 0.33891
v -0.05051 0.02432 0.33491
v -0.06100 0.01779 0.32975
v -0.07275 0.01528 0.32393
v -0.08458 0.01702 0.31804
v -0.09535 0.02285 0.31263
v -0.10400 0.03221 0.30825
v -0.10968 0.04416 0.30533
v -0.11184 0.05755 0.30414
v -0.10313 0.06747 0.31831
v -0.09952 0.07610 0.32003
v -0.09375 0.08305 0.32284
v -0.08639 0.08763 0.32646
v -0.07816 0.08939 0.33054
v -0.06986 0.08817 0.33467
v -0.06231 0.08408 0.33846
v -0.05624 0.07752 0.34153
v -0.05226 0.06914 0.34359
v -0.05074 0.05975 0.34442
v -0.05184 0.05027 0.34395
v -0.05546 0.04164 0.34223
v -0.06123 0.03470 0.33943
v -0.06859 0.03012 0.33581
v -0.07682 0.02835 0.33173
v -0.08512 0.02957 0.32759
v -0.09267 0.03366 0.32381
v -0.09874 0.04022 0.32073
v -0.10272 0.04861 0.31868
v -0.10424 0.05800 0.31785
v -0.09287 0.06332 0.32931
v -0.09102 0.06774 0.33019
v -0.08806 0.07131 0.33163
v -0.08429 0.07365 0.33348
v -0.08007 0.07456 0.33557
v -0.07581 0.07393 0.33769
v -0.07194 0.07183 0.33964
v -0.06883 0.06847 0.34121
v -0.06679 0.06418 0.34226
v -0.06601 0.05936 0.34269
v -0.06658 0.05451 0.34245
v -0.06843 0.05008 0.34157
v -0.07139 0.04652 0.34013
v -0.07516 0.04417 0.33827
v -0.07938 0.04327 0.33618
v -0.08364 0.04389 0.33406
v -0.08751 0.04599 0.33212
v -0.09061 0.04935 0.33055
v -0.09266 0.05365 0.32949
v -0.09343 0.05846 0.32907
v -0.08060 0.05893 0.33773
v -0.03341 -0.17489 -0.33115
v -0.03924 -0.14747 -0.36096
v -0.00000 -0.17085 -0.35427
v -0.03336 -0.10947 -0.37493
v -0.00000 -0.13240 -0.38000
v -0.06364 -0.14900 -0.32167
v -0.07486 -0.11207 -0.30810
v -0.06361 -0.11055 -0.34740
v -0.03936 -0.17333 -0.29070
v -0.03355 -0.15346 -0.25540
v -0.06373 -0.13641 -0.27715
v -0.00000 -0.18684 -0.31085
v -0.00000 -0.17425 -0.26632
v -0.00000 -0.08617 -0.37822
v -0.03929 -0.07266 -0.35807
v -0.06369 -0.07419 -0.31879
v -0.03228 -0.04656 -0.32069
v -0.06375 -0.09017 -0.27537
v -0.03947 -0.11450 -0.24439
v -0.03360 -0.07480 -0.25237
v -0.00000 -0.13789 -0.23770
v -0.00000 -0.04874 -0.34382
v -0.03801 -0.05119 -0.28086
v -0.00000 -0.09166 -0.23592
v -0.00000 -0.03627 -0.29972
v -0.00000 -0.05210 -0.25672
v 0.03341 -0.17489 -0.33115
v 0.03924 -0.14747 -0.36096
v -0.00000 -0.17085 -0.35427
v 0.03336 -0.10947 -0.37493
v -0.00000 -0.13240 -0.38000
v 0.06364 -0.14900 -0.32167
v 0.07486 -0.11207 -0.30810
v 0.06361 -0.11055 -0.34740
v 0.03936 -0.17333 -0.29070
v 0.03355 -0.15346 -0.25540
v 0.06373 -0.13641 -0.27715
v -0.00000 -0.18684 -0.31085
v -0.00000 -0.17425 -0.26632
v -0.00000 -0.08617 -0.37822
v 0.03929 -0.07266 -0.35807
v 0.06368 -0.07419 -0.31879
v 0.03228 -0.04656 -0.32069
v 0.06375 -0.09017 -0.27537
v 0.03947 -0.11450 -0.24439
v 0.03360 -0.07480 -0.25237
v -0.00000 -0.13789 -0.23770
v -0.00000 -0.04874 -0.34382
v 0.03801 -0.05119 -0.28086
v -0.00000 -0.09166 -0.23592
v -0.00000 -0.03627 -0.29972
v -0.00000 -0.05210 -0.25672
v -0.01390 -0.02204 0.33636
v -0.00000 -0.02255 0.34117
v -0.00000 -0.02504 0.33609
v -0.03152 -0.01809 0.29450
v -0.00000 -0.02220 0.29413
v -0.00000 -0.02085 0.25898
v -0.03060 -0.01736 0.25929
v -0.00000 -0.02527 0.32314
v -0.02264 -0.02038 0.32358
v -0.00000 -0.01928 0.33663
v -0.00000 -0.02255 0.34117
v -0.01390 -0.02204 0.33636
v -0.01452 -0.01651 0.32402
v -0.02154 -0.01260 0.25984
v -0.00000 -0.01141 0.25995
v -0.00000 -0.01167 0.29520
v -0.02154 -0.01328 0.29506
v -0.00000 -0.01568 0.32409
v -0.03060 -0.01736 0.25929
v -0.03152 -0.01809 0.29450
v -0.02264 -0.02038 0.32358
v 0.01390 -0.02204 0.33636
v -0.00000 -0.02255 0.34117
v -0.00000 -0.02504 0.33609
v 0.03152 -0.01809 0.29450
v -0.00000 -0.02220 0.29413
v -0.00000 -0.02085 0.25898
v 0.03060 -0.01736 0.25929
v -0.00000 -0.02527 0.32314
v 0.02264 -0.02038 0.32358
v -0.00000 -0.01928 0.33663
v -0.00000 -0.02255 0.34117
v 0.01390 -0.02204 0.33636
v 0.01452 -0.01651 0.32402
v 0.02154 -0.01260 0.25984
v -0.00000 -0.01141 0.25995
v -0.00000 -0.01167 0.29520
v 0.02154 -0.01328 0.29506
v -0.00000 -0.01568 0.32409
v 0.03060 -0.01736 0.25929
v 0.03152 -0.01809 0.29450
v 0.02264 -0.02038 0.32358
v -0.06219 -0.02305 0.31627
v -0.05278 -0.02376 0.32642
v -0.05423 -0.01138 0.31984
v -0.05051 -0.02275 0.31601
v -0.01399 -0.02808 0.34764
v -0.00966 -0.01958 0.34596
v -0.01490 -0.02765 0.34110
v -0.00374 -0.02938 0.34952
v -0.00510 -0.02023 0.34688
v -0.08496 -0.00348 0.29963
v -0.07522 -0.01124 0.30156
v -0.07676 -0.00448 0.31018
v -0.05573 -0.00483 0.32579
v -0.04700 -0.02289 0.32602
v -0.05166 -0.00503 0.33329
v -0.04212 -0.00525 0.33580
v -0.01588 -0.00568 0.35095
v -0.01607 -0.00505 0.34280
v -0.01168 -0.01406 0.34796
v -0.07208 -0.00361 0.29992
v -0.04294 -0.00484 0.32347
v -0.00731 -0.01415 0.34915
v -0.00522 -0.00605 0.35382
v -0.07546 -0.02188 0.30390
v -0.06604 -0.02271 0.31405
v -0.06749 -0.00818 0.30747
v -0.02984 -0.02662 0.34128
v -0.02515 -0.01732 0.34081
v -0.02802 -0.02561 0.33408
v -0.02120 -0.01745 0.34270
v -0.01964 -0.02690 0.34619
v -0.01532 -0.02660 0.34105
v -0.06377 -0.02152 0.30364
v -0.00098 -0.00583 0.34704
v -0.03570 -0.00482 0.34044
v -0.03345 -0.00399 0.33231
v -0.03062 -0.01328 0.33961
v -0.02681 -0.01345 0.34232
v -0.01938 -0.00522 0.34196
v -0.02504 -0.00543 0.34781
v -0.07242 -0.00459 0.31438
v -0.06313 -0.01379 0.31427
v -0.06182 -0.00590 0.32379
v -0.06019 -0.00526 0.31230
v -0.04447 -0.02519 0.32985
v -0.04263 -0.02571 0.33707
v -0.03753 -0.00936 0.33345
v -0.03453 -0.02571 0.33846
v -0.03471 -0.02498 0.32912
v -0.00131 -0.02973 0.34397
v -0.00731 -0.01415 0.34915
v -0.00098 -0.00583 0.34704
v -0.01168 -0.01406 0.34796
v -0.01607 -0.00505 0.34280
v -0.02681 -0.01345 0.34232
v -0.01938 -0.00522 0.34196
v -0.03062 -0.01328 0.33961
v -0.03345 -0.00399 0.33231
v -0.00510 -0.02023 0.34688
v -0.00131 -0.02973 0.34397
v -0.02120 -0.01745 0.34270
v -0.01532 -0.02660 0.34105
v -0.02515 -0.01732 0.34081
v -0.02802 -0.02561 0.33408
v -0.00966 -0.01958 0.34596
v -0.01490 -0.02765 0.34110
v -0.03471 -0.02498 0.32912
v -0.04294 -0.00484 0.32347
v -0.06019 -0.00526 0.31230
v -0.07208 -0.00361 0.29992
v -0.06377 -0.02152 0.30364
v -0.05051 -0.02275 0.31601
v 0.06219 -0.02305 0.31627
v 0.05278 -0.02376 0.32642
v 0.05423 -0.01138 0.31984
v 0.05051 -0.02275 0.31601
v 0.05051 -0.02275 0.31601
v 0.01395 -0.02815 0.34764
v 0.00972 -0.01960 0.34596
v 0.01487 -0.02773 0.34110
v 0.00368 -0.02933 0.34952
v 0.00515 -0.02020 0.34688
v 0.08496 -0.00348 0.29963
v 0.07522 -0.01124 0.30156
v 0.07676 -0.00448 0.31018
v 0.05573 -0.00483 0.32579
v 0.04700 -0.02289 0.32602
v 0.05166 -0.00503 0.33329
v 0.04212 -0.00525 0.33580
v 0.01588 -0.00568 0.35095
v 0.01607 -0.00505 0.34280
v 0.01168 -0.01406 0.34796
v 0.07208 -0.00361 0.29992
v 0.07208 -0.00361 0.29992
v 0.04294 -0.00484 0.32347
v 0.04294 -0.00484 0.32347
v 0.00731 -0.01415 0.34915
v 0.00522 -0.00605 0.35382
v 0.07546 -0.02188 0.30390
v 0.06604 -0.02271 0.31405
v 0.06749 -0.00818 0.30747
v 0.02984 -0.02662 0.34128
v 0.02515 -0.01732 0.34081
v 0.02802 -0.02561 0.33408
v 0.02120 -0.01745 0.34270
v 0.01964 -0.02690 0.34619
v 0.01531 -0.02660 0.34105
v 0.06377 -0.02152 0.30364
v 0.06377 -0.02152 0.30364
v 0.00098 -0.00583 0.34704
v 0.00731 -0.01415 0.34915
v 0.01168 -0.01406 0.34796
v 0.01607 -0.00505 0.34280
v 0.00098 -0.00583 0.34704
v 0.03570 -0.00482 0.34044
v 0.03345 -0.00399 0.33231
v 0.03062 -0.01328 0.33961
v 0.02681 -0.01345 0.34232
v 0.01938 -0.00522 0.34196
v 0.02504 -0.00543 0.34781
v 0.03345 -0.00399 0.33231
v 0.01938 -0.00522 0.34196
v 0.02681 -0.01345 0.34232
v 0.03062 -0.01328 0.33961
v 0.07242 -0.00459 0.31438
v 0.06313 -0.01379 0.31427
v 0.06182 -0.00590 0.32379
v 0.06019 -0.00526 0.31230
v 0.06019 -0.00526 0.31230
v 0.04447 -0.02519 0.32985
v 0.04263 -0.02571 0.33707
v 0.03753 -0.00936 0.33345
v 0.03453 -0.02571 0.33846
v 0.03471 -0.02498 0.32912
v 0.03471 -0.02498 0.32912
v 0.00125 -0.02965 0.34397
v 0.00515 -0.02020 0.34688
v 0.00125 -0.02965 0.34397
v 0.01487 -0.02773 0.34110
v 0.00972 -0.01960 0.34596
v 0.02120 -0.01745 0.34270
v 0.01531 -0.02660 0.34105
v 0.02802 -0.02561 0.33408
v 0.02515 -0.01732 0.34081
v 0.14481 -0.08760 0.07876
v 0.12171 -0.08636 0.08941
v 0.13996 -0.05903 0.10518
v 0.15542 -0.04971 0.10278
v 0.15906 -0.05025 0.10068
v 0.16156 -0.09079 0.06983
v 0.10122 -0.08982 0.09680
v 0.11608 -0.07445 0.10727
v 0.08192 -0.08854 0.09997
v 0.10122 -0.08982 0.09680
v 0.11050 -0.06792 0.09601
v 0.16156 -0.09079 0.06983
v 0.15473 -0.04269 0.09119
v 0.15147 -0.04246 0.09229
v 0.13404 -0.05274 0.09341
v 0.14481 -0.08760 0.07876
v 0.08738 -0.09338 0.11003
v 0.08612 -0.09527 0.10217
v 0.07162 -0.10004 0.10590
v 0.08612 -0.09527 0.10217
v 0.07162 -0.10004 0.10590
v 0.19067 -0.09489 0.05804
v 0.19800 -0.10621 0.04964
v 0.19800 -0.10621 0.04964
v 0.18984 -0.09387 0.05636
v 0.12171 -0.08636 0.08941
v 0.32440 -0.03170 0.06171
v 0.28723 -0.02220 0.07951
v 0.28617 -0.00320 0.08557
v 0.32430 -0.01680 0.06611
v 0.35374 -0.04310 0.04532
v 0.35417 -0.03134 0.04804
v 0.37676 -0.04957 0.03144
v 0.37642 -0.05796 0.02947
v 0.15811 -0.04893 0.10576
v 0.15780 -0.04327 0.11330
v 0.17360 -0.03314 0.11223
v 0.32214 -0.03752 0.05190
v 0.28527 -0.02753 0.06896
v 0.35118 -0.04870 0.03699
v 0.37492 -0.06168 0.02452
v 0.20975 -0.11189 0.04885
v 0.20322 -0.11396 0.04776
v 0.19264 -0.09624 0.06145
v 0.20589 -0.09250 0.06267
v 0.21498 -0.10765 0.04425
v 0.21448 -0.08671 0.05589
v 0.17605 -0.03725 0.10800
v 0.16259 -0.04948 0.10281
v 0.19876 -0.01994 0.11064
v 0.21239 -0.01344 0.10820
v 0.20149 -0.02473 0.10122
v 0.20577 0.00884 0.12042
v 0.19059 -0.00489 0.11775
v 0.21207 -0.13435 0.03163
v 0.20709 -0.02286 0.09556
v 0.24225 0.00534 0.10568
v 0.24486 -0.01492 0.09677
v 0.21673 -0.01867 0.09558
v 0.24451 -0.02008 0.08725
v 0.18496 0.00405 0.11183
v 0.20266 0.02336 0.11550
v 0.23911 0.01801 0.10006
v 0.28424 0.00654 0.07975
v 0.32268 -0.00852 0.06154
v 0.35308 -0.02539 0.04479
v 0.37667 -0.04579 0.02864
v 0.40000 -0.07540 0.00777
v 0.39855 -0.07297 0.01299
v 0.39944 -0.07099 0.01039
v 0.18663 -0.00337 0.08607
v 0.18190 0.00460 0.09999
v 0.16432 -0.01325 0.10005
v 0.16566 -0.01817 0.09096
v 0.10129 -0.04743 0.10900
v 0.10236 -0.05277 0.09646
v 0.12998 -0.04027 0.09373
v 0.12972 -0.03579 0.10311
v 0.31976 -0.02058 0.04196
v 0.32135 -0.00832 0.05283
v 0.28208 0.00725 0.06872
v 0.28050 -0.00684 0.05621
v 0.34989 -0.03523 0.02988
v 0.37359 -0.05124 0.01824
v 0.37546 -0.04559 0.02439
v 0.35212 -0.02543 0.03835
v 0.32268 -0.00852 0.06154
v 0.28424 0.00654 0.07975
v 0.35308 -0.02539 0.04479
v 0.37667 -0.04579 0.02864
v 0.40000 -0.07540 0.00777
v 0.39944 -0.07099 0.01039
v 0.39796 -0.07059 0.00829
v 0.10510 -0.05052 0.12047
v 0.13243 -0.03836 0.11295
v 0.18496 0.00405 0.11183
v 0.16656 -0.01566 0.10920
v 0.20213 -0.01399 0.08169
v 0.19427 -0.01210 0.08227
v 0.21181 -0.08299 0.04898
v 0.15152 -0.04150 0.09108
v 0.15521 -0.04194 0.09004
v 0.16791 -0.02428 0.08812
v 0.10881 -0.06553 0.09388
v 0.13350 -0.05082 0.09216
v 0.14795 -0.03056 0.09294
v 0.28126 -0.01548 0.05536
v 0.31985 -0.02810 0.04137
v 0.34956 -0.04130 0.02909
v 0.37300 -0.05719 0.01801
v 0.39776 -0.07361 0.00559
v 0.39764 -0.07719 0.00496
v 0.20615 -0.10666 0.04012
v 0.20003 -0.08387 0.04967
v 0.18908 -0.09224 0.05369
v 0.20081 -0.11074 0.04256
v 0.21322 -0.10515 0.03998
v 0.24077 -0.00857 0.06948
v 0.23773 0.00162 0.07055
v 0.20294 0.00317 0.08239
v 0.21031 -0.00768 0.07995
v 0.23742 0.01703 0.08567
v 0.19905 0.02127 0.10042
v 0.23911 0.01801 0.10006
v 0.19800 -0.10621 0.04964
v 0.19067 -0.09489 0.05804
v 0.21207 -0.13435 0.03163
v 0.20112 -0.11217 0.04516
v 0.21486 -0.10626 0.04187
v 0.21487 -0.09334 0.04757
v 0.21308 -0.08421 0.05100
v 0.39914 -0.07702 0.01129
v 0.39764 -0.07719 0.00496
v 0.38425 -0.06824 0.01443
v 0.39849 -0.07945 0.00869
v 0.07145 -0.06664 0.10055
v 0.07900 -0.08321 0.09586
v 0.11589 -0.07056 0.12403
v 0.11731 -0.07540 0.11245
v 0.08903 -0.09602 0.11790
v 0.08777 -0.08851 0.13238
v 0.08163 -0.07063 0.13873
v 0.11077 -0.05886 0.12779
v 0.10510 -0.05052 0.12047
v 0.07507 -0.05985 0.12996
v 0.07507 -0.05985 0.12996
v 0.07098 -0.05690 0.11801
v 0.05309 -0.08527 0.09913
v 0.05715 -0.09853 0.09884
v 0.07162 -0.10004 0.10590
v 0.08192 -0.08854 0.09997
v 0.06696 -0.11082 0.12229
v 0.06980 -0.09776 0.13595
v 0.06312 -0.07662 0.14312
v 0.05260 -0.06782 0.13597
v 0.05260 -0.06782 0.13597
v 0.05153 -0.06398 0.12423
v 0.05051 -0.07108 0.10981
v 0.14061 -0.05494 0.11621
v 0.14018 -0.05973 0.10810
v 0.13690 -0.04563 0.11974
v 0.13243 -0.03836 0.11295
v 0.15441 -0.03372 0.11634
v 0.17052 -0.02339 0.11453
v 0.14801 -0.02608 0.10144
v 0.15089 -0.02851 0.11029
v 0.15089 -0.02851 0.11029
v 0.16656 -0.01566 0.10920
v 0.20266 0.02336 0.11550
v 0.11050 -0.06792 0.09601
v 0.13404 -0.05274 0.09341
v 0.11608 -0.07445 0.10727
v 0.08738 -0.09338 0.11003
v 0.13996 -0.05903 0.10518
v 0.15542 -0.04971 0.10278
v 0.15906 -0.05025 0.10068
v 0.19800 -0.10621 0.04964
v 0.18984 -0.09387 0.05636
v 0.07162 -0.10004 0.10590
v 0.06114 -0.10799 0.10751
v 0.15147 -0.04246 0.09229
v 0.15473 -0.04269 0.09119
v 0.21074 -0.02009 0.09619
v 0.37413 -0.06064 0.02213
v 0.37299 -0.05913 0.01876
v 0.38425 -0.06824 0.01443
v 0.20520 -0.01004 0.08126
v 0.21429 -0.08579 0.05360
v 0.21487 -0.09334 0.04757
v 0.20112 -0.11217 0.04516
v 0.21486 -0.10626 0.04187
v 0.06114 -0.10799 0.10751
v 0.23063 -0.07024 0.05299
v 0.21985 -0.08373 0.05067
v 0.21673 -0.01867 0.09558
v 0.24451 -0.02008 0.08725
v 0.26779 -0.05245 0.04966
v 0.24631 -0.05968 0.05255
v 0.34996 -0.05861 0.02571
v 0.34956 -0.04130 0.02909
v 0.31985 -0.02810 0.04137
v 0.32193 -0.05212 0.03529
v 0.23063 -0.07024 0.05299
v 0.24077 -0.00857 0.06948
v 0.21031 -0.00768 0.07995
v 0.21985 -0.08373 0.05067
v 0.21308 -0.08421 0.05100
v 0.21487 -0.09334 0.04757
v 0.21074 -0.02009 0.09619
v 0.38425 -0.06824 0.01443
v 0.37299 -0.05913 0.01876
v 0.35118 -0.04870 0.03699
v 0.37413 -0.06064 0.02213
v 0.38425 -0.06824 0.01443
v 0.34996 -0.05861 0.02571
v 0.32193 -0.05212 0.03529
v 0.32214 -0.03752 0.05190
v 0.28527 -0.02753 0.06896
v 0.30368 -0.04982 0.04137
v 0.28535 -0.04952 0.04616
v 0.28126 -0.01548 0.05536
v 0.30368 -0.04982 0.04137
v 0.26779 -0.05245 0.04966
v 0.21429 -0.08579 0.05360
v 0.20520 -0.01004 0.08126
v 0.20213 -0.01399 0.08169
v 0.21487 -0.09334 0.04757
v 0.20709 -0.02286 0.09556
v 0.24631 -0.05968 0.05255
v 0.28535 -0.04952 0.04616
v 0.10323 -0.08299 0.10918
v 0.10323 -0.08299 0.10918
v -0.14481 -0.08760 0.07876
v -0.12171 -0.08636 0.08941
v -0.13996 -0.05903 0.10518
v -0.15542 -0.04971 0.10278
v -0.15906 -0.05025 0.10068
v -0.16156 -0.09079 0.06983
v -0.10122 -0.08982 0.09680
v -0.11608 -0.07445 0.10727
v -0.08192 -0.08854 0.09997
v -0.10122 -0.08982 0.09680
v -0.11050 -0.06792 0.09601
v -0.16156 -0.09079 0.06983
v -0.15473 -0.04269 0.09119
v -0.15109 -0.04246 0.09229
v -0.13404 -0.05274 0.09341
v -0.14481 -0.08760 0.07876
v -0.08738 -0.09338 0.11003
v -0.08612 -0.09527 0.10217
v -0.07162 -0.10004 0.10590
v -0.08612 -0.09527 0.10217
v -0.07162 -0.10004 0.10590
v -0.19067 -0.09489 0.05804
v -0.19800 -0.10621 0.04964
v -0.19800 -0.10621 0.04964
v -0.18984 -0.09387 0.05636
v -0.12171 -0.08636 0.08941
v -0.32440 -0.03170 0.06171
v -0.28723 -0.02220 0.07951
v -0.28617 -0.00320 0.08557
v -0.32430 -0.01680 0.06611
v -0.35374 -0.04310 0.04532
v -0.35417 -0.03134 0.04804
v -0.37676 -0.04957 0.03144
v -0.37642 -0.05796 0.02947
v -0.15811 -0.04893 0.10576
v -0.15780 -0.04327 0.11330
v -0.17360 -0.03314 0.11223
v -0.32214 -0.03752 0.05190
v -0.28527 -0.02753 0.06896
v -0.35118 -0.04870 0.03699
v -0.37492 -0.06168 0.02452
v -0.20975 -0.11189 0.04885
v -0.20322 -0.11396 0.04776
v -0.19264 -0.09624 0.06145
v -0.20589 -0.09250 0.06267
v -0.21498 -0.10765 0.04425
v -0.21448 -0.08671 0.05589
v -0.17605 -0.03725 0.10800
v -0.16259 -0.04948 0.10281
v -0.19876 -0.01994 0.11064
v -0.21239 -0.01344 0.10820
v -0.20149 -0.02473 0.10122
v -0.20577 0.00884 0.12042
v -0.19059 -0.00489 0.11775
v -0.21207 -0.13435 0.03163
v -0.20709 -0.02286 0.09556
v -0.24225 0.00534 0.10568
v -0.24486 -0.01492 0.09677
v -0.21673 -0.01867 0.09558
v -0.24451 -0.02008 0.08725
v -0.18496 0.00405 0.11183
v -0.20266 0.02336 0.11550
v -0.23911 0.01801 0.10006
v -0.28424 0.00654 0.07975
v -0.32268 -0.00852 0.06154
v -0.35308 -0.02539 0.04479
v -0.37667 -0.04579 0.02864
v -0.40000 -0.07540 0.00777
v -0.39855 -0.07297 0.01299
v -0.39944 -0.07099 0.01039
v -0.18663 -0.00337 0.08607
v -0.18190 0.00460 0.09999
v -0.16432 -0.01325 0.10005
v -0.16566 -0.01817 0.09096
v -0.10129 -0.04743 0.10900
v -0.10236 -0.05277 0.09646
v -0.12998 -0.04027 0.09373
v -0.12972 -0.03579 0.10311
v -0.31976 -0.02058 0.04196
v -0.32135 -0.00832 0.05283
v -0.28208 0.00725 0.06872
v -0.28050 -0.00684 0.05621
v -0.34989 -0.03523 0.02988
v -0.37359 -0.05124 0.01824
v -0.37546 -0.04559 0.02439
v -0.35212 -0.02543 0.03835
v -0.32268 -0.00852 0.06154
v -0.28424 0.00654 0.07975
v -0.35308 -0.02539 0.04479
v -0.37667 -0.04579 0.02864
v -0.40000 -0.07540 0.00777
v -0.39944 -0.07099 0.01039
v -0.39796 -0.07059 0.00829
v -0.10510 -0.05052 0.12047
v -0.13243 -0.03836 0.11295
v -0.18496 0.00405 0.11183
v -0.16656 -0.01566 0.10920
v -0.20213 -0.01399 0.08169
v -0.19427 -0.01210 0.08227
v -0.21181 -0.08299 0.04898
v -0.15152 -0.04150 0.09108
v -0.15521 -0.04194 0.09004
v -0.16791 -0.02428 0.08812
v -0.10881 -0.06553 0.09388
v -0.13350 -0.05082 0.09216
v -0.14795 -0.03056 0.09294
v -0.28126 -0.01548 0.05536
v -0.31985 -0.02810 0.04137
v -0.34956 -0.04130 0.02909
v -0.37300 -0.05719 0.01801
v -0.39776 -0.07361 0.00559
v -0.39764 -0.07719 0.00496
v -0.20615 -0.10666 0.04012
v -0.20003 -0.08387 0.04967
v -0.18908 -0.09224 0.05369
v -0.20081 -0.11074 0.04256
v -0.21322 -0.10515 0.03998
v -0.24077 -0.00857 0.06948
v -0.23773 0.00162 0.07055
v -0.20294 0.00317 0.08239
v -0.21031 -0.00768 0.07995
v -0.23742 0.01703 0.08567
v -0.19905 0.02127 0.10042
v -0.23911 0.01801 0.10006
v -0.19800 -0.10621 0.04964
v -0.19067 -0.09489 0.05804
v -0.21207 -0.13435 0.03163
v -0.20112 -0.11217 0.04516
v -0.21486 -0.10626 0.04187
v -0.21487 -0.09334 0.04757
v -0.21308 -0.08421 0.05100
v -0.39914 -0.07702 0.01129
v -0.39764 -0.07719 0.00496
v -0.38425 -0.06824 0.01443
v -0.39849 -0.07945 0.00869
v -0.07145 -0.06664 0.10055
v -0.07900 -0.08321 0.09586
v -0.11589 -0.07056 0.12403
v -0.11731 -0.07540 0.11245
v -0.08903 -0.09602 0.11790
v -0.08777 -0.08851 0.13238
v -0.08163 -0.07063 0.13873
v -0.11077 -0.05886 0.12779
v -0.10510 -0.05052 0.12047
v -0.07507 -0.05985 0.12996
v -0.07507 -0.05985 0.12996
v -0.07098 -0.05690 0.11801
v -0.05309 -0.08527 0.09913
v -0.05715 -0.09853 0.09884
v -0.07162 -0.10004 0.10590
v -0.08192 -0.08854 0.09997
v -0.06696 -0.11082 0.12229
v -0.06980 -0.09776 0.13595
v -0.06312 -0.07662 0.14312
v -0.05260 -0.06782 0.13597
v -0.05260 -0.06782 0.13597
v -0.05153 -0.06398 0.12423
v -0.05051 -0.07108 0.10981
v -0.14061 -0.05494 0.11621
v -0.14018 -0.05973 0.10810
v -0.13690 -0.04563 0.11974
v -0.13243 -0.03836 0.11295
v -0.15441 -0.03372 0.11634
v -0.17052 -0.02339 0.11453
v -0.14801 -0.02608 0.10144
v -0.15089 -0.02851 0.11029
v -0.15089 -0.02851 0.11029
v -0.16656 -0.01566 0.10920
v -0.20266 0.02336 0.11550
v -0.11050 -0.06792 0.09601
v -0.13404 -0.05274 0.09341
v -0.11608 -0.07445 0.10727
v -0.08738 -0.09338 0.11003
v -0.13996 -0.05903 0.10518
v -0.15542 -0.04971 0.10278
v -0.15906 -0.05025 0.10068
v -0.19800 -0.10621 0.04964
v -0.18984 -0.09387 0.05636
v -0.07162 -0.10004 0.10590
v -0.06114 -0.10799 0.10751
v -0.15109 -0.04246 0.09229
v -0.15473 -0.04269 0.09119
v -0.21074 -0.02009 0.09619
v -0.37413 -0.06064 0.02213
v -0.37299 -0.05913 0.01876
v -0.38425 -0.06824 0.01443
v -0.20520 -0.01004 0.08126
v -0.21429 -0.08579 0.05360
v -0.21487 -0.09334 0.04757
v -0.20112 -0.11217 0.04516
v -0.21486 -0.10626 0.04187
v -0.06114 -0.10799 0.10751
v -0.23063 -0.07024 0.05299
v -0.21985 -0.08373 0.05067
v -0.21673 -0.01867 0.09558
v -0.24451 -0.02008 0.08725
v -0.26779 -0.05245 0.04966
v -0.24631 -0.05968 0.05255
v -0.34996 -0.05861 0.02571
v -0.34956 -0.04130 0.02909
v -0.31985 -0.02810 0.04137
v -0.32193 -0.05212 0.03529
v -0.23063 -0.07024 0.05299
v -0.24077 -0.00857 0.06948
v -0.21031 -0.00768 0.07995
v -0.21985 -0.08373 0.05067
v -0.21308 -0.08421 0.05100
v -0.21487 -0.09334 0.04757
v -0.21074 -0.02009 0.09619
v -0.38425 -0.06824 0.01443
v -0.37299 -0.05913 0.01876
v -0.35118 -0.04870 0.03699
v -0.37413 -0.06064 0.02213
v -0.38425 -0.06824 0.01443
v -0.34996 -0.05861 0.02571
v -0.32193 -0.05212 0.03529
v -0.32214 -0.03752 0.05190
v -0.28527 -0.02753 0.06896
v -0.30368 -0.04982 0.04137
v -0.28535 -0.04952 0.04616
v -0.28126 -0.01548 0.05536
v -0.30368 -0.04982 0.04137
v -0.26779 -0.05245 0.04966
v -0.21429 -0.08579 0.05360
v -0.20520 -0.01004 0.08126
v -0.20213 -0.01399 0.08169
v -0.21487 -0.09334 0.04757
v -0.20709 -0.02286 0.09556
v -0.24631 -0.05968 0.05255
v -0.28535 -0.04952 0.04616
v -0.10323 -0.08299 0.10918
v -0.10323 -0.08299 0.10918
v -0.00000 -0.07922 -0.11192
v -0.01149 -0.09239 -0.08123
v -0.04065 -0.23179 -0.03525
v -0.02375 -0.23027 0.01267
v -0.03389 -0.17076 0.01980
v -0.02595 -0.17031 -0.01891
v -0.02150 -0.16534 -0.01904
v -0.03248 -0.16068 0.02733
v -0.02576 -0.23172 -0.00808
v -0.04158 -0.23153 0.03301
v -0.05214 -0.09597 -0.05996
v -0.06334 -0.11943 -0.05902
v -0.06707 -0.11870 0.03477
v -0.07345 -0.10969 -0.00765
v -0.05709 -0.15554 0.03542
v -0.05214 -0.09597 -0.05996
v 0.00000 -0.16627 -0.01727
v 0.00000 -0.08744 -0.07966
v -0.02150 -0.16534 -0.01904
v -0.03248 -0.16068 0.02733
v -0.04710 -0.15108 0.03706
v 0.00000 -0.16742 0.02505
v -0.06309 -0.07916 -0.00816
v -0.06034 -0.12109 0.04292
v -0.04710 -0.15108 0.03706
v -0.02058 -0.05468 -0.04279
v -0.10698 -0.23047 0.18696
v -0.08566 -0.23055 0.17292
v -0.03613 -0.16891 0.07998
v -0.11709 -0.23016 0.21185
v -0.06034 -0.12109 0.04292
v -0.06309 -0.07916 -0.00816
v -0.03347 -0.04754 0.00195
v -0.06091 -0.08423 0.02915
v 0.00000 -0.17954 0.07756
v 0.00000 -0.05943 -0.05397
v -0.06166 -0.23058 0.17819
v -0.10940 -0.19319 0.17740
v -0.08410 -0.19460 0.16462
v -0.11873 -0.23060 0.23184
v -0.05853 -0.08727 0.04317
v -0.06104 -0.12569 0.08316
v -0.11355 -0.18881 0.20622
v -0.11783 -0.21313 0.23559
v -0.06091 -0.08423 0.02915
v -0.02176 -0.04478 -0.01633
v -0.10138 -0.15913 0.15875
v -0.05848 -0.19520 0.17133
v -0.07936 -0.16448 0.14598
v -0.06166 -0.23058 0.17819
v -0.04785 -0.23008 0.20416
v -0.05853 -0.08727 0.04317
v -0.06593 -0.12827 0.11939
v 0.00000 -0.00874 -0.05011
v -0.11783 -0.21313 0.23559
v -0.09540 -0.13746 0.14832
v -0.12645 -0.23001 0.26871
v -0.10838 -0.20399 0.24309
v -0.03219 -0.05437 0.04469
v -0.05562 -0.16881 0.15906
v -0.12645 -0.23001 0.26871
v -0.31459 0.23370 0.00552
v -0.29282 0.20281 0.01380
v -0.29501 0.20394 0.01837
v 0.00000 -0.18808 0.14489
v -0.09373 -0.18881 0.23531
v -0.05848 -0.19520 0.17133
v -0.05346 -0.16219 0.15140
v -0.07673 -0.13185 0.13162
v -0.31459 0.23370 0.00552
v -0.29501 0.20394 0.01837
v -0.29067 0.21540 0.02425
v -0.06044 -0.08851 0.08360
v -0.06908 -0.12876 0.12822
v -0.06908 -0.12876 0.12822
v -0.08860 -0.11553 0.14055
v -0.10698 -0.23047 0.18696
v -0.08566 -0.23055 0.17292
v -0.06166 -0.23058 0.17819
v -0.10138 -0.15087 0.19612
v -0.29418 0.21452 0.02946
v -0.10195 -0.21398 0.25252
v -0.07750 -0.10389 0.12589
v -0.04393 -0.19108 0.19639
v -0.08289 -0.09075 0.13561
v -0.07153 -0.09701 0.11861
v -0.07750 -0.10389 0.12589
v 0.00000 -0.04098 -0.00230
v -0.25846 0.16742 0.04993
v -0.24970 0.16402 0.03801
v 0.00000 -0.04089 0.01274
v -0.28155 0.23282 0.02114
v -0.28155 0.23282 0.02114
v -0.09633 -0.21321 0.25536
v -0.05562 -0.16881 0.15906
v -0.04392 -0.17166 0.19040
v -0.04844 -0.23065 0.23306
v -0.25846 0.16742 0.04993
v -0.24357 0.18448 0.05579
v -0.09446 -0.13190 0.18926
v -0.05346 -0.16219 0.15140
v -0.04117 -0.16788 0.19061
v -0.04117 -0.16788 0.19061
v -0.08289 -0.09075 0.13561
v -0.07333 -0.07583 0.13240
v -0.03258 -0.05979 0.08479
v -0.04785 -0.23008 0.20416
v -0.11709 -0.23016 0.21185
v -0.06935 -0.18880 0.23882
v -0.08259 -0.23092 0.28872
v -0.08259 -0.23092 0.28872
v -0.08267 -0.20344 0.25206
v -0.08267 -0.20344 0.25206
v -0.04674 -0.21507 0.23722
v -0.19568 0.09604 0.09446
v -0.06838 -0.15085 0.21824
v -0.00873 -0.04376 0.03603
v 0.00000 -0.04199 0.03320
v -0.01453 -0.04698 0.04547
v -0.08716 -0.11137 0.18167
v -0.04922 -0.18936 0.22119
v -0.07005 -0.21202 0.25439
v 0.00000 -0.18052 0.19724
v -0.06195 -0.21288 0.25182
v -0.03875 -0.22819 0.26716
v -0.05056 -0.15133 0.21011
v -0.04754 -0.15030 0.20670
v -0.04674 -0.21507 0.23722
v -0.20570 0.09828 0.10811
v -0.23680 0.19818 0.06212
v -0.04754 -0.15030 0.20670
v -0.01251 -0.04989 0.06130
v -0.06619 -0.13143 0.21076
v -0.05484 -0.20722 0.24399
v -0.03875 -0.22819 0.26716
v -0.04844 -0.23065 0.23306
v -0.11873 -0.23060 0.23184
v -0.24227 0.20251 0.07367
v -0.07879 -0.07630 0.17441
v 0.00000 -0.01818 0.04904
v -0.02897 -0.16579 0.22267
v -0.06273 -0.11131 0.20475
v 0.00000 -0.05001 0.06962
v -0.05322 -0.13287 0.20894
v -0.21929 0.22442 0.05773
v -0.20570 0.09828 0.10811
v -0.19244 0.12628 0.11474
v 0.00000 -0.05313 0.08882
v -0.04864 -0.13401 0.20902
v 0.00000 -0.16928 0.22977
v -0.07879 -0.07630 0.17441
v -0.21929 0.22442 0.05773
v -0.06714 -0.23060 0.25089
v -0.09732 -0.23073 0.25124
v -0.03067 -0.04895 0.12199
v -0.04864 -0.13401 0.20902
v -0.05000 -0.11111 0.20598
v -0.10420 -0.01448 0.14799
v -0.11564 -0.02595 0.18106
v -0.12739 0.01036 0.15239
v -0.10420 -0.01448 0.14799
v -0.05000 -0.11111 0.20598
v -0.03100 -0.14394 0.23963
v -0.05966 -0.05219 0.16105
v -0.12739 0.01036 0.15239
v -0.14187 -0.00039 0.19091
v -0.05638 -0.03877 0.16356
v -0.05575 -0.07815 0.19769
v -0.14294 -0.01082 0.23211
v -0.11203 -0.03844 0.23523
v -0.05638 -0.03877 0.16356
v -0.15251 0.02959 0.19961
v -0.05638 -0.03877 0.16356
v -0.16500 0.15044 0.08875
v 0.00000 -0.14696 0.25042
v -0.13557 0.05871 0.14632
v -0.14444 0.05920 0.16764
v -0.02876 -0.03198 0.13180
v -0.02876 -0.03198 0.13180
v -0.05233 -0.05731 0.19459
v -0.13557 0.05871 0.14632
v 0.00000 -0.04562 0.11520
v -0.05571 -0.04728 0.19651
v -0.14444 0.05920 0.16764
v -0.14444 0.05920 0.16764
v -0.15094 0.01717 0.24243
v -0.06313 0.02297 0.11571
v -0.06714 -0.23060 0.25089
v -0.05571 -0.04728 0.19651
v -0.11873 -0.23060 0.23184
v -0.09732 -0.23073 0.25124
v 0.00000 -0.02638 0.12294
v -0.13661 0.09720 0.19332
v -0.14444 0.05920 0.16764
v -0.03408 -0.11223 0.23792
v -0.01558 0.00798 0.11126
v -0.09926 0.10033 0.12340
v 0.00000 0.00302 0.08245
v -0.01253 -0.01435 0.11899
v -0.09926 0.10033 0.12340
v -0.17330 0.16798 0.12550
v 0.00000 -0.01917 0.11961
v -0.13661 0.09720 0.19332
v -0.14605 0.21220 0.13036
v -0.13064 -0.01898 0.26948
v 0.00000 0.02001 0.10768
v 0.00000 -0.11730 0.25417
v -0.18300 0.17281 0.14235
v -0.14605 0.21220 0.13036
v -0.03341 -0.06806 0.23431
v -0.08956 -0.04134 0.28249
v -0.13862 0.01133 0.27504
v -0.13990 0.06033 0.25283
v -0.16826 0.20090 0.14624
v -0.03336 -0.05623 0.23894
v -0.09783 -0.02124 0.30872
v 0.00000 -0.07163 0.24768
v -0.03336 -0.05623 0.23894
v 0.00000 0.08689 0.10179
v -0.01653 0.09387 0.10322
v -0.07726 0.16360 0.14524
v -0.01905 0.12352 0.10955
v -0.11665 -0.01103 0.29913
v 0.00000 -0.05873 0.25321
v -0.11965 0.00094 0.30151
v -0.12973 0.09479 0.26374
v -0.12214 0.14706 0.19016
v -0.04536 -0.04698 0.30598
v 0.00000 -0.05873 0.25321
v 0.00000 0.11084 0.06786
v -0.10909 -0.00332 0.30650
v -0.13016 0.05105 0.27721
v -0.11591 0.00803 0.30628
v -0.11087 -0.00099 0.30659
v -0.07726 0.16360 0.14524
v -0.10939 -0.00086 0.30798
v -0.09484 -0.01038 0.31658
v -0.10519 -0.00153 0.30304
v -0.10416 -0.00283 0.30374
v -0.10434 -0.00106 0.30414
v -0.12153 0.08001 0.28383
v -0.08481 -0.00993 0.29641
v -0.10519 -0.00153 0.30304
v -0.10416 -0.00283 0.30374
v -0.06714 -0.23060 0.25089
v -0.08291 -0.00431 0.29944
v -0.10434 -0.00106 0.30414
v -0.09122 -0.00788 0.31310
v -0.12159 0.04876 0.28814
v -0.09122 -0.00788 0.31310
v -0.09104 -0.00727 0.31259
v -0.09399 -0.00817 0.31809
v -0.11049 0.02202 0.30833
v -0.09416 -0.00159 0.32326
v -0.09104 -0.00727 0.31259
v -0.11743 0.07314 0.29663
v -0.07459 -0.01564 0.31894
v -0.10622 0.02807 0.31153
v -0.11577 0.14995 0.20748
v -0.09732 -0.23073 0.25124
v 0.00000 0.14005 0.11444
v -0.11577 0.14995 0.20748
v -0.03925 -0.01729 0.28104
v 0.00000 -0.05028 0.31985
v -0.03950 -0.00803 0.28798
v -0.08800 0.01460 0.32607
v -0.05255 -0.02948 0.33944
v -0.06605 0.05420 0.30395
v -0.12159 0.04876 0.28814
v -0.08593 0.02113 0.32795
v 0.00000 -0.01791 0.27345
v -0.11743 0.07314 0.29663
v 0.00000 -0.00852 0.28348
v -0.10622 0.02807 0.31153
v -0.11326 0.12718 0.28360
v -0.02419 -0.02069 0.34401
v -0.08674 0.17622 0.19432
v -0.01740 -0.03377 0.35605
v -0.08593 0.02113 0.32795
v -0.10556 0.10349 0.30177
v -0.08674 0.17622 0.19432
v -0.00000 -0.02464 0.35124
v -0.10497 0.09262 0.31042
v -0.05375 -0.01526 0.34680
v 0.00000 0.17181 0.13572
v -0.10497 0.09262 0.31042
v -0.05253 -0.01110 0.34397
v -0.08674 0.17622 0.19432
v -0.05212 -0.01059 0.34509
v 0.00000 -0.03608 0.35640
v -0.05212 -0.01059 0.34509
v -0.05368 -0.00952 0.34948
v -0.05527 -0.00212 0.34930
v -0.05253 -0.01110 0.34397
v -0.05794 0.01430 0.33797
v -0.07751 0.17579 0.23107
v -0.05014 0.18482 0.23736
v -0.08300 0.16691 0.25317
v -0.05941 0.02070 0.33608
v -0.05941 0.02070 0.33608
v -0.02311 0.18076 0.15809
v -0.01977 -0.02224 0.36429
v -0.01926 -0.01714 0.35927
v -0.01926 -0.01714 0.35927
v -0.03684 0.02430 0.34170
v -0.02098 -0.01434 0.36750
v -0.01865 -0.01539 0.36316
v 0.00000 -0.02137 0.36066
v -0.01865 -0.01539 0.36316
v -0.03143 0.01861 0.35118
v -0.02381 -0.00257 0.36815
v -0.03684 0.02430 0.34170
v 0.00000 0.21235 0.14060
v 0.00000 -0.02638 0.36591
v -0.10195 -0.21398 0.25252
v -0.09633 -0.21321 0.25536
v 0.00000 -0.02137 0.36066
v -0.07751 0.17579 0.23107
v -0.08300 0.16691 0.25317
v -0.09610 0.19078 0.25794
v -0.08606 0.20082 0.22865
v -0.03939 0.05615 0.34722
v -0.08070 0.10146 0.32806
v -0.09610 0.19078 0.25794
v -0.08300 0.16691 0.25317
v -0.05014 0.18482 0.23736
v -0.05692 0.20994 0.23885
v -0.10021 0.21596 0.25942
v -0.06010 0.09391 0.34060
v -0.04733 0.07846 0.34640
v 0.00000 -0.01630 0.36785
v 0.00000 -0.01630 0.36785
v 0.00000 -0.01529 0.37270
v 0.00000 0.19130 0.17922
v -0.08234 0.14074 0.30862
v -0.03214 0.05658 0.35049
v -0.01202 0.02277 0.36570
v -0.03939 0.05615 0.34722
v -0.10021 0.21596 0.25942
v 0.00000 -0.00260 0.37571
v -0.06562 0.17098 0.27393
v -0.09187 0.22232 0.23978
v -0.06562 0.17098 0.27393
v -0.07190 0.19652 0.28022
v -0.07964 0.11059 0.32400
v -0.08070 0.10146 0.32806
v 0.00000 0.02344 0.36819
v -0.06895 0.22956 0.24353
v 0.00000 0.19130 0.17922
v -0.01397 0.05749 0.36488
v -0.04733 0.07846 0.34640
v -0.03937 0.08280 0.35061
v -0.06010 0.09391 0.34060
v -0.05589 0.10297 0.34110
v -0.08072 0.22128 0.27774
v -0.08466 0.23144 0.25673
v -0.03429 0.13586 0.34034
v -0.04726 0.18174 0.26602
v -0.08466 0.23144 0.25673
v 0.00000 0.05788 0.36819
v -0.04726 0.18174 0.26602
v -0.05117 0.20618 0.27106
v -0.03226 0.16780 0.29926
v -0.05117 0.20618 0.27106
v -0.04726 0.18174 0.26602
v 0.00000 0.19197 0.24237
v -0.02118 0.18768 0.25668
v -0.06410 0.22889 0.26838
v -0.06410 0.22889 0.26838
v -0.02400 0.10378 0.35671
v -0.01502 0.18015 0.28515
v 0.00000 0.09548 0.36612
v -0.00976 0.10848 0.36037
v -0.01352 0.16033 0.32132
v -0.01422 0.14750 0.33539
v 0.00000 0.17795 0.29049
v -0.06714 -0.23060 0.25089
v -0.04844 -0.23065 0.23306
v 0.00000 0.16491 0.31581
v 0.00000 0.11017 0.38084
v 0.00000 0.14283 0.34081
v 0.00000 0.11968 0.35730
v 0.00000 0.23262 0.28003
v 0.00000 0.17492 0.34783
v -0.03555 -0.18714 0.00934
v -0.02950 -0.18734 -0.01722
v -0.01485 -0.22963 0.04586
v -0.03757 -0.11877 -0.07622
v -0.06341 -0.18779 0.01439
v -0.01182 -0.10738 -0.09574
v -0.02150 -0.16534 -0.01904
v -0.02595 -0.17031 -0.01891
v -0.08120 -0.14805 -0.00832
v 0.00000 -0.11452 -0.10460
v -0.03821 -0.21514 0.03212
v -0.03284 -0.20778 0.02262
v -0.01485 -0.22963 0.04586
v -0.05272 -0.23187 0.06765
v -0.02499 -0.21576 0.01626
v -0.03284 -0.20778 0.02262
v -0.04335 -0.21476 0.03456
v -0.03821 -0.21514 0.03212
v -0.05560 -0.20495 0.03160
v -0.03503 -0.19431 0.00937
v -0.02947 -0.19423 -0.01619
v -0.04335 -0.21476 0.03456
v -0.06339 -0.19369 0.01507
v -0.02950 -0.18734 -0.01722
v -0.05560 -0.20495 0.03160
v -0.03296 -0.12870 -0.08326
v -0.04158 -0.23153 0.03301
v -0.03757 -0.11877 -0.07622
v -0.04158 -0.23153 0.03301
v -0.04158 -0.23153 0.03301
v -0.02499 -0.21576 0.01626
v -0.06691 -0.21567 0.03688
v -0.05272 -0.23187 0.06765
v -0.02375 -0.23027 0.01267
v -0.04158 -0.23153 0.03301
v -0.02334 -0.14009 -0.10567
v -0.02375 -0.23027 0.01267
v -0.02947 -0.19423 -0.01619
v 0.00000 -0.17301 -0.06429
v -0.01985 -0.16668 -0.06691
v -0.03822 -0.16625 -0.05599
v -0.03497 -0.15392 -0.06339
v -0.04158 -0.23153 0.03301
v -0.06924 -0.23166 0.03561
v -0.02375 -0.23027 0.01267
v -0.07878 -0.20689 0.02657
v -0.06691 -0.21567 0.03688
v -0.07210 -0.21581 0.03493
v -0.04357 -0.13332 -0.07303
v -0.02576 -0.23172 -0.00808
v -0.07056 -0.14859 -0.05172
v -0.06924 -0.23166 0.03561
v -0.04357 -0.13332 -0.07303
v -0.05026 -0.14865 -0.06578
v -0.03497 -0.15392 -0.06339
v 0.00000 -0.13643 -0.14216
v -0.01703 -0.15293 -0.14198
v -0.07210 -0.21581 0.03493
v -0.06924 -0.23166 0.03561
v -0.07878 -0.20689 0.02657
v -0.04175 -0.19492 -0.04359
v -0.04104 -0.18849 -0.04544
v -0.06924 -0.23166 0.03561
v -0.01739 -0.17406 -0.10211
v 0.00000 -0.18091 -0.10112
v -0.02576 -0.23172 -0.00808
v -0.09447 -0.23122 0.05333
v -0.08812 -0.21445 0.02003
v -0.08812 -0.21445 0.02003
v -0.08586 -0.18711 -0.00818
v -0.06924 -0.23166 0.03561
v -0.06924 -0.23166 0.03561
v -0.08897 -0.23188 -0.00945
v -0.08952 -0.23174 0.01829
v -0.09447 -0.23122 0.05333
v -0.08952 -0.23174 0.01829
v -0.08721 -0.19549 -0.00900
v -0.07395 -0.18811 -0.04339
v -0.08952 -0.23174 0.01829
v -0.08952 -0.23174 0.01829
v -0.07469 -0.19554 -0.04189
v -0.01401 -0.17963 -0.14170
v 0.00000 -0.18561 -0.14167
v -0.04065 -0.23179 -0.03525
v -0.07477 -0.23209 -0.03598
v 0.00000 -0.05966 -0.24721
v -0.01568 -0.15338 -0.18732
v 0.00000 -0.13721 -0.18732
v -0.08897 -0.23188 -0.00945
v -0.07477 -0.23209 -0.03598
v 0.00000 -0.11448 -0.21602
v -0.02752 -0.09793 -0.23725
v -0.02748 -0.13649 -0.22200
v 0.00000 -0.14047 -0.24821
v 0.00000 -0.05966 -0.24721
v 0.00000 -0.18587 -0.18732
v -0.01396 -0.17939 -0.18732
v -0.02752 -0.09793 -0.23725
v -0.02114 -0.17610 -0.23250
v 0.00000 -0.18381 -0.23701
v -0.06959 -0.08570 -0.27987
v -0.06959 -0.08570 -0.27987
v -0.05248 -0.14713 -0.26126
v -0.05248 -0.14713 -0.26126
v -0.04291 -0.16838 -0.27558
v 0.00000 -0.18596 -0.28812
v -0.05826 -0.15464 -0.28519
v -0.04291 -0.16838 -0.27558
v -0.03071 -0.18517 -0.31488
v 0.00000 -0.18596 -0.28812
v -0.05826 -0.15464 -0.28519
v -0.03071 -0.18517 -0.31488
v -0.07005 -0.21202 0.25439
v -0.06195 -0.21288 0.25182
v -0.05484 -0.20722 0.24399
v -0.10838 -0.20399 0.24309
v -0.09732 -0.23073 0.25124
v -0.09732 -0.23073 0.25124
v -0.09732 -0.23073 0.25124
v -0.06714 -0.23060 0.25089
v -0.04844 -0.23065 0.23306
v -0.06714 -0.23060 0.25089
v -0.11873 -0.23060 0.23184
v -0.05346 -0.16219 0.15140
v 0.00000 -0.02638 0.12294
v -0.08674 0.17622 0.19432
v -0.01149 -0.09239 -0.08123
v 0.00000 -0.08744 -0.07966
v -0.02058 -0.05468 -0.04279
v 0.00000 -0.05943 -0.05397
v -0.02176 -0.04478 -0.01633
v 0.00000 -0.04098 -0.00230
v -0.00873 -0.04376 0.03603
v 0.00000 -0.04199 0.03320
v -0.01453 -0.04698 0.04547
v -0.01251 -0.04989 0.06130
v 0.00000 -0.05001 0.06962
v -0.01182 -0.10738 -0.09574
v 0.00000 -0.11452 -0.10460
v -0.01558 0.00798 0.11126
v -0.01253 -0.01435 0.11899
v 0.00000 -0.01917 0.11961
v 0.00000 0.02001 0.10768
v 0.00000 0.08689 0.10179
v -0.01653 0.09387 0.10322
v -0.01905 0.12352 0.10955
v 0.00000 0.14005 0.11444
v 0.00000 0.17181 0.13572
v -0.02311 0.18076 0.15809
v 0.00000 0.19130 0.17922
v 0.00000 0.19197 0.24237
v -0.02118 0.18768 0.25668
v -0.01502 0.18015 0.28515
v 0.00000 0.09548 0.36612
v -0.00976 0.10848 0.36037
v -0.01352 0.16033 0.32132
v -0.01422 0.14750 0.33539
v 0.00000 0.17795 0.29049
v 0.00000 0.16491 0.31581
v 0.00000 0.14283 0.34081
v 0.00000 0.11968 0.35730
v -0.10881 -0.08716 0.09273
v -0.15767 -0.04945 0.10375
v -0.14773 -0.08699 0.07419
v -0.12802 -0.06674 0.10623
v -0.14773 -0.08699 0.07419
v -0.15314 -0.04204 0.09115
v -0.12227 -0.06033 0.09471
v -0.10881 -0.08716 0.09273
v -0.07162 -0.10004 0.10590
v -0.07162 -0.10004 0.10590
v -0.19800 -0.10621 0.04964
v -0.19800 -0.10621 0.04964
v -0.30552 -0.01848 0.07322
v -0.35395 -0.03722 0.04668
v -0.15767 -0.04945 0.10375
v -0.30371 -0.03252 0.06043
v -0.35118 -0.04870 0.03699
v -0.20782 -0.10220 0.05576
v -0.20908 -0.00230 0.11431
v -0.21207 -0.13435 0.03163
v -0.20709 -0.02286 0.09556
v -0.21602 -0.01642 0.09588
v -0.20266 0.02336 0.11550
v -0.30346 -0.00099 0.07065
v -0.35308 -0.02539 0.04479
v -0.39867 -0.07722 0.01042
v -0.39944 -0.07099 0.01039
v -0.16499 -0.01571 0.09550
v -0.11584 -0.04407 0.10058
v -0.30092 -0.00712 0.05493
v -0.35101 -0.03033 0.03412
v -0.30346 -0.00099 0.07065
v -0.35308 -0.02539 0.04479
v -0.39944 -0.07099 0.01039
v -0.11876 -0.04444 0.11671
v -0.16656 -0.01566 0.10920
v -0.20213 -0.01399 0.08169
v -0.30055 -0.02179 0.04837
v -0.34956 -0.04130 0.02909
v -0.39775 -0.07464 0.00595
v -0.20309 -0.09526 0.04490
v -0.20100 0.01222 0.09141
v -0.19800 -0.10621 0.04964
v -0.21207 -0.13435 0.03163
v -0.21487 -0.09334 0.04757
v -0.39775 -0.07464 0.00595
v -0.38425 -0.06824 0.01443
v -0.12604 -0.05750 0.12194
v -0.05715 -0.09853 0.09884
v -0.07162 -0.10004 0.10590
v -0.06696 -0.11082 0.12229
v -0.06646 -0.08719 0.13953
v -0.05260 -0.06782 0.13597
v -0.05260 -0.06782 0.13597
v -0.05102 -0.06753 0.11702
v -0.11876 -0.04444 0.11671
v -0.17206 -0.02827 0.11338
v -0.16656 -0.01566 0.10920
v -0.20266 0.02336 0.11550
v -0.12227 -0.06033 0.09471
v -0.12802 -0.06674 0.10623
v -0.19800 -0.10621 0.04964
v -0.07162 -0.10004 0.10590
v -0.15314 -0.04204 0.09115
v -0.38425 -0.06824 0.01443
v -0.21148 -0.00714 0.08044
v -0.21487 -0.09334 0.04757
v -0.23063 -0.07024 0.05299
v -0.21602 -0.01642 0.09588
v -0.30154 -0.04969 0.04100
v -0.26006 -0.05482 0.05051
v -0.34996 -0.05861 0.02571
v -0.34956 -0.04130 0.02909
v -0.23063 -0.07024 0.05299
v -0.21487 -0.09334 0.04757
v -0.38425 -0.06824 0.01443
v -0.35118 -0.04870 0.03699
v -0.38425 -0.06824 0.01443
v -0.34996 -0.05861 0.02571
v -0.30371 -0.03252 0.06043
v -0.30055 -0.02179 0.04837
v -0.30154 -0.04969 0.04100
v -0.21148 -0.00714 0.08044
v -0.20213 -0.01399 0.08169
v -0.21487 -0.09334 0.04757
v -0.20709 -0.02286 0.09556
v -0.26006 -0.05482 0.05051
v -0.14490 0.19641 0.10280
v -0.05575 -0.07815 0.19769
v -0.05715 -0.09853 0.09884
v -0.00000 -0.03761 -0.30493
v -0.00000 -0.05984 -0.35861
v -0.05375 -0.05984 -0.30493
v 0.00000 -0.11352 -0.38084
v -0.05375 -0.11352 -0.35861
v -0.07599 -0.11352 -0.30493
v -0.00000 -0.05984 -0.25126
v -0.04765 -0.10964 -0.25337
v 0.00000 -0.11352 -0.22903
v -0.00000 -0.18942 -0.30493
v -0.05375 -0.16719 -0.30493
v -0.00000 -0.16719 -0.35861
v -0.00000 -0.16719 -0.25126
v -0.07678 -0.15210 0.01533
v -0.04993 -0.16924 0.21533
v -0.06880 -0.16722 0.22712
v -0.10657 -0.16755 0.20194
v -0.10458 -0.17341 0.16606
v -0.00000 -0.07922 -0.11192
v 0.01149 -0.09239 -0.08123
v 0.04065 -0.23179 -0.03525
v 0.02375 -0.23027 0.01267
v 0.03389 -0.17076 0.01980
v 0.02595 -0.17031 -0.01891
v 0.02150 -0.16534 -0.01904
v 0.03248 -0.16068 0.02733
v 0.02576 -0.23172 -0.00808
v 0.04158 -0.23153 0.03301
v 0.05214 -0.09597 -0.05996
v 0.06334 -0.11943 -0.05902
v 0.06707 -0.11870 0.03477
v 0.07345 -0.10969 -0.00765
v 0.05709 -0.15554 0.03542
v 0.05214 -0.09597 -0.05996
v 0.00000 -0.16627 -0.01727
v 0.00000 -0.08744 -0.07966
v 0.02150 -0.16534 -0.01904
v 0.03248 -0.16068 0.02733
v 0.04710 -0.15108 0.03706
v 0.00000 -0.16742 0.02505
v 0.06309 -0.07916 -0.00816
v 0.06034 -0.12109 0.04292
v 0.04710 -0.15108 0.03706
v 0.02058 -0.05468 -0.04279
v 0.10698 -0.23047 0.18696
v 0.08566 -0.23055 0.17292
v 0.03613 -0.16891 0.07998
v 0.11709 -0.23016 0.21185
v 0.06034 -0.12109 0.04292
v 0.06309 -0.07916 -0.00816
v 0.03347 -0.04754 0.00195
v 0.06091 -0.08423 0.02915
v 0.00000 -0.17954 0.07756
v 0.00000 -0.05943 -0.05397
v 0.06166 -0.23058 0.17819
v 0.10940 -0.19319 0.17740
v 0.08410 -0.19460 0.16462
v 0.11873 -0.23060 0.23184
v 0.05853 -0.08727 0.04317
v 0.06104 -0.12569 0.08316
v 0.11355 -0.18881 0.20622
v 0.11783 -0.21313 0.23559
v 0.06091 -0.08423 0.02915
v 0.02176 -0.04478 -0.01633
v 0.10138 -0.15913 0.15875
v 0.05848 -0.19520 0.17133
v 0.07936 -0.16448 0.14598
v 0.06166 -0.23058 0.17819
v 0.04785 -0.23008 0.20416
v 0.05853 -0.08727 0.04317
v 0.06593 -0.12827 0.11939
v 0.00000 -0.00874 -0.05011
v 0.11783 -0.21313 0.23559
v 0.09540 -0.13746 0.14832
v 0.12645 -0.23001 0.26871
v 0.10838 -0.20399 0.24309
v 0.03219 -0.05437 0.04469
v 0.05562 -0.16881 0.15906
v 0.12645 -0.23001 0.26871
v 0.31459 0.23370 0.00552
v 0.29282 0.20281 0.01380
v 0.29501 0.20394 0.01837
v 0.00000 -0.18808 0.14489
v 0.09373 -0.18881 0.23531
v 0.05848 -0.19520 0.17133
v 0.05346 -0.16219 0.15140
v 0.07673 -0.13185 0.13162
v 0.31459 0.23370 0.00552
v 0.29501 0.20394 0.01837
v 0.29067 0.21540 0.02425
v 0.06044 -0.08851 0.08360
v 0.06908 -0.12876 0.12822
v 0.06908 -0.12876 0.12822
v 0.08860 -0.11553 0.14055
v 0.10698 -0.23047 0.18696
v 0.08566 -0.23055 0.17292
v 0.06166 -0.23058 0.17819
v 0.10138 -0.15087 0.19612
v 0.29418 0.21452 0.02946
v 0.10195 -0.21398 0.25252
v 0.07750 -0.10389 0.12589
v 0.04393 -0.19108 0.19639
v 0.08289 -0.09075 0.13561
v 0.07153 -0.09701 0.11861
v 0.07750 -0.10389 0.12589
v 0.00000 -0.04098 -0.00230
v 0.25846 0.16742 0.04993
v 0.24970 0.16402 0.03801
v 0.00000 -0.04089 0.01274
v 0.28155 0.23282 0.02114
v 0.28155 0.23282 0.02114
v 0.09633 -0.21321 0.25536
v 0.05562 -0.16881 0.15906
v 0.04392 -0.17166 0.19040
v 0.04844 -0.23065 0.23306
v 0.25846 0.16742 0.04993
v 0.24357 0.18448 0.05579
v 0.09446 -0.13190 0.18926
v 0.05346 -0.16219 0.15140
v 0.04117 -0.16788 0.19061
v 0.04117 -0.16788 0.19061
v 0.08289 -0.09075 0.13561
v 0.07333 -0.07583 0.13240
v 0.03258 -0.05979 0.08479
v 0.04785 -0.23008 0.20416
v 0.11709 -0.23016 0.21185
v 0.06935 -0.18880 0.23882
v 0.08259 -0.23092 0.28872
v 0.08259 -0.23092 0.28872
v 0.08267 -0.20344 0.25206
v 0.08267 -0.20344 0.25206
v 0.04674 -0.21507 0.23722
v 0.19568 0.09604 0.09446
v 0.06838 -0.15085 0.21824
v 0.00873 -0.04376 0.03603
v 0.00000 -0.04199 0.03320
v 0.01453 -0.04698 0.04547
v 0.08716 -0.11137 0.18167
v 0.04922 -0.18936 0.22119
v 0.07005 -0.21202 0.25439
v 0.00000 -0.18052 0.19724
v 0.06195 -0.21288 0.25182
v 0.03875 -0.22819 0.26716
v 0.05056 -0.15133 0.21011
v 0.04754 -0.15030 0.20670
v 0.04674 -0.21507 0.23722
v 0.20570 0.09828 0.10811
v 0.23680 0.19818 0.06212
v 0.04754 -0.15030 0.20670
v 0.01251 -0.04989 0.06130
v 0.06619 -0.13143 0.21076
v 0.05484 -0.20722 0.24399
v 0.03875 -0.22819 0.26716
v 0.04844 -0.23065 0.23306
v 0.11873 -0.23060 0.23184
v 0.24227 0.20251 0.07367
v 0.07879 -0.07630 0.17441
v 0.00000 -0.01818 0.04904
v 0.02897 -0.16579 0.22267
v 0.06273 -0.11131 0.20475
v 0.00000 -0.05001 0.06962
v 0.05322 -0.13287 0.20894
v 0.21929 0.22442 0.05773
v 0.20570 0.09828 0.10811
v 0.19244 0.12628 0.11474
v 0.00000 -0.05313 0.08882
v 0.04864 -0.13401 0.20902
v 0.00000 -0.16928 0.22977
v 0.07879 -0.07630 0.17441
v 0.21929 0.22442 0.05773
v 0.06714 -0.23060 0.25089
v 0.09732 -0.23073 0.25124
v 0.03067 -0.04895 0.12199
v 0.04864 -0.13401 0.20902
v 0.05000 -0.11111 0.20598
v 0.10420 -0.01448 0.14799
v 0.11564 -0.02595 0.18106
v 0.12739 0.01036 0.15239
v 0.10420 -0.01448 0.14799
v 0.05000 -0.11111 0.20598
v 0.03100 -0.14394 0.23963
v 0.05966 -0.05219 0.16105
v 0.12739 0.01036 0.15239
v 0.14187 -0.00039 0.19091
v 0.05638 -0.03877 0.16356
v 0.05575 -0.07815 0.19769
v 0.14294 -0.01082 0.23211
v 0.11203 -0.03844 0.23523
v 0.05638 -0.03877 0.16356
v 0.15251 0.02959 0.19961
v 0.05638 -0.03877 0.16356
v 0.16500 0.15044 0.08875
v 0.00000 -0.14696 0.25042
v 0.13557 0.05871 0.14632
v 0.14444 0.05920 0.16764
v 0.02876 -0.03198 0.13180
v 0.02876 -0.03198 0.13180
v 0.05233 -0.05731 0.19459
v 0.13557 0.05871 0.14632
v 0.00000 -0.04562 0.11520
v 0.05571 -0.04728 0.19651
v 0.14444 0.05920 0.16764
v 0.14444 0.05920 0.16764
v 0.15094 0.01717 0.24243
v 0.06313 0.02297 0.11571
v 0.06714 -0.23060 0.25089
v 0.05571 -0.04728 0.19651
v 0.11873 -0.23060 0.23184
v 0.09732 -0.23073 0.25124
v 0.00000 -0.02638 0.12294
v 0.13661 0.09720 0.19332
v 0.14444 0.05920 0.16764
v 0.03408 -0.11223 0.23792
v 0.01558 0.00798 0.11126
v 0.09926 0.10033 0.12340
v 0.00000 0.00302 0.08245
v 0.01253 -0.01435 0.11899
v 0.09926 0.10033 0.12340
v 0.17330 0.16798 0.12550
v 0.00000 -0.01917 0.11961
v 0.13661 0.09720 0.19332
v 0.14605 0.21220 0.13036
v 0.13064 -0.01898 0.26948
v 0.00000 0.02001 0.10768
v 0.00000 -0.11730 0.25417
v 0.18300 0.17281 0.14235
v 0.14605 0.21220 0.13036
v 0.03341 -0.06806 0.23431
v 0.08956 -0.04134 0.28249
v 0.13862 0.01133 0.27504
v 0.13990 0.06033 0.25283
v 0.16826 0.20090 0.14624
v 0.03336 -0.05623 0.23894
v 0.09783 -0.02124 0.30872
v 0.00000 -0.07163 0.24768
v 0.03336 -0.05623 0.23894
v 0.00000 0.08689 0.10179
v 0.01653 0.09387 0.10322
v 0.07726 0.16360 0.14524
v 0.01905 0.12352 0.10955
v 0.11665 -0.01103 0.29913
v 0.00000 -0.05873 0.25321
v 0.11965 0.00094 0.30151
v 0.12973 0.09479 0.26374
v 0.12214 0.14706 0.19016
v 0.04536 -0.04698 0.30598
v 0.00000 -0.05873 0.25321
v 0.00000 0.11084 0.06786
v 0.10909 -0.00332 0.30650
v 0.13016 0.05105 0.27721
v 0.11591 0.00803 0.30628
v 0.11087 -0.00099 0.30659
v 0.07726 0.16360 0.14524
v 0.10939 -0.00086 0.30798
v 0.09484 -0.01038 0.31658
v 0.10519 -0.00153 0.30304
v 0.10416 -0.00283 0.30374
v 0.10434 -0.00106 0.30414
v 0.12153 0.08001 0.28383
v 0.08481 -0.00993 0.29641
v 0.10519 -0.00153 0.30304
v 0.10416 -0.00283 0.30374
v 0.06714 -0.23060 0.25089
v 0.08291 -0.00431 0.29944
v 0.10434 -0.00106 0.30414
v 0.09122 -0.00788 0.31310
v 0.12159 0.04876 0.28814
v 0.09122 -0.00788 0.31310
v 0.09104 -0.00727 0.31259
v 0.09399 -0.00817 0.31809
v 0.11049 0.02202 0.30833
v 0.09416 -0.00159 0.32326
v 0.09104 -0.00727 0.31259
v 0.11743 0.07314 0.29663
v 0.07459 -0.01564 0.31894
v 0.10622 0.02807 0.31153
v 0.11577 0.14995 0.20748
v 0.09732 -0.23073 0.25124
v 0.00000 0.14005 0.11444
v 0.11577 0.14995 0.20748
v 0.03925 -0.01729 0.28104
v 0.00000 -0.05028 0.31985
v 0.03950 -0.00803 0.28798
v 0.08800 0.01460 0.32607
v 0.05255 -0.02948 0.33944
v 0.06605 0.05420 0.30395
v 0.12159 0.04876 0.28814
v 0.08593 0.02113 0.32795
v 0.00000 -0.01791 0.27345
v 0.11743 0.07314 0.29663
v 0.00000 -0.00852 0.28348
v 0.10622 0.02807 0.31153
v 0.11326 0.12718 0.28360
v 0.02419 -0.02069 0.34401
v 0.08674 0.17622 0.19432
v 0.01740 -0.03377 0.35605
v 0.08593 0.02113 0.32795
v 0.10556 0.10349 0.30177
v 0.08674 0.17622 0.19432
v -0.00000 -0.02464 0.35124
v 0.10497 0.09262 0.31042
v 0.05375 -0.01526 0.34680
v 0.00000 0.17181 0.13572
v 0.10497 0.09262 0.31042
v 0.05253 -0.01110 0.34397
v 0.08674 0.17622 0.19432
v 0.05212 -0.01059 0.34509
v 0.00000 -0.03608 0.35640
v 0.05212 -0.01059 0.34509
v 0.05368 -0.00952 0.34948
v 0.05527 -0.00212 0.34930
v 0.05253 -0.01110 0.34397
v 0.05794 0.01430 0.33797
v 0.07751 0.17579 0.23107
v 0.05014 0.18482 0.23736
v 0.08300 0.16691 0.25317
v 0.05941 0.02070 0.33608
v 0.05941 0.02070 0.33608
v 0.02311 0.18076 0.15809
v 0.01977 -0.02224 0.36429
v 0.01926 -0.01714 0.35927
v 0.01926 -0.01714 0.35927
v 0.03684 0.02430 0.34170
v 0.02098 -0.01434 0.36750
v 0.01865 -0.01539 0.36316
v 0.00000 -0.02137 0.36066
v 0.01865 -0.01539 0.36316
v 0.03143 0.01861 0.35118
v 0.02381 -0.00257 0.36815
v 0.03684 0.02430 0.34170
v 0.00000 0.21235 0.14060
v 0.00000 -0.02638 0.36591
v 0.10195 -0.21398 0.25252
v 0.09633 -0.21321 0.25536
v 0.00000 -0.02137 0.36066
v 0.07751 0.17579 0.23107
v 0.08300 0.16691 0.25317
v 0.09610 0.19078 0.25794
v 0.08606 0.20082 0.22865
v 0.03939 0.05615 0.34722
v 0.08070 0.10146 0.32806
v 0.09610 0.19078 0.25794
v 0.08300 0.16691 0.25317
v 0.05014 0.18482 0.23736
v 0.05692 0.20994 0.23885
v 0.10021 0.21596 0.25942
v 0.06010 0.09391 0.34060
v 0.04733 0.07846 0.34640
v 0.00000 -0.01630 0.36785
v 0.00000 -0.01630 0.36785
v 0.00000 -0.01529 0.37270
v 0.00000 0.19130 0.17922
v 0.08234 0.14074 0.30862
v 0.03214 0.05658 0.35049
v 0.01202 0.02277 0.36570
v 0.03939 0.05615 0.34722
v 0.10021 0.21596 0.25942
v 0.00000 -0.00260 0.37571
v 0.06562 0.17098 0.27393
v 0.09187 0.22232 0.23978
v 0.06562 0.17098 0.27393
v 0.07190 0.19652 0.28022
v 0.07964 0.11059 0.32400
v 0.08070 0.10146 0.32806
v 0.00000 0.02344 0.36819
v 0.06895 0.22956 0.24353
v 0.00000 0.19130 0.17922
v 0.01397 0.05749 0.36488
v 0.04733 0.07846 0.34640
v 0.03937 0.08280 0.35061
v 0.06010 0.09391 0.34060
v 0.05589 0.10297 0.34110
v 0.08072 0.22128 0.27774
v 0.08466 0.23144 0.25673
v 0.03429 0.13586 0.34034
v 0.04726 0.18174 0.26602
v 0.08466 0.23144 0.25673
v 0.00000 0.05788 0.36819
v 0.04726 0.18174 0.26602
v 0.05117 0.20618 0.27106
v 0.03226 0.16780 0.29926
v 0.05117 0.20618 0.27106
v 0.04726 0.18174 0.26602
v 0.00000 0.19197 0.24237
v 0.02118 0.18768 0.25668
v 0.06410 0.22889 0.26838
v 0.06410 0.22889 0.26838
v 0.02400 0.10378 0.35671
v 0.01502 0.18015 0.28515
v 0.00000 0.09548 0.36612
v 0.00976 0.10848 0.36037
v 0.01352 0.16033 0.32132
v 0.01422 0.14750 0.33539
v 0.00000 0.17795 0.29049
v 0.06714 -0.23060 0.25089
v 0.04844 -0.23065 0.23306
v 0.00000 0.16491 0.31581
v 0.00000 0.11017 0.38084
v 0.00000 0.14283 0.34081
v 0.00000 0.11968 0.35730
v 0.00000 0.23262 0.28003
v 0.00000 0.17492 0.34783
v 0.03555 -0.18714 0.00934
v 0.02950 -0.18734 -0.01722
v 0.01485 -0.22963 0.04586
v 0.03757 -0.11877 -0.07622
v 0.06341 -0.18779 0.01439
v 0.01182 -0.10738 -0.09574
v 0.02150 -0.16534 -0.01904
v 0.02595 -0.17031 -0.01891
v 0.08120 -0.14805 -0.00832
v 0.00000 -0.11452 -0.10460
v 0.03821 -0.21514 0.03212
v 0.03284 -0.20778 0.02262
v 0.01485 -0.22963 0.04586
v 0.05272 -0.23187 0.06765
v 0.02499 -0.21576 0.01626
v 0.03284 -0.20778 0.02262
v 0.04335 -0.21476 0.03456
v 0.03821 -0.21514 0.03212
v 0.05560 -0.20495 0.03160
v 0.03503 -0.19431 0.00937
v 0.02947 -0.19423 -0.01619
v 0.04335 -0.21476 0.03456
v 0.06339 -0.19369 0.01507
v 0.02950 -0.18734 -0.01722
v 0.05560 -0.20495 0.03160
v 0.03296 -0.12870 -0.08326
v 0.04158 -0.23153 0.03301
v 0.03757 -0.11877 -0.07622
v 0.04158 -0.23153 0.03301
v 0.04158 -0.23153 0.03301
v 0.02499 -0.21576 0.01626
v 0.06691 -0.21567 0.03688
v 0.05272 -0.23187 0.06765
v 0.02375 -0.23027 0.01267
v 0.04158 -0.23153 0.03301
v 0.02334 -0.14009 -0.10567
v 0.02375 -0.23027 0.01267
v 0.02947 -0.19423 -0.01619
v 0.00000 -0.17301 -0.06429
v 0.01985 -0.16668 -0.06691
v 0.03822 -0.16625 -0.05599
v 0.03497 -0.15392 -0.06339
v 0.04158 -0.23153 0.03301
v 0.06924 -0.23166 0.03561
v 0.02375 -0.23027 0.01267
v 0.07878 -0.20689 0.02657
v 0.06691 -0.21567 0.03688
v 0.07210 -0.21581 0.03493
v 0.04357 -0.13332 -0.07303
v 0.02576 -0.23172 -0.00808
v 0.07056 -0.14859 -0.05172
v 0.06924 -0.23166 0.03561
v 0.04357 -0.13332 -0.07303
v 0.05026 -0.14865 -0.06578
v 0.03497 -0.15392 -0.06339
v 0.00000 -0.13643 -0.14216
v 0.01703 -0.15293 -0.14198
v 0.07210 -0.21581 0.03493
v 0.06924 -0.23166 0.03561
v 0.07878 -0.20689 0.02657
v 0.04175 -0.19492 -0.04359
v 0.04104 -0.18849 -0.04544
v 0.06924 -0.23166 0.03561
v 0.01739 -0.17406 -0.10211
v 0.00000 -0.18091 -0.10112
v 0.02576 -0.23172 -0.00808
v 0.09447 -0.23122 0.05333
v 0.08812 -0.21445 0.02003
v 0.08812 -0.21445 0.02003
v 0.08586 -0.18711 -0.00818
v 0.06924 -0.23166 0.03561
v 0.06924 -0.23166 0.03561
v 0.08897 -0.23188 -0.00945
v 0.08952 -0.23174 0.01829
v 0.09447 -0.23122 0.05333
v 0.08952 -0.23174 0.01829
v 0.08721 -0.19549 -0.00900
v 0.07395 -0.18811 -0.04339
v 0.08952 -0.23174 0.01829
v 0.08952 -0.23174 0.01829
v 0.07469 -0.19554 -0.04189
v 0.01401 -0.17963 -0.14170
v 0.00000 -0.18561 -0.14167
v 0.04065 -0.23179 -0.03525
v 0.07477 -0.23209 -0.03598
v 0.00000 -0.05966 -0.24721
v 0.01568 -0.15338 -0.18732
v 0.00000 -0.13721 -0.18732
v 0.08897 -0.23188 -0.00945
v 0.07477 -0.23209 -0.03598
v 0.00000 -0.11448 -0.21602
v 0.02752 -0.09793 -0.23725
v 0.02748 -0.13649 -0.22200
v 0.00000 -0.14047 -0.24821
v 0.00000 -0.05966 -0.24721
v 0.00000 -0.18587 -0.18732
v 0.01396 -0.17939 -0.18732
v 0.02752 -0.09793 -0.23725
v 0.02114 -0.17610 -0.23250
v 0.00000 -0.18381 -0.23701
v 0.06959 -0.08570 -0.27987
v 0.06959 -0.08570 -0.27987
v 0.05248 -0.14713 -0.26126
v 0.05248 -0.14713 -0.26126
v 0.04291 -0.16838 -0.27558
v 0.00000 -0.18596 -0.28812
v 0.05826 -0.15464 -0.28519
v 0.04291 -0.16838 -0.27558
v 0.03071 -0.18517 -0.31488
v 0.00000 -0.18596 -0.28812
v 0.05826 -0.15464 -0.28519
v 0.03071 -0.18517 -0.31488
v 0.07005 -0.21202 0.25439
v 0.06195 -0.21288 0.25182
v 0.05484 -0.20722 0.24399
v 0.10838 -0.20399 0.24309
v 0.09732 -0.23073 0.25124
v 0.09732 -0.23073 0.25124
v 0.09732 -0.23073 0.25124
v 0.06714 -0.23060 0.25089
v 0.04844 -0.23065 0.23306
v 0.06714 -0.23060 0.25089
v 0.11873 -0.23060 0.23184
v 0.05346 -0.16219 0.15140
v 0.00000 -0.02638 0.12294
v 0.08674 0.17622 0.19432
v 0.01149 -0.09239 -0.08123
v 0.00000 -0.08744 -0.07966
v 0.02058 -0.05468 -0.04279
v 0.00000 -0.05943 -0.05397
v 0.02176 -0.04478 -0.01633
v 0.00000 -0.04098 -0.00230
v 0.00873 -0.04376 0.03603
v 0.00000 -0.04199 0.03320
v 0.01453 -0.04698 0.04547
v 0.01251 -0.04989 0.06130
v 0.00000 -0.05001 0.06962
v 0.01182 -0.10738 -0.09574
v 0.00000 -0.11452 -0.10460
v 0.01558 0.00798 0.11126
v 0.01253 -0.01435 0.11899
v 0.00000 -0.01917 0.11961
v 0.00000 0.02001 0.10768
v 0.00000 0.08689 0.10179
v 0.01653 0.09387 0.10322
v 0.01905 0.12352 0.10955
v 0.00000 0.14005 0.11444
v 0.00000 0.17181 0.13572
v 0.02311 0.18076 0.15809
v 0.00000 0.19130 0.17922
v 0.00000 0.19197 0.24237
v 0.02118 0.18768 0.25668
v 0.01502 0.18015 0.28515
v 0.00000 0.09548 0.36612
v 0.00976 0.10848 0.36037
v 0.01352 0.16033 0.32132
v 0.01422 0.14750 0.33539
v 0.00000 0.17795 0.29049
v 0.00000 0.16491 0.31581
v 0.00000 0.14283 0.34081
v 0.00000 0.11968 0.35730
v 0.10881 -0.08716 0.09273
v 0.15767 -0.04945 0.10375
v 0.14773 -0.08699 0.07419
v 0.12802 -0.06674 0.10623
v 0.14773 -0.08699 0.07419
v 0.15314 -0.04204 0.09115
v 0.12227 -0.06033 0.09471
v 0.10881 -0.08716 0.09273
v 0.07162 -0.10004 0.10590
v 0.07162 -0.10004 0.10590
v 0.19800 -0.10621 0.04964
v 0.19800 -0.10621 0.04964
v 0.30552 -0.01848 0.07322
v 0.35395 -0.03722 0.04668
v 0.15767 -0.04945 0.10375
v 0.30371 -0.03252 0.06043
v 0.35118 -0.04870 0.03699
v 0.20782 -0.10220 0.05576
v 0.20908 -0.00230 0.11431
v 0.21207 -0.13435 0.03163
v 0.20709 -0.02286 0.09556
v 0.21602 -0.01642 0.09588
v 0.20266 0.02336 0.11550
v 0.30346 -0.00099 0.07065
v 0.35308 -0.02539 0.04479
v 0.39867 -0.07722 0.01042
v 0.39944 -0.07099 0.01039
v 0.16499 -0.01571 0.09550
v 0.11584 -0.04407 0.10058
v 0.30092 -0.00712 0.05493
v 0.35101 -0.03033 0.03412
v 0.30346 -0.00099 0.07065
v 0.35308 -0.02539 0.04479
v 0.39944 -0.07099 0.01039
v 0.11876 -0.04444 0.11671
v 0.16656 -0.01566 0.10920
v 0.20213 -0.01399 0.08169
v 0.30055 -0.02179 0.04837
v 0.34956 -0.04130 0.02909
v 0.39775 -0.07464 0.00595
v 0.20309 -0.09526 0.04490
v 0.20100 0.01222 0.09141
v 0.19800 -0.10621 0.04964
v 0.21207 -0.13435 0.03163
v 0.21487 -0.09334 0.04757
v 0.39775 -0.07464 0.00595
v 0.38425 -0.06824 0.01443
v 0.12604 -0.05750 0.12194
v 0.05715 -0.09853 0.09884
v 0.07162 -0.10004 0.10590
v 0.06696 -0.11082 0.12229
v 0.06646 -0.08719 0.13953
v 0.05260 -0.06782 0.13597
v 0.05260 -0.06782 0.13597
v 0.05102 -0.06753 0.11702
v 0.11876 -0.04444 0.11671
v 0.17206 -0.02827 0.11338
v 0.16656 -0.01566 0.10920
v 0.20266 0.02336 0.11550
v 0.12227 -0.06033 0.09471
v 0.12802 -0.06674 0.10623
v 0.19800 -0.10621 0.04964
v 0.07162 -0.10004 0.10590
v 0.15314 -0.04204 0.09115
v 0.38425 -0.06824 0.01443
v 0.21148 -0.00714 0.08044
v 0.21487 -0.09334 0.04757
v 0.23063 -0.07024 0.05299
v 0.21602 -0.01642 0.09588
v 0.30154 -0.04969 0.04100
v 0.26006 -0.05482 0.05051
v 0.34996 -0.05861 0.02571
v 0.34956 -0.04130 0.02909
v 0.23063 -0.07024 0.05299
v 0.21487 -0.09334 0.04757
v 0.38425 -0.06824 0.01443
v 0.35118 -0.04870 0.03699
v 0.38425 -0.06824 0.01443
v 0.34996 -0.05861 0.02571
v 0.30371 -0.03252 0.06043
v 0.30055 -0.02179 0.04837
v 0.30154 -0.04969 0.04100
v 0.21148 -0.00714 0.08044
v 0.20213 -0.01399 0.08169
v 0.21487 -0.09334 0.04757
v 0.20709 -0.02286 0.09556
v 0.26006 -0.05482 0.05051
v 0.14490 0.19641 0.10280
v 0.05575 -0.07815 0.19769
v 0.05715 -0.09853 0.09884
v -0.00000 -0.03761 -0.30493
v -0.00000 -0.05984 -0.35861
v 0.05375 -0.05984 -0.30493
v 0.00000 -0.11352 -0.38084
v 0.05375 -0.11352 -0.35861
v 0.07599 -0.11352 -0.30493
v -0.00000 -0.05984 -0.25126
v 0.04765 -0.10964 -0.25337
v 0.00000 -0.11352 -0.22903
v -0.00000 -0.18942 -0.30493
v 0.05375 -0.16719 -0.30493
v -0.00000 -0.16719 -0.35861
v -0.00000 -0.16719 -0.25126
v 0.07678 -0.15210 0.01533
v 0.04993 -0.16924 0.21533
v 0.06880 -0.16722 0.22712
v 0.10657 -0.16755 0.20194
v 0.10458 -0.17341 0.16606
v 0.11001 0.08367 0.27916
v 0.08849 0.10994 0.29039
v 0.05780 0.11662 0.30667
v 0.02966 0.10115 0.32180
v 0.01481 0.06944 0.32998
v 0.01893 0.03361 0.32810
v 0.04044 0.00734 0.31687
v 0.07113 0.00066 0.30059
v 0.09928 0.01613 0.28546
v 0.11413 0.04784 0.27728
v 0.11058 0.07936 0.29964
v 0.09291 0.10093 0.30885
v 0.06771 0.10641 0.32223
v 0.04460 0.09371 0.33464
v 0.03241 0.06767 0.34136
v 0.03579 0.03825 0.33982
v 0.05346 0.01668 0.33060
v 0.07866 0.01120 0.31723
v 0.10177 0.02390 0.30481
v 0.11396 0.04993 0.29809
v 0.09868 0.06970 0.32184
v 0.08939 0.08104 0.32668
v 0.07614 0.08392 0.33372
v 0.06399 0.07724 0.34024
v 0.05758 0.06355 0.34378
v 0.05936 0.04809 0.34296
v 0.06864 0.03675 0.33812
v 0.08189 0.03386 0.33109
v 0.09404 0.04054 0.32456
v 0.10045 0.05423 0.32103
v 0.08112 0.05893 0.33657
v -0.11017 0.08367 0.27916
v -0.08865 0.10994 0.29039
v -0.05796 0.11662 0.30667
v -0.02982 0.10115 0.32180
v -0.01497 0.06944 0.32998
v -0.01908 0.03361 0.32810
v -0.04060 0.00734 0.31687
v -0.07129 0.00066 0.30059
v -0.09944 0.01613 0.28546
v -0.11428 0.04784 0.27728
v -0.11074 0.07936 0.29964
v -0.09307 0.10093 0.30885
v -0.06787 0.10641 0.32223
v -0.04476 0.09371 0.33464
v -0.03257 0.06767 0.34136
v -0.03595 0.03825 0.33982
v -0.05361 0.01668 0.33060
v -0.07882 0.01120 0.31723
v -0.10193 0.02390 0.30481
v -0.11412 0.04993 0.29809
v -0.09883 0.06970 0.32184
v -0.08955 0.08104 0.32668
v -0.07630 0.08392 0.33372
v -0.06415 0.07724 0.34024
v -0.05774 0.06355 0.34378
v -0.05952 0.04809 0.34296
v -0.06880 0.03675 0.33812
v -0.08205 0.03386 0.33109
v -0.09420 0.04054 0.32456
v -0.10061 0.05423 0.32103
v -0.08128 0.05893 0.33657
v -0.00000 -0.07922 -0.11192
v 0.01149 -0.09239 -0.08123
v 0.02653 -0.10206 -0.08109
v 0.03711 -0.08239 -0.06432
v 0.03389 -0.17076 0.01980
v 0.02512 -0.17070 -0.00619
v 0.02179 -0.16512 -0.00577
v 0.03248 -0.16068 0.02733
v 0.07368 -0.10948 -0.02667
v 0.06326 -0.07899 -0.02723
v 0.05214 -0.09777 -0.06249
v 0.06334 -0.11943 -0.05986
v 0.08116 -0.14749 0.00906
v 0.07055 -0.15215 0.03023
v 0.06707 -0.11870 0.03477
v 0.07322 -0.10991 0.01138
v 0.05573 -0.17289 0.02559
v 0.05522 -0.15554 0.03542
v 0.07264 -0.17202 0.02038
v 0.05214 -0.09777 -0.06249
v 0.06326 -0.07899 -0.02723
v 0.04494 -0.06023 -0.02797
v -0.00000 -0.16711 -0.02898
v -0.00000 -0.16543 -0.00557
v -0.00000 -0.08744 -0.07966
v 0.02179 -0.16512 -0.00577
v 0.03248 -0.16068 0.02733
v 0.04710 -0.15108 0.03706
v -0.00000 -0.06989 -0.06475
v -0.00000 -0.16742 0.02505
v 0.06293 -0.07933 0.01090
v 0.06034 -0.12109 0.04292
v 0.04710 -0.15108 0.03706
v 0.02058 -0.05468 -0.04279
v 0.10506 -0.23319 0.18368
v 0.10890 -0.22774 0.18080
v 0.08469 -0.22790 0.17119
v 0.08444 -0.23319 0.17606
v 0.02480 -0.17605 0.07869
v 0.11470 -0.23319 0.21159
v 0.11948 -0.22713 0.21211
v 0.06034 -0.12109 0.04292
v 0.10894 -0.20696 0.17594
v 0.08462 -0.20696 0.16631
v 0.06293 -0.07933 0.01090
v 0.04459 -0.05525 0.01087
v 0.06091 -0.08423 0.02915
v 0.11926 -0.20739 0.20928
v -0.00000 -0.17954 0.07756
v -0.00000 -0.05943 -0.05397
v 0.06299 -0.23319 0.18036
v 0.06033 -0.22798 0.17602
v 0.04745 -0.16177 0.08128
v 0.10785 -0.19319 0.17268
v 0.08410 -0.19460 0.16462
v 0.11662 -0.23319 0.23112
v 0.12084 -0.22801 0.23255
v 0.05853 -0.08727 0.04317
v 0.06104 -0.12569 0.08316
v 0.11355 -0.18881 0.20302
v 0.11617 -0.19789 0.20595
v 0.05973 -0.20734 0.17310
v 0.10586 -0.17699 0.16495
v 0.08214 -0.17754 0.15338
v 0.11783 -0.21313 0.23559
v 0.06091 -0.08423 0.02915
v 0.11159 -0.17513 0.19578
v 0.02176 -0.04478 -0.01633
v 0.10223 -0.15913 0.15639
v 0.04857 -0.16896 0.12546
v 0.05848 -0.19520 0.17133
v 0.07936 -0.16074 0.14352
v 0.06299 -0.23319 0.18036
v 0.06033 -0.22798 0.17602
v 0.04555 -0.22697 0.20365
v 0.10810 -0.15695 0.18698
v 0.02556 -0.18525 0.12669
v 0.05853 -0.08727 0.04317
v 0.11339 -0.19531 0.21899
v 0.06593 -0.12827 0.11939
v 0.05690 -0.17968 0.16420
v -0.00000 -0.00874 -0.05011
v 0.12373 -0.22863 0.24479
v 0.12338 -0.21782 0.25211
v 0.11783 -0.21313 0.23559
v 0.09625 -0.13746 0.14596
v 0.12645 -0.23001 0.26871
v 0.11758 -0.21238 0.25632
v 0.10838 -0.20399 0.24309
v 0.04186 -0.06009 0.04424
v 0.05973 -0.20734 0.17310
v 0.04444 -0.20407 0.20186
v 0.05562 -0.16881 0.15906
v 0.12645 -0.23001 0.26871
v 0.12373 -0.22863 0.24479
v 0.10479 -0.22873 0.25819
v 0.31459 0.23370 0.00552
v 0.29282 0.20281 0.01380
v 0.29501 0.20394 0.01837
v -0.00000 -0.18851 0.12726
v 0.09494 -0.18470 0.22950
v 0.09612 -0.19292 0.24111
v 0.10106 -0.13286 0.17613
v 0.05848 -0.19520 0.17133
v 0.05133 -0.16456 0.14996
v 0.07673 -0.13185 0.13162
v 0.05014 -0.23319 0.20467
v 0.31459 0.23370 0.00552
v 0.29501 0.20394 0.01837
v 0.29067 0.21540 0.02425
v 0.06044 -0.08851 0.08360
v 0.09409 -0.17326 0.22226
v 0.11173 -0.21788 0.26035
v 0.10479 -0.22873 0.25819
v 0.06908 -0.12876 0.12822
v 0.02218 -0.04361 0.01244
v 0.06908 -0.12876 0.12822
v 0.08860 -0.11553 0.14055
v 0.02619 -0.18439 0.16104
v 0.10506 -0.23319 0.18368
v 0.08444 -0.23319 0.17606
v 0.06299 -0.23319 0.18036
v 0.28102 0.22665 0.01282
v 0.09200 -0.15537 0.21329
v 0.29418 0.21452 0.02946
v 0.10195 -0.21398 0.25252
v 0.02253 -0.04864 0.04515
v 0.05559 -0.15983 0.15284
v 0.07750 -0.10389 0.12589
v 0.04393 -0.19108 0.19495
v 0.08289 -0.09075 0.13561
v 0.05690 -0.17968 0.16420
v 0.04386 -0.17956 0.19193
v 0.07153 -0.09701 0.11861
v 0.07750 -0.10389 0.12589
v 0.09714 -0.20273 0.24934
v 0.09185 -0.11153 0.16895
v -0.00000 -0.04098 -0.00230
v -0.00000 -0.18764 0.16253
v 0.25846 0.17135 0.04993
v 0.25272 0.16863 0.04266
v 0.28613 0.22924 0.02762
v -0.00000 -0.04089 0.01274
v 0.28155 0.23282 0.02114
v 0.28155 0.23282 0.02114
v 0.09730 -0.21714 0.25536
v 0.09420 -0.22910 0.26594
v 0.05562 -0.16881 0.15906
v 0.04392 -0.17166 0.19040
v 0.05090 -0.23319 0.23296
v 0.04598 -0.22811 0.23316
v 0.09179 -0.20866 0.25402
v 0.25846 0.17135 0.04993
v 0.24818 0.18364 0.05826
v 0.08787 -0.13093 0.20240
v 0.05559 -0.15983 0.15284
v 0.04259 -0.16739 0.18984
v 0.04259 -0.16739 0.18984
v 0.03974 -0.16838 0.19137
v 0.08289 -0.09075 0.13561
v 0.07333 -0.07583 0.13240
v 0.04314 -0.06460 0.08402
v 0.05014 -0.23319 0.20467
v 0.11470 -0.23319 0.21159
v 0.08973 -0.21829 0.27248
v 0.24178 0.14580 0.06781
v 0.23200 0.14485 0.05890
v 0.26991 0.21020 0.05056
v 0.26369 0.20341 0.04142
v 0.06957 -0.18475 0.23337
v 0.08259 -0.23093 0.28872
v 0.08259 -0.23093 0.28872
v 0.09420 -0.22910 0.26594
v 0.07099 -0.22910 0.26594
v 0.06913 -0.19285 0.24252
v 0.08267 -0.20344 0.25206
v 0.02742 -0.17658 0.19450
v 0.06953 -0.17334 0.22548
v 0.08267 -0.20344 0.25206
v 0.08676 -0.08269 0.16226
v 0.04497 -0.21866 0.23563
v 0.08259 -0.21339 0.27268
v 0.24178 0.14580 0.06781
v 0.23174 0.16328 0.07829
v 0.19568 0.09604 0.09446
v 0.06838 -0.15537 0.21824
v 0.00873 -0.04376 0.03603
v -0.00000 -0.04199 0.03320
v 0.01453 -0.04698 0.04547
v 0.07327 -0.20844 0.25372
v 0.08246 -0.11122 0.19439
v 0.04922 -0.18674 0.22119
v 0.04955 -0.17604 0.21636
v 0.24197 0.18532 0.05796
v 0.21942 0.20721 0.04643
v 0.06785 -0.21852 0.25506
v 0.04771 -0.19712 0.23043
v 0.07546 -0.21829 0.27248
v 0.07099 -0.22910 0.26594
v -0.00000 -0.18052 0.19724
v 0.05411 -0.06195 0.12277
v 0.08676 -0.08269 0.16226
v 0.07916 -0.06747 0.16052
v 0.05253 -0.21718 0.25929
v 0.06300 -0.21466 0.25182
v 0.03875 -0.22819 0.26716
v 0.05909 -0.22793 0.25802
v 0.04197 -0.22794 0.24508
v 0.05030 -0.15691 0.21136
v 0.04754 -0.15030 0.20670
v 0.02203 -0.05498 0.08556
v 0.04203 -0.21755 0.25135
v 0.04497 -0.21866 0.23563
v 0.04851 -0.21148 0.23882
v 0.20570 0.09828 0.10811
v 0.23680 0.19818 0.06212
v 0.04754 -0.15030 0.20670
v 0.04337 -0.15827 0.21040
v 0.01250 -0.04989 0.06130
v 0.06619 -0.13143 0.21076
v 0.04722 -0.21325 0.25521
v 0.05484 -0.20722 0.24399
v 0.05909 -0.22793 0.25802
v 0.03875 -0.22819 0.26716
v 0.04197 -0.22794 0.24508
v 0.05090 -0.23319 0.23296
v 0.11662 -0.23319 0.23112
v 0.24227 0.20251 0.07367
v 0.22398 0.16824 0.07493
v 0.07845 -0.08546 0.18915
v 0.20494 0.16782 0.05400
v -0.00000 -0.01818 0.04904
v 0.02897 -0.16579 0.22267
v 0.06482 -0.11097 0.20406
v 0.23411 0.21418 0.07197
v 0.05552 -0.13252 0.20952
v 0.03882 -0.05557 0.11867
v -0.00000 -0.05001 0.06962
v 0.05091 -0.13322 0.20837
v 0.22231 0.22021 0.06238
v 0.16549 0.07330 0.12174
v 0.17758 0.07467 0.13693
v 0.15807 0.13579 0.08192
v 0.20570 0.09828 0.10811
v 0.19747 0.12237 0.11612
v 0.06032 -0.05019 0.14930
v 0.04485 -0.14469 0.21651
v 0.21441 0.17787 0.07575
v -0.00000 -0.05313 0.08882
v 0.04864 -0.13401 0.20902
v -0.00000 -0.16928 0.22977
v 0.07079 -0.06957 0.18572
v 0.07845 -0.08546 0.18915
v 0.13645 0.09117 0.10556
v 0.22231 0.22021 0.06238
v 0.06748 -0.23319 0.24886
v 0.09641 -0.23319 0.24868
v 0.05537 -0.11165 0.20545
v 0.03860 -0.04599 0.13142
v 0.21245 0.18828 0.08229
v 0.04684 -0.13369 0.21872
v 0.04864 -0.13401 0.20902
v 0.05000 -0.11111 0.20598
v 0.02158 -0.05098 0.11462
v 0.12042 0.00012 0.15258
v 0.10420 -0.01448 0.15349
v 0.11564 -0.02595 0.18652
v 0.10420 -0.01448 0.15349
v 0.12042 0.00012 0.15258
v 0.21949 0.19285 0.09785
v 0.17758 0.07467 0.13693
v 0.17019 0.09619 0.14840
v 0.05000 -0.11111 0.20598
v 0.03089 -0.15210 0.23776
v 0.06298 -0.05419 0.17280
v 0.13643 -0.00952 0.18881
v 0.07666 -0.02830 0.15416
v 0.08667 -0.03787 0.18576
v 0.07666 -0.02830 0.15416
v 0.14731 0.00873 0.19301
v 0.18740 0.13020 0.11336
v 0.18789 0.19959 0.06563
v -0.00000 -0.04916 0.11101
v 0.02110 -0.04324 0.12323
v 0.05406 -0.09446 0.20214
v 0.06086 -0.09058 0.19954
v 0.06086 -0.09058 0.19954
v 0.13696 0.03160 0.15259
v 0.08021 0.00348 0.12575
v 0.20777 0.21167 0.09802
v 0.06159 -0.02361 0.14174
v 0.05392 -0.04264 0.15341
v 0.03784 -0.03731 0.13677
v 0.09383 0.04710 0.11858
v 0.13696 0.03160 0.15259
v 0.05406 -0.09446 0.20214
v 0.19285 0.21906 0.08672
v 0.05800 -0.04797 0.17301
v 0.05575 -0.07815 0.19769
v 0.13757 -0.01983 0.22880
v 0.11607 -0.03602 0.22218
v 0.05424 -0.03587 0.15396
v 0.15251 0.02959 0.19961
v 0.05939 -0.04126 0.17385
v 0.05424 -0.03587 0.15396
v 0.13651 0.19116 0.10149
v -0.00000 -0.15587 0.24841
v 0.14831 -0.00182 0.23542
v 0.04401 -0.11138 0.22415
v 0.13557 0.05871 0.14632
v 0.14444 0.05920 0.16764
v 0.05424 -0.03587 0.15396
v 0.03794 -0.02955 0.13540
v 0.03964 -0.01926 0.12919
v 0.15587 0.10523 0.14825
v 0.03794 -0.02955 0.13540
v 0.01981 -0.03438 0.12825
v 0.05211 -0.06116 0.19418
v 0.13557 0.05871 0.14632
v -0.00000 -0.04208 0.11939
v 0.05939 -0.04126 0.17385
v 0.04070 0.00960 0.11430
v 0.05571 -0.04728 0.19651
v 0.11337 0.07843 0.12726
v 0.19285 0.21906 0.08672
v 0.10570 0.13249 0.10615
v 0.03112 -0.13578 0.24149
v 0.14444 0.05920 0.16764
v 0.14444 0.05920 0.16764
v 0.01947 -0.02670 0.12680
v 0.04577 -0.10551 0.22765
v 0.17668 0.15262 0.11796
v -0.00000 -0.03294 0.12350
v 0.11337 0.07843 0.12726
v 0.01947 -0.02670 0.12680
v 0.15094 0.01717 0.24243
v 0.04117 0.04411 0.10423
v 0.05254 -0.05346 0.19500
v 0.10115 -0.04235 0.25134
v 0.01845 0.00006 0.11373
v 0.15024 0.04733 0.20651
v 0.06748 -0.23319 0.24886
v 0.06680 -0.22801 0.25293
v 0.05571 -0.04728 0.19651
v 0.12084 -0.22801 0.23255
v 0.09824 -0.22827 0.25380
v -0.00000 -0.02638 0.12294
v 0.04662 -0.08872 0.22633
v 0.14424 0.07398 0.18582
v 0.14444 0.05920 0.16764
v 0.02266 -0.11850 0.24779
v 0.01271 0.01591 0.10879
v 0.08514 0.12222 0.11955
v 0.04156 0.11457 0.10985
v 0.14169 0.13524 0.15561
v -0.00000 0.00302 0.08245
v 0.01253 -0.01435 0.11899
v 0.08514 0.12222 0.11955
v 0.17330 0.16798 0.12550
v -0.00000 -0.13804 0.25243
v 0.15075 0.09546 0.17231
v 0.14144 0.10353 0.16565
v -0.00000 -0.01917 0.11961
v 0.02389 -0.11354 0.25211
v 0.14424 0.07398 0.18582
v 0.14870 0.03334 0.24805
v 0.04300 -0.07017 0.22397
v 0.14605 0.21220 0.13036
v 0.12276 -0.02851 0.26488
v 0.02422 -0.09620 0.25036
v -0.00000 0.02001 0.10768
v 0.04210 -0.06105 0.22593
v -0.00000 -0.11966 0.25222
v 0.18300 0.17281 0.14235
v 0.07068 -0.04862 0.23632
v 0.14163 0.07426 0.21781
v 0.13323 -0.00944 0.27408
v 0.04259 -0.05425 0.23000
v 0.14605 0.21220 0.13036
v 0.02461 -0.07570 0.24282
v 0.09641 -0.23319 0.24868
v 0.09824 -0.22827 0.25380
v 0.12944 0.12191 0.17936
v -0.00000 -0.11495 0.25612
v -0.00000 0.04651 0.10229
v 0.04259 -0.05425 0.23000
v 0.04344 -0.05275 0.25749
v 0.08504 -0.04501 0.27171
v 0.13987 0.15154 0.16712
v 0.02394 -0.06535 0.24454
v 0.13510 0.00687 0.28134
v 0.13169 0.12063 0.18586
v 0.13990 0.06033 0.25283
v 0.09407 -0.03767 0.29328
v -0.00000 -0.09833 0.25439
v 0.09711 0.17842 0.13176
v 0.16826 0.20090 0.14624
v 0.02412 -0.05822 0.24788
v 0.11399 -0.01964 0.29438
v 0.11892 -0.00913 0.29670
v 0.09813 -0.02570 0.30516
v -0.00000 -0.07624 0.24674
v 0.14883 0.15401 0.17820
v 0.13078 0.01912 0.28780
v 0.02412 -0.05822 0.24788
v 0.02640 -0.05478 0.26361
v 0.12214 0.00169 0.29914
v 0.12898 0.12042 0.20082
v -0.00000 0.08689 0.10179
v 0.01653 0.09387 0.10322
v 0.12898 0.12042 0.20082
v -0.00000 -0.06701 0.24862
v 0.13071 0.10912 0.22988
v 0.07726 0.16360 0.14524
v 0.02144 0.11468 0.10702
v 0.10910 -0.01255 0.30403
v 0.11438 -0.00611 0.30283
v -0.00000 -0.05873 0.25321
v 0.09754 -0.01678 0.31228
v 0.13253 0.18453 0.18706
v 0.11716 0.00019 0.30388
v 0.05433 -0.04891 0.28793
v 0.11730 0.01268 0.30473
v 0.12973 0.09479 0.26374
v 0.12214 0.14706 0.19016
v 0.03001 -0.05191 0.29674
v -0.00000 -0.05873 0.25321
v -0.00000 -0.05599 0.26834
v -0.00000 0.11084 0.06786
v 0.10909 -0.00332 0.30650
v 0.10384 -0.00767 0.30998
v 0.06196 -0.04244 0.31213
v 0.12912 0.05252 0.27520
v 0.12683 0.04380 0.28267
v 0.11452 0.00337 0.30784
v 0.11087 -0.00099 0.30659
v 0.07726 0.16360 0.14524
v 0.03791 0.16035 0.13241
v 0.10939 -0.00086 0.30798
v 0.09484 -0.01038 0.31658
v 0.10519 -0.00153 0.30304
v 0.10416 -0.00283 0.30374
v 0.10434 -0.00106 0.30414
v 0.09965 -0.00602 0.30688
v 0.11925 0.03105 0.29637
v 0.12153 0.08001 0.28383
v 0.08481 -0.00993 0.29641
v 0.10519 -0.00153 0.30304
v 0.10416 -0.00283 0.30374
v 0.10339 -0.00558 0.31111
v 0.09979 -0.00472 0.30578
v 0.09965 -0.00602 0.30688
v 0.10524 -0.00200 0.31427
v 0.09824 -0.22827 0.25380
v 0.06680 -0.22801 0.25293
v 0.10896 0.19633 0.16670
v 0.08291 -0.00431 0.29944
v 0.10434 -0.00106 0.30414
v 0.09122 -0.00788 0.31310
v 0.12238 0.05149 0.28621
v 0.12079 0.04603 0.29007
v 0.10533 0.00555 0.31557
v 0.01667 0.13237 0.11207
v 0.09979 -0.00472 0.30578
v 0.09122 -0.00788 0.31310
v 0.09104 -0.00727 0.31259
v 0.09399 -0.00817 0.31809
v 0.11049 0.02202 0.30833
v 0.09501 -0.00472 0.32211
v 0.06542 -0.03298 0.32592
v 0.09104 -0.00727 0.31259
v 0.11472 0.03625 0.30034
v 0.03514 -0.04509 0.32713
v 0.11743 0.07314 0.29663
v 0.05620 -0.00728 0.29116
v 0.05252 -0.01639 0.28539
v 0.09331 0.00153 0.32441
v 0.07459 -0.01564 0.31894
v 0.10896 0.19633 0.16670
v 0.10622 0.02807 0.31153
v 0.09976 0.01680 0.31812
v 0.11577 0.14995 0.20748
v 0.06748 -0.23319 0.24886
v 0.09641 -0.23319 0.24868
v 0.06435 -0.00912 0.33534
v -0.00000 0.14005 0.11444
v 0.06054 -0.00748 0.32580
v 0.11577 0.14995 0.20748
v 0.03608 -0.00479 0.30951
v 0.06695 -0.02212 0.33406
v 0.09668 0.02344 0.32075
v 0.02767 -0.02334 0.29297
v 0.06435 -0.00912 0.33534
v 0.02597 -0.01818 0.27670
v -0.00000 -0.05396 0.30297
v 0.02279 -0.00877 0.28479
v 0.01529 -0.04611 0.33430
v 0.08800 0.01460 0.32607
v 0.03813 -0.03636 0.34474
v 0.06605 0.05420 0.30395
v 0.12238 0.05149 0.28621
v 0.12079 0.04603 0.29007
v 0.06656 -0.01304 0.33744
v 0.08593 0.02113 0.32795
v 0.11472 0.03625 0.30034
v -0.00000 -0.01791 0.27345
v -0.00000 -0.02493 0.29836
v 0.11003 0.14731 0.24402
v 0.11743 0.07314 0.29663
v -0.00000 -0.00852 0.28348
v 0.10299 0.16275 0.21162
v 0.10622 0.02807 0.31153
v -0.00000 -0.04660 0.33673
v 0.06418 -0.00878 0.33510
v 0.11326 0.12718 0.28360
v 0.09668 0.02344 0.32075
v 0.02419 -0.02069 0.34401
v 0.08674 0.17622 0.19432
v 0.06418 -0.00878 0.33510
v 0.06684 -0.00829 0.33966
v 0.03972 -0.02643 0.35304
v 0.06810 -0.00456 0.34158
v 0.10299 0.16275 0.21162
v 0.06808 0.00010 0.34064
v 0.01650 -0.03832 0.35110
v 0.08593 0.02113 0.32795
v 0.10556 0.10349 0.30177
v 0.08674 0.17622 0.19432
v -0.00000 -0.02464 0.35124
v 0.10497 0.09262 0.31042
v 0.06831 0.01348 0.33422
v -0.00000 -0.00544 0.30586
v 0.04093 -0.01748 0.35616
v 0.02985 0.18834 0.18294
v 0.06880 0.02007 0.33434
v 0.01671 0.17478 0.14598
v -0.00000 0.17181 0.13572
v 0.10497 0.09262 0.31042
v 0.04071 -0.01308 0.35260
v 0.08674 0.17622 0.19432
v 0.04007 -0.01240 0.35509
v 0.02334 -0.00724 0.35149
v 0.01829 -0.02964 0.36099
v 0.06880 0.02007 0.33434
v -0.00000 -0.04012 0.35136
v 0.04007 -0.01240 0.35509
v 0.04052 -0.01076 0.35929
v 0.04138 -0.00510 0.35950
v 0.04071 -0.01308 0.35260
v 0.04353 0.00106 0.35546
v 0.04758 0.01511 0.34171
v 0.07751 0.17579 0.23107
v 0.05795 0.18365 0.23295
v 0.08300 0.16691 0.25317
v 0.05003 0.02134 0.33782
v 0.05003 0.02134 0.33782
v 0.01677 0.18674 0.17020
v 0.01977 -0.02224 0.36429
v 0.08948 0.10124 0.32249
v -0.00000 -0.00924 0.35545
v 0.09264 0.13907 0.30063
v 0.01926 -0.01714 0.35927
v 0.08950 0.11074 0.31642
v 0.08948 0.10124 0.32249
v 0.01926 -0.01714 0.35927
v -0.00000 -0.03204 0.36144
v 0.03684 0.02430 0.34170
v 0.02098 -0.01434 0.36750
v 0.01865 -0.01539 0.36316
v -0.00000 -0.02137 0.36066
v 0.01865 -0.01539 0.36316
v 0.03143 0.01861 0.35118
v 0.02263 -0.00739 0.36973
v 0.03684 0.02430 0.34170
v 0.02498 0.00224 0.36656
v -0.00000 0.21235 0.14060
v -0.00000 -0.02638 0.36591
v 0.10195 -0.21398 0.25252
v 0.09730 -0.21714 0.25536
v -0.00000 -0.02137 0.36066
v 0.07751 0.17579 0.23107
v 0.08300 0.16691 0.25317
v 0.09610 0.19078 0.25794
v 0.08606 0.20082 0.22865
v 0.03939 0.05615 0.34722
v 0.07192 0.10167 0.33364
v 0.02826 0.03049 0.35024
v 0.03030 0.19021 0.22251
v 0.02985 0.18834 0.18294
v 0.09610 0.19078 0.25794
v 0.08300 0.16691 0.25317
v 0.05795 0.18365 0.23295
v 0.06393 0.20865 0.23133
v 0.10021 0.21596 0.25942
v 0.05679 0.09226 0.34215
v 0.04733 0.07846 0.34640
v -0.00000 -0.01630 0.36785
v -0.00000 -0.01630 0.36785
v -0.00000 -0.01529 0.37270
v -0.00000 0.19130 0.17922
v 0.07205 0.14240 0.31662
v 0.03214 0.05658 0.35049
v 0.01202 0.01717 0.36968
v 0.03939 0.05615 0.34722
v 0.10021 0.21596 0.25942
v -0.00000 -0.00891 0.37555
v 0.06562 0.17098 0.27393
v 0.01226 0.03028 0.36529
v 0.09187 0.22232 0.23502
v 0.06562 0.17098 0.27393
v 0.07190 0.19652 0.28022
v 0.06978 0.11044 0.33159
v 0.07192 0.10167 0.33364
v -0.00000 0.00372 0.37586
v -0.00000 0.01784 0.37217
v 0.07405 0.22804 0.23718
v -0.00000 0.19130 0.17922
v 0.04662 0.18599 0.24581
v 0.01397 0.05749 0.36488
v 0.04733 0.07846 0.34640
v 0.03937 0.08280 0.35061
v 0.05679 0.09226 0.34215
v 0.05258 0.10133 0.34315
v 0.04991 0.21122 0.24637
v 0.04662 0.18599 0.24581
v -0.00000 0.03100 0.36803
v 0.08072 0.22128 0.27774
v 0.08466 0.23144 0.25673
v 0.03429 0.13586 0.34034
v 0.04726 0.18174 0.26602
v 0.03154 0.18291 0.26820
v 0.08466 0.23144 0.25673
v -0.00000 0.05788 0.36819
v 0.04726 0.18174 0.26602
v 0.05117 0.20618 0.27106
v 0.06385 0.23108 0.24988
v 0.03088 0.16879 0.29813
v 0.05117 0.20618 0.27106
v 0.04726 0.18174 0.26602
v 0.01548 0.19050 0.24887
v -0.00000 0.19197 0.24237
v 0.02240 0.18486 0.26802
v 0.06409 0.22889 0.26838
v 0.06409 0.22889 0.26838
v 0.02074 0.09299 0.36025
v 0.02725 0.11457 0.35318
v 0.01502 0.18015 0.28515
v -0.00000 0.09548 0.36612
v 0.00980 0.10193 0.36281
v 0.00972 0.11504 0.35794
v 0.01352 0.16033 0.32132
v 0.01422 0.14750 0.33539
v -0.00000 0.17795 0.29049
v 0.06680 -0.22801 0.25293
v 0.04598 -0.22811 0.23316
v -0.00000 0.16491 0.31581
v -0.00000 0.11017 0.38084
v -0.00000 0.14283 0.34081
v -0.00000 0.11968 0.35730
v -0.00000 0.23262 0.28003
v -0.00000 0.17492 0.34783
v 0.04851 -0.21148 0.23882
v 0.02121 -0.16557 -0.03230
v 0.03555 -0.18714 0.00934
v 0.02807 -0.18691 -0.00607
v 0.02358 -0.11164 -0.08786
v 0.01485 -0.22963 0.04586
v 0.02189 -0.21587 0.03618
v 0.02795 -0.21864 0.03927
v 0.01880 -0.21929 0.03059
v 0.03757 -0.11877 -0.07622
v 0.05637 -0.18779 0.01439
v 0.01182 -0.10737 -0.09574
v 0.02179 -0.16512 -0.00577
v 0.02512 -0.17070 -0.00619
v 0.02678 -0.16991 -0.03163
v 0.02121 -0.16557 -0.03230
v 0.08125 -0.14860 -0.02570
v 0.01931 -0.22933 0.02454
v 0.03419 -0.22854 0.03823
v -0.00000 -0.11452 -0.10460
v 0.08279 -0.16804 0.00440
v 0.03821 -0.21514 0.03212
v 0.03284 -0.20778 0.02262
v 0.01931 -0.22933 0.02454
v 0.01485 -0.22963 0.04586
v 0.03419 -0.22854 0.03823
v 0.05272 -0.23187 0.06765
v 0.04702 -0.22018 0.05231
v 0.05351 -0.21495 0.05300
v 0.02499 -0.21576 0.01626
v 0.07534 -0.18764 0.00916
v 0.03284 -0.20778 0.02262
v 0.06016 -0.22000 0.05332
v 0.04335 -0.21476 0.03456
v 0.03821 -0.21514 0.03212
v 0.05560 -0.20495 0.03160
v 0.04347 -0.23067 0.04602
v 0.03503 -0.19431 0.00937
v 0.02747 -0.19431 -0.00518
v 0.04335 -0.21476 0.03456
v 0.05635 -0.19369 0.01507
v 0.02807 -0.18691 -0.00607
v 0.03092 -0.18777 -0.02837
v 0.05560 -0.20495 0.03160
v 0.03629 -0.13247 -0.07945
v 0.02504 -0.20686 -0.00235
v 0.04123 -0.22984 0.03515
v 0.03022 -0.23004 0.02662
v 0.03757 -0.11877 -0.07622
v 0.04030 -0.22957 0.03442
v 0.04030 -0.22957 0.03442
v 0.04123 -0.22984 0.03515
v 0.02499 -0.21576 0.01626
v 0.06691 -0.21567 0.03688
v 0.06485 -0.23038 0.04767
v 0.04347 -0.23067 0.04602
v 0.05272 -0.23187 0.06765
v 0.06485 -0.23038 0.04767
v 0.02375 -0.22974 0.01267
v 0.04030 -0.22957 0.03442
v 0.01924 -0.12697 -0.10727
v 0.02375 -0.22974 0.01267
v 0.02747 -0.19431 -0.00518
v 0.03147 -0.19414 -0.02720
v -0.00000 -0.17301 -0.06429
v 0.01985 -0.16668 -0.06691
v 0.03822 -0.16625 -0.05599
v 0.03606 -0.15434 -0.06211
v 0.03606 -0.15434 -0.06211
v 0.04123 -0.22984 0.03515
v 0.06909 -0.22988 0.03771
v 0.03359 -0.23336 0.02358
v 0.03022 -0.23004 0.02662
v 0.04240 -0.23335 0.03124
v 0.02140 -0.23012 0.00225
v 0.02375 -0.22974 0.01267
v 0.07582 -0.19401 0.00906
v 0.07878 -0.20689 0.02657
v 0.08263 -0.16779 -0.02504
v 0.02743 -0.15321 -0.10408
v 0.08546 -0.18720 -0.00219
v 0.06691 -0.21567 0.03688
v 0.07210 -0.21581 0.03493
v 0.04357 -0.13332 -0.07303
v 0.02547 -0.23337 0.00230
v 0.07056 -0.15496 -0.05017
v 0.02504 -0.20686 -0.00235
v 0.02950 -0.20791 -0.02459
v 0.06909 -0.22988 0.03771
v 0.04357 -0.13332 -0.07303
v 0.05026 -0.14865 -0.06578
v 0.06909 -0.22988 0.03771
v 0.06876 -0.23337 0.03345
v 0.03991 -0.17733 -0.05076
v 0.03388 -0.15350 -0.07001
v -0.00000 -0.13643 -0.14216
v 0.01367 -0.14366 -0.14212
v 0.08132 -0.21966 0.04422
v 0.07210 -0.21581 0.03493
v 0.02140 -0.23012 0.00225
v 0.02619 -0.23006 -0.01989
v 0.07034 -0.23002 0.03786
v 0.08690 -0.21427 0.04052
v 0.07878 -0.20689 0.02657
v 0.07861 -0.23337 0.02739
v 0.03359 -0.23336 0.02358
v 0.04240 -0.23335 0.03124
v 0.07772 -0.23024 0.04413
v 0.04175 -0.19492 -0.04359
v 0.04104 -0.18849 -0.04544
v 0.07034 -0.23002 0.03786
v 0.01739 -0.17406 -0.10211
v -0.00000 -0.18091 -0.10112
v 0.02547 -0.23337 0.00230
v 0.02999 -0.23333 -0.01699
v 0.08769 -0.19543 -0.00382
v 0.09447 -0.23122 0.05333
v 0.08812 -0.21445 0.02003
v 0.09204 -0.20918 -0.00145
v 0.08812 -0.21445 0.02003
v 0.05304 -0.16281 -0.06047
v 0.08634 -0.18703 -0.02441
v 0.06876 -0.23337 0.03345
v 0.07246 -0.17162 -0.04657
v 0.09261 -0.21945 0.03710
v 0.07772 -0.23024 0.04413
v 0.08093 -0.23188 0.02964
v 0.07034 -0.23002 0.03786
v 0.05497 -0.17469 -0.05514
v 0.08093 -0.23188 0.02964
v 0.07861 -0.23337 0.02739
v 0.04100 -0.20819 -0.04119
v 0.08788 -0.23341 0.00082
v 0.02547 -0.23337 0.00230
v 0.08712 -0.23337 0.01787
v 0.09447 -0.23122 0.05333
v 0.09438 -0.22990 0.03342
v 0.02039 -0.16219 -0.14184
v 0.05662 -0.18879 -0.04900
v 0.09438 -0.22990 0.03342
v 0.05724 -0.19548 -0.04709
v 0.03957 -0.23021 -0.03807
v 0.09193 -0.23011 0.01871
v 0.02999 -0.23333 -0.01699
v 0.08505 -0.23357 -0.01822
v 0.08828 -0.19555 -0.02443
v 0.04172 -0.23337 -0.03243
v 0.07395 -0.18811 -0.04339
v 0.08712 -0.23337 0.01787
v 0.09193 -0.23011 0.01871
v 0.09193 -0.23011 0.01871
v -0.00000 -0.14127 -0.16217
v 0.01204 -0.14832 -0.16220
v 0.09036 -0.20874 -0.02378
v 0.05775 -0.20887 -0.04508
v 0.07469 -0.19554 -0.04189
v 0.01401 -0.17963 -0.14170
v -0.00000 -0.18561 -0.14167
v 0.09326 -0.23019 0.00077
v 0.04172 -0.23337 -0.03243
v 0.07327 -0.23370 -0.03328
v 0.08788 -0.23341 0.00082
v 0.05679 -0.23036 -0.04251
v 0.01765 -0.16452 -0.16211
v 0.05658 -0.23354 -0.03636
v 0.07618 -0.20895 -0.04035
v -0.00000 -0.05966 -0.24721
v 0.01246 -0.14445 -0.18732
v -0.00000 -0.13721 -0.18732
v 0.05658 -0.23354 -0.03636
v 0.08971 -0.23036 -0.02117
v 0.08505 -0.23357 -0.01822
v 0.07628 -0.23048 -0.03868
v 0.07327 -0.23370 -0.03328
v -0.00000 -0.11448 -0.21602
v 0.02752 -0.09793 -0.23725
v 0.02156 -0.12279 -0.21867
v 0.01274 -0.18064 -0.16177
v -0.00000 -0.18685 -0.16163
v 0.01891 -0.16231 -0.18732
v -0.00000 -0.14047 -0.24821
v -0.00000 -0.05966 -0.24721
v -0.00000 -0.18587 -0.18732
v 0.01396 -0.17939 -0.18732
v 0.02752 -0.09793 -0.23725
v 0.03341 -0.15020 -0.22533
v 0.02114 -0.17610 -0.23250
v -0.00000 -0.18381 -0.23701
v 0.06959 -0.08570 -0.27987
v 0.06959 -0.08570 -0.27987
v 0.05248 -0.14713 -0.26126
v 0.05248 -0.14713 -0.26126
v 0.04291 -0.16838 -0.27558
v -0.00000 -0.18596 -0.28812
v 0.05826 -0.15464 -0.28519
v 0.04291 -0.16838 -0.27558
v 0.03071 -0.18517 -0.31488
v -0.00000 -0.18596 -0.28812
v 0.05826 -0.15464 -0.28519
v 0.03071 -0.18517 -0.31488
v 0.07327 -0.20844 0.25372
v 0.06785 -0.21852 0.25506
v 0.06300 -0.21466 0.25182
v 0.05484 -0.20722 0.24399
v 0.10838 -0.20399 0.24309
v 0.09824 -0.22827 0.25380
v 0.09824 -0.22827 0.25380
v 0.09824 -0.22827 0.25380
v 0.06680 -0.22801 0.25293
v 0.09179 -0.20866 0.25402
v 0.04598 -0.22811 0.23316
v 0.06680 -0.22801 0.25293
v 0.12084 -0.22801 0.23255
v 0.05559 -0.15983 0.15284
v -0.00000 -0.02638 0.12294
v 0.08674 0.17622 0.19432
v 0.01149 -0.09239 -0.08123
v -0.00000 -0.08744 -0.07966
v 0.02058 -0.05468 -0.04279
v -0.00000 -0.05943 -0.05397
v 0.02176 -0.04478 -0.01633
v -0.00000 -0.04098 -0.00230
v 0.00873 -0.04376 0.03603
v -0.00000 -0.04199 0.03320
v 0.01453 -0.04698 0.04547
v 0.01250 -0.04989 0.06130
v -0.00000 -0.05001 0.06962
v 0.01182 -0.10737 -0.09574
v -0.00000 -0.11452 -0.10460
v 0.01845 0.00006 0.11373
v 0.01271 0.01591 0.10879
v 0.01253 -0.01435 0.11899
v -0.00000 -0.01917 0.11961
v -0.00000 0.02001 0.10768
v -0.00000 0.08689 0.10179
v 0.01653 0.09387 0.10322
v 0.02144 0.11468 0.10702
v 0.01667 0.13237 0.11207
v -0.00000 0.14005 0.11444
v 0.01671 0.17478 0.14598
v -0.00000 0.17181 0.13572
v 0.01677 0.18674 0.17020
v -0.00000 0.19130 0.17922
v 0.01548 0.19050 0.24887
v -0.00000 0.19197 0.24237
v 0.02240 0.18486 0.26802
v 0.01502 0.18015 0.28515
v -0.00000 0.09548 0.36612
v 0.00980 0.10193 0.36281
v 0.00972 0.11504 0.35794
v 0.01352 0.16033 0.32132
v 0.01422 0.14750 0.33539
v -0.00000 0.17795 0.29049
v -0.00000 0.16491 0.31581
v -0.00000 0.14283 0.34081
v -0.00000 0.11968 0.35730
v 0.03341 -0.17489 -0.33115
v 0.03924 -0.14747 -0.36096
v -0.00000 -0.17085 -0.35427
v 0.03336 -0.10947 -0.37493
v -0.00000 -0.13240 -0.38000
v 0.06364 -0.14900 -0.32167
v 0.07486 -0.11207 -0.30810
v 0.06361 -0.11055 -0.34740
v 0.03936 -0.17333 -0.29070
v 0.03355 -0.15346 -0.25540
v 0.06373 -0.13641 -0.27715
v -0.00000 -0.18684 -0.31085
v -0.00000 -0.17425 -0.26632
v -0.00000 -0.08617 -0.37822
v 0.03929 -0.07266 -0.35807
v 0.06368 -0.07419 -0.31879
v 0.03228 -0.04656 -0.32069
v 0.06375 -0.09017 -0.27537
v 0.03947 -0.11450 -0.24439
v 0.03360 -0.07480 -0.25237
v -0.00000 -0.04874 -0.34382
v 0.03801 -0.05119 -0.28086
v -0.00000 -0.09166 -0.23592
v -0.00000 -0.03627 -0.29972
v -0.00000 -0.05210 -0.25672
v 0.01390 -0.02204 0.33636
v -0.00000 -0.02255 0.34117
v 0.03152 -0.01809 0.29450
v -0.00000 -0.02220 0.29413
v -0.00000 -0.02085 0.25898
v 0.03060 -0.01736 0.25929
v -0.00000 -0.02527 0.32314
v 0.02264 -0.02038 0.32358
v -0.00000 -0.02255 0.34117
v 0.01390 -0.02204 0.33636
v 0.01452 -0.01651 0.32402
v 0.02154 -0.01260 0.25984
v -0.00000 -0.01141 0.25995
v -0.00000 -0.01167 0.29520
v 0.02154 -0.01328 0.29506
v -0.00000 -0.01568 0.32409
v 0.03060 -0.01736 0.25929
v 0.03152 -0.01809 0.29450
v 0.02264 -0.02038 0.32358
v 0.06219 -0.02305 0.31627
v 0.05278 -0.02376 0.32642
v 0.05423 -0.01138 0.31984
v 0.05051 -0.02275 0.31601
v 0.01399 -0.02808 0.34764
v 0.00966 -0.01958 0.34596
v 0.01490 -0.02765 0.34110
v 0.00374 -0.02938 0.34952
v 0.00510 -0.02023 0.34688
v 0.08496 -0.00348 0.29963
v 0.07522 -0.01124 0.30156
v 0.07676 -0.00448 0.31018
v 0.05573 -0.00483 0.32579
v 0.04700 -0.02289 0.32602
v 0.05166 -0.00503 0.33329
v 0.04212 -0.00525 0.33580
v 0.01588 -0.00568 0.35095
v 0.01607 -0.00505 0.34280
v 0.01168 -0.01406 0.34796
v 0.07208 -0.00361 0.29992
v 0.04294 -0.00484 0.32347
v 0.00731 -0.01415 0.34915
v 0.00522 -0.00605 0.35382
v 0.07546 -0.02188 0.30390
v 0.06604 -0.02271 0.31405
v 0.06749 -0.00818 0.30747
v 0.02984 -0.02662 0.34128
v 0.02515 -0.01732 0.34081
v 0.02802 -0.02561 0.33408
v 0.02120 -0.01745 0.34270
v 0.01964 -0.02690 0.34619
v 0.01532 -0.02660 0.34105
v 0.06377 -0.02152 0.30364
v 0.00098 -0.00583 0.34704
v 0.03570 -0.00482 0.34044
v 0.03345 -0.00399 0.33231
v 0.03062 -0.01328 0.33961
v 0.02681 -0.01345 0.34232
v 0.01938 -0.00522 0.34196
v 0.02504 -0.00543 0.34781
v 0.07242 -0.00459 0.31438
v 0.06313 -0.01379 0.31427
v 0.06182 -0.00590 0.32379
v 0.06019 -0.00526 0.31230
v 0.04447 -0.02519 0.32985
v 0.04263 -0.02571 0.33707
v 0.03753 -0.00936 0.33345
v 0.03453 -0.02571 0.33846
v 0.03471 -0.02498 0.32912
v 0.00131 -0.02973 0.34397
v 0.00731 -0.01415 0.34915
v 0.00098 -0.00583 0.34704
v 0.01168 -0.01406 0.34796
v 0.01607 -0.00505 0.34280
v 0.02681 -0.01345 0.34232
v 0.01938 -0.00522 0.34196
v 0.03062 -0.01328 0.33961
v 0.03345 -0.00399 0.33231
v 0.00510 -0.02023 0.34688
v 0.00131 -0.02973 0.34397
v 0.02120 -0.01745 0.34270
v 0.01532 -0.02660 0.34105
v 0.02515 -0.01732 0.34081
v 0.02802 -0.02561 0.33408
v 0.00966 -0.01958 0.34596
v 0.01490 -0.02765 0.34110
v 0.03471 -0.02498 0.32912
v 0.04294 -0.00484 0.32347
v 0.06019 -0.00526 0.31230
v 0.07208 -0.00361 0.29992
v 0.06377 -0.02152 0.30364
v 0.05051 -0.02275 0.31601
v 0.13326 -0.08698 0.08408
v 0.15767 -0.04945 0.10375
v 0.16156 -0.09079 0.06983
v 0.10122 -0.08982 0.09681
v 0.12802 -0.06674 0.10623
v 0.08192 -0.08854 0.09997
v 0.10122 -0.08982 0.09681
v 0.16156 -0.09079 0.06983
v 0.15314 -0.04204 0.09115
v 0.12227 -0.06033 0.09471
v 0.13326 -0.08698 0.08408
v 0.08738 -0.09338 0.11003
v 0.07162 -0.10004 0.10590
v 0.07162 -0.10004 0.10590
v 0.19800 -0.10621 0.04964
v 0.19800 -0.10621 0.04964
v 0.32440 -0.03170 0.06171
v 0.28723 -0.02220 0.07951
v 0.28617 -0.00320 0.08557
v 0.32430 -0.01680 0.06611
v 0.35374 -0.04310 0.04532
v 0.35417 -0.03134 0.04804
v 0.15767 -0.04945 0.10375
v 0.15780 -0.04327 0.11330
v 0.17360 -0.03314 0.11223
v 0.32214 -0.03752 0.05190
v 0.28527 -0.02753 0.06896
v 0.35118 -0.04870 0.03699
v 0.20782 -0.10220 0.05576
v 0.21239 -0.01344 0.10820
v 0.20149 -0.02473 0.10122
v 0.20577 0.00884 0.12042
v 0.21207 -0.13435 0.03163
v 0.20709 -0.02286 0.09556
v 0.24225 0.00534 0.10568
v 0.24486 -0.01492 0.09677
v 0.21374 -0.01938 0.09588
v 0.24451 -0.02008 0.08725
v 0.20266 0.02336 0.11550
v 0.23911 0.01801 0.10006
v 0.28424 0.00654 0.07975
v 0.32268 -0.00852 0.06154
v 0.35308 -0.02539 0.04479
v 0.40000 -0.07540 0.00777
v 0.39867 -0.07722 0.01042
v 0.39944 -0.07099 0.01039
v 0.16432 -0.01325 0.10005
v 0.16566 -0.01817 0.09096
v 0.11617 -0.04652 0.09510
v 0.11550 -0.04161 0.10606
v 0.31976 -0.02058 0.04196
v 0.32135 -0.00832 0.05283
v 0.28208 0.00725 0.06872
v 0.28050 -0.00684 0.05621
v 0.34989 -0.03523 0.02988
v 0.35212 -0.02543 0.03835
v 0.32268 -0.00852 0.06154
v 0.28424 0.00654 0.07975
v 0.35308 -0.02539 0.04479
v 0.40000 -0.07540 0.00777
v 0.39944 -0.07099 0.01039
v 0.11876 -0.04444 0.11671
v 0.16656 -0.01566 0.10920
v 0.20213 -0.01399 0.08169
v 0.19427 -0.01210 0.08227
v 0.12115 -0.05818 0.09302
v 0.14795 -0.03056 0.09294
v 0.28126 -0.01548 0.05536
v 0.31985 -0.02810 0.04137
v 0.34956 -0.04130 0.02909
v 0.39775 -0.07464 0.00595
v 0.20309 -0.09526 0.04490
v 0.24077 -0.00857 0.06948
v 0.23773 0.00162 0.07055
v 0.20294 0.00317 0.08239
v 0.23742 0.01703 0.08567
v 0.19905 0.02127 0.10042
v 0.23911 0.01801 0.10006
v 0.19800 -0.10621 0.04964
v 0.21207 -0.13435 0.03163
v 0.21486 -0.10626 0.04187
v 0.21487 -0.09334 0.04757
v 0.39775 -0.07464 0.00595
v 0.38425 -0.06824 0.01443
v 0.07145 -0.06664 0.10055
v 0.07900 -0.08321 0.09586
v 0.12825 -0.06275 0.12012
v 0.08903 -0.09602 0.11790
v 0.08777 -0.08851 0.13238
v 0.08163 -0.07063 0.13873
v 0.12384 -0.05224 0.12377
v 0.07507 -0.05985 0.12996
v 0.07507 -0.05985 0.12996
v 0.07098 -0.05690 0.11801
v 0.05715 -0.09853 0.09884
v 0.07162 -0.10004 0.10590
v 0.08192 -0.08854 0.09997
v 0.06696 -0.11082 0.12229
v 0.06980 -0.09776 0.13595
v 0.06312 -0.07662 0.14312
v 0.05260 -0.06782 0.13597
v 0.05260 -0.06782 0.13597
v 0.05153 -0.06398 0.12423
v 0.05051 -0.07108 0.10981
v 0.12874 -0.06757 0.11027
v 0.11876 -0.04444 0.11671
v 0.15441 -0.03372 0.11634
v 0.17052 -0.02339 0.11453
v 0.14801 -0.02608 0.10144
v 0.15089 -0.02851 0.11029
v 0.15089 -0.02851 0.11029
v 0.16656 -0.01566 0.10920
v 0.20266 0.02336 0.11550
v 0.12227 -0.06033 0.09471
v 0.12802 -0.06674 0.10623
v 0.08738 -0.09338 0.11003
v 0.19800 -0.10621 0.04964
v 0.07162 -0.10004 0.10590
v 0.06114 -0.10799 0.10751
v 0.15314 -0.04204 0.09115
v 0.38425 -0.06824 0.01443
v 0.20775 -0.00886 0.08061
v 0.21487 -0.09334 0.04757
v 0.21486 -0.10626 0.04187
v 0.06114 -0.10799 0.10751
v 0.23063 -0.07024 0.05299
v 0.21985 -0.08373 0.05067
v 0.21374 -0.01938 0.09588
v 0.24451 -0.02008 0.08725
v 0.26779 -0.05245 0.04966
v 0.24631 -0.05968 0.05255
v 0.34996 -0.05861 0.02571
v 0.34956 -0.04130 0.02909
v 0.31985 -0.02810 0.04137
v 0.32193 -0.05212 0.03529
v 0.23063 -0.07024 0.05299
v 0.24077 -0.00857 0.06948
v 0.21985 -0.08373 0.05067
v 0.21487 -0.09334 0.04757
v 0.38425 -0.06824 0.01443
v 0.35118 -0.04870 0.03699
v 0.38425 -0.06824 0.01443
v 0.34996 -0.05861 0.02571
v 0.32193 -0.05212 0.03529
v 0.32214 -0.03752 0.05190
v 0.28527 -0.02753 0.06896
v 0.29451 -0.04967 0.04376
v 0.28126 -0.01548 0.05536
v 0.29451 -0.04967 0.04376
v 0.26779 -0.05245 0.04966
v 0.20775 -0.00886 0.08061
v 0.20213 -0.01399 0.08169
v 0.21487 -0.09334 0.04757
v 0.20709 -0.02286 0.09556
v 0.24631 -0.05968 0.05255
v -0.00000 -0.07922 -0.11192
v -0.01149 -0.09239 -0.08123
v -0.02653 -0.10206 -0.08109
v -0.03711 -0.08239 -0.06432
v -0.03389 -0.17076 0.01980
v -0.02512 -0.17070 -0.00619
v -0.02179 -0.16512 -0.00577
v -0.03248 -0.16068 0.02733
v -0.07368 -0.10948 -0.02667
v -0.06326 -0.07899 -0.02723
v -0.05214 -0.09777 -0.06249
v -0.06334 -0.11943 -0.05986
v -0.08116 -0.14749 0.00906
v -0.07055 -0.15215 0.03023
v -0.06707 -0.11870 0.03477
v -0.07322 -0.10991 0.01138
v -0.05573 -0.17289 0.02559
v -0.05522 -0.15554 0.03542
v -0.07264 -0.17202 0.02038
v -0.05214 -0.09777 -0.06249
v -0.06326 -0.07899 -0.02723
v -0.04494 -0.06023 -0.02797
v -0.00000 -0.16711 -0.02898
v -0.00000 -0.16543 -0.00557
v -0.00000 -0.08744 -0.07966
v -0.02179 -0.16512 -0.00577
v -0.03248 -0.16068 0.02733
v -0.04710 -0.15108 0.03706
v -0.00000 -0.06989 -0.06475
v -0.00000 -0.16742 0.02505
v -0.06293 -0.07933 0.01090
v -0.06034 -0.12109 0.04292
v -0.04710 -0.15108 0.03706
v -0.02058 -0.05468 -0.04279
v -0.10506 -0.23319 0.18368
v -0.10890 -0.22774 0.18080
v -0.08469 -0.22790 0.17119
v -0.08444 -0.23319 0.17606
v -0.02480 -0.17605 0.07869
v -0.11470 -0.23319 0.21159
v -0.11948 -0.22713 0.21211
v -0.06034 -0.12109 0.04292
v -0.10894 -0.20696 0.17594
v -0.08462 -0.20696 0.16631
v -0.06293 -0.07933 0.01090
v -0.04459 -0.05525 0.01087
v -0.06091 -0.08423 0.02915
v -0.11926 -0.20739 0.20928
v -0.00000 -0.17954 0.07756
v -0.00000 -0.05943 -0.05397
v -0.06299 -0.23319 0.18036
v -0.06033 -0.22798 0.17602
v -0.04745 -0.16177 0.08128
v -0.10785 -0.19319 0.17268
v -0.08410 -0.19460 0.16462
v -0.11662 -0.23319 0.23112
v -0.12084 -0.22801 0.23255
v -0.05853 -0.08727 0.04317
v -0.06104 -0.12569 0.08316
v -0.11355 -0.18881 0.20302
v -0.11617 -0.19789 0.20595
v -0.05973 -0.20734 0.17310
v -0.10586 -0.17699 0.16495
v -0.08214 -0.17754 0.15338
v -0.11783 -0.21313 0.23559
v -0.06091 -0.08423 0.02915
v -0.11159 -0.17513 0.19578
v -0.02176 -0.04478 -0.01633
v -0.10223 -0.15913 0.15639
v -0.04857 -0.16896 0.12546
v -0.05848 -0.19520 0.17133
v -0.07936 -0.16074 0.14352
v -0.06299 -0.23319 0.18036
v -0.06033 -0.22798 0.17602
v -0.04555 -0.22697 0.20365
v -0.10810 -0.15695 0.18698
v -0.02556 -0.18525 0.12669
v -0.05853 -0.08727 0.04317
v -0.11339 -0.19531 0.21899
v -0.06593 -0.12827 0.11939
v -0.05690 -0.17968 0.16420
v -0.00000 -0.00874 -0.05011
v -0.12373 -0.22863 0.24479
v -0.12338 -0.21782 0.25211
v -0.11783 -0.21313 0.23559
v -0.09625 -0.13746 0.14596
v -0.12645 -0.23001 0.26871
v -0.11758 -0.21238 0.25632
v -0.10838 -0.20399 0.24309
v -0.04186 -0.06009 0.04424
v -0.05973 -0.20734 0.17310
v -0.04444 -0.20407 0.20186
v -0.05562 -0.16881 0.15906
v -0.12645 -0.23001 0.26871
v -0.12373 -0.22863 0.24479
v -0.10479 -0.22873 0.25819
v -0.31459 0.23370 0.00552
v -0.29282 0.20281 0.01380
v -0.29501 0.20394 0.01837
v -0.00000 -0.18851 0.12726
v -0.09494 -0.18470 0.22950
v -0.09612 -0.19292 0.24111
v -0.10106 -0.13286 0.17613
v -0.05848 -0.19520 0.17133
v -0.05133 -0.16456 0.14996
v -0.07673 -0.13185 0.13162
v -0.05014 -0.23319 0.20467
v -0.31459 0.23370 0.00552
v -0.29501 0.20394 0.01837
v -0.29067 0.21540 0.02425
v -0.06044 -0.08851 0.08360
v -0.09409 -0.17326 0.22226
v -0.11173 -0.21788 0.26035
v -0.10479 -0.22873 0.25819
v -0.06908 -0.12876 0.12822
v -0.02218 -0.04361 0.01244
v -0.06908 -0.12876 0.12822
v -0.08860 -0.11553 0.14055
v -0.02619 -0.18439 0.16104
v -0.10506 -0.23319 0.18368
v -0.08444 -0.23319 0.17606
v -0.06299 -0.23319 0.18036
v -0.28102 0.22665 0.01282
v -0.09200 -0.15537 0.21329
v -0.29418 0.21452 0.02946
v -0.10195 -0.21398 0.25252
v -0.02253 -0.04864 0.04515
v -0.05559 -0.15983 0.15284
v -0.07750 -0.10389 0.12589
v -0.04393 -0.19108 0.19495
v -0.08289 -0.09075 0.13561
v -0.05690 -0.17968 0.16420
v -0.04386 -0.17956 0.19193
v -0.07153 -0.09701 0.11861
v -0.07750 -0.10389 0.12589
v -0.09714 -0.20273 0.24934
v -0.09185 -0.11153 0.16895
v -0.00000 -0.04098 -0.00230
v -0.00000 -0.18764 0.16253
v -0.25846 0.17135 0.04993
v -0.25272 0.16863 0.04266
v -0.28613 0.22924 0.02762
v -0.00000 -0.04089 0.01274
v -0.28155 0.23282 0.02114
v -0.28155 0.23282 0.02114
v -0.09730 -0.21714 0.25536
v -0.09420 -0.22910 0.26594
v -0.05562 -0.16881 0.15906
v -0.04392 -0.17166 0.19040
v -0.05090 -0.23319 0.23296
v -0.04598 -0.22811 0.23316
v -0.09179 -0.20866 0.25402
v -0.25846 0.17135 0.04993
v -0.24818 0.18364 0.05826
v -0.08787 -0.13093 0.20240
v -0.05559 -0.15983 0.15284
v -0.04259 -0.16739 0.18984
v -0.04259 -0.16739 0.18984
v -0.03974 -0.16838 0.19137
v -0.08289 -0.09075 0.13561
v -0.07333 -0.07583 0.13240
v -0.04314 -0.06460 0.08402
v -0.05014 -0.23319 0.20467
v -0.11470 -0.23319 0.21159
v -0.08973 -0.21829 0.27248
v -0.24178 0.14580 0.06781
v -0.23200 0.14485 0.05890
v -0.26991 0.21020 0.05056
v -0.26369 0.20341 0.04142
v -0.06957 -0.18475 0.23337
v -0.08259 -0.23093 0.28872
v -0.08259 -0.23093 0.28872
v -0.09420 -0.22910 0.26594
v -0.07099 -0.22910 0.26594
v -0.06913 -0.19285 0.24252
v -0.08267 -0.20344 0.25206
v -0.02742 -0.17658 0.19450
v -0.06953 -0.17334 0.22548
v -0.08267 -0.20344 0.25206
v -0.08676 -0.08269 0.16226
v -0.04497 -0.21866 0.23563
v -0.08259 -0.21339 0.27268
v -0.24178 0.14580 0.06781
v -0.23174 0.16328 0.07829
v -0.19568 0.09604 0.09446
v -0.06838 -0.15537 0.21824
v -0.00873 -0.04376 0.03603
v -0.00000 -0.04199 0.03320
v -0.01453 -0.04698 0.04547
v -0.07327 -0.20844 0.25372
v -0.08246 -0.11122 0.19439
v -0.04922 -0.18674 0.22119
v -0.04955 -0.17604 0.21636
v -0.24197 0.18532 0.05796
v -0.21942 0.20721 0.04643
v -0.06785 -0.21852 0.25506
v -0.04771 -0.19712 0.23043
v -0.07546 -0.21829 0.27248
v -0.07099 -0.22910 0.26594
v -0.00000 -0.18052 0.19724
v -0.05411 -0.06195 0.12277
v -0.08676 -0.08269 0.16226
v -0.07916 -0.06747 0.16052
v -0.05253 -0.21718 0.25929
v -0.06300 -0.21466 0.25182
v -0.03875 -0.22819 0.26716
v -0.05909 -0.22793 0.25802
v -0.04197 -0.22794 0.24508
v -0.05030 -0.15691 0.21136
v -0.04754 -0.15030 0.20670
v -0.02203 -0.05498 0.08556
v -0.04203 -0.21755 0.25135
v -0.04497 -0.21866 0.23563
v -0.04851 -0.21148 0.23882
v -0.20570 0.09828 0.10811
v -0.23680 0.19818 0.06212
v -0.04754 -0.15030 0.20670
v -0.04337 -0.15827 0.21040
v -0.01251 -0.04989 0.06130
v -0.06619 -0.13143 0.21076
v -0.04722 -0.21325 0.25521
v -0.05484 -0.20722 0.24399
v -0.05909 -0.22793 0.25802
v -0.03875 -0.22819 0.26716
v -0.04197 -0.22794 0.24508
v -0.05090 -0.23319 0.23296
v -0.11662 -0.23319 0.23112
v -0.24227 0.20251 0.07367
v -0.22398 0.16824 0.07493
v -0.07845 -0.08546 0.18915
v -0.20494 0.16782 0.05400
v -0.00000 -0.01818 0.04904
v -0.02897 -0.16579 0.22267
v -0.06482 -0.11097 0.20406
v -0.23411 0.21418 0.07197
v -0.05552 -0.13252 0.20952
v -0.03882 -0.05557 0.11867
v -0.00000 -0.05001 0.06962
v -0.05091 -0.13322 0.20837
v -0.22231 0.22021 0.06238
v -0.16549 0.07330 0.12174
v -0.17758 0.07467 0.13693
v -0.15807 0.13579 0.08192
v -0.20570 0.09828 0.10811
v -0.19747 0.12237 0.11612
v -0.06032 -0.05019 0.14930
v -0.04485 -0.14469 0.21651
v -0.21441 0.17787 0.07575
v -0.00000 -0.05313 0.08882
v -0.04864 -0.13401 0.20902
v -0.00000 -0.16928 0.22977
v -0.07079 -0.06957 0.18572
v -0.07845 -0.08546 0.18915
v -0.13645 0.09117 0.10556
v -0.22231 0.22021 0.06238
v -0.06748 -0.23319 0.24886
v -0.09641 -0.23319 0.24868
v -0.05537 -0.11165 0.20545
v -0.03860 -0.04599 0.13142
v -0.21245 0.18828 0.08229
v -0.04684 -0.13369 0.21872
v -0.04864 -0.13401 0.20902
v -0.05000 -0.11111 0.20598
v -0.02158 -0.05098 0.11462
v -0.12042 0.00012 0.15258
v -0.10420 -0.01448 0.15349
v -0.11564 -0.02595 0.18652
v -0.10420 -0.01448 0.15349
v -0.12042 0.00012 0.15258
v -0.21949 0.19285 0.09785
v -0.17758 0.07467 0.13693
v -0.17019 0.09619 0.14840
v -0.05000 -0.11111 0.20598
v -0.03089 -0.15210 0.23776
v -0.06298 -0.05419 0.17280
v -0.13643 -0.00952 0.18881
v -0.07666 -0.02830 0.15416
v -0.08667 -0.03787 0.18576
v -0.07666 -0.02830 0.15416
v -0.14731 0.00873 0.19301
v -0.18740 0.13020 0.11336
v -0.18789 0.19959 0.06563
v -0.00000 -0.04916 0.11101
v -0.02110 -0.04324 0.12323
v -0.05406 -0.09446 0.20214
v -0.06086 -0.09058 0.19954
v -0.06086 -0.09058 0.19954
v -0.13696 0.03160 0.15259
v -0.08021 0.00348 0.12575
v -0.20777 0.21167 0.09802
v -0.06159 -0.02361 0.14174
v -0.05392 -0.04264 0.15341
v -0.03784 -0.03731 0.13677
v -0.09383 0.04710 0.11858
v -0.13696 0.03160 0.15259
v -0.05406 -0.09446 0.20214
v -0.19285 0.21906 0.08672
v -0.05800 -0.04797 0.17301
v -0.05575 -0.07815 0.19769
v -0.13757 -0.01983 0.22880
v -0.11607 -0.03602 0.22218
v -0.05424 -0.03587 0.15396
v -0.15251 0.02959 0.19961
v -0.05939 -0.04126 0.17385
v -0.05424 -0.03587 0.15396
v -0.13651 0.19116 0.10149
v -0.00000 -0.15587 0.24841
v -0.14831 -0.00182 0.23542
v -0.04401 -0.11138 0.22415
v -0.13557 0.05871 0.14632
v -0.14444 0.05920 0.16764
v -0.05424 -0.03587 0.15396
v -0.03794 -0.02955 0.13540
v -0.03964 -0.01926 0.12919
v -0.15587 0.10523 0.14825
v -0.03794 -0.02955 0.13540
v -0.01981 -0.03438 0.12825
v -0.05211 -0.06116 0.19418
v -0.13557 0.05871 0.14632
v -0.00000 -0.04208 0.11939
v -0.05939 -0.04126 0.17385
v -0.04070 0.00960 0.11430
v -0.05571 -0.04728 0.19651
v -0.11337 0.07843 0.12726
v -0.19285 0.21906 0.08672
v -0.10570 0.13249 0.10615
v -0.03112 -0.13578 0.24149
v -0.14444 0.05920 0.16764
v -0.14444 0.05920 0.16764
v -0.01947 -0.02670 0.12680
v -0.04577 -0.10551 0.22765
v -0.17668 0.15262 0.11796
v -0.00000 -0.03294 0.12350
v -0.11337 0.07843 0.12726
v -0.01947 -0.02670 0.12680
v -0.15094 0.01717 0.24243
v -0.04117 0.04411 0.10423
v -0.05254 -0.05346 0.19500
v -0.10115 -0.04235 0.25134
v -0.01845 0.00006 0.11373
v -0.15024 0.04733 0.20651
v -0.06748 -0.23319 0.24886
v -0.06680 -0.22801 0.25293
v -0.05571 -0.04728 0.19651
v -0.12084 -0.22801 0.23255
v -0.09824 -0.22827 0.25380
v -0.00000 -0.02638 0.12294
v -0.04662 -0.08872 0.22633
v -0.14424 0.07398 0.18582
v -0.14444 0.05920 0.16764
v -0.02266 -0.11850 0.24779
v -0.01271 0.01591 0.10879
v -0.08514 0.12222 0.11955
v -0.04156 0.11457 0.10985
v -0.14169 0.13524 0.15561
v -0.00000 0.00302 0.08245
v -0.01253 -0.01435 0.11899
v -0.08514 0.12222 0.11955
v -0.17330 0.16798 0.12550
v -0.00000 -0.13804 0.25243
v -0.15075 0.09546 0.17231
v -0.14144 0.10353 0.16565
v -0.00000 -0.01917 0.11961
v -0.02389 -0.11354 0.25211
v -0.14424 0.07398 0.18582
v -0.14870 0.03334 0.24805
v -0.04300 -0.07017 0.22397
v -0.14605 0.21220 0.13036
v -0.12276 -0.02851 0.26488
v -0.02422 -0.09620 0.25036
v -0.00000 0.02001 0.10768
v -0.04210 -0.06105 0.22593
v -0.00000 -0.11966 0.25222
v -0.18300 0.17281 0.14235
v -0.07068 -0.04862 0.23632
v -0.14163 0.07426 0.21781
v -0.13323 -0.00944 0.27408
v -0.04259 -0.05425 0.23000
v -0.14605 0.21220 0.13036
v -0.02461 -0.07570 0.24282
v -0.09641 -0.23319 0.24868
v -0.09824 -0.22827 0.25380
v -0.12944 0.12191 0.17935
v -0.00000 -0.11495 0.25612
v -0.00000 0.04651 0.10229
v -0.04259 -0.05425 0.23000
v -0.04344 -0.05275 0.25749
v -0.08504 -0.04501 0.27171
v -0.13987 0.15154 0.16712
v -0.02394 -0.06535 0.24454
v -0.13510 0.00687 0.28134
v -0.13169 0.12063 0.18586
v -0.13990 0.06033 0.25283
v -0.09407 -0.03767 0.29328
v -0.00000 -0.09833 0.25439
v -0.09711 0.17842 0.13176
v -0.16826 0.20090 0.14624
v -0.02412 -0.05822 0.24788
v -0.11399 -0.01964 0.29438
v -0.11892 -0.00913 0.29670
v -0.09813 -0.02570 0.30516
v -0.00000 -0.07624 0.24674
v -0.14883 0.15401 0.17820
v -0.13078 0.01912 0.28780
v -0.02412 -0.05822 0.24788
v -0.02640 -0.05478 0.26361
v -0.12214 0.00169 0.29914
v -0.12898 0.12042 0.20082
v -0.00000 0.08689 0.10179
v -0.01653 0.09387 0.10322
v -0.12898 0.12042 0.20082
v -0.00000 -0.06701 0.24862
v -0.13071 0.10912 0.22988
v -0.07726 0.16360 0.14523
v -0.02144 0.11468 0.10702
v -0.10910 -0.01255 0.30403
v -0.11438 -0.00611 0.30283
v -0.00000 -0.05873 0.25321
v -0.09754 -0.01678 0.31228
v -0.13253 0.18453 0.18706
v -0.11716 0.00019 0.30388
v -0.05433 -0.04891 0.28793
v -0.11730 0.01268 0.30473
v -0.12973 0.09479 0.26374
v -0.12214 0.14706 0.19016
v -0.03001 -0.05191 0.29674
v -0.00000 -0.05873 0.25321
v -0.00000 -0.05599 0.26834
v -0.00000 0.11084 0.06786
v -0.10909 -0.00332 0.30650
v -0.10384 -0.00767 0.30998
v -0.06196 -0.04244 0.31213
v -0.12912 0.05252 0.27520
v -0.12683 0.04380 0.28267
v -0.11452 0.00337 0.30784
v -0.11087 -0.00099 0.30659
v -0.07726 0.16360 0.14523
v -0.03791 0.16035 0.13241
v -0.10939 -0.00086 0.30798
v -0.09484 -0.01038 0.31658
v -0.10519 -0.00153 0.30304
v -0.10416 -0.00283 0.30374
v -0.10434 -0.00106 0.30414
v -0.09965 -0.00602 0.30688
v -0.11925 0.03105 0.29637
v -0.12153 0.08001 0.28383
v -0.08481 -0.00993 0.29641
v -0.10519 -0.00153 0.30304
v -0.10416 -0.00283 0.30374
v -0.10339 -0.00558 0.31111
v -0.09979 -0.00472 0.30578
v -0.09965 -0.00602 0.30688
v -0.10524 -0.00200 0.31427
v -0.09824 -0.22827 0.25380
v -0.06680 -0.22801 0.25293
v -0.10896 0.19633 0.16670
v -0.08291 -0.00431 0.29944
v -0.10434 -0.00106 0.30414
v -0.09122 -0.00788 0.31310
v -0.12238 0.05149 0.28621
v -0.12079 0.04603 0.29007
v -0.10533 0.00555 0.31557
v -0.01667 0.13237 0.11207
v -0.09979 -0.00472 0.30578
v -0.09122 -0.00788 0.31310
v -0.09104 -0.00727 0.31259
v -0.09399 -0.00817 0.31809
v -0.11049 0.02202 0.30833
v -0.09501 -0.00472 0.32211
v -0.06542 -0.03298 0.32592
v -0.09104 -0.00727 0.31259
v -0.11472 0.03625 0.30034
v -0.03514 -0.04509 0.32713
v -0.11743 0.07314 0.29663
v -0.05620 -0.00728 0.29116
v -0.05252 -0.01639 0.28539
v -0.09331 0.00153 0.32441
v -0.07459 -0.01564 0.31894
v -0.10896 0.19633 0.16670
v -0.10622 0.02807 0.31153
v -0.09976 0.01680 0.31812
v -0.11577 0.14995 0.20748
v -0.06748 -0.23319 0.24886
v -0.09641 -0.23319 0.24868
v -0.06435 -0.00912 0.33534
v -0.00000 0.14005 0.11444
v -0.06054 -0.00748 0.32580
v -0.11577 0.14995 0.20748
v -0.03608 -0.00479 0.30951
v -0.06695 -0.02212 0.33406
v -0.09668 0.02344 0.32075
v -0.02767 -0.02334 0.29297
v -0.06435 -0.00912 0.33534
v -0.02597 -0.01818 0.27670
v -0.00000 -0.05396 0.30297
v -0.02279 -0.00877 0.28479
v -0.01529 -0.04611 0.33430
v -0.08800 0.01460 0.32607
v -0.03813 -0.03636 0.34474
v -0.06605 0.05420 0.30395
v -0.12238 0.05149 0.28621
v -0.12079 0.04603 0.29007
v -0.06656 -0.01304 0.33744
v -0.08593 0.02113 0.32795
v -0.11472 0.03625 0.30034
v -0.00000 -0.01791 0.27345
v -0.00000 -0.02493 0.29836
v -0.11003 0.14731 0.24402
v -0.11743 0.07314 0.29663
v -0.00000 -0.00852 0.28348
v -0.10299 0.16275 0.21162
v -0.10622 0.02807 0.31153
v -0.00000 -0.04660 0.33673
v -0.06418 -0.00878 0.33510
v -0.11326 0.12718 0.28360
v -0.09668 0.02344 0.32075
v -0.02419 -0.02069 0.34401
v -0.08674 0.17622 0.19432
v -0.06418 -0.00878 0.33510
v -0.06684 -0.00829 0.33966
v -0.03972 -0.02643 0.35304
v -0.06810 -0.00456 0.34158
v -0.10299 0.16275 0.21162
v -0.06808 0.00010 0.34064
v -0.01650 -0.03832 0.35110
v -0.08593 0.02113 0.32795
v -0.10556 0.10349 0.30177
v -0.08674 0.17622 0.19432
v -0.00000 -0.02464 0.35124
v -0.10497 0.09262 0.31042
v -0.06831 0.01348 0.33422
v -0.00000 -0.00544 0.30586
v -0.04093 -0.01748 0.35616
v -0.02985 0.18834 0.18294
v -0.06880 0.02007 0.33434
v -0.01671 0.17478 0.14598
v -0.00000 0.17181 0.13572
v -0.10497 0.09262 0.31042
v -0.04071 -0.01308 0.35260
v -0.08674 0.17622 0.19432
v -0.04007 -0.01240 0.35509
v -0.02334 -0.00724 0.35149
v -0.01829 -0.02964 0.36099
v -0.06880 0.02007 0.33434
v -0.00000 -0.04012 0.35136
v -0.04007 -0.01240 0.35509
v -0.04052 -0.01076 0.35929
v -0.04138 -0.00510 0.35950
v -0.04071 -0.01308 0.35260
v -0.04353 0.00106 0.35546
v -0.04758 0.01511 0.34171
v -0.07751 0.17579 0.23107
v -0.05795 0.18365 0.23295
v -0.08300 0.16691 0.25317
v -0.05003 0.02134 0.33782
v -0.05003 0.02134 0.33782
v -0.01677 0.18674 0.17020
v -0.01977 -0.02224 0.36429
v -0.08949 0.10124 0.32249
v -0.00000 -0.00924 0.35545
v -0.09264 0.13907 0.30063
v -0.01926 -0.01714 0.35927
v -0.08950 0.11074 0.31642
v -0.08949 0.10124 0.32249
v -0.01926 -0.01714 0.35927
v -0.00000 -0.03204 0.36144
v -0.03684 0.02430 0.34170
v -0.02098 -0.01434 0.36750
v -0.01865 -0.01539 0.36316
v -0.00000 -0.02137 0.36066
v -0.01865 -0.01539 0.36316
v -0.03143 0.01861 0.35118
v -0.02263 -0.00739 0.36973
v -0.03684 0.02430 0.34170
v -0.02499 0.00224 0.36656
v -0.00000 0.21235 0.14060
v -0.00000 -0.02638 0.36591
v -0.10195 -0.21398 0.25252
v -0.09730 -0.21714 0.25536
v -0.00000 -0.02137 0.36066
v -0.07751 0.17579 0.23107
v -0.08300 0.16691 0.25317
v -0.09610 0.19078 0.25794
v -0.08606 0.20082 0.22865
v -0.03939 0.05615 0.34722
v -0.07192 0.10167 0.33364
v -0.02826 0.03049 0.35024
v -0.03030 0.19021 0.22251
v -0.02985 0.18834 0.18294
v -0.09610 0.19078 0.25794
v -0.08300 0.16691 0.25317
v -0.05795 0.18365 0.23295
v -0.06393 0.20865 0.23133
v -0.10021 0.21596 0.25942
v -0.05679 0.09226 0.34215
v -0.04733 0.07846 0.34640
v -0.00000 -0.01630 0.36785
v -0.00000 -0.01630 0.36785
v -0.00000 -0.01529 0.37270
v -0.00000 0.19130 0.17922
v -0.07205 0.14240 0.31662
v -0.03214 0.05658 0.35049
v -0.01202 0.01717 0.36968
v -0.03939 0.05615 0.34722
v -0.10021 0.21596 0.25942
v -0.00000 -0.00891 0.37555
v -0.06562 0.17098 0.27393
v -0.01226 0.03028 0.36529
v -0.09187 0.22232 0.23502
v -0.06562 0.17098 0.27393
v -0.07190 0.19652 0.28022
v -0.06978 0.11044 0.33159
v -0.07192 0.10167 0.33364
v -0.00000 0.00372 0.37586
v -0.00000 0.01784 0.37217
v -0.07405 0.22804 0.23718
v -0.00000 0.19130 0.17922
v -0.04662 0.18599 0.24581
v -0.01397 0.05749 0.36488
v -0.04733 0.07846 0.34640
v -0.03937 0.08280 0.35061
v -0.05679 0.09226 0.34215
v -0.05258 0.10133 0.34315
v -0.04991 0.21122 0.24637
v -0.04662 0.18599 0.24581
v -0.00000 0.03100 0.36803
v -0.08072 0.22128 0.27774
v -0.08466 0.23144 0.25673
v -0.03429 0.13586 0.34034
v -0.04726 0.18174 0.26602
v -0.03154 0.18291 0.26820
v -0.08466 0.23144 0.25673
v -0.00000 0.05788 0.36819
v -0.04726 0.18174 0.26602
v -0.05117 0.20618 0.27106
v -0.06385 0.23108 0.24988
v -0.03088 0.16879 0.29813
v -0.05117 0.20618 0.27106
v -0.04726 0.18174 0.26602
v -0.01548 0.19050 0.24887
v -0.00000 0.19197 0.24237
v -0.02240 0.18486 0.26802
v -0.06410 0.22889 0.26838
v -0.06410 0.22889 0.26838
v -0.02074 0.09299 0.36025
v -0.02725 0.11457 0.35318
v -0.01502 0.18015 0.28515
v -0.00000 0.09548 0.36612
v -0.00980 0.10193 0.36281
v -0.00972 0.11504 0.35794
v -0.01352 0.16033 0.32132
v -0.01422 0.14750 0.33539
v -0.00000 0.17795 0.29049
v -0.06680 -0.22801 0.25293
v -0.04598 -0.22811 0.23316
v -0.00000 0.16491 0.31581
v -0.00000 0.11017 0.38084
v -0.00000 0.14283 0.34081
v -0.00000 0.11968 0.35730
v -0.00000 0.23262 0.28003
v -0.00000 0.17492 0.34783
v -0.04851 -0.21148 0.23882
v -0.02121 -0.16557 -0.03230
v -0.03555 -0.18714 0.00934
v -0.02807 -0.18691 -0.00607
v -0.02358 -0.11164 -0.08786
v -0.01485 -0.22963 0.04586
v -0.02189 -0.21587 0.03618
v -0.02795 -0.21864 0.03927
v -0.01880 -0.21929 0.03059
v -0.03757 -0.11877 -0.07622
v -0.05637 -0.18779 0.01439
v -0.01182 -0.10738 -0.09574
v -0.02179 -0.16512 -0.00577
v -0.02512 -0.17070 -0.00619
v -0.02678 -0.16991 -0.03163
v -0.02121 -0.16557 -0.03230
v -0.08125 -0.14860 -0.02570
v -0.01931 -0.22933 0.02454
v -0.03419 -0.22854 0.03823
v -0.00000 -0.11452 -0.10460
v -0.08279 -0.16804 0.00440
v -0.03821 -0.21514 0.03212
v -0.03284 -0.20778 0.02262
v -0.01931 -0.22933 0.02454
v -0.01485 -0.22963 0.04586
v -0.03419 -0.22854 0.03823
v -0.05272 -0.23187 0.06765
v -0.04702 -0.22018 0.05231
v -0.05351 -0.21495 0.05300
v -0.02499 -0.21576 0.01626
v -0.07534 -0.18764 0.00916
v -0.03284 -0.20778 0.02262
v -0.06016 -0.22000 0.05332
v -0.04335 -0.21476 0.03456
v -0.03821 -0.21514 0.03212
v -0.05560 -0.20495 0.03160
v -0.04347 -0.23067 0.04602
v -0.03503 -0.19431 0.00937
v -0.02747 -0.19431 -0.00518
v -0.04335 -0.21476 0.03456
v -0.05635 -0.19369 0.01507
v -0.02807 -0.18691 -0.00607
v -0.03092 -0.18777 -0.02837
v -0.05560 -0.20495 0.03160
v -0.03629 -0.13247 -0.07945
v -0.02504 -0.20686 -0.00235
v -0.04123 -0.22984 0.03515
v -0.03022 -0.23004 0.02662
v -0.03757 -0.11877 -0.07622
v -0.04030 -0.22957 0.03442
v -0.04030 -0.22957 0.03442
v -0.04123 -0.22984 0.03515
v -0.02499 -0.21576 0.01626
v -0.06691 -0.21567 0.03688
v -0.06485 -0.23038 0.04767
v -0.04347 -0.23067 0.04602
v -0.05272 -0.23187 0.06765
v -0.06485 -0.23038 0.04767
v -0.02375 -0.22974 0.01267
v -0.04030 -0.22957 0.03442
v -0.01924 -0.12697 -0.10727
v -0.02375 -0.22974 0.01267
v -0.02747 -0.19431 -0.00518
v -0.03147 -0.19414 -0.02720
v -0.00000 -0.17301 -0.06429
v -0.01985 -0.16668 -0.06691
v -0.03822 -0.16625 -0.05599
v -0.03606 -0.15434 -0.06211
v -0.03606 -0.15434 -0.06211
v -0.04123 -0.22984 0.03515
v -0.06909 -0.22988 0.03771
v -0.03359 -0.23336 0.02358
v -0.03022 -0.23004 0.02662
v -0.04240 -0.23335 0.03124
v -0.02140 -0.23012 0.00225
v -0.02375 -0.22974 0.01267
v -0.07582 -0.19401 0.00906
v -0.07878 -0.20689 0.02657
v -0.08263 -0.16779 -0.02504
v -0.02743 -0.15321 -0.10408
v -0.08546 -0.18720 -0.00219
v -0.06691 -0.21567 0.03688
v -0.07210 -0.21581 0.03493
v -0.04357 -0.13332 -0.07303
v -0.02547 -0.23337 0.00230
v -0.07056 -0.15496 -0.05017
v -0.02504 -0.20686 -0.00235
v -0.02950 -0.20791 -0.02459
v -0.06909 -0.22988 0.03771
v -0.04357 -0.13332 -0.07303
v -0.05026 -0.14865 -0.06578
v -0.06909 -0.22988 0.03771
v -0.06876 -0.23337 0.03345
v -0.03991 -0.17733 -0.05076
v -0.03388 -0.15350 -0.07001
v -0.00000 -0.13643 -0.14216
v -0.01367 -0.14366 -0.14212
v -0.08132 -0.21966 0.04422
v -0.07210 -0.21581 0.03493
v -0.02140 -0.23012 0.00225
v -0.02619 -0.23006 -0.01989
v -0.07034 -0.23002 0.03786
v -0.08690 -0.21427 0.04052
v -0.07878 -0.20689 0.02657
v -0.07861 -0.23337 0.02739
v -0.03359 -0.23336 0.02358
v -0.04240 -0.23335 0.03124
v -0.07772 -0.23024 0.04413
v -0.04175 -0.19492 -0.04359
v -0.04104 -0.18849 -0.04544
v -0.07034 -0.23002 0.03786
v -0.01739 -0.17406 -0.10211
v -0.00000 -0.18091 -0.10112
v -0.02547 -0.23337 0.00230
v -0.02999 -0.23333 -0.01699
v -0.08769 -0.19543 -0.00382
v -0.09447 -0.23122 0.05333
v -0.08812 -0.21445 0.02003
v -0.09204 -0.20918 -0.00145
v -0.08812 -0.21445 0.02003
v -0.05304 -0.16281 -0.06047
v -0.08634 -0.18703 -0.02441
v -0.06876 -0.23337 0.03345
v -0.07246 -0.17162 -0.04657
v -0.09261 -0.21945 0.03710
v -0.07772 -0.23024 0.04413
v -0.08093 -0.23188 0.02964
v -0.07034 -0.23002 0.03786
v -0.05497 -0.17469 -0.05514
v -0.08093 -0.23188 0.02964
v -0.07861 -0.23337 0.02739
v -0.04100 -0.20819 -0.04119
v -0.08788 -0.23341 0.00082
v -0.02547 -0.23337 0.00230
v -0.08712 -0.23337 0.01787
v -0.09447 -0.23122 0.05333
v -0.09438 -0.22990 0.03342
v -0.02039 -0.16219 -0.14184
v -0.05662 -0.18879 -0.04900
v -0.09438 -0.22990 0.03342
v -0.05724 -0.19548 -0.04709
v -0.03957 -0.23021 -0.03807
v -0.09193 -0.23011 0.01871
v -0.02999 -0.23333 -0.01699
v -0.08505 -0.23357 -0.01822
v -0.08828 -0.19555 -0.02443
v -0.04172 -0.23337 -0.03243
v -0.07395 -0.18811 -0.04339
v -0.08712 -0.23337 0.01787
v -0.09193 -0.23011 0.01871
v -0.09193 -0.23011 0.01871
v -0.00000 -0.14127 -0.16217
v -0.01204 -0.14832 -0.16220
v -0.09036 -0.20874 -0.02378
v -0.05775 -0.20887 -0.04508
v -0.07469 -0.19554 -0.04189
v -0.01401 -0.17963 -0.14170
v -0.00000 -0.18561 -0.14167
v -0.09326 -0.23019 0.00077
v -0.04172 -0.23337 -0.03243
v -0.07327 -0.23370 -0.03328
v -0.08788 -0.23341 0.00082
v -0.05679 -0.23036 -0.04251
v -0.01765 -0.16452 -0.16211
v -0.05658 -0.23354 -0.03636
v -0.07618 -0.20895 -0.04035
v -0.00000 -0.05966 -0.24721
v -0.01246 -0.14445 -0.18732
v -0.00000 -0.13721 -0.18732
v -0.05658 -0.23354 -0.03636
v -0.08971 -0.23036 -0.02117
v -0.08505 -0.23357 -0.01822
v -0.07628 -0.23048 -0.03868
v -0.07327 -0.23370 -0.03328
v -0.00000 -0.11448 -0.21602
v -0.02752 -0.09793 -0.23725
v -0.02156 -0.12279 -0.21867
v -0.01274 -0.18064 -0.16177
v -0.00000 -0.18685 -0.16163
v -0.01891 -0.16231 -0.18732
v -0.00000 -0.14047 -0.24821
v -0.00000 -0.05966 -0.24721
v -0.00000 -0.18587 -0.18732
v -0.01396 -0.17939 -0.18732
v -0.02752 -0.09793 -0.23725
v -0.03341 -0.15020 -0.22533
v -0.02114 -0.17610 -0.23250
v -0.00000 -0.18381 -0.23701
v -0.06959 -0.08570 -0.27987
v -0.06959 -0.08570 -0.27987
v -0.05248 -0.14713 -0.26126
v -0.05248 -0.14713 -0.26126
v -0.04291 -0.16838 -0.27558
v -0.00000 -0.18596 -0.28812
v -0.05826 -0.15464 -0.28519
v -0.04291 -0.16838 -0.27558
v -0.03071 -0.18517 -0.31488
v -0.00000 -0.18596 -0.28812
v -0.05826 -0.15464 -0.28519
v -0.03071 -0.18517 -0.31488
v -0.07327 -0.20844 0.25372
v -0.06785 -0.21852 0.25506
v -0.06300 -0.21466 0.25182
v -0.05484 -0.20722 0.24399
v -0.10838 -0.20399 0.24309
v -0.09824 -0.22827 0.25380
v -0.09824 -0.22827 0.25380
v -0.09824 -0.22827 0.25380
v -0.06680 -0.22801 0.25293
v -0.09179 -0.20866 0.25402
v -0.04598 -0.22811 0.23316
v -0.06680 -0.22801 0.25293
v -0.12084 -0.22801 0.23255
v -0.05559 -0.15983 0.15284
v -0.00000 -0.02638 0.12294
v -0.08674 0.17622 0.19432
v -0.01149 -0.09239 -0.08123
v -0.00000 -0.08744 -0.07966
v -0.02058 -0.05468 -0.04279
v -0.00000 -0.05943 -0.05397
v -0.02176 -0.04478 -0.01633
v -0.00000 -0.04098 -0.00230
v -0.00873 -0.04376 0.03603
v -0.00000 -0.04199 0.03320
v -0.01453 -0.04698 0.04547
v -0.01251 -0.04989 0.06130
v -0.00000 -0.05001 0.06962
v -0.01182 -0.10738 -0.09574
v -0.00000 -0.11452 -0.10460
v -0.01845 0.00006 0.11373
v -0.01271 0.01591 0.10879
v -0.01253 -0.01435 0.11899
v -0.00000 -0.01917 0.11961
v -0.00000 0.02001 0.10768
v -0.00000 0.08689 0.10179
v -0.01653 0.09387 0.10322
v -0.02144 0.11468 0.10702
v -0.01667 0.13237 0.11207
v -0.00000 0.14005 0.11444
v -0.01671 0.17478 0.14598
v -0.00000 0.17181 0.13572
v -0.01677 0.18674 0.17020
v -0.00000 0.19130 0.17922
v -0.01548 0.19050 0.24887
v -0.00000 0.19197 0.24237
v -0.02240 0.18486 0.26802
v -0.01502 0.18015 0.28515
v -0.00000 0.09548 0.36612
v -0.00980 0.10193 0.36281
v -0.00972 0.11504 0.35794
v -0.01352 0.16033 0.32132
v -0.01422 0.14750 0.33539
v -0.00000 0.17795 0.29049
v -0.00000 0.16491 0.31581
v -0.00000 0.14283 0.34081
v -0.00000 0.11968 0.35730
v -0.03341 -0.17489 -0.33115
v -0.03924 -0.14747 -0.36096
v -0.00000 -0.17085 -0.35427
v -0.03336 -0.10947 -0.37493
v -0.00000 -0.13240 -0.38000
v -0.06364 -0.14900 -0.32167
v -0.07486 -0.11207 -0.30810
v -0.06361 -0.11055 -0.34740
v -0.03936 -0.17333 -0.29070
v -0.03355 -0.15346 -0.25541
v -0.06373 -0.13641 -0.27715
v -0.00000 -0.18684 -0.31085
v -0.00000 -0.17425 -0.26632
v -0.00000 -0.08617 -0.37822
v -0.03929 -0.07266 -0.35807
v -0.06369 -0.07419 -0.31879
v -0.03228 -0.04656 -0.32069
v -0.06375 -0.09017 -0.27537
v -0.03947 -0.11450 -0.24439
v -0.03360 -0.07480 -0.25237
v -0.00000 -0.04874 -0.34382
v -0.03801 -0.05119 -0.28086
v -0.00000 -0.09166 -0.23592
v -0.00000 -0.03627 -0.29972
v -0.00000 -0.05210 -0.25672
v -0.01390 -0.02204 0.33636
v -0.00000 -0.02255 0.34117
v -0.03152 -0.01809 0.29450
v -0.00000 -0.02220 0.29413
v -0.00000 -0.02085 0.25898
v -0.03060 -0.01736 0.25929
v -0.00000 -0.02527 0.32314
v -0.02264 -0.02038 0.32358
v -0.00000 -0.02255 0.34117
v -0.01390 -0.02204 0.33636
v -0.01452 -0.01651 0.32402
v -0.02154 -0.01260 0.25984
v -0.00000 -0.01141 0.25995
v -0.00000 -0.01167 0.29520
v -0.02154 -0.01328 0.29506
v -0.00000 -0.01568 0.32409
v -0.03060 -0.01736 0.25929
v -0.03152 -0.01809 0.29450
v -0.02264 -0.02038 0.32358
v -0.06219 -0.02305 0.31627
v -0.05278 -0.02376 0.32642
v -0.05423 -0.01138 0.31984
v -0.05051 -0.02275 0.31601
v -0.01399 -0.02808 0.34764
v -0.00966 -0.01958 0.34596
v -0.01490 -0.02765 0.34110
v -0.00374 -0.02938 0.34952
v -0.00510 -0.02023 0.34688
v -0.08496 -0.00348 0.29963
v -0.07522 -0.01124 0.30156
v -0.07676 -0.00448 0.31018
v -0.05573 -0.00483 0.32579
v -0.04700 -0.02289 0.32602
v -0.05166 -0.00503 0.33329
v -0.04212 -0.00525 0.33580
v -0.01588 -0.00568 0.35095
v -0.01607 -0.00505 0.34280
v -0.01168 -0.01406 0.34796
v -0.07208 -0.00361 0.29992
v -0.04294 -0.00484 0.32347
v -0.00731 -0.01415 0.34915
v -0.00522 -0.00605 0.35382
v -0.07546 -0.02188 0.30390
v -0.06604 -0.02271 0.31405
v -0.06749 -0.00818 0.30747
v -0.02984 -0.02662 0.34128
v -0.02515 -0.01732 0.34081
v -0.02802 -0.02561 0.33408
v -0.02120 -0.01745 0.34270
v -0.01964 -0.02690 0.34619
v -0.01532 -0.02660 0.34105
v -0.06377 -0.02152 0.30364
v -0.00098 -0.00583 0.34704
v -0.03570 -0.00482 0.34044
v -0.03345 -0.00399 0.33231
v -0.03062 -0.01328 0.33961
v -0.02681 -0.01345 0.34232
v -0.01938 -0.00522 0.34196
v -0.02504 -0.00543 0.34781
v -0.07242 -0.00459 0.31438
v -0.06313 -0.01379 0.31427
v -0.06182 -0.00590 0.32379
v -0.06019 -0.00526 0.31230
v -0.04447 -0.02519 0.32985
v -0.04263 -0.02571 0.33707
v -0.03753 -0.00936 0.33345
v -0.03453 -0.02571 0.33846
v -0.03471 -0.02498 0.32912
v -0.00131 -0.02973 0.34397
v -0.00731 -0.01415 0.34915
v -0.00098 -0.00583 0.34704
v -0.01168 -0.01406 0.34796
v -0.01607 -0.00505 0.34280
v -0.02681 -0.01345 0.34232
v -0.01938 -0.00522 0.34196
v -0.03062 -0.01328 0.33961
v -0.03345 -0.00399 0.33231
v -0.00510 -0.02023 0.34688
v -0.00131 -0.02973 0.34397
v -0.02120 -0.01745 0.34270
v -0.01532 -0.02660 0.34105
v -0.02515 -0.01732 0.34081
v -0.02802 -0.02561 0.33408
v -0.00966 -0.01958 0.34596
v -0.01490 -0.02765 0.34110
v -0.03471 -0.02498 0.32912
v -0.04294 -0.00484 0.32347
v -0.06019 -0.00526 0.31230
v -0.07208 -0.00361 0.29992
v -0.06377 -0.02152 0.30364
v -0.05051 -0.02275 0.31601
v -0.13326 -0.08698 0.08408
v -0.15767 -0.04945 0.10375
v -0.16156 -0.09079 0.06983
v -0.10122 -0.08982 0.09680
v -0.12802 -0.06674 0.10623
v -0.08192 -0.08854 0.09997
v -0.10122 -0.08982 0.09680
v -0.16156 -0.09079 0.06983
v -0.15314 -0.04204 0.09115
v -0.12227 -0.06033 0.09471
v -0.13326 -0.08698 0.08408
v -0.08738 -0.09338 0.11003
v -0.07162 -0.10004 0.10590
v -0.07162 -0.10004 0.10590
v -0.19800 -0.10621 0.04964
v -0.19800 -0.10621 0.04964
v -0.32440 -0.03170 0.06171
v -0.28723 -0.02220 0.07951
v -0.28617 -0.00320 0.08557
v -0.32430 -0.01680 0.06611
v -0.35374 -0.04310 0.04532
v -0.35417 -0.03134 0.04804
v -0.15767 -0.04945 0.10375
v -0.15780 -0.04327 0.11330
v -0.17360 -0.03314 0.11223
v -0.32214 -0.03752 0.05190
v -0.28527 -0.02753 0.06896
v -0.35118 -0.04870 0.03699
v -0.20782 -0.10220 0.05576
v -0.21239 -0.01344 0.10820
v -0.20149 -0.02473 0.10122
v -0.20577 0.00884 0.12042
v -0.21207 -0.13435 0.03163
v -0.20709 -0.02286 0.09556
v -0.24225 0.00534 0.10568
v -0.24486 -0.01492 0.09677
v -0.21374 -0.01938 0.09588
v -0.24451 -0.02008 0.08725
v -0.20266 0.02336 0.11550
v -0.23911 0.01801 0.10006
v -0.28424 0.00654 0.07975
v -0.32268 -0.00852 0.06154
v -0.35308 -0.02539 0.04479
v -0.40000 -0.07540 0.00777
v -0.39867 -0.07722 0.01042
v -0.39944 -0.07099 0.01039
v -0.16432 -0.01325 0.10005
v -0.16566 -0.01817 0.09096
v -0.11617 -0.04652 0.09510
v -0.11550 -0.04161 0.10606
v -0.31976 -0.02058 0.04196
v -0.32135 -0.00832 0.05283
v -0.28208 0.00725 0.06872
v -0.28050 -0.00684 0.05621
v -0.34989 -0.03523 0.02988
v -0.35212 -0.02543 0.03835
v -0.32268 -0.00852 0.06154
v -0.28424 0.00654 0.07975
v -0.35308 -0.02539 0.04479
v -0.40000 -0.07540 0.00777
v -0.39944 -0.07099 0.01039
v -0.11876 -0.04444 0.11671
v -0.16656 -0.01566 0.10920
v -0.20213 -0.01399 0.08169
v -0.19427 -0.01210 0.08227
v -0.12115 -0.05818 0.09302
v -0.14795 -0.03056 0.09294
v -0.28126 -0.01548 0.05536
v -0.31985 -0.02810 0.04137
v -0.34956 -0.04130 0.02909
v -0.39775 -0.07464 0.00595
v -0.20309 -0.09526 0.04490
v -0.24077 -0.00857 0.06948
v -0.23773 0.00162 0.07055
v -0.20294 0.00317 0.08239
v -0.23742 0.01703 0.08567
v -0.19905 0.02127 0.10042
v -0.23911 0.01801 0.10006
v -0.19800 -0.10621 0.04964
v -0.21207 -0.13435 0.03163
v -0.21486 -0.10626 0.04187
v -0.21487 -0.09334 0.04757
v -0.39775 -0.07464 0.00595
v -0.38425 -0.06824 0.01443
v -0.07145 -0.06664 0.10055
v -0.07900 -0.08321 0.09586
v -0.12825 -0.06275 0.12012
v -0.08903 -0.09602 0.11790
v -0.08777 -0.08851 0.13238
v -0.08163 -0.07063 0.13873
v -0.12384 -0.05224 0.12377
v -0.07507 -0.05985 0.12996
v -0.07507 -0.05985 0.12996
v -0.07098 -0.05690 0.11801
v -0.05715 -0.09853 0.09884
v -0.07162 -0.10004 0.10590
v -0.08192 -0.08854 0.09997
v -0.06696 -0.11082 0.12229
v -0.06980 -0.09776 0.13595
v -0.06312 -0.07662 0.14312
v -0.05260 -0.06782 0.13597
v -0.05260 -0.06782 0.13597
v -0.05153 -0.06398 0.12423
v -0.05051 -0.07108 0.10981
v -0.12874 -0.06757 0.11027
v -0.11876 -0.04444 0.11671
v -0.15441 -0.03372 0.11634
v -0.17052 -0.02339 0.11453
v -0.14801 -0.02608 0.10144
v -0.15089 -0.02851 0.11029
v -0.15089 -0.02851 0.11029
v -0.16656 -0.01566 0.10920
v -0.20266 0.02336 0.11550
v -0.12227 -0.06033 0.09471
v -0.12802 -0.06674 0.10623
v -0.08738 -0.09338 0.11003
v -0.19800 -0.10621 0.04964
v -0.07162 -0.10004 0.10590
v -0.06114 -0.10799 0.10751
v -0.15314 -0.04204 0.09115
v -0.38425 -0.06824 0.01443
v -0.20775 -0.00886 0.08061
v -0.21487 -0.09334 0.04757
v -0.21486 -0.10626 0.04187
v -0.06114 -0.10799 0.10751
v -0.23063 -0.07024 0.05299
v -0.21985 -0.08373 0.05067
v -0.21374 -0.01938 0.09588
v -0.24451 -0.02008 0.08725
v -0.26779 -0.05245 0.04966
v -0.24631 -0.05968 0.05255
v -0.34996 -0.05861 0.02571
v -0.34956 -0.04130 0.02909
v -0.31985 -0.02810 0.04137
v -0.32193 -0.05212 0.03529
v -0.23063 -0.07024 0.05299
v -0.24077 -0.00857 0.06948
v -0.21985 -0.08373 0.05067
v -0.21487 -0.09334 0.04757
v -0.38425 -0.06824 0.01443
v -0.35118 -0.04870 0.03699
v -0.38425 -0.06824 0.01443
v -0.34996 -0.05861 0.02571
v -0.32193 -0.05212 0.03529
v -0.32214 -0.03752 0.05190
v -0.28527 -0.02753 0.06896
v -0.29451 -0.04967 0.04376
v -0.28126 -0.01548 0.05536
v -0.29451 -0.04967 0.04376
v -0.26779 -0.05245 0.04966
v -0.20775 -0.00886 0.08061
v -0.20213 -0.01399 0.08169
v -0.21487 -0.09334 0.04757
v -0.20709 -0.02286 0.09556
v -0.24631 -0.05968 0.05255
v 0.08014 0.05912 0.33852
v 0.07842 0.08441 0.33344
v 0.06968 0.08275 0.33777
v 0.06220 0.07749 0.34153
v 0.05710 0.06942 0.34414
v 0.05518 0.05978 0.34521
v 0.05671 0.05002 0.34457
v 0.06147 0.04165 0.34231
v 0.06873 0.03593 0.33880
v 0.07739 0.03373 0.33455
v 0.08612 0.03538 0.33022
v 0.09361 0.04065 0.32646
v 0.09870 0.04871 0.32385
v 0.10063 0.05836 0.32278
v 0.09910 0.06811 0.32343
v 0.09434 0.07648 0.32568
v 0.08708 0.08221 0.32919
v 0.07250 0.10574 0.32010
v 0.05636 0.10268 0.32810
v 0.04253 0.09295 0.33504
v 0.03311 0.07804 0.33987
v 0.02955 0.06022 0.34183
v 0.03238 0.04221 0.34065
v 0.04118 0.02673 0.33649
v 0.05459 0.01616 0.32999
v 0.07059 0.01209 0.32214
v 0.08673 0.01515 0.31414
v 0.10056 0.02488 0.30719
v 0.10998 0.03979 0.30237
v 0.11354 0.05760 0.30040
v 0.11071 0.07562 0.30159
v 0.10192 0.09110 0.30575
v 0.08850 0.10167 0.31225
v 0.06328 0.11987 0.30051
v 0.04219 0.11586 0.31097
v 0.02412 0.10316 0.32004
v 0.01182 0.08368 0.32634
v 0.00716 0.06040 0.32891
v 0.01086 0.03686 0.32737
v 0.02235 0.01664 0.32193
v 0.03988 0.00282 0.31344
v 0.06078 -0.00249 0.30319
v 0.08188 0.00151 0.29273
v 0.09995 0.01422 0.28366
v 0.11225 0.03369 0.27735
v 0.11690 0.05698 0.27478
v 0.11320 0.08052 0.27633
v 0.10171 0.10074 0.28176
v 0.08418 0.11455 0.29026
v 0.05216 0.12464 0.27767
v 0.02933 0.12031 0.28899
v 0.00977 0.10655 0.29881
v -0.00354 0.08547 0.30563
v -0.00858 0.06027 0.30841
v -0.00457 0.03479 0.30674
v 0.00786 0.01291 0.30086
v 0.02684 -0.00205 0.29166
v 0.04946 -0.00780 0.28056
v 0.07229 -0.00347 0.26924
v 0.09185 0.01029 0.25942
v 0.10516 0.03137 0.25260
v 0.11020 0.05657 0.24982
v 0.10620 0.08205 0.25150
v 0.09376 0.10393 0.25738
v 0.07479 0.11889 0.26657
v -0.08014 0.05912 0.33852
v -0.07842 0.08441 0.33344
v -0.06968 0.08275 0.33777
v -0.06220 0.07749 0.34153
v -0.05710 0.06942 0.34414
v -0.05518 0.05978 0.34521
v -0.05671 0.05002 0.34457
v -0.06147 0.04165 0.34231
v -0.06873 0.03593 0.33880
v -0.07739 0.03373 0.33455
v -0.08612 0.03538 0.33022
v -0.09361 0.04065 0.32646
v -0.09870 0.04871 0.32385
v -0.10063 0.05836 0.32278
v -0.09910 0.06811 0.32343
v -0.09434 0.07648 0.32568
v -0.08708 0.08221 0.32919
v -0.07250 0.10574 0.32010
v -0.05636 0.10268 0.32810
v -0.04253 0.09295 0.33504
v -0.03311 0.07804 0.33987
v -0.02955 0.06022 0.34183
v -0.03238 0.04221 0.34065
v -0.04118 0.02673 0.33649
v -0.05459 0.01616 0.32999
v -0.07059 0.01209 0.32214
v -0.08673 0.01515 0.31414
v -0.10056 0.02488 0.30719
v -0.10998 0.03979 0.30237
v -0.11354 0.05760 0.30040
v -0.11071 0.07562 0.30159
v -0.10192 0.09110 0.30575
v -0.08850 0.10167 0.31225
v -0.06328 0.11987 0.30051
v -0.04219 0.11586 0.31097
v -0.02412 0.10316 0.32004
v -0.01182 0.08368 0.32634
v -0.00716 0.06040 0.32891
v -0.01086 0.03686 0.32737
v -0.02235 0.01664 0.32193
v -0.03988 0.00282 0.31344
v -0.06078 -0.00249 0.30319
v -0.08188 0.00151 0.29273
v -0.09995 0.01422 0.28366
v -0.11225 0.03369 0.27735
v -0.11690 0.05698 0.27478
v -0.11320 0.08052 0.27633
v -0.10171 0.10074 0.28176
v -0.08418 0.11455 0.29026
v -0.05216 0.12464 0.27767
v -0.02933 0.12031 0.28899
v -0.00977 0.10655 0.29881
v 0.00354 0.08547 0.30563
v 0.00858 0.06027 0.30841
v 0.00457 0.03479 0.30674
v -0.00786 0.01291 0.30086
v -0.02684 -0.00205 0.29166
v -0.04946 -0.00780 0.28056
v -0.07229 -0.00347 0.26924
v -0.09185 0.01029 0.25942
v -0.10516 0.03137 0.25260
v -0.11020 0.05657 0.24982
v -0.10620 0.08205 0.25150
v -0.09376 0.10393 0.25738
v -0.07479 0.11889 0.26657
f 1 2 3
f 2338 4 5
f 2338 5 6
f 7 8 9
f 7 9 10
f 11 12 13
f 11 13 14
f 15 16 17
f 15 17 18
f 19 20 16
f 19 16 21
f 5 22 23
f 5 23 24
f 7 20 19
f 25 26 27
f 25 27 28
f 29 1 3
f 18 30 11
f 18 11 31
f 17 16 20
f 32 27 33
f 32 33 34
f 20 7 10
f 20 10 35
f 2339 2338 6
f 2339 6 36
f 27 26 37
f 27 37 33
f 38 12 11
f 38 11 30
f 39 18 17
f 40 17 20
f 30 18 39
f 40 20 35
f 41 34 42
f 41 42 43
f 5 44 6
f 45 46 47
f 45 47 48
f 34 33 49
f 34 49 42
f 46 45 50
f 46 50 51
f 17 40 52
f 53 54 41
f 53 41 43
f 47 46 55
f 47 55 56
f 17 52 39
f 24 44 5
f 24 23 57
f 24 57 58
f 30 39 59
f 30 59 38
f 60 55 46
f 60 46 51
f 33 37 61
f 33 61 49
f 62 36 6
f 62 6 44
f 63 48 47
f 63 47 64
f 65 43 42
f 65 42 66
f 56 55 67
f 56 67 68
f 51 50 69
f 51 69 70
f 54 53 71
f 54 71 72
f 39 52 73
f 39 73 59
f 42 49 74
f 42 74 66
f 75 53 43
f 75 43 65
f 76 67 55
f 76 55 77
f 47 56 78
f 47 78 64
f 68 67 79
f 68 79 80
f 55 60 77
f 81 60 82
f 58 57 83
f 84 79 67
f 84 67 76
f 24 85 44
f 49 61 86
f 49 86 74
f 80 79 87
f 80 87 88
f 89 65 66
f 89 66 90
f 56 68 91
f 56 91 78
f 88 87 92
f 88 92 93
f 94 95 96
f 94 96 97
f 98 87 79
f 98 79 84
f 99 71 53
f 99 53 75
f 90 66 74
f 90 74 100
f 72 71 101
f 72 101 102
f 103 60 81
f 58 85 24
f 104 75 65
f 104 65 89
f 68 80 105
f 68 105 91
f 87 98 106
f 87 106 92
f 2340 107 2341
f 108 109 110
f 93 92 111
f 93 111 112
f 108 113 109
f 114 109 115
f 114 115 116
f 117 83 102
f 95 118 119
f 95 119 96
f 120 88 93
f 120 93 121
f 122 123 124
f 80 88 120
f 80 120 105
f 58 83 117
f 125 126 127
f 107 2340 2342
f 74 86 128
f 74 128 100
f 75 104 129
f 75 129 99
f 112 121 93
f 125 130 126
f 113 115 109
f 131 103 132
f 133 111 92
f 133 92 106
f 118 134 119
f 104 89 135
f 136 89 90
f 136 90 137
f 127 126 138
f 127 138 139
f 112 111 140
f 141 97 96
f 141 96 142
f 103 143 132
f 144 145 146
f 71 99 147
f 71 147 101
f 148 84 76
f 148 76 131
f 138 126 130
f 138 130 149
f 150 113 151
f 152 121 112
f 152 112 153
f 113 150 115
f 154 85 58
f 155 104 135
f 155 135 156
f 157 140 111
f 137 90 100
f 137 100 158
f 136 135 89
f 104 155 159
f 104 159 129
f 160 153 112
f 160 112 140
f 161 162 163
f 161 163 164
f 102 101 165
f 102 165 117
f 125 166 130
f 167 98 84
f 167 84 148
f 145 168 169
f 145 169 146
f 146 170 144
f 171 150 172
f 144 170 173
f 154 58 117
f 154 117 174
f 99 129 147
f 175 156 135
f 175 135 136
f 140 176 160
f 106 98 167
f 106 167 177
f 119 134 178
f 176 140 157
f 176 157 179
f 134 180 181
f 134 181 178
f 182 159 183
f 96 119 184
f 96 184 142
f 132 143 185
f 186 157 111
f 186 111 133
f 187 107 2342
f 158 100 128
f 158 128 188
f 189 139 138
f 189 138 190
f 173 191 144
f 2343 85 154
f 2343 154 192
f 125 193 166
f 149 130 166
f 149 166 194
f 190 138 149
f 190 149 195
f 144 191 196
f 197 198 199
f 180 200 201
f 180 201 181
f 202 141 142
f 202 142 203
f 198 197 204
f 169 168 205
f 169 205 206
f 207 170 146
f 207 146 208
f 209 133 106
f 209 106 177
f 200 210 211
f 200 211 201
f 212 175 136
f 212 136 213
f 182 183 214
f 182 214 215
f 101 147 216
f 101 216 165
f 217 218 161
f 217 161 164
f 178 219 119
f 199 220 197
f 221 189 190
f 221 190 222
f 213 136 137
f 213 137 223
f 170 224 173
f 169 225 146
f 219 184 119
f 146 225 208
f 147 182 215
f 226 131 132
f 199 227 220
f 222 190 195
f 222 195 228
f 229 230 231
f 232 132 233
f 223 137 158
f 223 158 234
f 191 173 224
f 191 224 235
f 236 148 131
f 236 131 226
f 170 207 224
f 237 238 204
f 237 204 197
f 239 179 157
f 239 157 186
f 240 184 241
f 197 220 242
f 197 242 237
f 194 166 193
f 194 193 243
f 206 205 244
f 206 244 245
f 221 222 246
f 221 246 247
f 248 167 148
f 248 148 236
f 192 154 249
f 192 249 250
f 117 165 251
f 117 251 174
f 249 154 174
f 249 174 252
f 238 237 253
f 238 253 254
f 255 186 133
f 255 133 209
f 178 256 219
f 178 181 257
f 178 257 256
f 225 169 206
f 225 206 258
f 195 149 194
f 195 194 259
f 254 253 260
f 227 242 220
f 184 219 261
f 184 261 241
f 177 167 248
f 177 248 262
f 253 263 260
f 263 227 264
f 253 237 242
f 253 242 263
f 196 191 235
f 196 235 265
f 257 181 201
f 257 201 266
f 234 158 188
f 234 188 267
f 227 263 242
f 216 215 268
f 215 214 269
f 215 269 270
f 256 261 219
f 271 272 273
f 226 232 261
f 226 261 256
f 236 226 256
f 236 256 257
f 232 274 261
f 275 276 277
f 278 201 211
f 278 211 279
f 280 246 222
f 280 222 228
f 251 165 216
f 251 216 281
f 282 283 284
f 247 246 285
f 247 285 286
f 208 225 287
f 288 212 213
f 288 213 289
f 290 252 174
f 290 174 251
f 291 209 177
f 291 177 262
f 273 292 293
f 248 236 257
f 248 257 266
f 294 295 272
f 244 296 297
f 244 297 245
f 293 292 284
f 298 207 208
f 298 208 287
f 266 201 278
f 282 295 299
f 217 300 301
f 217 301 218
f 224 207 298
f 224 298 302
f 287 225 258
f 262 278 303
f 258 206 245
f 258 245 304
f 305 239 186
f 305 186 255
f 223 306 213
f 295 292 272
f 295 282 292
f 195 307 228
f 308 2344 2346
f 306 223 234
f 306 234 309
f 308 2345 2344
f 213 306 289
f 310 255 209
f 311 285 246
f 311 246 280
f 235 224 302
f 235 302 312
f 262 303 313
f 262 313 291
f 308 2346 2347
f 216 268 314
f 290 251 315
f 290 315 316
f 303 317 318
f 303 318 313
f 259 194 243
f 259 243 319
f 286 285 320
f 286 320 321
f 259 307 195
f 280 228 307
f 280 307 322
f 296 323 324
f 296 324 297
f 325 268 215
f 325 215 270
f 326 288 289
f 281 216 314
f 258 304 327
f 287 258 327
f 315 251 281
f 315 281 328
f 329 304 245
f 329 245 297
f 326 330 331
f 309 234 267
f 309 267 332
f 308 2347 2348
f 326 289 333
f 334 270 269
f 334 269 335
f 320 285 311
f 320 311 336
f 265 235 312
f 265 312 337
f 300 338 339
f 300 339 301
f 340 313 318
f 255 310 305
f 329 327 304
f 341 314 268
f 341 268 325
f 298 287 342
f 298 342 343
f 344 330 326
f 340 318 345
f 340 345 346
f 281 314 347
f 348 349 350
f 348 350 351
f 287 327 342
f 352 348 351
f 352 351 353
f 354 355 356
f 354 356 357
f 321 320 358
f 321 358 359
f 302 298 343
f 302 343 360
f 323 361 362
f 323 362 324
f 363 344 364
f 333 306 309
f 333 309 365
f 326 333 344
f 325 270 366
f 355 367 368
f 355 368 356
f 351 350 369
f 351 369 370
f 371 354 357
f 372 350 349
f 372 349 373
f 311 280 322
f 311 322 374
f 270 334 366
f 353 351 370
f 353 370 375
f 376 329 297
f 376 297 324
f 259 377 307
f 281 347 378
f 281 378 328
f 336 358 320
f 379 347 314
f 379 314 341
f 340 346 380
f 340 380 381
f 369 350 372
f 369 372 382
f 335 383 334
f 384 352 353
f 384 353 385
f 357 356 386
f 357 386 387
f 312 302 360
f 312 360 388
f 329 389 327
f 371 357 390
f 344 333 391
f 341 325 392
f 341 392 393
f 390 357 387
f 394 368 367
f 394 367 395
f 363 364 396
f 377 259 319
f 377 319 397
f 342 327 389
f 342 389 398
f 399 392 325
f 399 325 366
f 383 396 400
f 401 370 369
f 401 369 402
f 356 368 403
f 356 403 386
f 371 390 404
f 385 353 375
f 385 375 405
f 406 372 373
f 406 373 407
f 322 307 377
f 322 377 408
f 365 309 332
f 365 332 409
f 375 370 401
f 375 401 410
f 396 364 411
f 412 364 344
f 359 358 413
f 359 413 414
f 393 392 415
f 393 415 416
f 390 387 417
f 396 411 400
f 376 324 362
f 376 362 418
f 419 361 420
f 402 369 382
f 421 404 390
f 421 390 417
f 341 393 422
f 341 422 379
f 423 366 334
f 394 395 424
f 347 379 425
f 347 425 378
f 403 368 394
f 403 394 426
f 427 415 392
f 427 392 399
f 428 387 386
f 428 386 429
f 382 372 406
f 382 406 430
f 400 423 334
f 431 358 336
f 361 419 362
f 337 312 388
f 337 388 432
f 336 311 374
f 336 374 433
f 417 387 428
f 434 391 333
f 434 333 365
f 435 384 385
f 435 385 436
f 399 366 423
f 424 395 437
f 422 393 416
f 422 416 438
f 413 358 431
f 343 342 398
f 343 398 439
f 411 364 412
f 411 412 440
f 400 411 441
f 329 376 442
f 329 442 389
f 425 379 422
f 425 422 443
f 394 424 444
f 445 421 417
f 445 417 446
f 405 375 410
f 405 410 447
f 360 343 439
f 360 439 448
f 429 386 403
f 429 403 449
f 427 399 450
f 451 401 402
f 451 402 452
f 417 428 453
f 417 453 446
f 399 423 450
f 436 385 405
f 436 405 454
f 455 456 457
f 458 402 382
f 400 441 459
f 400 459 423
f 427 450 460
f 124 123 461
f 124 461 462
f 410 401 451
f 410 451 463
f 443 422 438
f 443 438 464
f 465 441 411
f 465 411 440
f 466 420 467
f 468 412 391
f 468 391 434
f 453 428 429
f 453 429 469
f 458 382 430
f 458 430 470
f 471 472 426
f 402 458 452
f 419 420 466
f 442 376 418
f 442 418 473
f 474 475 2365
f 431 336 433
f 431 433 476
f 388 360 448
f 388 448 477
f 398 389 442
f 398 442 478
f 479 450 423
f 479 423 459
f 480 434 365
f 480 365 409
f 418 362 481
f 418 481 482
f 475 474 483
f 362 419 481
f 440 412 468
f 440 468 484
f 449 403 426
f 449 426 485
f 436 486 435
f 487 460 450
f 487 450 479
f 454 405 447
f 454 447 488
f 474 2365 2366
f 489 459 441
f 489 441 465
f 374 322 408
f 374 408 490
f 447 410 463
f 447 463 491
f 449 469 429
f 408 377 397
f 408 397 492
f 493 451 452
f 493 452 494
f 494 452 458
f 481 419 466
f 481 466 495
f 496 465 440
f 496 440 484
f 497 474 2366
f 439 398 478
f 439 478 498
f 479 459 489
f 479 489 499
f 500 468 434
f 500 434 480
f 448 439 498
f 448 498 501
f 458 470 502
f 503 486 436
f 494 458 502
f 436 454 504
f 436 504 503
f 505 463 451
f 505 451 493
f 487 479 499
f 487 499 506
f 432 388 477
f 432 477 507
f 508 489 465
f 508 465 496
f 509 510 70
f 509 70 69
f 473 418 482
f 473 482 511
f 484 468 500
f 484 500 512
f 469 449 513
f 469 513 2369
f 488 447 491
f 488 491 514
f 502 470 515
f 502 515 516
f 502 517 494
f 478 442 473
f 478 473 518
f 485 513 449
f 499 489 508
f 499 508 519
f 491 463 505
f 491 505 520
f 482 481 521
f 482 521 511
f 454 488 522
f 454 522 504
f 523 486 503
f 524 493 494
f 524 494 517
f 525 496 484
f 525 484 512
f 433 374 490
f 433 490 526
f 477 448 501
f 477 501 527
f 472 485 426
f 481 495 521
f 506 499 519
f 506 519 528
f 505 493 529
f 505 529 530
f 531 517 502
f 529 493 524
f 529 524 532
f 498 478 518
f 498 518 533
f 534 508 496
f 534 496 525
f 501 498 533
f 501 533 535
f 531 502 516
f 514 491 520
f 514 520 536
f 516 515 537
f 516 537 538
f 524 517 531
f 524 531 539
f 540 488 514
f 540 514 541
f 520 505 530
f 520 530 542
f 523 503 543
f 523 543 544
f 545 513 485
f 545 485 546
f 547 522 488
f 547 488 540
f 490 408 492
f 490 492 548
f 549 521 495
f 550 519 508
f 550 508 534
f 551 473 511
f 503 504 552
f 503 552 543
f 476 433 526
f 476 526 553
f 511 521 554
f 511 554 551
f 546 485 472
f 546 472 555
f 530 529 556
f 530 556 557
f 558 528 519
f 558 519 550
f 554 521 549
f 554 549 559
f 556 529 532
f 556 532 560
f 527 501 535
f 527 535 561
f 507 477 527
f 507 527 562
f 542 530 557
f 542 557 563
f 516 564 531
f 536 520 542
f 536 542 565
f 504 522 566
f 504 566 552
f 532 524 539
f 532 539 567
f 473 568 518
f 541 514 536
f 541 536 569
f 564 516 538
f 564 538 570
f 538 537 571
f 538 571 572
f 551 568 473
f 573 2370 2371
f 574 533 518
f 574 518 568
f 575 557 556
f 575 556 576
f 539 531 564
f 539 564 577
f 578 547 540
f 578 540 579
f 535 533 574
f 535 574 580
f 542 563 581
f 542 581 565
f 582 563 557
f 582 557 575
f 573 2371 2372
f 471 583 584
f 471 584 472
f 522 547 585
f 522 585 566
f 579 540 541
f 579 541 586
f 544 543 587
f 544 587 588
f 581 563 582
f 581 582 589
f 576 556 560
f 576 560 590
f 591 582 575
f 591 575 592
f 569 536 565
f 569 565 593
f 568 551 554
f 589 582 591
f 589 591 594
f 592 575 576
f 592 576 595
f 560 532 567
f 560 567 596
f 586 541 569
f 586 569 597
f 585 547 578
f 585 578 598
f 599 600 601
f 602 589 594
f 602 594 603
f 599 601 604
f 605 581 589
f 605 589 602
f 231 230 606
f 231 606 607
f 526 490 548
f 526 548 608
f 600 609 610
f 543 552 611
f 543 611 587
f 559 568 554
f 595 576 590
f 595 590 612
f 613 578 579
f 613 579 614
f 615 565 581
f 615 581 605
f 599 609 600
f 2372 616 573
f 610 609 617
f 2373 555 472
f 2373 472 584
f 614 579 586
f 614 586 618
f 619 599 604
f 602 603 620
f 602 620 621
f 597 569 593
f 597 593 622
f 605 602 621
f 605 621 623
f 593 565 615
f 593 615 624
f 567 539 577
f 567 577 625
f 609 626 617
f 561 535 580
f 618 586 597
f 618 597 627
f 572 628 538
f 628 570 538
f 577 564 570
f 577 570 629
f 598 578 613
f 598 613 630
f 590 560 596
f 590 596 631
f 632 609 599
f 632 599 633
f 552 566 634
f 552 634 611
f 615 605 623
f 615 623 635
f 636 599 619
f 633 599 636
f 562 527 561
f 562 561 637
f 627 597 622
f 627 622 638
f 622 593 624
f 622 624 639
f 580 574 640
f 640 574 568
f 641 607 606
f 641 606 642
f 640 568 559
f 612 590 631
f 612 631 643
f 616 644 573
f 626 609 645
f 646 588 587
f 624 615 635
f 624 635 647
f 566 585 648
f 566 648 634
f 621 620 649
f 621 649 650
f 645 609 632
f 645 632 651
f 596 567 625
f 596 625 652
f 623 621 650
f 623 650 653
f 638 622 639
f 638 639 654
f 633 636 655
f 636 619 656
f 561 580 640
f 633 655 657
f 585 598 658
f 585 658 648
f 659 526 608
f 572 660 628
f 661 632 633
f 661 633 657
f 629 570 628
f 629 628 662
f 626 645 663
f 639 624 647
f 639 647 664
f 635 623 653
f 635 653 665
f 625 577 629
f 625 629 666
f 658 598 630
f 658 630 667
f 668 669 670
f 670 671 668
f 631 596 652
f 631 652 672
f 654 639 664
f 654 664 673
f 671 674 668
f 675 657 655
f 675 655 676
f 647 635 665
f 647 665 677
f 587 611 678
f 587 678 679
f 646 587 679
f 680 669 668
f 661 657 675
f 661 675 681
f 561 640 682
f 674 683 668
f 651 632 661
f 636 656 684
f 662 628 660
f 662 660 685
f 664 647 677
f 664 677 686
f 643 631 672
f 643 672 687
f 663 645 688
f 663 688 689
f 611 634 690
f 611 690 678
f 683 691 668
f 692 655 636
f 693 637 561
f 650 649 694
f 650 694 695
f 2373 584 696
f 2373 696 2374
f 652 625 666
f 652 666 697
f 673 664 686
f 673 686 698
f 645 651 688
f 699 653 650
f 699 650 695
f 700 646 679
f 690 634 648
f 690 648 701
f 702 680 668
f 703 665 653
f 703 653 699
f 666 629 662
f 666 662 704
f 691 705 668
f 692 636 684
f 701 648 658
f 701 658 706
f 707 677 665
f 707 665 703
f 708 709 710
f 676 655 692
f 676 692 711
f 706 658 667
f 706 667 712
f 713 686 677
f 713 677 707
f 651 661 714
f 705 715 668
f 661 681 714
f 716 672 652
f 716 652 697
f 717 709 708
f 718 698 686
f 718 686 713
f 696 584 719
f 696 719 720
f 721 702 668
f 700 679 722
f 723 687 672
f 723 672 716
f 722 724 700
f 725 689 688
f 725 688 726
f 697 666 704
f 697 704 727
f 715 728 668
f 704 662 685
f 704 685 729
f 695 694 730
f 695 730 731
f 651 726 688
f 732 699 695
f 732 695 731
f 692 684 733
f 734 703 699
f 734 699 732
f 735 707 703
f 735 703 734
f 736 713 707
f 736 707 735
f 737 724 738
f 737 738 739
f 740 679 678
f 740 678 741
f 742 718 713
f 742 713 736
f 728 743 668
f 719 584 717
f 719 717 744
f 722 679 740
f 745 716 697
f 745 697 727
f 746 721 668
f 651 714 747
f 748 678 690
f 748 690 749
f 750 692 733
f 751 706 712
f 751 712 752
f 743 753 668
f 754 723 716
f 754 716 745
f 755 701 706
f 755 706 751
f 749 690 701
f 749 701 755
f 726 651 747
f 704 729 756
f 704 756 727
f 736 757 742
f 758 731 730
f 758 730 759
f 711 692 750
f 711 750 760
f 722 740 738
f 725 726 761
f 735 762 736
f 753 763 668
f 764 732 731
f 764 731 758
f 743 765 753
f 766 735 734
f 766 734 767
f 768 2376 2375
f 767 734 732
f 767 732 764
f 769 746 668
f 770 745 727
f 770 727 756
f 736 762 757
f 185 771 772
f 185 772 773
f 678 748 741
f 774 754 745
f 774 745 770
f 775 776 777
f 775 777 778
f 763 779 668
f 766 762 735
f 780 761 726
f 765 763 753
f 768 2375 2377
f 781 758 759
f 781 759 782
f 780 726 747
f 783 769 668
f 779 784 668
f 757 762 785
f 786 751 752
f 786 752 787
f 788 789 737
f 788 737 739
f 757 785 790
f 791 792 793
f 791 793 794
f 795 775 778
f 795 778 796
f 778 777 797
f 778 797 798
f 799 764 758
f 799 758 781
f 800 783 668
f 784 801 668
f 780 747 802
f 803 755 751
f 803 751 786
f 781 782 804
f 781 804 805
f 801 800 668
f 762 766 806
f 762 806 785
f 717 807 744
f 808 767 764
f 808 764 799
f 809 749 755
f 809 755 803
f 790 785 810
f 811 766 767
f 811 767 808
f 2378 768 2377
f 790 810 812
f 813 814 792
f 813 792 791
f 815 799 781
f 815 781 805
f 816 741 748
f 816 748 817
f 817 748 749
f 817 749 809
f 806 766 811
f 806 811 818
f 798 797 819
f 798 819 820
f 778 798 821
f 778 821 796
f 791 794 822
f 791 822 823
f 824 786 787
f 824 787 825
f 785 806 826
f 785 826 810
f 827 808 799
f 827 799 815
f 812 810 828
f 812 828 829
f 830 814 813
f 830 813 831
f 803 786 824
f 803 824 832
f 811 808 827
f 811 827 833
f 821 798 820
f 821 820 834
f 835 836 789
f 835 789 788
f 739 837 788
f 826 806 818
f 826 818 838
f 839 829 828
f 839 828 840
f 825 841 842
f 825 842 824
f 795 796 843
f 795 843 844
f 810 826 845
f 810 845 828
f 818 811 833
f 818 833 846
f 841 839 840
f 841 840 842
f 813 791 823
f 813 823 847
f 820 819 848
f 809 803 832
f 809 832 849
f 850 816 817
f 850 817 851
f 831 852 830
f 840 828 845
f 840 845 853
f 820 848 834
f 796 821 854
f 796 854 843
f 838 818 846
f 838 846 855
f 832 824 842
f 832 842 856
f 823 822 857
f 823 857 858
f 788 837 851
f 831 813 847
f 831 847 859
f 826 838 860
f 826 860 845
f 842 840 853
f 842 853 856
f 854 821 834
f 854 834 861
f 862 817 809
f 862 809 849
f 851 837 850
f 863 864 844
f 863 844 843
f 834 848 861
f 859 852 831
f 835 788 865
f 835 865 866
f 865 788 851
f 865 851 867
f 868 861 848
f 859 869 852
f 851 817 862
f 870 853 845
f 870 845 860
f 847 823 858
f 847 858 871
f 838 855 872
f 838 872 860
f 854 861 868
f 854 868 873
f 869 859 847
f 869 847 871
f 843 854 873
f 843 873 863
f 849 832 856
f 849 856 874
f 874 856 853
f 874 853 870
f 875 867 851
f 875 851 862
f 876 870 860
f 876 860 872
f 877 2393 2395
f 874 870 878
f 874 878 879
f 880 2394 2393
f 880 2393 877
f 881 862 849
f 881 849 882
f 849 874 879
f 849 879 882
f 876 878 870
f 883 2395 2396
f 875 862 884
f 875 884 885
f 277 276 886
f 277 886 887
f 877 2395 883
f 884 862 881
f 884 881 888
f 2397 889 2398
f 889 2399 2398
f 890 2396 2402
f 891 882 879
f 891 879 892
f 890 883 2396
f 889 2405 2399
f 893 880 877
f 877 883 893
f 2400 2401 894
f 894 2403 2400
f 2401 2404 894
f 883 890 893
f 241 895 240
f 28 27 32
f 28 32 896
f 8 7 897
f 8 897 898
f 4 2338 2337
f 4 2337 899
f 900 901 902
f 900 903 901
f 22 5 4
f 22 4 904
f 7 19 905
f 7 905 897
f 906 901 903
f 906 903 907
f 1 908 2
f 909 902 901
f 909 901 906
f 910 911 912
f 910 912 913
f 15 18 31
f 15 31 914
f 903 900 915
f 916 25 28
f 917 900 902
f 1 918 908
f 21 16 15
f 21 15 919
f 920 909 906
f 921 902 909
f 920 906 922
f 906 907 923
f 924 925 926
f 927 928 929
f 906 923 922
f 929 928 930
f 929 930 931
f 907 903 932
f 31 11 14
f 31 14 933
f 917 902 921
f 921 909 920
f 2337 2349 899
f 905 19 21
f 905 21 934
f 935 936 937
f 927 929 938
f 939 940 936
f 939 936 941
f 932 903 915
f 928 927 942
f 897 943 944
f 897 944 898
f 930 928 942
f 945 931 930
f 940 939 946
f 940 946 947
f 948 945 930
f 907 932 923
f 949 943 897
f 949 897 905
f 936 935 950
f 936 950 941
f 896 951 28
f 911 952 953
f 911 953 912
f 935 943 950
f 943 935 954
f 943 954 944
f 945 955 931
f 929 931 956
f 929 956 938
f 916 28 951
f 904 4 899
f 904 899 957
f 935 937 958
f 935 958 954
f 959 948 942
f 924 926 960
f 14 13 961
f 14 961 962
f 917 921 963
f 964 947 946
f 964 946 965
f 950 943 949
f 958 937 966
f 931 955 967
f 968 927 938
f 969 970 971
f 932 915 972
f 960 926 973
f 974 2349 2350
f 931 967 956
f 924 960 975
f 952 976 977
f 952 977 953
f 978 916 951
f 978 951 979
f 899 2349 974
f 974 2350 980
f 913 912 981
f 913 981 982
f 896 983 951
f 968 938 1001
f 984 969 971
f 984 971 985
f 986 987 964
f 986 964 988
f 989 966 990
f 988 964 965
f 976 991 992
f 976 992 977
f 949 905 934
f 949 934 993
f 994 941 950
f 994 950 995
f 919 15 914
f 919 914 996
f 957 899 974
f 957 974 997
f 995 950 949
f 995 949 993
f 934 21 919
f 934 919 998
f 999 941 994
f 999 994 1000
f 967 1001 956
f 1002 904 957
f 1002 957 1003
f 990 1004 989
f 914 31 933
f 914 933 1005
f 991 1006 1007
f 991 1007 992
f 968 1001 1008
f 961 1009 962
f 933 14 962
f 933 962 1010
f 988 965 1011
f 988 1011 1012
f 1013 912 953
f 951 983 979
f 1014 1015 999
f 1014 999 1000
f 1016 962 1009
f 912 1013 981
f 1017 1002 1003
f 1017 1003 1018
f 983 1018 979
f 983 1017 1018
f 974 980 1019
f 974 1019 1020
f 1021 1022 1023
f 1006 1024 1025
f 1006 1025 1007
f 981 1016 982
f 1015 1014 1026
f 1015 1026 1011
f 1023 1027 1021
f 962 1016 1010
f 1028 1023 1029
f 1028 1027 1023
f 1030 1031 1032
f 1021 1033 1022
f 957 997 1003
f 1016 981 1010
f 953 977 1034
f 953 1034 1035
f 1022 1033 1036
f 978 979 1037
f 978 1037 1038
f 1024 1039 1040
f 1024 1040 1025
f 993 934 998
f 993 998 1041
f 1042 1021 1027
f 1013 953 1035
f 1012 1011 1026
f 1043 994 995
f 1043 995 1044
f 1021 1042 1033
f 1045 1028 1029
f 1005 933 1010
f 1005 1010 1046
f 977 992 1047
f 977 1047 1034
f 998 919 996
f 998 996 1048
f 1030 1032 1049
f 1027 1028 1050
f 979 1018 1051
f 979 1051 1037
f 1018 1003 1051
f 1010 981 1046
f 996 914 1005
f 996 1005 1052
f 1042 1027 1053
f 1054 1055 1056
f 1045 1050 1028
f 981 1013 1057
f 981 1057 1046
f 1044 995 993
f 1044 993 1041
f 1027 1050 1053
f 1012 1026 1058
f 1012 1058 1059
f 992 1007 1060
f 992 1060 1047
f 1061 1062 1031
f 1061 1031 1063
f 1051 1003 997
f 1064 1065 1054
f 1063 1031 1030
f 997 974 1020
f 997 1020 1066
f 1013 1035 1067
f 1013 1067 1057
f 1054 1065 1055
f 1068 1042 1053
f 1052 1005 1046
f 1052 1046 1057
f 1050 1045 1069
f 1067 1035 1034
f 1067 1034 1070
f 1007 1025 1071
f 1007 1071 1060
f 1072 1053 1050
f 1073 1062 1061
f 1073 1061 1074
f 1075 1043 1044
f 1041 998 1048
f 1041 1048 1076
f 1025 1040 1077
f 1025 1077 1071
f 1068 1053 1072
f 1052 1057 1067
f 1052 1067 1078
f 1079 1059 1058
f 1079 1058 1080
f 1072 1050 1069
f 996 1052 1078
f 996 1078 1048
f 1034 1047 1081
f 1034 1081 1070
f 1055 1065 1082
f 1020 1019 1083
f 1020 1083 1084
f 1051 997 1066
f 1051 1066 1085
f 1075 1044 1086
f 1087 1044 1041
f 1087 1041 1076
f 1047 1060 1088
f 1047 1088 1081
f 1078 1067 1070
f 1078 1070 1089
f 1038 1037 1090
f 1038 1090 1091
f 1037 1051 1085
f 1037 1085 1090
f 1048 1078 1089
f 1048 1089 1076
f 1080 1075 1086
f 1080 1086 1092
f 1089 1070 1081
f 1089 1081 1093
f 1094 1073 1074
f 1094 1074 1095
f 1079 1080 1092
f 1079 1092 1096
f 1060 1071 1097
f 1060 1097 1088
f 1098 1086 1044
f 1098 1044 1087
f 1076 1089 1093
f 1076 1093 1087
f 1066 1020 1084
f 1066 1084 1099
f 1071 1077 1100
f 1071 1100 1097
f 1093 1081 1088
f 1093 1088 1101
f 1102 1103 1104
f 1087 1093 1101
f 1087 1101 1098
f 1105 1084 1083
f 1105 1083 1106
f 1094 1095 1107
f 1108 1092 1086
f 1108 1086 1098
f 1109 1096 1092
f 1109 1092 1108
f 1085 1066 1099
f 1085 1099 1110
f 1088 1097 1111
f 1088 1111 1101
f 1097 1100 1112
f 1097 1112 1111
f 1098 1101 1111
f 1098 1111 1108
f 1113 1103 1114
f 1113 1114 1115
f 1090 1085 1110
f 1090 1110 1116
f 1114 1103 1102
f 1091 1090 1116
f 1091 1116 1117
f 1106 1113 1115
f 1106 1115 1105
f 1112 1109 1108
f 1112 1108 1111
f 1118 1099 1084
f 1118 1084 1105
f 1119 1120 1121
f 1122 1110 1099
f 1122 1099 1118
f 1123 1117 1116
f 1123 1116 1124
f 1124 1116 1110
f 1124 1110 1122
f 1119 1125 1120
f 1126 1118 1105
f 1126 1105 1115
f 1115 1114 1127
f 1115 1127 1126
f 1119 1128 1125
f 1129 1122 1118
f 1129 1118 1126
f 1124 1130 1131
f 1124 1131 1123
f 1130 1124 1122
f 1130 1122 1129
f 1114 1132 1127
f 1133 1128 1119
f 1127 1132 1134
f 1119 1135 1133
f 1136 1129 1126
f 1136 1126 1127
f 1137 1135 1119
f 1134 1138 1127
f 1127 1138 1136
f 1139 1130 1129
f 1139 1129 1136
f 1130 1140 1141
f 1130 1141 1131
f 1119 1142 1137
f 1143 1142 1119
f 1144 1119 1145
f 1145 1119 1146
f 1139 1140 1130
f 1136 1147 1139
f 1139 1148 1140
f 1141 1140 1149
f 1140 1148 1149
f 1150 1151 233
f 457 456 1152
f 457 1152 1153
f 1151 1154 1155
f 1151 1155 274
f 1150 1154 1151
f 81 1156 1157
f 81 1157 143
f 773 772 1158
f 172 151 1159
f 150 151 172
f 199 198 1160
f 260 264 1161
f 260 263 264
f 185 1162 233
f 773 1162 185
f 116 115 150
f 116 150 171
f 143 1157 771
f 143 771 185
f 233 132 185
f 232 233 1151
f 81 82 1156
f 274 1155 895
f 274 895 241
f 283 299 1163
f 283 282 299
f 294 272 271
f 294 271 1164
f 273 272 292
f 284 292 282
f 142 184 240
f 142 240 203
f 232 1151 274
f 261 274 241
f 114 110 109
f 108 110 1165
f 82 51 70
f 82 60 51
f 77 60 103
f 76 77 103
f 103 81 143
f 455 202 203
f 455 203 456
f 1153 1152 1154
f 1153 1154 1150
f 226 132 232
f 131 76 103
f 363 330 344
f 412 344 391
f 310 209 291
f 318 317 345
f 120 121 152
f 120 152 1166
f 279 317 278
f 326 331 288
f 278 248 266
f 313 310 291
f 381 310 340
f 334 383 400
f 305 310 381
f 278 317 303
f 333 289 306
f 340 310 313
f 445 2367 2368
f 445 2368 1167
f 446 453 2367
f 445 446 2367
f 129 159 182
f 147 129 182
f 147 215 216
f 1144 1143 1119
f 394 444 426
f 471 426 444
f 659 608 1168
f 553 526 659
f 738 724 722
f 709 584 583
f 717 584 709
f 693 561 682
f 1169 1171 1170
f 2352 1174 1173
f 2352 1173 1172
f 1175 1178 1177
f 1175 1177 1176
f 1179 1182 1181
f 1179 1181 1180
f 1183 1186 1185
f 1183 1185 1184
f 1187 1189 1184
f 1187 1184 1188
f 1173 1192 1191
f 1173 1191 1190
f 1175 1187 1188
f 1193 1196 1195
f 1193 1195 1194
f 1197 1171 1169
f 1186 1199 1179
f 1186 1179 1198
f 1185 1188 1184
f 1200 1202 1201
f 1200 1201 1195
f 1188 1203 1178
f 1188 1178 1175
f 2353 1204 1174
f 2353 1174 2352
f 1195 1201 1205
f 1195 1205 1194
f 1206 1198 1179
f 1206 1179 1180
f 1207 1185 1186
f 1208 1188 1185
f 1198 1207 1186
f 1208 1203 1188
f 1209 1211 1210
f 1209 1210 1202
f 1173 1174 1212
f 1213 1216 1215
f 1213 1215 1214
f 1202 1210 1217
f 1202 1217 1201
f 1214 1219 1218
f 1214 1218 1213
f 1185 1220 1208
f 1221 1211 1209
f 1221 1209 1222
f 1215 1224 1223
f 1215 1223 1214
f 1185 1207 1220
f 1192 1173 1212
f 1192 1226 1225
f 1192 1225 1191
f 1198 1206 1227
f 1198 1227 1207
f 1228 1219 1214
f 1228 1214 1223
f 1201 1217 1229
f 1201 1229 1205
f 1230 1212 1174
f 1230 1174 1204
f 1231 1232 1215
f 1231 1215 1216
f 1233 1234 1210
f 1233 1210 1211
f 1224 1236 1235
f 1224 1235 1223
f 1219 1238 1237
f 1219 1237 1218
f 1222 1240 1239
f 1222 1239 1221
f 1207 1227 1241
f 1207 1241 1220
f 1210 1234 1242
f 1210 1242 1217
f 1243 1233 1211
f 1243 1211 1221
f 1244 1245 1223
f 1244 1223 1235
f 1215 1232 1246
f 1215 1246 1224
f 1236 1248 1247
f 1236 1247 1235
f 1223 1245 1228
f 1249 1250 1228
f 1226 1251 1225
f 1252 1244 1235
f 1252 1235 1247
f 1192 1212 1253
f 1217 1242 1254
f 1217 1254 1229
f 1248 1256 1255
f 1248 1255 1247
f 1257 1258 1234
f 1257 1234 1233
f 1224 1246 1259
f 1224 1259 1236
f 1256 1261 1260
f 1256 1260 1255
f 1262 1265 1264
f 1262 1264 1263
f 1266 1252 1247
f 1266 1247 1255
f 1267 1243 1221
f 1267 1221 1239
f 1258 1268 1242
f 1258 1242 1234
f 1240 1270 1269
f 1240 1269 1239
f 1271 1249 1228
f 1226 1192 1253
f 1272 1257 1233
f 1272 1233 1243
f 1236 1259 1273
f 1236 1273 1248
f 1255 1260 1274
f 1255 1274 1266
f 2354 2355 1275
f 1276 1278 1277
f 1261 1280 1279
f 1261 1279 1260
f 1276 1277 1281
f 1282 1284 1283
f 1282 1283 1277
f 1285 1270 1251
f 1263 1264 1287
f 1263 1287 1286
f 1288 1289 1261
f 1288 1261 1256
f 1290 1292 1291
f 1248 1273 1288
f 1248 1288 1256
f 1226 1285 1251
f 1293 1295 1294
f 1275 2356 2354
f 1242 1268 1296
f 1242 1296 1254
f 1243 1267 1297
f 1243 1297 1272
f 1280 1261 1289
f 1293 1294 1298
f 1281 1277 1283
f 1299 1300 1271
f 1301 1274 1260
f 1301 1260 1279
f 1286 1287 1302
f 1272 1303 1257
f 1304 1305 1258
f 1304 1258 1257
f 1295 1307 1306
f 1295 1306 1294
f 1280 1308 1279
f 1309 1310 1264
f 1309 1264 1265
f 1271 1300 1311
f 1312 1314 1313
f 1239 1269 1315
f 1239 1315 1267
f 1316 1299 1244
f 1316 1244 1252
f 1306 1317 1298
f 1306 1298 1294
f 1318 1319 1281
f 1320 1321 1280
f 1320 1280 1289
f 1281 1283 1318
f 1322 1226 1253
f 1323 1324 1303
f 1323 1303 1272
f 1325 1279 1308
f 1305 1326 1268
f 1305 1268 1258
f 1304 1257 1303
f 1272 1297 1327
f 1272 1327 1323
f 1328 1280 1321
f 1328 1308 1280
f 1329 1332 1331
f 1329 1331 1330
f 1270 1285 1333
f 1270 1333 1269
f 1293 1298 1334
f 1335 1316 1252
f 1335 1252 1266
f 1337 1336 1313
f 1337 1313 1314
f 1314 1312 1338
f 1339 1340 1318
f 1312 1341 1338
f 1322 1342 1285
f 1322 1285 1226
f 1267 1315 1297
f 1343 1304 1303
f 1343 1303 1324
f 1308 1328 1344
f 1274 1345 1335
f 1274 1335 1266
f 1287 1346 1302
f 1344 1347 1325
f 1344 1325 1308
f 1302 1346 1349
f 1302 1349 1348
f 1350 1351 1327
f 1264 1310 1352
f 1264 1352 1287
f 1300 1353 1311
f 1354 1301 1279
f 1354 1279 1325
f 1355 2356 1275
f 1326 1356 1296
f 1326 1296 1268
f 1357 1358 1306
f 1357 1306 1307
f 1341 1312 1359
f 2357 1360 1322
f 2357 1322 1253
f 1293 1334 1361
f 1317 1362 1334
f 1317 1334 1298
f 1358 1363 1317
f 1358 1317 1306
f 1312 1364 1359
f 1365 1367 1366
f 1348 1349 1369
f 1348 1369 1368
f 1370 1371 1310
f 1370 1310 1309
f 1366 1372 1365
f 1337 1374 1373
f 1337 1373 1336
f 1375 1376 1314
f 1375 1314 1338
f 1377 1345 1274
f 1377 1274 1301
f 1368 1369 1379
f 1368 1379 1378
f 1380 1381 1304
f 1380 1304 1343
f 1350 1383 1382
f 1350 1382 1351
f 1269 1333 1384
f 1269 1384 1315
f 1385 1332 1329
f 1385 1329 1386
f 1346 1287 1387
f 1367 1365 1388
f 1389 1390 1358
f 1389 1358 1357
f 1381 1391 1305
f 1381 1305 1304
f 1338 1341 1392
f 1337 1314 1393
f 1387 1287 1352
f 1314 1376 1393
f 1315 1383 1350
f 1394 1300 1299
f 1367 1388 1395
f 1390 1396 1363
f 1390 1363 1358
f 1397 1399 1398
f 1400 1401 1300
f 1391 1402 1326
f 1391 1326 1305
f 1359 1403 1392
f 1359 1392 1341
f 1404 1394 1299
f 1404 1299 1316
f 1338 1392 1375
f 1405 1365 1372
f 1405 1372 1406
f 1407 1354 1325
f 1407 1325 1347
f 1408 1409 1352
f 1365 1405 1410
f 1365 1410 1388
f 1362 1411 1361
f 1362 1361 1334
f 1374 1413 1412
f 1374 1412 1373
f 1389 1415 1414
f 1389 1414 1390
f 1416 1404 1316
f 1416 1316 1335
f 1360 1418 1417
f 1360 1417 1322
f 1285 1342 1419
f 1285 1419 1333
f 1417 1420 1342
f 1417 1342 1322
f 1406 1422 1421
f 1406 1421 1405
f 1423 1377 1301
f 1423 1301 1354
f 1346 1387 1424
f 1346 1424 1425
f 1346 1425 1349
f 1393 1426 1374
f 1393 1374 1337
f 1363 1427 1362
f 1363 1362 1317
f 1422 1428 1421
f 1395 1388 1410
f 1352 1409 1429
f 1352 1429 1387
f 1345 1430 1416
f 1345 1416 1335
f 1421 1428 1431
f 1431 1432 1395
f 1421 1431 1410
f 1421 1410 1405
f 1364 1433 1403
f 1364 1403 1359
f 1425 1434 1369
f 1425 1369 1349
f 1402 1435 1356
f 1402 1356 1326
f 1395 1410 1431
f 1384 1436 1383
f 1383 1438 1437
f 1383 1437 1382
f 1424 1387 1429
f 1439 1441 1440
f 1394 1424 1429
f 1394 1429 1400
f 1404 1425 1424
f 1404 1424 1394
f 1400 1429 1442
f 1443 1445 1444
f 1446 1447 1379
f 1446 1379 1369
f 1448 1396 1390
f 1448 1390 1414
f 1419 1449 1384
f 1419 1384 1333
f 1450 1452 1451
f 1415 1454 1453
f 1415 1453 1414
f 1376 1455 1393
f 1456 1457 1381
f 1456 1381 1380
f 1458 1419 1342
f 1458 1342 1420
f 1459 1430 1345
f 1459 1345 1377
f 1441 1461 1460
f 1416 1434 1425
f 1416 1425 1404
f 1462 1440 1463
f 1412 1413 1465
f 1412 1465 1464
f 1461 1452 1460
f 1466 1455 1376
f 1466 1376 1375
f 1434 1446 1369
f 1450 1467 1463
f 1385 1386 1469
f 1385 1469 1468
f 1392 1470 1466
f 1392 1466 1375
f 1455 1426 1393
f 1430 1446 1416
f 1426 1472 1413
f 1426 1413 1374
f 1473 1423 1354
f 1473 1354 1407
f 1391 1381 1474
f 1463 1440 1460
f 1463 1460 1450
f 1363 1396 1475
f 1476 2360 2358
f 1474 1477 1402
f 1474 1402 1391
f 1476 2358 2359
f 1381 1457 1474
f 1478 1377 1423
f 1479 1448 1414
f 1479 1414 1453
f 1403 1480 1470
f 1403 1470 1392
f 1430 1459 1481
f 1430 1481 1471
f 1476 2361 2360
f 1384 1482 1436
f 1458 1484 1483
f 1458 1483 1419
f 1471 1481 1486
f 1471 1486 1485
f 1427 1487 1411
f 1427 1411 1362
f 1454 1489 1488
f 1454 1488 1453
f 1427 1363 1475
f 1448 1490 1475
f 1448 1475 1396
f 1464 1465 1492
f 1464 1492 1491
f 1493 1438 1383
f 1493 1383 1436
f 1494 1457 1456
f 1449 1482 1384
f 1426 1495 1472
f 1455 1495 1426
f 1483 1496 1449
f 1483 1449 1419
f 1497 1465 1413
f 1497 1413 1472
f 1494 1499 1498
f 1477 1500 1435
f 1477 1435 1402
f 1476 2362 2361
f 1494 1501 1457
f 1502 1503 1437
f 1502 1437 1438
f 1488 1504 1479
f 1488 1479 1453
f 1433 1505 1480
f 1433 1480 1403
f 1468 1469 1507
f 1468 1507 1506
f 1508 1486 1481
f 1423 1473 1478
f 1497 1472 1495
f 1509 1493 1436
f 1509 1436 1482
f 1466 1511 1510
f 1466 1510 1455
f 1512 1494 1498
f 1508 1514 1513
f 1508 1513 1486
f 1449 1515 1482
f 1516 1519 1518
f 1516 1518 1517
f 1455 1510 1495
f 1520 1521 1519
f 1520 1519 1516
f 1522 1525 1524
f 1522 1524 1523
f 1489 1527 1526
f 1489 1526 1488
f 1470 1528 1511
f 1470 1511 1466
f 1491 1492 1530
f 1491 1530 1529
f 1531 1532 1512
f 1501 1533 1477
f 1501 1477 1474
f 1494 1512 1501
f 1493 1534 1438
f 1523 1524 1536
f 1523 1536 1535
f 1519 1538 1537
f 1519 1537 1518
f 1539 1525 1522
f 1540 1541 1517
f 1540 1517 1518
f 1479 1542 1490
f 1479 1490 1448
f 1438 1534 1502
f 1521 1543 1538
f 1521 1538 1519
f 1544 1492 1465
f 1544 1465 1497
f 1427 1475 1545
f 1449 1496 1546
f 1449 1546 1515
f 1504 1488 1526
f 1547 1509 1482
f 1547 1482 1515
f 1508 1549 1548
f 1508 1548 1514
f 1537 1550 1540
f 1537 1540 1518
f 1503 1502 1551
f 1552 1553 1521
f 1552 1521 1520
f 1525 1555 1554
f 1525 1554 1524
f 1480 1556 1528
f 1480 1528 1470
f 1497 1495 1557
f 1539 1558 1525
f 1512 1559 1501
f 1509 1561 1560
f 1509 1560 1493
f 1558 1555 1525
f 1562 1563 1535
f 1562 1535 1536
f 1531 1564 1532
f 1545 1565 1487
f 1545 1487 1427
f 1510 1566 1557
f 1510 1557 1495
f 1567 1534 1493
f 1567 1493 1560
f 1551 1568 1564
f 1569 1570 1537
f 1569 1537 1538
f 1524 1554 1571
f 1524 1571 1536
f 1539 1572 1558
f 1553 1573 1543
f 1553 1543 1521
f 1574 1575 1541
f 1574 1541 1540
f 1490 1576 1545
f 1490 1545 1475
f 1533 1577 1500
f 1533 1500 1477
f 1543 1578 1569
f 1543 1569 1538
f 1564 1579 1532
f 1580 1512 1532
f 1527 1582 1581
f 1527 1581 1526
f 1561 1584 1583
f 1561 1583 1560
f 1558 1585 1555
f 1564 1568 1579
f 1544 1586 1530
f 1544 1530 1492
f 1587 1588 1529
f 1570 1550 1537
f 1589 1585 1558
f 1589 1558 1572
f 1509 1547 1590
f 1509 1590 1561
f 1591 1502 1534
f 1562 1592 1563
f 1515 1546 1593
f 1515 1593 1547
f 1571 1594 1562
f 1571 1562 1536
f 1595 1567 1560
f 1595 1560 1583
f 1596 1597 1554
f 1596 1554 1555
f 1550 1598 1574
f 1550 1574 1540
f 1568 1502 1591
f 1599 1504 1526
f 1529 1530 1587
f 1505 1600 1556
f 1505 1556 1480
f 1504 1601 1542
f 1504 1542 1479
f 1585 1596 1555
f 1602 1533 1501
f 1602 1501 1559
f 1603 1604 1553
f 1603 1553 1552
f 1567 1591 1534
f 1592 1605 1563
f 1590 1606 1584
f 1590 1584 1561
f 1581 1599 1526
f 1511 1607 1566
f 1511 1566 1510
f 1579 1608 1580
f 1579 1580 1532
f 1568 1609 1579
f 1497 1557 1610
f 1497 1610 1544
f 1593 1611 1590
f 1593 1590 1547
f 1562 1612 1592
f 1613 1614 1585
f 1613 1585 1589
f 1573 1615 1578
f 1573 1578 1543
f 1528 1616 1607
f 1528 1607 1511
f 1597 1617 1571
f 1597 1571 1554
f 1595 1618 1567
f 1619 1620 1570
f 1619 1570 1569
f 1585 1614 1621
f 1585 1621 1596
f 1567 1618 1591
f 1604 1622 1573
f 1604 1573 1553
f 1623 1625 1624
f 1626 1550 1570
f 1568 1591 1627
f 1568 1627 1609
f 1595 1628 1618
f 1292 1630 1629
f 1292 1629 1291
f 1578 1631 1619
f 1578 1619 1569
f 1611 1632 1606
f 1611 1606 1590
f 1633 1608 1579
f 1633 1579 1609
f 1634 1635 1588
f 1636 1602 1559
f 1636 1559 1580
f 1621 1637 1597
f 1621 1597 1596
f 1626 1638 1598
f 1626 1598 1550
f 1639 1594 1640
f 1570 1620 1626
f 1587 1634 1588
f 1610 1641 1586
f 1610 1586 1544
f 1642 2379 1643
f 1599 1644 1601
f 1599 1601 1504
f 1556 1645 1616
f 1556 1616 1528
f 1566 1646 1610
f 1566 1610 1557
f 1647 1627 1591
f 1647 1591 1618
f 1648 1577 1533
f 1648 1533 1602
f 1586 1650 1649
f 1586 1649 1530
f 1643 1651 1642
f 1530 1649 1587
f 1608 1652 1636
f 1608 1636 1580
f 1617 1653 1594
f 1617 1594 1571
f 1604 1603 1654
f 1655 1647 1618
f 1655 1618 1628
f 1622 1656 1615
f 1622 1615 1573
f 1642 2380 2379
f 1657 1633 1609
f 1657 1609 1627
f 1542 1658 1576
f 1542 1576 1490
f 1615 1659 1631
f 1615 1631 1578
f 1617 1597 1637
f 1576 1660 1565
f 1576 1565 1545
f 1661 1662 1620
f 1661 1620 1619
f 1662 1626 1620
f 1649 1663 1634
f 1649 1634 1587
f 1664 1652 1608
f 1664 1608 1633
f 1665 2380 1642
f 1607 1666 1646
f 1607 1646 1566
f 1647 1667 1657
f 1647 1657 1627
f 1668 1648 1602
f 1668 1602 1636
f 1616 1669 1666
f 1616 1666 1607
f 1626 1670 1638
f 1671 1604 1654
f 1662 1670 1626
f 1604 1671 1672
f 1604 1672 1622
f 1673 1661 1619
f 1673 1619 1631
f 1655 1674 1667
f 1655 1667 1647
f 1600 1675 1645
f 1600 1645 1556
f 1676 1664 1633
f 1676 1633 1657
f 1677 1237 1238
f 1677 1238 1678
f 1641 1679 1650
f 1641 1650 1586
f 1652 1680 1668
f 1652 1668 1636
f 1637 2383 1681
f 1637 1681 1617
f 1656 1682 1659
f 1656 1659 1615
f 1670 1684 1683
f 1670 1683 1638
f 1670 1662 1685
f 1646 1686 1641
f 1646 1641 1610
f 1653 1617 1681
f 1667 1687 1676
f 1667 1676 1657
f 1659 1688 1673
f 1659 1673 1631
f 1650 1679 1689
f 1650 1689 1649
f 1622 1672 1690
f 1622 1690 1656
f 1691 1671 1654
f 1692 1685 1662
f 1692 1662 1661
f 1693 1680 1652
f 1693 1652 1664
f 1601 1694 1658
f 1601 1658 1542
f 1645 1695 1669
f 1645 1669 1616
f 1640 1594 1653
f 1649 1689 1663
f 1674 1696 1687
f 1674 1687 1667
f 1673 1698 1697
f 1673 1697 1661
f 1699 1670 1685
f 1697 1700 1692
f 1697 1692 1661
f 1666 1701 1686
f 1666 1686 1646
f 1702 1693 1664
f 1702 1664 1676
f 1669 1703 1701
f 1669 1701 1666
f 1699 1684 1670
f 1682 1704 1688
f 1682 1688 1659
f 1684 1706 1705
f 1684 1705 1683
f 1692 1707 1699
f 1692 1699 1685
f 1708 1709 1682
f 1708 1682 1656
f 1688 1710 1698
f 1688 1698 1673
f 1691 1712 1711
f 1691 1711 1671
f 1713 1714 1653
f 1713 1653 1681
f 1715 1708 1656
f 1715 1656 1690
f 1658 1716 1660
f 1658 1660 1576
f 1717 1663 1689
f 1718 1702 1676
f 1718 1676 1687
f 1719 1679 1641
f 1671 1711 1720
f 1671 1720 1672
f 1644 1721 1694
f 1644 1694 1601
f 1679 1719 1722
f 1679 1722 1689
f 1714 1723 1640
f 1714 1640 1653
f 1698 1725 1724
f 1698 1724 1697
f 1726 1718 1687
f 1726 1687 1696
f 1722 1727 1717
f 1722 1717 1689
f 1724 1728 1700
f 1724 1700 1697
f 1695 1729 1703
f 1695 1703 1669
f 1675 1730 1695
f 1675 1695 1645
f 1710 1731 1725
f 1710 1725 1698
f 1684 1699 1732
f 1704 1733 1710
f 1704 1710 1688
f 1672 1720 1734
f 1672 1734 1690
f 1700 1735 1707
f 1700 1707 1692
f 1641 1686 1736
f 1709 1737 1704
f 1709 1704 1682
f 1732 1738 1706
f 1732 1706 1684
f 1706 1740 1739
f 1706 1739 1705
f 1719 1641 1736
f 1741 2385 2384
f 1742 1736 1686
f 1742 1686 1701
f 1743 1744 1724
f 1743 1724 1725
f 1707 1745 1732
f 1707 1732 1699
f 1746 1747 1708
f 1746 1708 1715
f 1703 1748 1742
f 1703 1742 1701
f 1710 1733 1749
f 1710 1749 1731
f 1750 1743 1725
f 1750 1725 1731
f 1741 2386 2385
f 1639 1640 1752
f 1639 1752 1751
f 1690 1734 1753
f 1690 1753 1715
f 1747 1754 1709
f 1747 1709 1708
f 1712 1756 1755
f 1712 1755 1711
f 1749 1757 1750
f 1749 1750 1731
f 1744 1758 1728
f 1744 1728 1724
f 1759 1760 1743
f 1759 1743 1750
f 1737 1761 1733
f 1737 1733 1704
f 1736 1722 1719
f 1757 1762 1759
f 1757 1759 1750
f 1760 1763 1744
f 1760 1744 1743
f 1728 1764 1735
f 1728 1735 1700
f 1754 1765 1737
f 1754 1737 1709
f 1753 1766 1746
f 1753 1746 1715
f 1767 1769 1768
f 1770 1771 1762
f 1770 1762 1757
f 1767 1772 1769
f 1773 1770 1757
f 1773 1757 1749
f 1399 1775 1774
f 1399 1774 1398
f 1694 1776 1716
f 1694 1716 1658
f 1768 1778 1777
f 1711 1755 1779
f 1711 1779 1720
f 1727 1722 1736
f 1763 1780 1758
f 1763 1758 1744
f 1781 1782 1747
f 1781 1747 1746
f 1783 1773 1749
f 1783 1749 1733
f 1767 1768 1777
f 2386 1741 1784
f 1778 1785 1777
f 2387 1752 1640
f 2387 1640 1723
f 1782 1786 1754
f 1782 1754 1747
f 1787 1772 1767
f 1770 1789 1788
f 1770 1788 1771
f 1765 1790 1761
f 1765 1761 1737
f 1773 1791 1789
f 1773 1789 1770
f 1761 1792 1783
f 1761 1783 1733
f 1735 1793 1745
f 1735 1745 1707
f 1777 1785 1794
f 1729 1748 1703
f 1786 1795 1765
f 1786 1765 1754
f 1740 1706 1796
f 1796 1706 1738
f 1745 1797 1738
f 1745 1738 1732
f 1766 1798 1781
f 1766 1781 1746
f 1758 1799 1764
f 1758 1764 1728
f 1800 1801 1767
f 1800 1767 1777
f 1720 1779 1802
f 1720 1802 1734
f 1783 1803 1791
f 1783 1791 1773
f 1804 1787 1767
f 1801 1804 1767
f 1730 1805 1729
f 1730 1729 1695
f 1795 1806 1790
f 1795 1790 1765
f 1790 1807 1792
f 1790 1792 1761
f 1748 1808 1742
f 1808 1736 1742
f 1809 1810 1774
f 1809 1774 1775
f 1808 1727 1736
f 1780 1811 1799
f 1780 1799 1758
f 1784 1741 1812
f 1794 1813 1777
f 1814 1755 1756
f 1792 1815 1803
f 1792 1803 1783
f 1734 1802 1816
f 1734 1816 1753
f 1789 1818 1817
f 1789 1817 1788
f 1813 1819 1800
f 1813 1800 1777
f 1764 1820 1793
f 1764 1793 1735
f 1791 1821 1818
f 1791 1818 1789
f 1806 1822 1807
f 1806 1807 1790
f 1801 1823 1804
f 1804 1824 1787
f 1729 1808 1748
f 1801 1825 1823
f 1753 1816 1826
f 1753 1826 1766
f 1827 1776 1694
f 1740 1796 1828
f 1829 1825 1801
f 1829 1801 1800
f 1797 1830 1796
f 1797 1796 1738
f 1794 1831 1813
f 1807 1832 1815
f 1807 1815 1792
f 1803 1833 1821
f 1803 1821 1791
f 1793 1834 1797
f 1793 1797 1745
f 1826 1835 1798
f 1826 1798 1766
f 1836 1838 1837
f 1838 1836 1839
f 1799 1840 1820
f 1799 1820 1764
f 1822 1841 1832
f 1822 1832 1807
f 1839 1836 1842
f 1843 1844 1823
f 1843 1823 1825
f 1815 1845 1833
f 1815 1833 1803
f 1755 1847 1846
f 1755 1846 1779
f 1814 1847 1755
f 1848 1836 1837
f 1829 1849 1843
f 1829 1843 1825
f 1729 1850 1808
f 1842 1836 1851
f 1819 1829 1800
f 1804 1852 1824
f 1830 1853 1828
f 1830 1828 1796
f 1832 1854 1845
f 1832 1845 1815
f 1811 1855 1840
f 1811 1840 1799
f 1831 1857 1856
f 1831 1856 1813
f 1779 1846 1858
f 1779 1858 1802
f 1851 1836 1859
f 1860 1804 1823
f 1861 1729 1805
f 1818 1863 1862
f 1818 1862 1817
f 2387 2388 1864
f 2387 1864 1752
f 1820 1865 1834
f 1820 1834 1793
f 1841 1866 1854
f 1841 1854 1832
f 1813 1856 1819
f 1867 1863 1818
f 1867 1818 1821
f 1868 1847 1814
f 1858 1869 1816
f 1858 1816 1802
f 1870 1836 1848
f 1871 1867 1821
f 1871 1821 1833
f 1834 1872 1830
f 1834 1830 1797
f 1859 1836 1873
f 1860 1852 1804
f 1869 1874 1826
f 1869 1826 1816
f 1875 1871 1833
f 1875 1833 1845
f 1876 1878 1877
f 1844 1879 1860
f 1844 1860 1823
f 1874 1880 1835
f 1874 1835 1826
f 1881 1875 1845
f 1881 1845 1854
f 1819 1882 1829
f 1873 1836 1883
f 1829 1882 1849
f 1884 1865 1820
f 1884 1820 1840
f 1885 1876 1877
f 1886 1881 1854
f 1886 1854 1866
f 1864 1888 1887
f 1864 1887 1752
f 1889 1836 1870
f 1868 1890 1847
f 1891 1884 1840
f 1891 1840 1855
f 1890 1868 1892
f 1893 1894 1856
f 1893 1856 1857
f 1865 1895 1872
f 1865 1872 1834
f 1883 1836 1896
f 1872 1897 1853
f 1872 1853 1830
f 1863 1899 1898
f 1863 1898 1862
f 1819 1856 1894
f 1900 1899 1863
f 1900 1863 1867
f 1860 1901 1852
f 1902 1900 1867
f 1902 1867 1871
f 1903 1902 1871
f 1903 1871 1875
f 1904 1903 1875
f 1904 1875 1881
f 1905 1907 1906
f 1905 1906 1892
f 1908 1909 1846
f 1908 1846 1847
f 1910 1904 1881
f 1910 1881 1886
f 1896 1836 1911
f 1887 1912 1885
f 1887 1885 1752
f 1890 1908 1847
f 1913 1895 1865
f 1913 1865 1884
f 1914 1836 1889
f 1819 1915 1882
f 1916 1917 1858
f 1916 1858 1846
f 1918 1901 1860
f 1919 1920 1880
f 1919 1880 1874
f 1911 1836 1921
f 1922 1913 1884
f 1922 1884 1891
f 1923 1919 1874
f 1923 1874 1869
f 1917 1923 1869
f 1917 1869 1858
f 1894 1915 1819
f 1872 1895 1924
f 1872 1924 1897
f 1904 1910 1925
f 1926 1927 1898
f 1926 1898 1899
f 1879 1928 1918
f 1879 1918 1860
f 1890 1906 1908
f 1893 1929 1894
f 1903 1904 1930
f 1921 1836 1931
f 1932 1926 1899
f 1932 1899 1900
f 1911 1921 1933
f 1934 1935 1902
f 1934 1902 1903
f 1936 2389 2390
f 1935 1932 1900
f 1935 1900 1902
f 1937 1836 1914
f 1938 1924 1895
f 1938 1895 1913
f 1904 1925 1930
f 1353 1941 1940
f 1353 1940 1939
f 1846 1909 1916
f 1942 1938 1913
f 1942 1913 1922
f 1943 1946 1945
f 1943 1945 1944
f 1931 1836 1947
f 1934 1903 1930
f 1948 1894 1929
f 1933 1921 1931
f 1936 2391 2389
f 1949 1950 1927
f 1949 1927 1926
f 1948 1915 1894
f 1951 1836 1937
f 1947 1836 1952
f 1925 1953 1930
f 1954 1955 1920
f 1954 1920 1919
f 1956 1907 1905
f 1956 1905 1957
f 1925 1958 1953
f 1959 1962 1961
f 1959 1961 1960
f 1963 1964 1946
f 1963 1946 1943
f 1946 1966 1965
f 1946 1965 1945
f 1967 1949 1926
f 1967 1926 1932
f 1968 1836 1951
f 1952 1836 1969
f 1948 1970 1915
f 1971 1954 1919
f 1971 1919 1923
f 1949 1973 1972
f 1949 1972 1950
f 1969 1836 1968
f 1930 1953 1974
f 1930 1974 1934
f 1885 1912 1975
f 1976 1967 1932
f 1976 1932 1935
f 1977 1971 1923
f 1977 1923 1917
f 1958 1978 1953
f 1979 1976 1935
f 1979 1935 1934
f 2392 2391 1936
f 1958 1980 1978
f 1981 1959 1960
f 1981 1960 1982
f 1983 1973 1949
f 1983 1949 1967
f 1984 1985 1916
f 1984 1916 1909
f 1985 1977 1917
f 1985 1917 1916
f 1974 1986 1979
f 1974 1979 1934
f 1966 1988 1987
f 1966 1987 1965
f 1946 1964 1989
f 1946 1989 1966
f 1959 1991 1990
f 1959 1990 1962
f 1992 1993 1955
f 1992 1955 1954
f 1953 1978 1994
f 1953 1994 1974
f 1995 1983 1967
f 1995 1967 1976
f 1980 1997 1996
f 1980 1996 1978
f 1998 1999 1981
f 1998 1981 1982
f 1971 2000 1992
f 1971 1992 1954
f 1979 2001 1995
f 1979 1995 1976
f 1989 2002 1988
f 1989 1988 1966
f 2003 1956 1957
f 2003 1957 2004
f 1907 1956 2005
f 1994 2006 1986
f 1994 1986 1974
f 2007 2008 1996
f 2007 1996 1997
f 1993 1992 2010
f 1993 2010 2009
f 1963 2012 2011
f 1963 2011 1964
f 1978 1996 2013
f 1978 2013 1994
f 1986 2014 2001
f 1986 2001 1979
f 2009 2010 2008
f 2009 2008 2007
f 1981 2015 1991
f 1981 1991 1959
f 1988 2016 1987
f 1977 2017 2000
f 1977 2000 1971
f 2018 2019 1985
f 2018 1985 1984
f 1999 1998 2020
f 2008 2021 2013
f 2008 2013 1996
f 1988 2002 2016
f 1964 2011 2022
f 1964 2022 1989
f 2006 2023 2014
f 2006 2014 1986
f 2000 2024 2010
f 2000 2010 1992
f 1991 2026 2025
f 1991 2025 1990
f 1956 2019 2005
f 1999 2027 2015
f 1999 2015 1981
f 1994 2013 2028
f 1994 2028 2006
f 2010 2024 2021
f 2010 2021 2008
f 2022 2029 2002
f 2022 2002 1989
f 2030 2017 1977
f 2030 1977 1985
f 2019 2018 2005
f 2031 2011 2012
f 2031 2012 2032
f 2002 2029 2016
f 2027 1999 2020
f 2003 2034 2033
f 2003 2033 1956
f 2033 2035 2019
f 2033 2019 1956
f 2036 2016 2029
f 2027 2020 2037
f 2019 2030 1985
f 2038 2028 2013
f 2038 2013 2021
f 2015 2039 2026
f 2015 2026 1991
f 2006 2028 2040
f 2006 2040 2023
f 2022 2041 2036
f 2022 2036 2029
f 2037 2039 2015
f 2037 2015 2027
f 2011 2031 2041
f 2011 2041 2022
f 2017 2042 2024
f 2017 2024 2000
f 2042 2038 2021
f 2042 2021 2024
f 2043 2030 2019
f 2043 2019 2035
f 2044 2040 2028
f 2044 2028 2038
f 2045 2408 2406
f 2042 2047 2046
f 2042 2046 2038
f 2048 2045 2406
f 2048 2406 2407
f 2049 2050 2017
f 2049 2017 2030
f 2017 2050 2047
f 2017 2047 2042
f 2044 2038 2046
f 2051 2409 2408
f 2043 2053 2052
f 2043 2052 2030
f 1445 2055 2054
f 1445 2054 1444
f 2045 2051 2408
f 2052 2056 2049
f 2052 2049 2030
f 2410 2411 2057
f 2057 2411 2412
f 2058 2415 2409
f 2059 2060 2047
f 2059 2047 2050
f 2058 2409 2051
f 2057 2412 2418
f 2061 2045 2048
f 2045 2061 2051
f 2413 2062 2414
f 2062 2413 2416
f 2414 2062 2417
f 2051 2061 2058
f 1409 1408 2063
f 1196 2064 1200
f 1196 1200 1195
f 1176 2066 2065
f 1176 2065 1175
f 1172 2067 2351
f 1172 2351 2352
f 2068 2070 2069
f 2068 2069 2071
f 1190 2072 1172
f 1190 1172 1173
f 1175 2065 2073
f 1175 2073 1187
f 2074 2075 2071
f 2074 2071 2069
f 1169 1170 2076
f 2077 2074 2069
f 2077 2069 2070
f 2078 2081 2080
f 2078 2080 2079
f 1183 2082 1199
f 1183 1199 1186
f 2071 2083 2068
f 2084 1196 1193
f 2085 2070 2068
f 1169 2076 2086
f 1189 2087 1183
f 1189 1183 1184
f 2088 2074 2077
f 2089 2077 2070
f 2088 2090 2074
f 2074 2091 2075
f 2092 2094 2093
f 2095 2097 2096
f 2074 2090 2091
f 2097 2099 2098
f 2097 2098 2096
f 2075 2100 2071
f 1199 2101 1182
f 1199 1182 1179
f 2085 2089 2070
f 2089 2088 2077
f 2351 2067 2363
f 2073 2102 1189
f 2073 1189 1187
f 2103 2105 2104
f 2095 2106 2097
f 2107 2109 2104
f 2107 2104 2108
f 2100 2083 2071
f 2096 2110 2095
f 2065 2066 2112
f 2065 2112 2111
f 2098 2110 2096
f 2113 2098 2099
f 2108 2115 2114
f 2108 2114 2107
f 2116 2098 2113
f 2075 2091 2100
f 2117 2073 2065
f 2117 2065 2111
f 2104 2109 2118
f 2104 2118 2103
f 2064 1196 2119
f 2079 2080 2121
f 2079 2121 2120
f 2103 2118 2111
f 2111 2112 2122
f 2111 2122 2103
f 2113 2099 2123
f 2097 2106 2124
f 2097 2124 2099
f 2084 2119 1196
f 2072 2125 2067
f 2072 2067 1172
f 2103 2122 2126
f 2103 2126 2105
f 2127 2110 2098
f 2127 2098 2116
f 2092 2128 2094
f 1182 2130 2129
f 1182 2129 1181
f 2085 2131 2089
f 2132 2133 2114
f 2132 2114 2115
f 2118 2117 2111
f 2126 2134 2105
f 2099 2135 2123
f 2136 2106 2095
f 2137 2139 2138
f 2100 2140 2083
f 2128 2141 2094
f 2142 2364 2363
f 2099 2124 2135
f 2092 2143 2128
f 2120 2121 2145
f 2120 2145 2144
f 2146 2147 2119
f 2146 2119 2084
f 2067 2142 2363
f 2142 2148 2364
f 2081 2150 2149
f 2081 2149 2080
f 2064 2119 2151
f 2136 2124 2106
f 2152 2153 2139
f 2152 2139 2137
f 2154 2156 2132
f 2154 2132 2155
f 2157 2134 2126
f 2156 2133 2132
f 2144 2145 2160
f 2144 2160 2159
f 2117 2161 2102
f 2117 2102 2073
f 2162 2163 2118
f 2162 2118 2109
f 2087 2164 2082
f 2087 2082 1183
f 2125 2165 2142
f 2125 2142 2067
f 2163 2161 2117
f 2163 2117 2118
f 2102 2166 2087
f 2102 2087 1189
f 2167 2168 2162
f 2167 2162 2109
f 2135 2124 2169
f 2170 2171 2125
f 2170 2125 2072
f 2158 2154 2155
f 2082 2173 2101
f 2082 2101 1199
f 2159 2160 2175
f 2159 2175 2174
f 2136 2176 2169
f 2136 2169 2124
f 2129 2130 2177
f 2101 2178 2130
f 2101 2130 1182
f 2156 2180 2179
f 2156 2179 2133
f 2181 2121 2080
f 2119 2147 2151
f 2182 2168 2167
f 2182 2167 2183
f 2184 2177 2130
f 2080 2149 2181
f 2185 2186 2171
f 2185 2171 2170
f 2151 2147 2186
f 2151 2186 2185
f 2142 2188 2187
f 2142 2187 2148
f 2189 2191 2190
f 2174 2175 2193
f 2174 2193 2192
f 2149 2150 2184
f 2183 2179 2194
f 2183 2194 2182
f 2191 2189 2195
f 2130 2178 2184
f 2196 2197 2191
f 2196 2191 2195
f 2198 2200 2199
f 2189 2190 2201
f 2125 2171 2165
f 2184 2178 2149
f 2121 2203 2202
f 2121 2202 2145
f 2190 2204 2201
f 2146 2206 2205
f 2146 2205 2147
f 2192 2193 2208
f 2192 2208 2207
f 2161 2209 2166
f 2161 2166 2102
f 2210 2195 2189
f 2181 2203 2121
f 2180 2194 2179
f 2211 2212 2163
f 2211 2163 2162
f 2189 2201 2210
f 2213 2197 2196
f 2173 2214 2178
f 2173 2178 2101
f 2145 2202 2215
f 2145 2215 2160
f 2166 2216 2164
f 2166 2164 2087
f 2198 2217 2200
f 2195 2218 2196
f 2147 2205 2219
f 2147 2219 2186
f 2186 2219 2171
f 2178 2214 2149
f 2164 2220 2173
f 2164 2173 2082
f 2210 2221 2195
f 2222 2224 2223
f 2213 2196 2218
f 2149 2214 2225
f 2149 2225 2181
f 2212 2209 2161
f 2212 2161 2163
f 2195 2221 2218
f 2180 2227 2226
f 2180 2226 2194
f 2160 2215 2228
f 2160 2228 2175
f 2229 2231 2199
f 2229 2199 2230
f 2219 2165 2171
f 2232 2222 2233
f 2231 2198 2199
f 2165 2234 2188
f 2165 2188 2142
f 2181 2225 2235
f 2181 2235 2203
f 2222 2223 2233
f 2236 2221 2210
f 2220 2225 2214
f 2220 2214 2173
f 2218 2237 2213
f 2235 2238 2202
f 2235 2202 2203
f 2175 2228 2239
f 2175 2239 2193
f 2240 2218 2221
f 2241 2242 2229
f 2241 2229 2230
f 2243 2212 2211
f 2209 2244 2216
f 2209 2216 2166
f 2193 2239 2245
f 2193 2245 2208
f 2236 2240 2221
f 2220 2246 2235
f 2220 2235 2225
f 2247 2248 2226
f 2247 2226 2227
f 2240 2237 2218
f 2164 2216 2246
f 2164 2246 2220
f 2202 2238 2249
f 2202 2249 2215
f 2223 2250 2233
f 2188 2252 2251
f 2188 2251 2187
f 2219 2253 2234
f 2219 2234 2165
f 2243 2254 2212
f 2255 2244 2209
f 2255 2209 2212
f 2215 2249 2256
f 2215 2256 2228
f 2246 2257 2238
f 2246 2238 2235
f 2206 2259 2258
f 2206 2258 2205
f 2205 2258 2253
f 2205 2253 2219
f 2216 2244 2257
f 2216 2257 2246
f 2254 2243 2248
f 2254 2248 2260
f 2257 2261 2249
f 2257 2249 2238
f 2262 2263 2242
f 2262 2242 2241
f 2247 2264 2260
f 2247 2260 2248
f 2228 2256 2265
f 2228 2265 2239
f 2266 2255 2212
f 2266 2212 2254
f 2244 2255 2261
f 2244 2261 2257
f 2234 2267 2252
f 2234 2252 2188
f 2239 2265 2268
f 2239 2268 2245
f 2261 2269 2256
f 2261 2256 2249
f 2270 2272 2271
f 2255 2266 2269
f 2255 2269 2261
f 2273 2274 2251
f 2273 2251 2252
f 2262 2275 2263
f 2276 2266 2254
f 2276 2254 2260
f 2277 2276 2260
f 2277 2260 2264
f 2253 2278 2267
f 2253 2267 2234
f 2256 2269 2279
f 2256 2279 2265
f 2265 2279 2280
f 2265 2280 2268
f 2266 2276 2279
f 2266 2279 2269
f 2281 2283 2282
f 2281 2282 2271
f 2258 2284 2278
f 2258 2278 2253
f 2282 2270 2271
f 2259 2285 2284
f 2259 2284 2258
f 2274 2273 2283
f 2274 2283 2281
f 2280 2279 2276
f 2280 2276 2277
f 2286 2273 2252
f 2286 2252 2267
f 2287 2289 2288
f 2290 2286 2267
f 2290 2267 2278
f 2291 2292 2284
f 2291 2284 2285
f 2292 2290 2278
f 2292 2278 2284
f 2287 2288 2293
f 2294 2283 2273
f 2294 2273 2286
f 2295 2282 2283
f 2295 2283 2294
f 2287 2293 2296
f 2297 2294 2286
f 2297 2286 2290
f 2299 2298 2292
f 2299 2292 2291
f 2298 2297 2290
f 2298 2290 2292
f 2282 2295 2300
f 2301 2287 2296
f 2295 2302 2300
f 2287 2301 2303
f 2304 2295 2294
f 2304 2294 2297
f 2305 2287 2303
f 2302 2295 2306
f 2295 2304 2306
f 2307 2304 2297
f 2307 2297 2298
f 2309 2308 2298
f 2309 2298 2299
f 2287 2305 2310
f 2311 2287 2310
f 2312 2313 2287
f 2313 2314 2287
f 2307 2298 2308
f 2304 2307 2315
f 2307 2308 2316
f 2309 2317 2308
f 2308 2317 2316
f 2318 1401 2319
f 1625 2321 2320
f 1625 2320 1624
f 2319 1442 2323
f 2319 2323 2322
f 2318 2319 2322
f 1249 1311 2325
f 1249 2325 2324
f 1941 2326 1940
f 1340 2327 1319
f 1318 1340 1319
f 1367 2328 1366
f 1428 2329 1432
f 1428 1432 1431
f 1353 1401 2330
f 1941 1353 2330
f 1284 1339 1318
f 1284 1318 1283
f 1311 1353 1939
f 1311 1939 2325
f 1401 1353 1300
f 1400 2319 1401
f 1249 2324 1250
f 1442 1409 2063
f 1442 2063 2323
f 1451 2331 1467
f 1451 1467 1450
f 1462 1439 1440
f 1462 2332 1439
f 1441 1460 1440
f 1452 1450 1460
f 1310 1408 1352
f 1310 1371 1408
f 1400 1442 2319
f 1429 1409 1442
f 1282 1277 1278
f 1276 2333 1278
f 1250 1238 1219
f 1250 1219 1228
f 1245 1271 1228
f 1244 1271 1245
f 1271 1311 1249
f 1623 1624 1371
f 1623 1371 1370
f 2321 2318 2322
f 2321 2322 2320
f 1394 1400 1300
f 1299 1271 1244
f 1531 1512 1498
f 1580 1559 1512
f 1478 1459 1377
f 1486 1513 1485
f 1288 2334 1320
f 1288 1320 1289
f 1447 1446 1485
f 1494 1456 1499
f 1446 1434 1416
f 1481 1459 1478
f 1549 1508 1478
f 1502 1568 1551
f 1473 1549 1478
f 1446 1471 1485
f 1501 1474 1457
f 1508 1481 1478
f 1613 2335 2382
f 1613 2382 2381
f 1614 2381 1621
f 1613 2381 1614
f 1297 1350 1327
f 1315 1350 1297
f 1315 1384 1383
f 2312 2287 2311
f 1562 1594 1612
f 1639 1612 1594
f 1827 2336 1776
f 1721 1827 1694
f 1906 1890 1892
f 1877 1751 1752
f 1885 1877 1752
f 1861 1850 1729
f 990 987 986
f 990 986 1004
f 2158 2157 2172
f 2158 2172 2154
f 2157 2158 2134
f 989 958 966
f 2419 2422 2421
f 2419 2421 2420
f 2423 2424 2422
f 2423 2422 2419
f 2425 2426 2424
f 2425 2424 2423
f 2427 2428 2426
f 2427 2426 2425
f 2429 2430 2428
f 2429 2428 2427
f 2431 2432 2430
f 2431 2430 2429
f 2433 2434 2432
f 2433 2432 2431
f 2435 2436 2434
f 2435 2434 2433
f 2437 2438 2436
f 2437 2436 2435
f 2439 2440 2438
f 2439 2438 2437
f 2441 2442 2440
f 2441 2440 2439
f 2443 2444 2442
f 2443 2442 2441
f 2445 2446 2444
f 2445 2444 2443
f 2447 2448 2446
f 2447 2446 2445
f 2449 2450 2448
f 2449 2448 2447
f 2451 2452 2450
f 2451 2450 2449
f 2453 2454 2452
f 2453 2452 2451
f 2455 2456 2454
f 2455 2454 2453
f 2457 2458 2456
f 2457 2456 2455
f 2420 2421 2458
f 2420 2458 2457
f 2422 2460 2459
f 2422 2459 2421
f 2424 2461 2460
f 2424 2460 2422
f 2426 2462 2461
f 2426 2461 2424
f 2428 2463 2462
f 2428 2462 2426
f 2430 2464 2463
f 2430 2463 2428
f 2432 2465 2464
f 2432 2464 2430
f 2434 2466 2465
f 2434 2465 2432
f 2436 2467 2466
f 2436 2466 2434
f 2438 2468 2467
f 2438 2467 2436
f 2440 2469 2468
f 2440 2468 2438
f 2442 2470 2469
f 2442 2469 2440
f 2444 2471 2470
f 2444 2470 2442
f 2446 2472 2471
f 2446 2471 2444
f 2448 2473 2472
f 2448 2472 2446
f 2450 2474 2473
f 2450 2473 2448
f 2452 2475 2474
f 2452 2474 2450
f 2454 2476 2475
f 2454 2475 2452
f 2456 2477 2476
f 2456 2476 2454
f 2458 2478 2477
f 2458 2477 2456
f 2421 2459 2478
f 2421 2478 2458
f 2459 2460 2480
f 2459 2480 2479
f 2460 2461 2481
f 2460 2481 2480
f 2461 2462 2482
f 2461 2482 2481
f 2462 2463 2483
f 2462 2483 2482
f 2463 2464 2484
f 2463 2484 2483
f 2464 2465 2485
f 2464 2485 2484
f 2465 2466 2486
f 2465 2486 2485
f 2466 2467 2487
f 2466 2487 2486
f 2467 2468 2488
f 2467 2488 2487
f 2468 2469 2489
f 2468 2489 2488
f 2469 2470 2490
f 2469 2490 2489
f 2470 2471 2491
f 2470 2491 2490
f 2471 2472 2492
f 2471 2492 2491
f 2472 2473 2493
f 2472 2493 2492
f 2473 2474 2494
f 2473 2494 2493
f 2474 2475 2495
f 2474 2495 2494
f 2475 2476 2496
f 2475 2496 2495
f 2476 2477 2497
f 2476 2497 2496
f 2477 2478 2498
f 2477 2498 2497
f 2478 2459 2479
f 2478 2479 2498
f 2479 2480 2500
f 2479 2500 2499
f 2480 2481 2501
f 2480 2501 2500
f 2481 2482 2502
f 2481 2502 2501
f 2482 2483 2503
f 2482 2503 2502
f 2483 2484 2504
f 2483 2504 2503
f 2484 2485 2505
f 2484 2505 2504
f 2485 2486 2506
f 2485 2506 2505
f 2486 2487 2507
f 2486 2507 2506
f 2487 2488 2508
f 2487 2508 2507
f 2488 2489 2509
f 2488 2509 2508
f 2489 2490 2510
f 2489 2510 2509
f 2490 2491 2511
f 2490 2511 2510
f 2491 2492 2512
f 2491 2512 2511
f 2492 2493 2513
f 2492 2513 2512
f 2493 2494 2514
f 2493 2514 2513
f 2494 2495 2515
f 2494 2515 2514
f 2495 2496 2516
f 2495 2516 2515
f 2496 2497 2517
f 2496 2517 2516
f 2497 2498 2518
f 2497 2518 2517
f 2498 2479 2499
f 2498 2499 2518
f 2499 2500 2520
f 2499 2520 2519
f 2500 2501 2521
f 2500 2521 2520
f 2501 2502 2522
f 2501 2522 2521
f 2502 2503 2523
f 2502 2523 2522
f 2503 2504 2524
f 2503 2524 2523
f 2504 2505 2525
f 2504 2525 2524
f 2505 2506 2526
f 2505 2526 2525
f 2506 2507 2527
f 2506 2527 2526
f 2507 2508 2528
f 2507 2528 2527
f 2508 2509 2529
f 2508 2529 2528
f 2509 2510 2530
f 2509 2530 2529
f 2510 2511 2531
f 2510 2531 2530
f 2511 2512 2532
f 2511 2532 2531
f 2512 2513 2533
f 2512 2533 2532
f 2513 2514 2534
f 2513 2534 2533
f 2514 2515 2535
f 2514 2535 2534
f 2515 2516 2536
f 2515 2536 2535
f 2516 2517 2537
f 2516 2537 2536
f 2517 2518 2538
f 2517 2538 2537
f 2518 2499 2519
f 2518 2519 2538
f 2519 2520 2539
f 2520 2521 2539
f 2521 2522 2539
f 2522 2523 2539
f 2523 2524 2539
f 2524 2525 2539
f 2525 2526 2539
f 2526 2527 2539
f 2527 2528 2539
f 2528 2529 2539
f 2529 2530 2539
f 2530 2531 2539
f 2531 2532 2539
f 2532 2533 2539
f 2533 2534 2539
f 2534 2535 2539
f 2535 2536 2539
f 2536 2537 2539
f 2537 2538 2539
f 2538 2519 2539
f 2540 2541 2542
f 2540 2542 2543
f 2544 2540 2543
f 2544 2543 2545
f 2546 2544 2545
f 2546 2545 2547
f 2548 2546 2547
f 2548 2547 2549
f 2550 2548 2549
f 2550 2549 2551
f 2552 2550 2551
f 2552 2551 2553
f 2554 2552 2553
f 2554 2553 2555
f 2556 2554 2555
f 2556 2555 2557
f 2558 2556 2557
f 2558 2557 2559
f 2560 2558 2559
f 2560 2559 2561
f 2562 2560 2561
f 2562 2561 2563
f 2564 2562 2563
f 2564 2563 2565
f 2566 2564 2565
f 2566 2565 2567
f 2568 2566 2567
f 2568 2567 2569
f 2570 2568 2569
f 2570 2569 2571
f 2572 2570 2571
f 2572 2571 2573
f 2574 2572 2573
f 2574 2573 2575
f 2576 2574 2575
f 2576 2575 2577
f 2578 2576 2577
f 2578 2577 2579
f 2541 2578 2579
f 2541 2579 2542
f 2543 2542 2580
f 2543 2580 2581
f 2545 2543 2581
f 2545 2581 2582
f 2547 2545 2582
f 2547 2582 2583
f 2549 2547 2583
f 2549 2583 2584
f 2551 2549 2584
f 2551 2584 2585
f 2553 2551 2585
f 2553 2585 2586
f 2555 2553 2586
f 2555 2586 2587
f 2557 2555 2587
f 2557 2587 2588
f 2559 2557 2588
f 2559 2588 2589
f 2561 2559 2589
f 2561 2589 2590
f 2563 2561 2590
f 2563 2590 2591
f 2565 2563 2591
f 2565 2591 2592
f 2567 2565 2592
f 2567 2592 2593
f 2569 2567 2593
f 2569 2593 2594
f 2571 2569 2594
f 2571 2594 2595
f 2573 2571 2595
f 2573 2595 2596
f 2575 2573 2596
f 2575 2596 2597
f 2577 2575 2597
f 2577 2597 2598
f 2579 2577 2598
f 2579 2598 2599
f 2542 2579 2599
f 2542 2599 2580
f 2580 2600 2601
f 2580 2601 2581
f 2581 2601 2602
f 2581 2602 2582
f 2582 2602 2603
f 2582 2603 2583
f 2583 2603 2604
f 2583 2604 2584
f 2584 2604 2605
f 2584 2605 2585
f 2585 2605 2606
f 2585 2606 2586
f 2586 2606 2607
f 2586 2607 2587
f 2587 2607 2608
f 2587 2608 2588
f 2588 2608 2609
f 2588 2609 2589
f 2589 2609 2610
f 2589 2610 2590
f 2590 2610 2611
f 2590 2611 2591
f 2591 2611 2612
f 2591 2612 2592
f 2592 2612 2613
f 2592 2613 2593
f 2593 2613 2614
f 2593 2614 2594
f 2594 2614 2615
f 2594 2615 2595
f 2595 2615 2616
f 2595 2616 2596
f 2596 2616 2617
f 2596 2617 2597
f 2597 2617 2618
f 2597 2618 2598
f 2598 2618 2619
f 2598 2619 2599
f 2599 2619 2600
f 2599 2600 2580
f 2600 2620 2621
f 2600 2621 2601
f 2601 2621 2622
f 2601 2622 2602
f 2602 2622 2623
f 2602 2623 2603
f 2603 2623 2624
f 2603 2624 2604
f 2604 2624 2625
f 2604 2625 2605
f 2605 2625 2626
f 2605 2626 2606
f 2606 2626 2627
f 2606 2627 2607
f 2607 2627 2628
f 2607 2628 2608
f 2608 2628 2629
f 2608 2629 2609
f 2609 2629 2630
f 2609 2630 2610
f 2610 2630 2631
f 2610 2631 2611
f 2611 2631 2632
f 2611 2632 2612
f 2612 2632 2633
f 2612 2633 2613
f 2613 2633 2634
f 2613 2634 2614
f 2614 2634 2635
f 2614 2635 2615
f 2615 2635 2636
f 2615 2636 2616
f 2616 2636 2637
f 2616 2637 2617
f 2617 2637 2638
f 2617 2638 2618
f 2618 2638 2639
f 2618 2639 2619
f 2619 2639 2620
f 2619 2620 2600
f 2620 2640 2641
f 2620 2641 2621
f 2621 2641 2642
f 2621 2642 2622
f 2622 2642 2643
f 2622 2643 2623
f 2623 2643 2644
f 2623 2644 2624
f 2624 2644 2645
f 2624 2645 2625
f 2625 2645 2646
f 2625 2646 2626
f 2626 2646 2647
f 2626 2647 2627
f 2627 2647 2648
f 2627 2648 2628
f 2628 2648 2649
f 2628 2649 2629
f 2629 2649 2650
f 2629 2650 2630
f 2630 2650 2651
f 2630 2651 2631
f 2631 2651 2652
f 2631 2652 2632
f 2632 2652 2653
f 2632 2653 2633
f 2633 2653 2654
f 2633 2654 2634
f 2634 2654 2655
f 2634 2655 2635
f 2635 2655 2656
f 2635 2656 2636
f 2636 2656 2657
f 2636 2657 2637
f 2637 2657 2658
f 2637 2658 2638
f 2638 2658 2659
f 2638 2659 2639
f 2639 2659 2640
f 2639 2640 2620
f 2640 2660 2641
f 2641 2660 2642
f 2642 2660 2643
f 2643 2660 2644
f 2644 2660 2645
f 2645 2660 2646
f 2646 2660 2647
f 2647 2660 2648
f 2648 2660 2649
f 2649 2660 2650
f 2650 2660 2651
f 2651 2660 2652
f 2652 2660 2653
f 2653 2660 2654
f 2654 2660 2655
f 2655 2660 2656
f 2656 2660 2657
f 2657 2660 2658
f 2658 2660 2659
f 2659 2660 2640
f 2661 2662 2663
f 2662 2664 2665
f 2662 2665 2663
f 2661 2666 2662
f 2666 2667 2668
f 2666 2668 2662
f 2662 2668 2664
f 2661 2669 2666
f 2669 2670 2671
f 2669 2671 2666
f 2666 2671 2667
f 2661 2672 2669
f 2672 2673 2669
f 2669 2673 2670
f 2661 2663 2672
f 2665 2664 2674
f 2664 2668 2675
f 2668 2667 2676
f 2668 2676 2675
f 2675 2676 2677
f 2667 2671 2678
f 2671 2670 2679
f 2671 2679 2678
f 2678 2679 2680
f 2670 2673 2681
f 2664 2675 2674
f 2675 2677 2682
f 2675 2682 2674
f 2667 2678 2676
f 2678 2680 2683
f 2678 2683 2676
f 2676 2683 2677
f 2670 2681 2679
f 2681 2684 2679
f 2679 2684 2680
f 2682 2677 2685
f 2677 2683 2685
f 2683 2680 2686
f 2683 2686 2685
f 2680 2684 2686
f 2687 2689 2688
f 2688 2691 2690
f 2688 2689 2691
f 2687 2688 2692
f 2692 2694 2693
f 2692 2688 2694
f 2688 2690 2694
f 2687 2692 2695
f 2695 2697 2696
f 2695 2692 2697
f 2692 2693 2697
f 2687 2695 2698
f 2698 2695 2699
f 2695 2696 2699
f 2687 2698 2689
f 2691 2700 2690
f 2690 2701 2694
f 2694 2702 2693
f 2694 2701 2702
f 2701 2703 2702
f 2693 2704 2697
f 2697 2705 2696
f 2697 2704 2705
f 2704 2706 2705
f 2696 2707 2699
f 2690 2700 2701
f 2701 2708 2703
f 2701 2700 2708
f 2693 2702 2704
f 2704 2709 2706
f 2704 2702 2709
f 2702 2703 2709
f 2696 2705 2707
f 2707 2705 2710
f 2705 2706 2710
f 2708 2711 2703
f 2703 2711 2709
f 2709 2712 2706
f 2709 2711 2712
f 2706 2712 2710
f 2713 2715 2714
f 2716 2719 2718
f 2716 2718 2717
f 2720 2721 2716
f 2720 2716 2717
f 2722 2724 2723
f 2725 2724 2722
f 2726 2729 2728
f 2726 2728 2727
f 2729 2725 2730
f 2729 2730 2728
f 2731 2732 2729
f 2731 2729 2726
f 2732 2733 2725
f 2732 2725 2729
f 2722 2730 2725
f 2725 2733 2724
f 2713 2721 2720
f 2713 2720 2715
f 2734 2735 2736
f 2737 2738 2739
f 2737 2739 2740
f 2741 2738 2737
f 2741 2737 2742
f 2743 2744 2745
f 2746 2743 2745
f 2747 2748 2749
f 2747 2749 2750
f 2750 2749 2751
f 2750 2751 2746
f 2752 2747 2750
f 2752 2750 2753
f 2753 2750 2746
f 2753 2746 2754
f 2743 2746 2751
f 2746 2745 2754
f 2734 2736 2741
f 2734 2741 2742
f 2755 2756 2757
f 2755 2757 2826
f 2757 2756 2758
f 2759 2760 2820
f 2759 2762 2763
f 2759 2763 2760
f 2764 2765 2766
f 2767 2768 2769
f 2768 2770 2769
f 2771 2772 2807
f 2764 2774 2765
f 2765 2824 2766
f 2767 2775 2768
f 2768 2822 2770
f 2771 2807 2805
f 2771 2805 2777
f 2778 2779 2780
f 2781 2782 2818
f 2784 2785 2786
f 2778 2780 2825
f 2780 2779 2787
f 2781 2785 2784
f 2781 2784 2782
f 2805 2806 2777
f 2776 2773 2808
f 2776 2808 2788
f 2789 2790 2811
f 2809 2810 2794
f 2789 2811 2809
f 2789 2809 2794
f 2812 2793 2792
f 2812 2792 2791
f 2795 2796 2797
f 2795 2798 2796
f 2796 2823 2797
f 2799 2800 2801
f 2801 2800 2802
f 2799 2801 2821
f 2801 2802 2803
f 2763 2762 2804
f 2813 2814 2761
f 2813 2761 2819
f 2815 2816 2783
f 2815 2783 2817
f 2827 2829 2828
f 2827 2830 2829
f 2829 2831 2828
f 2832 2834 2833
f 2832 2833 2836
f 2832 2836 2835
f 2837 2839 2838
f 2840 2842 2841
f 2841 2842 2843
f 2844 2846 2845
f 2837 2838 2847
f 2838 2839 2848
f 2840 2841 2849
f 2841 2843 2850
f 2844 2852 2851
f 2844 2851 2846
f 2853 2855 2854
f 2856 2858 2857
f 2859 2861 2860
f 2853 2862 2855
f 2855 2863 2854
f 2856 2857 2859
f 2856 2859 2860
f 2851 2852 2864
f 2865 2868 2867
f 2865 2867 2866
f 2869 2871 2870
f 2872 2874 2873
f 2869 2874 2872
f 2869 2872 2871
f 2875 2878 2877
f 2875 2877 2876
f 2879 2881 2880
f 2879 2880 2882
f 2880 2881 2883
f 2884 2886 2885
f 2886 2887 2885
f 2884 2888 2886
f 2886 2889 2887
f 2836 2890 2835
f 2891 2894 2893
f 2891 2893 2892
f 2895 2898 2897
f 2895 2897 2896
f 2899 2901 2900
f 2902 2904 2903
f 2905 2900 2906
f 2907 2909 2908
f 2910 2912 2911
f 2904 2902 2899
f 2910 2914 2913
f 2913 2914 2909
f 2915 2917 2916
f 2918 2919 2907
f 2904 2921 2920
f 2904 2920 2903
f 2922 2910 2923
f 2910 2911 2923
f 2918 2907 2908
f 2909 2924 2908
f 2916 2905 2915
f 2914 2924 2909
f 2901 2906 2900
f 2902 2901 2899
f 2912 2910 2913
f 2925 2928 2927
f 2925 2927 2926
f 2929 2932 2931
f 2929 2931 2930
f 2925 2929 2930
f 2925 2930 2928
f 2933 2935 2934
f 2925 2926 2937
f 2925 2937 2936
f 2929 2925 2936
f 2929 2936 2938
f 2932 2929 2938
f 2932 2938 2939
f 2940 2943 2942
f 2940 2942 2941
f 2944 2945 2943
f 2944 2943 2940
f 2933 2947 2946
f 2948 2950 2949
f 2952 2948 2949
f 2952 2949 2951
f 2944 2940 2953
f 2940 2941 2953
f 2945 2954 2950
f 2950 2946 2943
f 2947 2942 2943
f 2947 2943 2946
f 2949 2956 2955
f 2949 2955 2951
f 2957 2958 2956
f 2957 2956 2949
f 2959 2952 2951
f 2959 2951 2960
f 2951 2955 2961
f 2951 2961 2960
f 2927 2962 2961
f 2927 2961 2955
f 2928 2963 2962
f 2928 2962 2927
f 2930 2964 2963
f 2930 2963 2928
f 2931 2965 2964
f 2931 2964 2930
f 2966 2968 2967
f 2969 2972 2971
f 2969 2971 2970
f 2973 2976 2975
f 2973 2975 2974
f 2977 2980 2979
f 2977 2979 2978
f 2981 2984 2983
f 2981 2983 2982
f 2977 2978 2984
f 2977 2984 2981
f 2985 2978 2979
f 2985 2979 2986
f 2987 2984 2978
f 2987 2978 2985
f 2988 2983 2984
f 2988 2984 2987
f 2989 2991 2990
f 2992 2993 2976
f 2992 2976 2973
f 2994 2970 2971
f 2994 2971 2995
f 2996 2998 2997
f 2999 3001 3000
f 2974 2975 3003
f 2974 3003 3002
f 3004 2972 2999
f 2977 3006 3005
f 2977 3005 2980
f 2981 3007 3006
f 2981 3006 2977
f 2982 3008 3007
f 2982 3007 2981
f 2989 3010 3009
f 3011 3014 3013
f 3011 3013 3012
f 3011 3012 2998
f 3011 2998 3015
f 3016 3019 3018
f 3016 3018 3017
f 3017 3018 3021
f 3017 3021 3020
f 2986 2979 3020
f 2986 3020 3022
f 2941 2942 3024
f 2941 3024 3023
f 3025 3026 3014
f 2944 2953 3027
f 3015 2998 3028
f 3025 3014 3011
f 3015 3025 3011
f 2932 3030 2967
f 2932 2967 2931
f 2967 2968 2965
f 2967 2965 2931
f 2988 2990 2991
f 2988 2991 2983
f 2983 2991 3009
f 2983 3009 2982
f 2982 3009 3010
f 2982 3010 3008
f 3031 3033 3032
f 2939 3033 3030
f 2939 3030 2932
f 2974 3002 3035
f 2974 3035 3034
f 3036 3039 3038
f 3036 3038 3037
f 3040 3039 3036
f 3040 3036 3041
f 3042 3043 3040
f 3042 3040 3041
f 2973 3045 3044
f 2973 3044 2992
f 3034 3045 2973
f 3034 2973 2974
f 3035 3046 3034
f 3035 3049 3048
f 3035 3048 3047
f 3039 3051 3050
f 3040 3052 3051
f 3040 3051 3039
f 3040 3043 3053
f 3040 3053 3052
f 3044 3045 3055
f 3044 3055 3054
f 3056 3055 3045
f 3057 3036 3037
f 3057 3037 3058
f 3059 3041 3036
f 3059 3036 3057
f 3060 3042 3041
f 3060 3041 3059
f 2934 2935 3062
f 2934 3062 3061
f 3061 3059 3057
f 3061 3057 2934
f 2934 3057 3058
f 2934 3058 2933
f 2975 3004 2999
f 2975 2999 3003
f 2976 3063 3004
f 2976 3004 2975
f 2993 3064 3063
f 2993 3063 2976
f 3065 3060 3059
f 3065 3059 3061
f 2998 3012 2997
f 2945 2950 2943
f 2935 2946 2950
f 2933 2946 2935
f 3065 3061 3062
f 3065 3062 3066
f 2971 3063 3064
f 2971 3064 2995
f 3004 3063 2971
f 3004 2971 2972
f 2997 3012 3001
f 2969 2997 2972
f 3012 3013 3000
f 3012 3000 3001
f 2997 2969 3018
f 3021 3018 2969
f 3021 2969 2970
f 2994 3067 3021
f 2994 3021 2970
f 2948 2935 2950
f 3062 2935 2948
f 3062 2948 2952
f 2959 3066 3062
f 2959 3062 2952
f 2958 2937 2926
f 2958 2926 2956
f 2956 2926 2927
f 2956 2927 2955
f 3017 2980 3005
f 3017 3005 3016
f 3020 2979 2980
f 3020 2980 3017
f 3021 3067 3022
f 3021 3022 3020
f 2972 3001 2999
f 2997 3001 2972
f 3068 3002 3003
f 3068 3003 3069
f 3049 3035 3002
f 3049 3002 3068
f 3037 3038 3130
f 3058 3037 3070
f 3058 3070 3072
f 2933 3058 3072
f 2933 3072 3073
f 2947 2933 3073
f 2947 3073 3074
f 2942 2947 3074
f 2942 3074 3024
f 3075 3076 3013
f 3075 3013 3014
f 3075 3014 3026
f 3077 3071 3038
f 3077 3038 3050
f 3077 3050 3078
f 3000 3080 3079
f 3000 3079 2999
f 3000 3013 3076
f 3000 3076 3080
f 3069 3003 2999
f 3069 2999 3079
f 2957 2949 3081
f 2950 3081 2949
f 2939 2938 3082
f 3033 2939 3082
f 3033 3082 3032
f 3008 3010 3084
f 3008 3084 3083
f 3007 3008 3083
f 3085 2997 3018
f 3019 3085 3018
f 3085 2996 2997
f 2950 2954 3081
f 3029 2998 2996
f 2954 2945 3086
f 2945 3087 3086
f 2944 3027 3087
f 2966 3030 3033
f 2966 3033 3031
f 2989 3009 2991
f 3030 2966 2967
f 2941 3023 3088
f 2953 2941 3088
f 3089 3015 3028
f 3025 3015 3089
f 3048 3090 3047
f 3039 3050 3038
f 3046 3056 3034
f 3035 3047 3046
f 3034 3056 3045
f 3091 3093 3092
f 3094 3096 3095
f 3097 3100 3099
f 3097 3099 3098
f 3101 3103 3102
f 3104 3106 3105
f 3092 3093 3107
f 3108 3097 3109
f 3110 3113 3111
f 3113 3110 3115
f 3113 3115 3114
f 3116 3118 3117
f 3099 3120 3119
f 3119 3121 3102
f 3092 3107 3122
f 3104 3123 3103
f 3105 3124 3123
f 3092 3122 3125
f 3107 3126 3122
f 3104 3105 3123
f 3101 3104 3103
f 3101 3102 3127
f 3121 3127 3102
f 3119 3128 3121
f 3120 3128 3119
f 3099 3100 3120
f 3091 3096 3094
f 3091 3094 3093
f 3095 3118 3116
f 3094 3095 3116
f 3114 3115 3117
f 3115 3116 3117
f 3111 3113 3112
f 3109 3097 3098
f 2905 3129 2915
f 3037 3130 3070
f 3130 3038 3071
f 2905 2906 3129
f 2998 3029 3028
f 2945 2944 3087
f 3131 3132 3133
f 3134 3135 3136
f 3137 3138 3132
f 3139 3140 3141
f 3142 3143 3144
f 3136 3131 3134
f 3142 3145 3146
f 3145 3141 3146
f 3147 3148 3149
f 3150 3139 3151
f 3136 3152 3153
f 3136 3135 3152
f 3154 3155 3142
f 3142 3155 3143
f 3150 3140 3139
f 3141 3140 3156
f 3148 3147 3137
f 3146 3141 3156
f 3133 3132 3138
f 3134 3131 3133
f 3144 3145 3142
f 3157 3158 3159
f 3157 3159 3160
f 3161 3162 3163
f 3161 3163 3164
f 3157 3160 3162
f 3157 3162 3161
f 3165 3166 3167
f 3157 3168 3169
f 3157 3169 3158
f 3161 3170 3168
f 3161 3168 3157
f 3164 3171 3170
f 3164 3170 3161
f 3172 3173 3174
f 3172 3174 3175
f 3176 3172 3175
f 3176 3175 3177
f 3165 3178 3179
f 3180 3181 3182
f 3181 3180 3184
f 3181 3184 3183
f 3176 3185 3172
f 3172 3185 3173
f 3177 3182 3186
f 3182 3175 3178
f 3175 3174 3179
f 3175 3179 3178
f 3181 3183 3187
f 3181 3187 3188
f 3189 3181 3188
f 3189 3188 3190
f 3191 3192 3183
f 3191 3183 3184
f 3183 3192 3193
f 3183 3193 3187
f 3159 3187 3193
f 3159 3193 3194
f 3160 3159 3194
f 3160 3194 3195
f 3162 3160 3195
f 3162 3195 3196
f 3163 3162 3196
f 3163 3196 3197
f 3198 3199 3200
f 3201 3202 3203
f 3201 3203 3204
f 3205 3206 3207
f 3205 3207 3208
f 3209 3210 3211
f 3209 3211 3212
f 3213 3214 3215
f 3213 3215 3216
f 3209 3213 3216
f 3209 3216 3210
f 3217 3218 3211
f 3217 3211 3210
f 3219 3217 3210
f 3219 3210 3216
f 3220 3219 3216
f 3220 3216 3215
f 3221 3222 3223
f 3224 3205 3208
f 3224 3208 3225
f 3226 3227 3203
f 3226 3203 3202
f 3228 3229 3230
f 3231 3232 3233
f 3206 3234 3235
f 3206 3235 3207
f 3236 3231 3204
f 3209 3212 3237
f 3209 3237 3238
f 3213 3209 3238
f 3213 3238 3239
f 3214 3213 3239
f 3214 3239 3240
f 3221 3241 3242
f 3243 3244 3245
f 3243 3245 3246
f 3243 3247 3230
f 3243 3230 3244
f 3248 3249 3250
f 3248 3250 3251
f 3249 3252 3253
f 3249 3253 3250
f 3218 3254 3252
f 3218 3252 3211
f 3173 3255 3256
f 3173 3256 3174
f 3257 3246 3258
f 3176 3259 3185
f 3247 3260 3230
f 3257 3243 3246
f 3247 3243 3257
f 3164 3163 3199
f 3164 3199 3262
f 3199 3163 3197
f 3199 3197 3200
f 3220 3215 3223
f 3220 3223 3222
f 3215 3214 3241
f 3215 3241 3223
f 3214 3240 3242
f 3214 3242 3241
f 3263 3264 3265
f 3171 3164 3262
f 3171 3262 3265
f 3206 3266 3267
f 3206 3267 3234
f 3268 3269 3270
f 3268 3270 3271
f 3272 3273 3268
f 3272 3268 3271
f 3274 3273 3272
f 3274 3272 3275
f 3205 3224 3276
f 3205 3276 3277
f 3266 3206 3205
f 3266 3205 3277
f 3267 3266 3278
f 3267 3279 3280
f 3267 3280 3281
f 3271 3282 3283
f 3272 3271 3283
f 3272 3283 3284
f 3272 3284 3285
f 3272 3285 3275
f 3276 3286 3287
f 3276 3287 3277
f 3288 3277 3287
f 3289 3290 3269
f 3289 3269 3268
f 3291 3289 3268
f 3291 3268 3273
f 3292 3291 3273
f 3292 3273 3274
f 3166 3293 3294
f 3166 3294 3167
f 3293 3166 3289
f 3293 3289 3291
f 3166 3165 3290
f 3166 3290 3289
f 3207 3235 3231
f 3207 3231 3236
f 3208 3207 3236
f 3208 3236 3295
f 3225 3208 3295
f 3225 3295 3296
f 3297 3293 3291
f 3297 3291 3292
f 3230 3229 3244
f 3177 3175 3182
f 3167 3182 3178
f 3165 3167 3178
f 3297 3298 3294
f 3297 3294 3293
f 3203 3227 3296
f 3203 3296 3295
f 3236 3204 3203
f 3236 3203 3295
f 3229 3233 3244
f 3201 3204 3229
f 3232 3245 3244
f 3232 3244 3233
f 3229 3250 3201
f 3253 3202 3201
f 3253 3201 3250
f 3226 3202 3253
f 3226 3253 3299
f 3180 3182 3167
f 3294 3184 3180
f 3294 3180 3167
f 3191 3184 3294
f 3191 3294 3298
f 3190 3188 3158
f 3190 3158 3169
f 3188 3187 3159
f 3188 3159 3158
f 3249 3248 3237
f 3249 3237 3212
f 3252 3249 3212
f 3252 3212 3211
f 3253 3252 3254
f 3253 3254 3299
f 3204 3231 3233
f 3229 3204 3233
f 3300 3301 3235
f 3300 3235 3234
f 3281 3300 3234
f 3281 3234 3267
f 3269 3362 3270
f 3290 3304 3302
f 3290 3302 3269
f 3165 3305 3304
f 3165 3304 3290
f 3179 3306 3305
f 3179 3305 3165
f 3174 3256 3306
f 3174 3306 3179
f 3307 3246 3245
f 3307 3245 3308
f 3307 3258 3246
f 3309 3282 3270
f 3309 3270 3303
f 3309 3310 3282
f 3232 3231 3311
f 3232 3311 3312
f 3232 3312 3308
f 3232 3308 3245
f 3301 3311 3231
f 3301 3231 3235
f 3189 3313 3181
f 3182 3181 3313
f 3171 3314 3170
f 3265 3264 3314
f 3265 3314 3171
f 3240 3315 3316
f 3240 3316 3242
f 3239 3315 3240
f 3317 3250 3229
f 3251 3250 3317
f 3317 3229 3228
f 3182 3313 3186
f 3261 3228 3230
f 3186 3318 3177
f 3177 3318 3319
f 3176 3319 3259
f 3198 3265 3262
f 3198 3263 3265
f 3221 3223 3241
f 3262 3199 3198
f 3173 3320 3255
f 3185 3320 3173
f 3321 3260 3247
f 3257 3321 3247
f 3280 3279 3322
f 3271 3270 3282
f 3278 3266 3288
f 3267 3278 3279
f 3266 3277 3288
f 3323 3324 3325
f 3326 3327 3328
f 3329 3330 3331
f 3329 3331 3332
f 3333 3334 3335
f 3336 3337 3338
f 3324 3339 3325
f 3340 3341 3329
f 3342 3343 3345
f 3345 3346 3347
f 3345 3347 3342
f 3348 3349 3350
f 3331 3351 3352
f 3351 3334 3353
f 3324 3354 3339
f 3336 3335 3355
f 3337 3355 3356
f 3324 3357 3354
f 3339 3354 3358
f 3336 3355 3337
f 3333 3335 3336
f 3333 3359 3334
f 3353 3334 3359
f 3351 3353 3360
f 3352 3351 3360
f 3331 3352 3332
f 3323 3326 3328
f 3323 3325 3326
f 3327 3348 3350
f 3326 3348 3327
f 3346 3349 3347
f 3347 3349 3348
f 3343 3344 3345
f 3341 3330 3329
f 3137 3147 3361
f 3269 3302 3362
f 3362 3303 3270
f 3137 3361 3138
f 3230 3260 3261
f 3177 3319 3176
f 948 930 942
f 938 956 1001
f 262 248 278
f 1430 1471 1446
f 3363 3752 3364
f 3367 3368 3369
f 3367 3369 3370
f 3376 3385 3374
f 3755 3375 3376
f 3377 4011 3751
f 3367 3377 3751
f 3367 3751 3747
f 3380 3363 3364
f 3381 3379 3384
f 3381 3384 3382
f 3377 3367 3370
f 3377 3370 3383
f 3386 3375 3377
f 3386 3377 3383
f 3387 3382 3391
f 3378 3388 3873
f 3384 3397 3391
f 3384 3391 3382
f 3404 3387 3391
f 3390 3400 3401
f 3376 3375 3396
f 3376 3396 3385
f 3375 3403 3396
f 3405 3400 3392
f 3401 3410 3399
f 3401 3399 3390
f 3401 4015 3411
f 3395 3394 3407
f 4015 3405 4014
f 3395 3408 3388
f 3393 3404 3435
f 3393 3435 3414
f 3415 3404 3391
f 3415 3391 3430
f 3401 3411 3410
f 3875 3416 3876
f 3411 3418 3431
f 3417 3419 3420
f 3421 3407 3414
f 3429 3446 3413
f 3429 3413 3412
f 3422 3411 3431
f 3423 3552 3553
f 3395 3407 3421
f 3424 3425 3426
f 3416 3875 3877
f 3424 3454 3425
f 3405 3862 3428
f 3462 3418 3409
f 3462 3409 3442
f 3430 3391 3427
f 3426 3425 3452
f 3426 3452 3451
f 3432 3433 3434
f 3405 3428 4014
f 3454 3507 3452
f 3454 3452 3425
f 3419 3444 3420
f 3870 3422 3431
f 3870 3431 3436
f 3437 3415 3430
f 3438 3431 3418
f 3439 3440 3441
f 3439 3441 3469
f 3414 3435 3468
f 3414 3468 3421
f 3433 3460 3461
f 3433 3461 3434
f 3434 3443 3432
f 3432 3443 3455
f 3404 3415 3435
f 3431 3445 3436
f 3445 3438 3447
f 3429 3457 3458
f 3429 3458 3446
f 3448 3437 3449
f 3482 3438 3418
f 3482 3418 3462
f 3450 3416 3877
f 3878 3408 3395
f 3878 3395 3453
f 3456 3472 3475
f 3457 3463 3464
f 3457 3464 3458
f 3448 3449 3466
f 3448 3466 3467
f 3469 3470 3439
f 3452 3477 3491
f 3452 3491 3451
f 3465 3430 3427
f 3465 3427 3485
f 3443 3500 3455
f 3435 3448 3467
f 3452 3536 3477
f 3473 3622 3607
f 3471 3428 3474
f 4014 3428 4013
f 3501 3447 3438
f 3501 3438 3482
f 3461 3460 3508
f 3461 3508 3509
f 3453 3395 3479
f 3453 3479 3480
f 3479 3395 3421
f 3479 3421 3481
f 3475 3472 3484
f 3446 3476 3413
f 3458 4012 3483
f 3458 3483 3446
f 3468 3467 3517
f 3467 3466 3513
f 3471 3861 3483
f 3483 4012 4013
f 3483 4013 3471
f 3487 3739 3740
f 3488 3458 3464
f 3488 3464 3489
f 3493 3503 3525
f 3494 3481 3421
f 3494 3421 3468
f 3495 3462 3442
f 3495 3442 3478
f 3497 3486 3868
f 3500 3443 3492
f 3469 3498 3470
f 3485 3503 3465
f 3502 3879 3881
f 3502 3880 3879
f 3504 3482 3462
f 3478 3488 3506
f 3478 3506 3495
f 3502 3881 3882
f 3468 3510 3505
f 3468 3505 3494
f 3488 3489 3506
f 3491 3477 3538
f 3491 3538 3539
f 3526 3467 3513
f 3461 3563 3492
f 3525 3511 3493
f 3502 3882 3883
f 3477 3562 3538
f 3498 3515 3516
f 3498 3516 3499
f 3482 3504 3501
f 3563 3570 3500
f 3563 3500 3492
f 3504 3506 3519
f 3522 3520 3521
f 3522 3521 3528
f 3523 3527 3549
f 3508 3555 3509
f 3524 3511 3557
f 3523 3541 3533
f 3521 3520 3535
f 3468 3517 3544
f 3468 3544 3510
f 3504 3996 3501
f 3522 3534 3546
f 3500 3576 3514
f 3517 3526 3529
f 3517 3529 3540
f 3549 3543 3559
f 3524 3557 3530
f 3531 3521 3532
f 3525 3503 3537
f 3542 3526 3513
f 3530 3542 3513
f 3514 3576 3571
f 3546 3534 3565
f 3529 3526 3542
f 3530 3572 3542
f 3544 3517 3540
f 3544 3540 3554
f 3541 3549 3558
f 3541 3558 3887
f 3534 3528 3531
f 3534 3531 3548
f 3567 3531 3532
f 3529 3542 3551
f 3509 3589 3563
f 3560 3561 3886
f 3561 3560 3564
f 3577 3551 3542
f 3577 3542 3572
f 3548 3531 3567
f 3548 3567 3574
f 3568 3560 3886
f 3569 3525 3537
f 3558 3549 3889
f 3574 3594 3575
f 3574 3575 3548
f 3580 3573 3532
f 3567 3532 3573
f 3579 3572 3557
f 3579 3557 3569
f 3995 3583 3562
f 3995 3562 3536
f 3573 3578 3585
f 3573 3585 3567
f 3589 3621 3570
f 3589 3570 3563
f 3574 3567 3585
f 3574 3585 3587
f 3586 3577 3572
f 3586 3572 3579
f 3576 3621 3639
f 3578 3573 3590
f 3578 3590 3629
f 3591 3626 3590
f 3591 3590 3580
f 3592 3890 3891
f 3593 3585 3578
f 3593 3578 3599
f 3596 3587 3585
f 3596 3585 3593
f 3592 3891 3892
f 3559 3597 3584
f 3575 3594 3603
f 3575 3603 3588
f 3595 3587 3596
f 3595 3596 3598
f 3600 3596 3593
f 3600 3593 3601
f 3598 3596 3600
f 3598 3600 3602
f 3601 3593 3599
f 3601 3599 3610
f 3604 3605 3606
f 3602 3613 3614
f 3602 3614 3598
f 3604 3606 3612
f 3598 3614 3616
f 3598 3616 3595
f 3995 3566 3583
f 3605 3608 3609
f 3604 3608 3605
f 3609 3608 3617
f 3611 3594 3615
f 3611 3615 3620
f 3595 3628 3615
f 3603 3594 3611
f 3603 3611 3618
f 3599 3578 3629
f 3599 3629 3646
f 3627 3608 3604
f 3627 3604 3625
f 3619 3604 3612
f 3625 3604 3619
f 3571 3576 3639
f 3621 3589 3555
f 3610 3599 3646
f 3610 3646 3649
f 3892 3623 3592
f 3617 3608 3651
f 3624 3660 3658
f 3624 3658 3650
f 3614 3613 3653
f 3614 3653 3654
f 3608 3627 3651
f 3616 3614 3654
f 3616 3654 3655
f 3615 3628 3632
f 3615 3632 3620
f 3619 3612 3656
f 3631 3636 3630
f 3633 3625 3638
f 3633 3638 3644
f 3616 3655 3628
f 3634 3631 3630
f 3627 3625 3633
f 3627 3633 3635
f 3636 3641 3630
f 3632 3628 3657
f 3632 3657 3661
f 3637 3588 3603
f 3637 3603 3642
f 3638 3619 3656
f 3642 3603 3618
f 3642 3618 3645
f 3641 3662 3630
f 3648 3634 3630
f 3640 3626 3652
f 3650 3659 3711
f 3664 3646 3629
f 3664 3629 3640
f 3685 3648 3630
f 3671 3627 3635
f 3671 3635 3693
f 3660 3637 3697
f 3660 3697 3703
f 3665 3638 3656
f 3707 3642 3645
f 3707 3645 3708
f 3662 3674 3630
f 3666 3649 3646
f 3666 3646 3664
f 3697 3637 3642
f 3697 3642 3707
f 3657 3667 3661
f 3668 3654 3653
f 3668 3653 3669
f 3644 3638 3665
f 3644 3665 3670
f 3674 3684 3630
f 3673 3655 3654
f 3673 3654 3668
f 3672 3657 3655
f 3672 3655 3673
f 3675 3894 3895
f 3676 3664 3640
f 3676 3640 3652
f 3657 3672 3667
f 3862 3677 3678
f 3862 3678 3428
f 3679 3666 3664
f 3679 3664 3676
f 3680 3681 3682
f 3680 3682 3683
f 3669 3694 3695
f 3669 3695 3668
f 3667 3672 3698
f 3667 3698 3700
f 3688 3680 3683
f 3688 3683 3689
f 3683 3682 3690
f 3683 3690 3704
f 3668 3695 3702
f 3668 3702 3673
f 3691 3685 3630
f 3684 3692 3630
f 3692 3691 3630
f 3699 3702 3709
f 3896 3675 3895
f 3683 3704 3710
f 3683 3710 3689
f 3686 3687 3705
f 3686 3705 3706
f 3707 3719 3697
f 3713 3700 3698
f 3713 3698 3714
f 3708 3715 3716
f 3708 3716 3707
f 3709 3722 3712
f 3709 3712 3699
f 3715 3713 3714
f 3715 3714 3716
f 3701 3686 3706
f 3701 3706 3717
f 3704 3690 3718
f 3714 3712 3732
f 3704 3718 3710
f 3707 3716 3719
f 3706 3705 3723
f 3706 3723 3724
f 3716 3714 3732
f 3725 3697 3719
f 3726 3727 3688
f 3726 3688 3689
f 3717 3721 3701
f 3730 3710 3718
f 3717 3731 3721
f 3717 3706 3724
f 3717 3724 3731
f 3689 3710 3730
f 3689 3730 3726
f 3734 3712 3722
f 3897 3898 3745
f 3736 3725 3719
f 3736 3719 3737
f 3719 3732 3735
f 3719 3735 3737
f 3734 3735 3732
f 3733 3741 3738
f 3900 3742 3901
f 3745 3899 3904
f 3743 3737 3735
f 3743 3735 3744
f 3742 3907 3901
f 3902 3903 3746
f 3746 3905 3902
f 3903 3906 3746
f 3368 3367 3747
f 3368 3747 3748
f 3873 3884 3772
f 3873 3772 3750
f 3749 3757 3775
f 3749 3761 3758
f 3378 3873 3750
f 3363 3756 3752
f 3759 3781 3783
f 3760 3768 3771
f 3760 3771 3778
f 3763 3764 3762
f 3763 3762 3765
f 3747 3766 3767
f 3747 3767 3748
f 3768 3760 3773
f 3769 3766 3747
f 3769 3747 3751
f 3762 3766 3765
f 3786 3785 3379
f 3786 3379 3381
f 3766 3762 3777
f 3766 3777 3767
f 3374 3373 3774
f 3374 3774 3799
f 3764 3763 3776
f 3760 3778 3798
f 3779 3790 3789
f 3782 3884 3885
f 3884 3782 3772
f 3782 3885 3802
f 3782 3802 3803
f 3753 3754 3787
f 3753 3787 3788
f 3381 3801 3786
f 3796 3777 3791
f 3769 3751 3816
f 3769 3816 3823
f 3792 3823 3814
f 3793 3765 3792
f 3793 3792 3794
f 3795 3750 3772
f 3755 3376 3374
f 3755 3374 3797
f 3374 3799 3800
f 3787 3754 3770
f 3787 3770 3808
f 3793 3794 3805
f 3804 3813 3809
f 3799 3788 3800
f 3788 3787 3800
f 3770 3784 3807
f 3770 3807 3808
f 3785 3786 3810
f 3785 3810 3811
f 3814 3823 3825
f 3815 3813 3806
f 3797 3800 3824
f 3784 3812 3365
f 3784 3365 3807
f 3786 3801 3810
f 3801 3772 3782
f 3787 3808 3824
f 3787 3824 3800
f 3755 3797 3816
f 3821 3826 3818
f 3807 3827 3824
f 3807 3824 3808
f 3803 3802 3834
f 3803 3834 3833
f 3811 3810 3828
f 3811 3828 3829
f 3810 3782 3803
f 3810 3803 3828
f 3816 3824 3827
f 3816 3827 3823
f 3830 3371 3819
f 3830 3819 3831
f 3823 3827 3836
f 3823 3836 3835
f 3836 3827 3807
f 3836 3807 3365
f 3837 3838 3839
f 3828 3803 3833
f 3828 3833 3843
f 3829 3828 3843
f 3829 3843 3842
f 3834 3837 3839
f 3834 3839 3833
f 3840 3844 3841
f 3840 3847 3844
f 3843 3845 3846
f 3843 3846 3842
f 3845 3843 3833
f 3845 3833 3839
f 3840 3850 3847
f 3848 3849 3839
f 3851 3845 3849
f 3846 3858 3852
f 3840 3853 3850
f 3854 3853 3840
f 3854 3840 3855
f 3855 3840 3856
f 3851 3858 3845
f 3849 3857 3851
f 3859 3471 3474
f 3550 3860 3859
f 3860 3861 3471
f 3860 3471 3859
f 3402 3406 3405
f 3402 3405 3392
f 3678 3677 3863
f 3444 3419 3864
f 3678 3474 3428
f 3490 3497 3867
f 3413 3476 3459
f 3504 3462 3495
f 3506 3489 3518
f 3506 3504 3495
f 3541 3887 3888
f 3541 3888 3871
f 3415 3437 3448
f 3435 3415 3448
f 3435 3467 3468
f 3366 3819 3371
f 3917 3915 3914
f 3910 3908 3909
f 3912 3914 3915
f 3911 3908 3916
f 3910 3909 3918
f 3919 3913 3912
f 3909 3908 3911
f 3913 3914 3912
f 3921 3934 3933
f 3922 3968 3955
f 3922 3955 3964
f 3921 3924 3923
f 3921 3923 3920
f 3964 3929 3928
f 3929 3926 3920
f 3929 3920 3923
f 3930 3964 3965
f 3930 3931 3920
f 3930 3920 3926
f 3921 3920 3931
f 3921 3931 3932
f 3953 3933 3934
f 3947 3941 3938
f 3940 3939 3937
f 3940 3937 3938
f 3943 3935 3966
f 3936 3967 3971
f 3936 3971 3935
f 3938 3937 3945
f 3938 3945 3946
f 3937 3949 3973
f 3937 3973 3945
f 3966 3949 3937
f 3966 3937 3939
f 3951 3948 3969
f 3953 3954 3933
f 3963 3955 3959
f 3963 3959 3960
f 3942 3961 3962
f 3942 3962 3936
f 3962 3956 3936
f 3955 3958 3959
f 3942 3936 3935
f 3942 3935 3943
f 3964 3955 3963
f 3964 3963 3965
f 3935 3973 3949
f 3970 3958 3968
f 3970 3997 3958
f 3992 3993 3976
f 3992 3976 3975
f 3987 3978 3976
f 3979 3980 3988
f 3979 3988 3989
f 3981 3994 3990
f 3983 3980 3979
f 3984 3985 3986
f 3986 3977 3987
f 3986 3987 3984
f 3982 3981 3990
f 3982 3990 3991
f 3933 3924 3921
f 3938 3946 3947
f 3921 3932 3934
f 3941 3940 3938
f 3575 3588 3565
f 3452 3507 3536
f 3766 3769 3765
f 3375 3386 3403
f 3795 3772 3801
f 3797 3374 3800
f 3712 3698 3672
f 3712 3672 3699
f 3716 3732 3719
f 3714 3698 3712
f 3385 3373 3374
f 3503 3512 3537
f 3590 3640 3629
f 3928 3925 3964
f 3952 3944 3948
f 3925 3927 3950
f 3948 3971 3969
f 3948 3951 3952
f 3974 3927 3925
f 3922 3964 3925
f 3922 3925 3950
f 3839 3838 3848
f 3837 3832 3838
f 3846 3845 3858
f 3445 3431 3438
f 3699 3672 3673
f 3699 3673 3702
f 3549 3582 3581
f 3549 3581 3889
f 3549 3527 3543
f 3587 3595 3594
f 3587 3594 3574
f 3590 3626 3640
f 3725 3720 3703
f 3745 3898 3899
f 3527 3547 3543
f 3522 3528 3534
f 3734 3732 3712
f 3624 3565 3588
f 3624 3588 3637
f 3624 3637 3660
f 3650 3658 3659
f 3659 3720 3729
f 3725 3703 3697
f 3509 3555 3589
f 3507 3995 3536
f 3507 3566 3995
f 3548 3575 3565
f 3548 3565 3534
f 3497 3496 3486
f 3490 3496 3497
f 3456 3865 3472
f 3472 3866 3484
f 3417 3869 3419
f 3804 3806 3813
f 3815 3822 3813
f 3801 3782 3810
f 3777 3796 3767
f 3749 3780 3761
f 3749 3758 3757
f 3485 3512 3503
f 3391 3397 3427
f 3404 3393 3387
f 3394 3395 3388
f 3378 3394 3388
f 3398 3874 3873
f 3398 3873 3388
f 3406 3862 3405
f 3861 3476 3483
f 3411 3422 3410
f 3411 3409 3418
f 3526 3517 3467
f 3504 3519 3996
f 3506 3518 3519
f 3498 3499 3470
f 3946 3972 3947
f 3933 3954 3924
f 3372 3817 3820
f 3372 3820 3366
f 3530 3557 3572
f 3625 3619 3638
f 3595 3615 3594
f 3956 3957 3967
f 3845 3839 3849
f 3998 3999 4000
f 3999 4001 4002
f 3999 4002 4000
f 4000 4002 4003
f 3998 4000 4004
f 4000 4003 4005
f 4000 4005 4004
f 4004 4005 4006
f 4007 4008 4009
f 4008 4003 4002
f 4008 4002 4009
f 4009 4002 4001
f 4007 4010 4008
f 4010 4006 4005
f 4010 4005 4008
f 4008 4005 4003
f 3597 3663 3647
f 3477 3536 3562
f 3566 3872 3583
f 3576 3570 3621
f 3500 3570 3576
f 3500 3514 3455
f 3461 3509 3563
f 3443 3434 3492
f 3434 3461 3492
f 3508 3556 3555
f 3935 3949 3966
f 3930 3926 3964
f 4011 3377 3375
f 3792 3765 3769
f 3792 3769 3823
f 3797 3824 3816
f 3375 3755 4011
f 4011 3755 3816
f 4011 3816 3751
f 3511 3525 3557
f 3493 3465 3503
f 3569 3557 3525
f 3458 3488 4012
f 4012 3488 3478
f 4012 3478 4013
f 3478 3442 4014
f 3478 4014 4013
f 4014 3442 3409
f 4014 3409 4015
f 3428 3471 4013
f 4015 3400 3405
f 3446 3483 3476
f 4015 3409 3411
f 3401 3400 4015
f 3390 3389 3400
f 3655 3657 3628
f 3595 3616 3628
f 3964 3926 3929
f 3928 3974 3925
f 3944 3973 3935
f 3944 3935 3948
f 3948 3935 3971
f 3987 3977 3978
f 3978 3975 3976
f 3994 3988 3990
f 3994 3989 3988
f 3955 3968 3958
f 3956 3967 3936
f 3532 3521 3545
f 3580 3590 3573
f 3545 3580 3532
f 3523 3549 3541
f 3531 3528 3521
f 3521 3535 3545
f 3584 3582 3549
f 3584 3549 3559
f 3597 3643 3663
f 3729 3728 3711
f 3729 3711 3659
f 3643 3696 3663
f 3647 3893 3584
f 3647 3584 3597
f 3366 3820 3819
f 3823 3835 3825
f 3400 3389 3392
f 4016 4017 4405
f 4020 4023 4022
f 4020 4022 4021
f 4029 4027 4038
f 4408 4029 4028
f 4030 4404 4664
f 4020 4400 4404
f 4020 4404 4030
f 4033 4017 4016
f 4034 4035 4037
f 4034 4037 4032
f 4030 4036 4023
f 4030 4023 4020
f 4039 4030 4028
f 4039 4036 4030
f 4040 4044 4035
f 4031 4526 4041
f 4044 4050 4037
f 4044 4037 4035
f 4057 4044 4040
f 4043 4054 4053
f 4029 4038 4049
f 4029 4049 4028
f 4028 4049 4056
f 4058 4045 4053
f 4052 4063 4054
f 4052 4054 4043
f 4054 4064 4668
f 4048 4060 4047
f 4668 4667 4058
f 4048 4041 4061
f 4046 4067 4088
f 4046 4088 4057
f 4068 4083 4044
f 4068 4044 4057
f 4054 4063 4064
f 4528 4529 4069
f 4064 4084 4071
f 4070 4073 4072
f 4074 4067 4060
f 4066 4099 4082
f 4066 4082 4065
f 4075 4084 4064
f 4076 4206 4205
f 4048 4074 4060
f 4077 4079 4078
f 4069 4530 4528
f 4077 4078 4107
f 4058 4081 4515
f 4115 4095 4062
f 4115 4062 4071
f 4083 4080 4044
f 4079 4104 4105
f 4079 4105 4078
f 4085 4087 4086
f 4058 4667 4081
f 4105 4160 4107
f 4105 4107 4078
f 4072 4073 4097
f 4523 4089 4084
f 4523 4084 4075
f 4090 4083 4068
f 4091 4071 4084
f 4092 4122 4094
f 4092 4094 4093
f 4067 4074 4121
f 4067 4121 4088
f 4114 4113 4086
f 4114 4086 4087
f 4087 4085 4096
f 4085 4108 4096
f 4057 4088 4068
f 4084 4089 4098
f 4098 4100 4091
f 4082 4099 4111
f 4082 4111 4110
f 4101 4102 4090
f 4135 4115 4071
f 4135 4071 4091
f 4103 4530 4069
f 4531 4106 4048
f 4531 4048 4061
f 4109 4128 4125
f 4110 4111 4117
f 4110 4117 4116
f 4101 4120 4119
f 4101 4119 4102
f 4122 4092 4123
f 4144 4130 4105
f 4144 4105 4104
f 4118 4138 4080
f 4118 4080 4083
f 4096 4108 4153
f 4088 4120 4101
f 4105 4130 4189
f 4126 4260 4275
f 4124 4127 4081
f 4667 4666 4081
f 4154 4135 4091
f 4154 4091 4100
f 4114 4162 4161
f 4114 4161 4113
f 4106 4133 4132
f 4106 4132 4048
f 4132 4134 4074
f 4132 4074 4048
f 4128 4137 4125
f 4099 4066 4129
f 4136 4665 4111
f 4136 4111 4099
f 4121 4170 4120
f 4120 4166 4119
f 4124 4136 4514
f 4666 4665 4136
f 4666 4136 4124
f 4140 4393 4392
f 4141 4142 4117
f 4141 4117 4111
f 4146 4178 4156
f 4147 4121 4074
f 4147 4074 4134
f 4148 4131 4095
f 4148 4095 4115
f 4150 4521 4139
f 4153 4145 4096
f 4122 4123 4151
f 4138 4118 4156
f 4155 4534 4532
f 4155 4532 4533
f 4157 4115 4135
f 4131 4148 4159
f 4131 4159 4141
f 4155 4535 4534
f 4158 4163 4121
f 4158 4121 4147
f 4141 4159 4142
f 4144 4192 4191
f 4144 4191 4130
f 4179 4166 4120
f 4114 4145 4216
f 4178 4146 4164
f 4155 4536 4535
f 4130 4191 4215
f 4151 4152 4169
f 4151 4169 4168
f 4135 4154 4157
f 4153 4223 4216
f 4153 4216 4145
f 4157 4172 4159
f 4175 4181 4174
f 4175 4174 4173
f 4176 4202 4180
f 4161 4162 4208
f 4177 4210 4164
f 4176 4186 4194
f 4174 4188 4173
f 4121 4163 4197
f 4121 4197 4170
f 4157 4154 4649
f 4175 4199 4187
f 4153 4167 4229
f 4170 4193 4182
f 4170 4182 4179
f 4202 4212 4196
f 4177 4183 4210
f 4184 4185 4174
f 4178 4190 4156
f 4195 4166 4179
f 4183 4166 4195
f 4167 4224 4229
f 4199 4218 4187
f 4182 4195 4179
f 4183 4195 4225
f 4197 4207 4193
f 4197 4193 4170
f 4194 4540 4211
f 4194 4211 4202
f 4187 4201 4184
f 4187 4184 4181
f 4220 4185 4184
f 4182 4204 4195
f 4162 4216 4242
f 4213 4539 4214
f 4214 4217 4213
f 4230 4225 4195
f 4230 4195 4204
f 4201 4227 4220
f 4201 4220 4184
f 4221 4539 4213
f 4222 4190 4178
f 4211 4542 4202
f 4228 4247 4227
f 4228 4227 4201
f 4233 4185 4226
f 4220 4226 4185
f 4232 4222 4210
f 4232 4210 4225
f 4215 4236 4648
f 4215 4648 4189
f 4238 4231 4226
f 4238 4226 4220
f 4223 4274 4242
f 4223 4242 4216
f 4227 4240 4238
f 4227 4238 4220
f 4239 4232 4225
f 4239 4225 4230
f 4229 4292 4274
f 4231 4282 4243
f 4231 4243 4226
f 4243 4279 4244
f 4243 4244 4233
f 4245 4544 4543
f 4246 4252 4231
f 4246 4231 4238
f 4249 4246 4238
f 4249 4238 4240
f 4245 4545 4544
f 4212 4237 4250
f 4228 4241 4256
f 4228 4256 4247
f 4248 4251 4249
f 4248 4249 4240
f 4253 4254 4246
f 4253 4246 4249
f 4251 4255 4253
f 4251 4253 4249
f 4254 4263 4252
f 4254 4252 4246
f 4257 4259 4258
f 4267 4266 4255
f 4267 4255 4251
f 4257 4265 4259
f 4269 4267 4251
f 4269 4251 4248
f 4648 4236 4219
f 4258 4262 4261
f 4257 4258 4261
f 4262 4270 4261
f 4264 4273 4268
f 4264 4268 4247
f 4248 4268 4281
f 4256 4271 4264
f 4256 4264 4247
f 4252 4299 4282
f 4252 4282 4231
f 4280 4278 4257
f 4280 4257 4261
f 4272 4265 4257
f 4278 4272 4257
f 4224 4292 4229
f 4274 4208 4242
f 4263 4302 4299
f 4263 4299 4252
f 4545 4245 4276
f 4270 4304 4261
f 4277 4303 4311
f 4277 4311 4313
f 4267 4307 4306
f 4267 4306 4266
f 4304 4280 4261
f 4269 4308 4307
f 4269 4307 4267
f 4285 4281 4268
f 4285 4268 4273
f 4272 4309 4265
f 4284 4283 4289
f 4286 4297 4291
f 4286 4291 4278
f 4269 4281 4308
f 4287 4283 4284
f 4280 4288 4286
f 4280 4286 4278
f 4289 4283 4294
f 4285 4314 4310
f 4285 4310 4281
f 4290 4295 4256
f 4290 4256 4241
f 4291 4309 4272
f 4295 4298 4271
f 4295 4271 4256
f 4294 4283 4315
f 4301 4283 4287
f 4293 4305 4279
f 4303 4364 4312
f 4317 4293 4282
f 4317 4282 4299
f 4338 4283 4301
f 4288 4280 4324
f 4288 4324 4346
f 4350 4290 4313
f 4350 4313 4356
f 4318 4309 4291
f 4360 4361 4298
f 4360 4298 4295
f 4315 4283 4327
f 4319 4317 4299
f 4319 4299 4302
f 4350 4360 4295
f 4350 4295 4290
f 4310 4314 4320
f 4321 4322 4306
f 4321 4306 4307
f 4297 4323 4318
f 4297 4318 4291
f 4327 4283 4337
f 4326 4321 4307
f 4326 4307 4308
f 4325 4326 4308
f 4325 4308 4310
f 4328 4548 4547
f 4329 4305 4293
f 4329 4293 4317
f 4310 4320 4325
f 4331 4330 4515
f 4331 4515 4081
f 4332 4329 4317
f 4332 4317 4319
f 4333 4336 4335
f 4333 4335 4334
f 4348 4347 4322
f 4348 4322 4321
f 4320 4351 4325
f 4320 4353 4351
f 4341 4342 4336
f 4341 4336 4333
f 4336 4357 4343
f 4336 4343 4335
f 4355 4348 4321
f 4355 4321 4326
f 4344 4283 4338
f 4337 4283 4345
f 4345 4283 4344
f 4352 4362 4355
f 4549 4548 4328
f 4336 4342 4363
f 4336 4363 4357
f 4339 4359 4358
f 4339 4358 4340
f 4360 4350 4372
f 4366 4367 4351
f 4366 4351 4353
f 4361 4360 4369
f 4361 4369 4368
f 4365 4375 4362
f 4365 4362 4352
f 4368 4369 4367
f 4368 4367 4366
f 4354 4370 4359
f 4354 4359 4339
f 4357 4371 4343
f 4367 4385 4365
f 4357 4363 4371
f 4360 4372 4369
f 4359 4377 4376
f 4359 4376 4358
f 4369 4385 4367
f 4378 4372 4350
f 4379 4342 4341
f 4379 4341 4380
f 4370 4354 4374
f 4383 4371 4363
f 4370 4374 4384
f 4370 4384 4377
f 4370 4377 4359
f 4342 4379 4383
f 4342 4383 4363
f 4387 4375 4365
f 4550 4398 4551
f 4389 4390 4372
f 4389 4372 4378
f 4372 4390 4388
f 4372 4388 4385
f 4387 4385 4388
f 4394 4389 4378
f 4394 4378 4386
f 4553 4554 4395
f 4398 4557 4552
f 4396 4397 4388
f 4396 4388 4390
f 4395 4554 4560
f 4555 4399 4556
f 4399 4555 4558
f 4556 4399 4559
f 4021 4401 4400
f 4021 4400 4020
f 4526 4403 4425
f 4526 4425 4537
f 4402 4428 4410
f 4402 4411 4414
f 4031 4403 4526
f 4016 4405 4409
f 4412 4436 4434
f 4413 4424 4421
f 4413 4431 4424
f 4416 4418 4415
f 4416 4415 4417
f 4400 4401 4420
f 4400 4420 4419
f 4421 4426 4413
f 4422 4404 4400
f 4422 4400 4419
f 4415 4418 4419
f 4032 4438 4439
f 4032 4439 4034
f 4419 4420 4430
f 4419 4430 4415
f 4027 4452 4427
f 4027 4427 4026
f 4417 4429 4416
f 4413 4451 4431
f 4432 4442 4443
f 4435 4538 4537
f 4537 4425 4435
f 4435 4456 4455
f 4435 4455 4538
f 4406 4441 4440
f 4406 4440 4407
f 4034 4439 4454
f 4449 4444 4430
f 4422 4476 4469
f 4422 4469 4404
f 4445 4467 4476
f 4446 4447 4445
f 4446 4445 4418
f 4448 4425 4403
f 4408 4450 4027
f 4408 4027 4029
f 4027 4453 4452
f 4440 4461 4423
f 4440 4423 4407
f 4446 4458 4447
f 4457 4462 4466
f 4452 4453 4441
f 4441 4453 4440
f 4423 4461 4460
f 4423 4460 4437
f 4438 4464 4463
f 4438 4463 4439
f 4467 4478 4476
f 4468 4459 4466
f 4450 4477 4453
f 4437 4460 4018
f 4437 4018 4465
f 4439 4463 4454
f 4454 4435 4425
f 4477 4461 4440
f 4477 4440 4453
f 4408 4469 4450
f 4474 4471 4479
f 4477 4480 4460
f 4477 4460 4461
f 4456 4486 4487
f 4456 4487 4455
f 4464 4482 4481
f 4464 4481 4463
f 4463 4481 4456
f 4463 4456 4435
f 4469 4476 4480
f 4469 4480 4477
f 4483 4484 4472
f 4483 4472 4024
f 4476 4488 4489
f 4476 4489 4480
f 4460 4480 4489
f 4460 4489 4018
f 4490 4492 4491
f 4481 4496 4486
f 4481 4486 4456
f 4482 4495 4496
f 4482 4496 4481
f 4487 4486 4492
f 4487 4492 4490
f 4493 4494 4497
f 4493 4497 4500
f 4499 4498 4496
f 4499 4496 4495
f 4498 4492 4486
f 4498 4486 4496
f 4493 4500 4503
f 4501 4492 4502
f 4504 4502 4498
f 4499 4505 4511
f 4493 4503 4506
f 4507 4493 4506
f 4507 4508 4493
f 4508 4509 4493
f 4504 4498 4511
f 4502 4504 4510
f 4512 4127 4124
f 4203 4512 4513
f 4124 4514 4513
f 4124 4513 4512
f 4058 4059 4055
f 4058 4055 4045
f 4331 4516 4330
f 4097 4517 4072
f 4331 4081 4127
f 4143 4520 4150
f 4066 4112 4129
f 4157 4148 4115
f 4159 4171 4142
f 4159 4148 4157
f 4194 4524 4541
f 4194 4541 4540
f 4068 4101 4090
f 4088 4101 4068
f 4088 4121 4120
f 4019 4024 4472
f 4570 4567 4568
f 4563 4562 4561
f 4565 4568 4567
f 4564 4569 4561
f 4563 4571 4562
f 4572 4565 4566
f 4562 4564 4561
f 4566 4565 4567
f 4574 4586 4587
f 4575 4617 4608
f 4575 4608 4621
f 4574 4573 4576
f 4574 4576 4577
f 4617 4581 4582
f 4582 4576 4573
f 4582 4573 4579
f 4583 4618 4617
f 4573 4584 4583
f 4573 4583 4579
f 4574 4585 4584
f 4574 4584 4573
f 4606 4587 4586
f 4600 4591 4594
f 4593 4591 4590
f 4593 4590 4592
f 4596 4619 4588
f 4589 4588 4624
f 4589 4624 4620
f 4591 4599 4598
f 4591 4598 4590
f 4626 4602 4590
f 4626 4590 4598
f 4590 4602 4619
f 4590 4619 4592
f 4604 4622 4601
f 4606 4586 4607
f 4616 4613 4612
f 4616 4612 4608
f 4615 4614 4595
f 4615 4595 4589
f 4615 4589 4609
f 4608 4612 4611
f 4595 4596 4588
f 4595 4588 4589
f 4616 4608 4617
f 4616 4617 4618
f 4588 4602 4626
f 4623 4621 4611
f 4623 4611 4650
f 4629 4646 4645
f 4629 4645 4628
f 4640 4629 4631
f 4632 4642 4641
f 4632 4641 4633
f 4634 4643 4647
f 4636 4632 4633
f 4637 4639 4638
f 4639 4637 4640
f 4639 4640 4630
f 4635 4644 4643
f 4635 4643 4634
f 4586 4574 4577
f 4591 4600 4599
f 4574 4587 4585
f 4594 4591 4593
f 4228 4218 4241
f 4105 4189 4160
f 4419 4418 4422
f 4028 4056 4039
f 4448 4454 4425
f 4450 4453 4027
f 4325 4351 4365
f 4325 4365 4352
f 4369 4372 4385
f 4367 4365 4351
f 4038 4027 4026
f 4156 4190 4165
f 4243 4282 4293
f 4581 4617 4578
f 4605 4601 4597
f 4578 4603 4580
f 4601 4622 4624
f 4601 4605 4604
f 4627 4578 4580
f 4575 4603 4578
f 4575 4578 4617
f 4492 4501 4491
f 4490 4491 4485
f 4499 4511 4498
f 4098 4091 4084
f 4352 4326 4325
f 4352 4355 4326
f 4202 4542 4234
f 4202 4234 4235
f 4202 4196 4180
f 4247 4248 4240
f 4247 4240 4227
f 4243 4293 4279
f 4378 4373 4386
f 4398 4552 4551
f 4180 4196 4200
f 4175 4187 4181
f 4387 4365 4385
f 4277 4290 4241
f 4277 4241 4218
f 4277 4313 4290
f 4303 4312 4311
f 4312 4382 4373
f 4378 4350 4356
f 4162 4242 4208
f 4160 4189 4648
f 4160 4648 4219
f 4218 4228 4201
f 4218 4201 4187
f 4150 4139 4149
f 4143 4150 4149
f 4109 4125 4518
f 4125 4137 4519
f 4070 4072 4522
f 4457 4466 4459
f 4468 4466 4475
f 4454 4463 4435
f 4430 4420 4449
f 4402 4414 4433
f 4402 4410 4411
f 4138 4156 4165
f 4044 4080 4050
f 4057 4040 4046
f 4047 4041 4048
f 4031 4041 4047
f 4526 4527 4051
f 4526 4051 4041
f 4059 4058 4515
f 4514 4136 4129
f 4064 4063 4075
f 4064 4071 4062
f 4179 4120 4170
f 4157 4649 4172
f 4159 4172 4171
f 4151 4123 4152
f 4599 4600 4625
f 4586 4577 4607
f 4473 4470 4025
f 4473 4025 4019
f 4183 4225 4210
f 4278 4291 4272
f 4248 4247 4268
f 4609 4620 4610
f 4498 4502 4492
f 4651 4653 4652
f 4652 4655 4654
f 4652 4653 4655
f 4653 4656 4655
f 4651 4657 4653
f 4653 4658 4656
f 4653 4657 4658
f 4657 4659 4658
f 4660 4662 4661
f 4661 4655 4656
f 4661 4662 4655
f 4662 4654 4655
f 4660 4661 4663
f 4663 4658 4659
f 4663 4661 4658
f 4661 4656 4658
f 4250 4300 4316
f 4130 4215 4189
f 4219 4236 4525
f 4229 4274 4223
f 4153 4229 4223
f 4153 4108 4167
f 4114 4216 4162
f 4096 4145 4087
f 4087 4145 4114
f 4161 4208 4209
f 4588 4619 4602
f 4583 4617 4579
f 4664 4028 4030
f 4445 4422 4418
f 4445 4476 4422
f 4450 4469 4477
f 4028 4664 4408
f 4664 4469 4408
f 4664 4404 4469
f 4164 4210 4178
f 4146 4156 4118
f 4222 4178 4210
f 4111 4665 4141
f 4665 4666 4131
f 4665 4131 4141
f 4667 4095 4131
f 4667 4131 4666
f 4667 4668 4062
f 4667 4062 4095
f 4081 4666 4124
f 4668 4058 4053
f 4099 4129 4136
f 4668 4064 4062
f 4054 4668 4053
f 4043 4053 4042
f 4308 4281 4310
f 4248 4281 4269
f 4617 4582 4579
f 4581 4578 4627
f 4597 4588 4626
f 4597 4601 4588
f 4601 4624 4588
f 4640 4631 4630
f 4631 4629 4628
f 4647 4643 4641
f 4647 4641 4642
f 4608 4611 4621
f 4609 4589 4620
f 4185 4198 4174
f 4233 4226 4243
f 4198 4185 4233
f 4176 4194 4202
f 4184 4174 4181
f 4174 4198 4188
f 4202 4235 4237
f 4202 4237 4212
f 4250 4316 4296
f 4364 4381 4382
f 4364 4382 4312
f 4296 4316 4349
f 4237 4546 4300
f 4237 4300 4250
f 4019 4472 4473
f 4476 4478 4488
f 4053 4045 4042
f 3725 3733 3720
f 4378 4356 4373
f 3627 3671 3651
f 4304 4324 4280
f 3725 3736 3741
f 3725 3741 3733
f 4386 4391 4394
f 4373 4382 4386
f 3733 3729 3720
f 4669 4670 4680
f 4669 4680 4679
f 4670 4671 4681
f 4670 4681 4680
f 4671 4672 4682
f 4671 4682 4681
f 4672 4673 4683
f 4672 4683 4682
f 4673 4674 4684
f 4673 4684 4683
f 4674 4675 4685
f 4674 4685 4684
f 4675 4676 4686
f 4675 4686 4685
f 4676 4677 4687
f 4676 4687 4686
f 4677 4678 4688
f 4677 4688 4687
f 4678 4669 4679
f 4678 4679 4688
f 4679 4680 4690
f 4679 4690 4689
f 4680 4681 4691
f 4680 4691 4690
f 4681 4682 4692
f 4681 4692 4691
f 4682 4683 4693
f 4682 4693 4692
f 4683 4684 4694
f 4683 4694 4693
f 4684 4685 4695
f 4684 4695 4694
f 4685 4686 4696
f 4685 4696 4695
f 4686 4687 4697
f 4686 4697 4696
f 4687 4688 4698
f 4687 4698 4697
f 4688 4679 4689
f 4688 4689 4698
f 4689 4690 4699
f 4690 4691 4699
f 4691 4692 4699
f 4692 4693 4699
f 4693 4694 4699
f 4694 4695 4699
f 4695 4696 4699
f 4696 4697 4699
f 4697 4698 4699
f 4698 4689 4699
f 4700 4710 4711
f 4700 4711 4701
f 4701 4711 4712
f 4701 4712 4702
f 4702 4712 4713
f 4702 4713 4703
f 4703 4713 4714
f 4703 4714 4704
f 4704 4714 4715
f 4704 4715 4705
f 4705 4715 4716
f 4705 4716 4706
f 4706 4716 4717
f 4706 4717 4707
f 4707 4717 4718
f 4707 4718 4708
f 4708 4718 4719
f 4708 4719 4709
f 4709 4719 4710
f 4709 4710 4700
f 4710 4720 4721
f 4710 4721 4711
f 4711 4721 4722
f 4711 4722 4712
f 4712 4722 4723
f 4712 4723 4713
f 4713 4723 4724
f 4713 4724 4714
f 4714 4724 4725
f 4714 4725 4715
f 4715 4725 4726
f 4715 4726 4716
f 4716 4726 4727
f 4716 4727 4717
f 4717 4727 4728
f 4717 4728 4718
f 4718 4728 4729
f 4718 4729 4719
f 4719 4729 4720
f 4719 4720 4710
f 4720 4730 4721
f 4721 4730 4722
f 4722 4730 4723
f 4723 4730 4724
f 4724 4730 4725
f 4725 4730 4726
f 4726 4730 4727
f 4727 4730 4728
f 4728 4730 4729
f 4729 4730 4720
f 4731 4732 5403
f 5608 5609 4759
f 5608 4759 4734
f 4735 4738 4737
f 4735 4737 4736
f 4739 4742 4740
f 4743 4746 4745
f 4743 4745 4744
f 4747 4749 4744
f 4747 4744 4748
f 4734 4752 4751
f 4734 4751 4750
f 4735 4747 4748
f 4753 5393 4756
f 4753 4756 4754
f 4755 4732 4731
f 4745 4748 4744
f 4756 4757 4760
f 4756 4760 4754
f 4748 4758 4738
f 4748 4738 4735
f 4761 4746 4739
f 4761 4739 4740
f 4762 4748 4745
f 4762 4758 4748
f 4763 4783 4757
f 4759 4780 4764
f 4759 4764 4734
f 4765 4768 4767
f 4765 4767 4766
f 4757 4769 4760
f 4766 4771 4770
f 4766 4770 4765
f 4789 4783 4763
f 4789 4763 4772
f 4767 4774 4773
f 4767 4773 4766
f 4752 4734 4764
f 4752 4776 4775
f 4752 4775 4751
f 4746 4761 4777
f 4746 4777 4745
f 4778 4771 4766
f 4778 4766 4773
f 4781 4782 4767
f 4781 4767 4768
f 4774 4785 4784
f 4774 4784 4773
f 4771 4787 4786
f 4771 4786 4770
f 4745 4777 4788
f 4790 4791 4773
f 4790 4773 4784
f 4767 4782 4774
f 4785 4794 4793
f 4785 4793 4784
f 4773 4791 4778
f 4776 4796 4775
f 4797 4790 4784
f 4797 4784 4793
f 4752 4764 4798
f 4794 4802 4799
f 4794 4799 4793
f 4800 4807 4769
f 4800 4769 4783
f 4774 4792 4801
f 4774 4801 4785
f 4803 4837 4805
f 4803 4805 4804
f 4806 4797 4793
f 4806 4793 4799
f 4772 4808 4841
f 4772 4841 4789
f 4776 4752 4798
f 4810 4800 4783
f 4810 4783 4789
f 4785 4801 4811
f 4785 4811 4794
f 5610 5611 4812
f 4813 4815 4814
f 4802 4836 4816
f 4802 4816 4799
f 4813 4814 4817
f 4815 4819 4818
f 4815 4818 4814
f 4820 4808 4796
f 4804 4805 4822
f 4804 4822 4821
f 4823 4836 4802
f 4824 4826 4825
f 4794 4811 4823
f 4794 4823 4802
f 4776 4820 4796
f 4827 4829 4828
f 4812 5612 5610
f 4769 4807 4830
f 4769 4830 4779
f 4827 4828 4853
f 4817 4814 4818
f 4831 4832 4809
f 4833 4806 4799
f 4833 4799 4816
f 4821 4822 4834
f 4810 4835 4800
f 4835 4849 4800
f 4829 4870 4871
f 4829 4871 4828
f 4809 4832 5596
f 4838 4840 4839
f 4842 4831 4790
f 4842 4790 4797
f 4871 4925 4853
f 4871 4853 4828
f 4843 4844 4817
f 5605 4845 4836
f 5605 4836 4823
f 4817 4818 4843
f 4846 4776 4798
f 4847 4858 4835
f 4847 4835 4810
f 4848 4816 4836
f 4850 4893 4852
f 4850 4852 4851
f 4808 4820 4892
f 4808 4892 4841
f 4854 4842 4797
f 4854 4797 4806
f 4884 4883 4839
f 4884 4839 4840
f 4840 4838 4855
f 4838 4872 4855
f 4846 4857 4820
f 4846 4820 4776
f 4789 4841 4810
f 4836 4845 4859
f 4822 4860 4834
f 4859 4861 4848
f 4834 4860 4863
f 4834 4863 4862
f 4864 4865 4847
f 4832 4866 5596
f 4867 4833 4816
f 4867 4816 4848
f 4868 5612 4812
f 4849 4869 4830
f 4849 4830 4807
f 5613 4873 4846
f 5613 4846 4798
f 4827 4853 4874
f 4838 4875 4872
f 4882 4895 4876
f 4862 4863 4879
f 4862 4879 4878
f 4880 4881 4805
f 4880 4805 4837
f 4898 4899 4855
f 4885 4854 4806
f 4885 4806 4833
f 4878 4879 4887
f 4878 4887 4886
f 4888 4889 4835
f 4888 4835 4858
f 4864 4891 4890
f 4864 4890 4865
f 4893 4850 4894
f 4896 4897 4871
f 4896 4871 4870
f 4889 4907 4849
f 4889 4849 4835
f 4872 4965 4898
f 4872 4898 4855
f 4884 4840 4899
f 4884 4899 4924
f 4841 4891 4864
f 4900 4832 4831
f 4877 4895 4901
f 4897 4961 4871
f 4902 4904 4903
f 4905 4906 4832
f 4908 4900 4831
f 4908 4831 4842
f 4912 4895 4882
f 4912 4882 4909
f 4910 4867 4848
f 4910 4848 4861
f 4911 4927 4822
f 4925 4970 4874
f 4925 4874 4853
f 4884 4914 4913
f 4884 4913 4883
f 4896 4945 4915
f 4896 4915 4897
f 4916 4908 4842
f 4916 4842 4854
f 4873 4918 4917
f 4873 4917 4846
f 4820 4857 4941
f 4820 4941 4892
f 4917 4919 4857
f 4917 4857 4846
f 4909 4920 4928
f 4909 4928 4912
f 4921 4885 4833
f 4921 4833 4867
f 4860 4822 4922
f 4860 4922 4923
f 4860 4923 4863
f 4920 4926 4928
f 4901 4895 4912
f 4928 4929 4901
f 4875 4985 4965
f 4875 4965 4872
f 4923 4939 4879
f 4923 4879 4863
f 4907 4930 4869
f 4907 4869 4849
f 4901 4912 4928
f 4892 4931 4891
f 4891 4933 4932
f 4891 4932 4890
f 4922 4822 4927
f 4900 4922 4927
f 4900 4927 4905
f 4908 4923 4922
f 4908 4922 4900
f 4936 4938 4937
f 4939 4940 4887
f 4939 4887 4879
f 4973 4961 4897
f 4973 4897 4915
f 4942 4944 4943
f 4947 4948 4889
f 4947 4889 4888
f 4949 4941 4857
f 4949 4857 4919
f 4950 4916 4854
f 4950 4854 4885
f 4935 4952 4951
f 4939 4923 4908
f 4939 4908 4916
f 4953 4934 4954
f 4914 4975 4974
f 4914 4974 4913
f 4952 4944 4951
f 4958 4946 4899
f 4942 4955 4954
f 4893 4894 4957
f 4893 4957 4956
f 4946 4924 4899
f 4924 4959 4914
f 4924 4914 4884
f 4960 4921 4867
f 4960 4867 4910
f 4907 4889 4963
f 4954 4934 4951
f 4954 4951 4942
f 4962 5616 5614
f 4962 5614 5615
f 4889 4948 4963
f 4964 4885 4921
f 4916 4950 4966
f 4916 4966 4939
f 4962 5617 5616
f 4892 4967 4931
f 4968 4979 4941
f 4968 4941 4949
f 4939 4966 4969
f 4939 4969 4940
f 4945 4972 4971
f 4945 4971 4915
f 4976 4933 4891
f 4976 4891 4931
f 4977 4948 4947
f 4941 4967 4892
f 4924 4978 4959
f 4946 4978 4924
f 5011 4975 4914
f 5011 4914 4959
f 4977 4947 4980
f 4963 4981 4930
f 4963 4930 4907
f 4962 5618 5617
f 4977 5004 4948
f 4982 4983 4932
f 4982 4932 4933
f 4971 4984 4915
f 4956 4957 4987
f 4956 4987 4986
f 4988 4969 4966
f 4921 4960 4964
f 5011 4959 4978
f 4989 4976 4931
f 4989 4931 4967
f 4958 5000 4990
f 4958 4990 4946
f 4991 4977 4980
f 4988 4993 4992
f 4988 4992 4969
f 4941 4994 4967
f 4995 5006 4997
f 4995 4997 4996
f 4946 4990 4978
f 5018 5010 4995
f 4998 5019 4999
f 4972 5041 5040
f 4972 5040 4971
f 4975 5002 5001
f 4975 5001 4974
f 5003 5039 4991
f 4977 4991 5004
f 4976 5005 4933
f 4999 5019 5024
f 5007 5021 4998
f 5008 5009 4996
f 5008 4996 4997
f 4933 5005 4982
f 4925 4961 5012
f 4941 4979 5013
f 4941 5013 4994
f 4984 4971 5040
f 4984 5040 5054
f 5014 4989 4967
f 5014 4967 4994
f 4988 5016 5015
f 4988 5015 4993
f 4983 4982 5017
f 5018 5033 5010
f 4965 5020 5000
f 4965 5000 4958
f 5011 4978 5062
f 4991 5057 5004
f 4989 5023 5022
f 4989 5022 4976
f 5003 5026 5039
f 5012 5027 4970
f 5012 4970 4925
f 4990 5089 5062
f 4990 5062 4978
f 5028 5005 4976
f 5028 4976 5022
f 5017 5029 5026
f 5030 5031 4997
f 5030 4997 5006
f 5007 5032 5021
f 5034 5035 5009
f 5034 5009 5008
f 4973 5036 5012
f 4973 5012 4961
f 5004 5037 4963
f 5010 5038 5030
f 5010 5030 5006
f 5026 5061 5039
f 5023 5043 5042
f 5023 5042 5022
f 5021 5044 5019
f 5026 5029 5061
f 5011 5045 5002
f 5011 5002 4975
f 5031 5008 4997
f 5046 5044 5021
f 4989 5014 5047
f 4989 5047 5023
f 5048 4982 5005
f 5024 5049 5025
f 4994 5013 5050
f 4994 5050 5014
f 5051 5028 5022
f 5051 5022 5042
f 5008 5053 5034
f 5029 4982 5048
f 4985 5055 5020
f 4985 5020 4965
f 4984 5056 4973
f 5044 5052 5019
f 5058 5071 5033
f 5028 5048 5005
f 5049 5059 5025
f 5047 5060 5043
f 5047 5043 5023
f 5000 5104 5089
f 5000 5089 4990
f 5029 5078 5061
f 5050 5063 5047
f 5050 5047 5014
f 5024 5064 5049
f 5065 5623 5044
f 5065 5044 5046
f 5033 5066 5038
f 5033 5038 5010
f 5052 5067 5024
f 5052 5024 5019
f 5051 5068 5028
f 5099 5069 5031
f 5099 5031 5030
f 5044 5623 5070
f 5044 5070 5052
f 5028 5068 5048
f 5105 5008 5031
f 5029 5048 5097
f 5029 5097 5078
f 5051 5074 5068
f 4826 5076 5075
f 4826 5075 4825
f 5038 5107 5099
f 5038 5099 5030
f 5063 5077 5060
f 5063 5060 5047
f 5079 5080 5001
f 5081 5057 5039
f 5070 5082 5052
f 5105 5116 5053
f 5105 5053 5008
f 5083 5024 5084
f 5031 5069 5105
f 5062 5085 5045
f 5062 5045 5011
f 5086 5621 5087
f 5054 5088 4984
f 5020 5127 5104
f 5020 5104 5000
f 5102 5097 5048
f 5102 5048 5068
f 5090 5037 5004
f 5090 5004 5057
f 5045 5092 5091
f 5045 5091 5002
f 5087 5093 5086
f 5002 5091 5079
f 5061 5094 5081
f 5061 5081 5039
f 5067 5084 5024
f 5071 5058 5095
f 5108 5102 5068
f 5108 5068 5074
f 5071 5096 5066
f 5071 5066 5033
f 5086 5622 5621
f 5066 5121 5107
f 5066 5107 5038
f 5067 5052 5082
f 5036 5098 5027
f 5036 5027 5012
f 5100 5094 5061
f 5101 5622 5086
f 5103 5090 5081
f 5106 5071 5095
f 5055 5109 5127
f 5055 5127 5020
f 5110 5100 5078
f 5110 5078 5097
f 5111 4786 4787
f 5111 4787 5112
f 5085 5113 5092
f 5085 5092 5045
f 5094 5114 5103
f 5094 5103 5081
f 5082 5625 5115
f 5082 5115 5067
f 5096 5134 5121
f 5096 5121 5066
f 5105 5117 5116
f 5105 5069 5118
f 5089 5119 5085
f 5089 5085 5062
f 5084 5067 5140
f 5084 5140 5145
f 5102 5120 5110
f 5102 5110 5097
f 5092 5113 5122
f 5092 5122 5091
f 5071 5106 5123
f 5071 5123 5096
f 5095 5138 5106
f 5124 5118 5069
f 5124 5069 5099
f 5125 5114 5094
f 5125 5094 5100
f 5056 5126 5036
f 5108 5128 5120
f 5108 5120 5102
f 5107 5130 5129
f 5107 5129 5099
f 5152 5117 5105
f 5152 5105 5118
f 5129 5131 5124
f 5129 5124 5099
f 5089 5104 5133
f 5132 5125 5100
f 5132 5100 5110
f 5117 5136 5135
f 5124 5162 5152
f 5124 5152 5118
f 5164 5175 5134
f 5164 5134 5096
f 5121 5137 5130
f 5121 5130 5107
f 5163 5164 5096
f 5163 5096 5123
f 5142 5132 5110
f 5142 5110 5120
f 5088 5144 5126
f 5088 5126 5056
f 5130 5147 5146
f 5130 5146 5129
f 5148 5142 5120
f 5148 5120 5128
f 5146 5149 5131
f 5146 5131 5129
f 5127 5150 5133
f 5127 5133 5104
f 5137 5151 5147
f 5137 5147 5130
f 5134 5153 5137
f 5134 5137 5121
f 5106 5143 5154
f 5106 5154 5123
f 5131 5200 5162
f 5131 5162 5124
f 5085 5119 5155
f 5152 5156 5136
f 5152 5136 5117
f 5136 5158 5157
f 5136 5157 5135
f 5113 5085 5155
f 5159 5627 5626
f 5119 5133 5212
f 5119 5212 5155
f 5160 5161 5146
f 5160 5146 5147
f 5137 5153 5165
f 5137 5165 5151
f 5166 5160 5147
f 5166 5147 5151
f 5159 5628 5627
f 5083 5168 5167
f 5123 5154 5176
f 5123 5176 5163
f 5165 5169 5166
f 5165 5166 5151
f 5161 5170 5149
f 5161 5149 5146
f 5171 5172 5160
f 5171 5160 5166
f 5175 5198 5153
f 5175 5153 5134
f 5155 5122 5113
f 5169 5173 5171
f 5169 5171 5166
f 5172 5174 5161
f 5172 5161 5160
f 5149 5220 5200
f 5149 5200 5131
f 5177 5179 5178
f 5180 5181 5173
f 5180 5173 5169
f 5177 5182 5179
f 5183 5180 5169
f 5183 5169 5165
f 4904 5185 5184
f 4904 5184 4903
f 5126 5186 5098
f 5126 5098 5036
f 5178 5188 5187
f 5141 5122 5155
f 5174 5189 5170
f 5174 5170 5161
f 5190 5191 5164
f 5190 5164 5163
f 5192 5183 5165
f 5192 5165 5153
f 5177 5178 5187
f 5628 5159 5193
f 5188 5194 5187
f 5629 5168 5084
f 5629 5084 5145
f 5191 5202 5175
f 5191 5175 5164
f 5195 5182 5177
f 5180 5197 5196
f 5180 5196 5181
f 5183 5199 5197
f 5183 5197 5180
f 5198 5211 5192
f 5198 5192 5153
f 5187 5194 5201
f 5150 5212 5133
f 5136 5156 5225
f 5136 5225 5158
f 5162 5203 5156
f 5162 5156 5152
f 5176 5204 5190
f 5176 5190 5163
f 5170 5233 5220
f 5170 5220 5149
f 5205 5206 5177
f 5205 5177 5187
f 5192 5207 5199
f 5192 5199 5183
f 5208 5195 5177
f 5206 5208 5177
f 5109 5209 5150
f 5109 5150 5127
f 5202 5210 5198
f 5202 5198 5175
f 5213 5214 5184
f 5213 5184 5185
f 5212 5141 5155
f 5189 5215 5233
f 5189 5233 5170
f 5193 5159 5216
f 5201 5217 5187
f 5218 5143 5138
f 5211 5228 5207
f 5211 5207 5192
f 5197 5250 5249
f 5197 5249 5196
f 5217 5219 5205
f 5217 5205 5187
f 5199 5252 5250
f 5199 5250 5197
f 5210 5221 5211
f 5210 5211 5198
f 5206 5222 5208
f 5208 5223 5195
f 5206 5224 5222
f 5144 5607 5186
f 5144 5186 5126
f 5226 5224 5206
f 5226 5206 5205
f 5203 5227 5156
f 5201 5244 5217
f 5207 5254 5252
f 5207 5252 5199
f 5200 5229 5203
f 5200 5203 5162
f 5230 5232 5231
f 5232 5230 5235
f 5221 5234 5228
f 5221 5228 5211
f 5236 5237 5222
f 5236 5222 5224
f 5228 5261 5254
f 5228 5254 5207
f 5218 5238 5143
f 5239 5230 5231
f 5226 5240 5236
f 5226 5236 5224
f 5150 5241 5212
f 5235 5230 5242
f 5219 5226 5205
f 5143 5238 5245
f 5143 5245 5154
f 5242 5230 5246
f 5247 5208 5222
f 5248 5150 5209
f 5630 5267 5168
f 5630 5168 5629
f 5220 5251 5229
f 5220 5229 5200
f 5234 5265 5261
f 5234 5261 5228
f 5253 5238 5218
f 5245 5257 5176
f 5245 5176 5154
f 5229 5255 5227
f 5229 5227 5203
f 5246 5230 5256
f 5247 5223 5208
f 5237 5259 5247
f 5237 5247 5222
f 5257 5260 5204
f 5257 5204 5176
f 5219 5262 5226
f 5256 5230 5274
f 5226 5262 5240
f 5263 5251 5220
f 5263 5220 5233
f 5268 5230 5239
f 5282 5284 5238
f 5282 5238 5253
f 5269 5263 5233
f 5269 5233 5215
f 5282 5253 5270
f 5271 5272 5217
f 5271 5217 5244
f 5251 5273 5255
f 5251 5255 5229
f 5255 5275 5243
f 5255 5243 5227
f 5250 5277 5276
f 5250 5276 5249
f 5219 5217 5272
f 5278 5277 5250
f 5278 5250 5252
f 5247 5279 5223
f 5280 5278 5252
f 5280 5252 5254
f 5281 5280 5254
f 5281 5254 5261
f 5270 5319 5283
f 5285 5281 5261
f 5285 5261 5265
f 5274 5230 5286
f 5266 5287 5264
f 5266 5264 5168
f 5288 5273 5251
f 5288 5251 5263
f 5289 5230 5268
f 5219 5290 5262
f 5284 5291 5245
f 5284 5245 5238
f 5292 5279 5247
f 5293 5294 5260
f 5293 5260 5257
f 5286 5230 5304
f 5295 5288 5263
f 5295 5263 5269
f 5291 5293 5257
f 5291 5257 5245
f 5272 5290 5219
f 5255 5273 5296
f 5255 5296 5275
f 5281 5285 5297
f 5298 5299 5276
f 5298 5276 5277
f 5259 5300 5292
f 5259 5292 5247
f 5271 5301 5272
f 5304 5230 5315
f 5303 5298 5277
f 5303 5277 5278
f 5302 5305 5280
f 5302 5280 5281
f 5306 5631 5632
f 5305 5303 5278
f 5305 5278 5280
f 5316 5230 5289
f 5307 5296 5273
f 5307 5273 5288
f 5281 5297 5302
f 4866 5309 5308
f 5310 5307 5288
f 5310 5288 5295
f 5311 5314 5313
f 5311 5313 5312
f 5301 5327 5290
f 5301 5290 5272
f 5306 5633 5631
f 5329 5328 5299
f 5329 5299 5298
f 5297 5317 5302
f 5342 5343 5294
f 5342 5294 5293
f 5297 5334 5332
f 5322 5323 5314
f 5322 5314 5311
f 5314 5339 5324
f 5314 5324 5313
f 5336 5329 5298
f 5336 5298 5303
f 5325 5230 5316
f 5315 5230 5326
f 5331 5342 5293
f 5331 5293 5291
f 5326 5230 5325
f 5264 5287 5330
f 5305 5344 5303
f 5333 5345 5344
f 5634 5633 5306
f 5337 5331 5291
f 5337 5291 5284
f 5314 5323 5346
f 5314 5346 5339
f 5320 5341 5340
f 5320 5340 5321
f 5317 5332 5349
f 5317 5349 5338
f 5342 5331 5359
f 5347 5371 5370
f 5347 5370 5318
f 5283 5318 5348
f 5350 5351 5332
f 5350 5332 5334
f 5343 5342 5353
f 5343 5353 5352
f 5322 5355 5354
f 5322 5354 5323
f 5338 5356 5345
f 5338 5345 5333
f 5352 5353 5351
f 5352 5351 5350
f 5335 5357 5341
f 5335 5341 5320
f 5339 5358 5324
f 5351 5375 5349
f 5339 5346 5358
f 5323 5354 5366
f 5323 5366 5346
f 5349 5363 5356
f 5349 5356 5338
f 5342 5359 5353
f 5341 5365 5364
f 5341 5364 5340
f 5318 5361 5348
f 5353 5376 5375
f 5353 5375 5351
f 5367 5359 5331
f 5361 5360 5348
f 5368 5354 5355
f 5368 5355 5369
f 5346 5366 5358
f 5357 5335 5362
f 5370 5372 5361
f 5370 5361 5318
f 5373 5358 5366
f 5357 5362 5374
f 5357 5374 5365
f 5357 5365 5341
f 5354 5368 5373
f 5354 5373 5366
f 5377 5367 5361
f 5377 5361 5372
f 5378 5363 5349
f 5378 5349 5375
f 5635 5390 5637
f 5376 5380 5379
f 5376 5379 5375
f 5636 5390 5635
f 5381 5382 5359
f 5381 5359 5367
f 5359 5382 5380
f 5359 5380 5376
f 5378 5375 5379
f 5383 5381 5367
f 5383 5367 5377
f 4938 5385 5384
f 4938 5384 4937
f 5639 5640 5387
f 5387 5640 5641
f 5390 5644 5638
f 5388 5389 5380
f 5388 5380 5382
f 5387 5641 5647
f 5642 5391 5643
f 5391 5642 5645
f 5643 5391 5646
f 4927 4911 5392
f 4736 5395 5394
f 4736 5394 4735
f 4733 5396 5608
f 5397 5399 5398
f 5397 5398 5400
f 4750 5401 4733
f 4735 5394 5402
f 4735 5402 4747
f 5414 5421 5400
f 5414 5400 5398
f 5413 5414 5398
f 5413 5398 5399
f 5404 5407 5406
f 5404 5406 5405
f 4743 5408 4739
f 4743 4739 4746
f 5400 5409 5397
f 5410 5399 5397
f 4731 5403 5411
f 4749 5412 4743
f 4749 4743 4744
f 5415 5417 5416
f 5418 5420 5419
f 5420 5435 5431
f 5410 5413 5399
f 5402 5422 4749
f 5402 4749 4747
f 5418 5424 5420
f 5425 5427 5423
f 5425 5423 5426
f 5421 5409 5400
f 5419 5428 5418
f 5394 5395 5430
f 5394 5430 5429
f 5431 5438 5428
f 5432 5402 5394
f 5432 5394 5429
f 5423 5427 5429
f 4753 5456 5457
f 4753 5457 5393
f 5405 5406 5434
f 5405 5434 5433
f 5429 5430 5437
f 5401 5436 5396
f 5401 5396 4733
f 5415 5439 5417
f 4742 5481 5440
f 4742 5440 4741
f 5410 5441 5413
f 5442 5443 5425
f 5442 5425 5426
f 5435 5420 5424
f 5446 5424 5418
f 5447 5449 5448
f 5421 5450 5409
f 5439 5451 5417
f 5452 5620 5619
f 5415 5453 5439
f 5433 5434 5455
f 5433 5455 5454
f 5396 5452 5619
f 5452 5488 5487
f 5452 5487 5620
f 5407 5459 5458
f 5407 5458 5406
f 5393 5457 5486
f 5461 5462 5449
f 5461 5449 5447
f 5463 5465 5442
f 5463 5442 5464
f 5466 5467 5444
f 5465 5443 5442
f 5454 5455 5479
f 5454 5479 5478
f 5432 5468 5422
f 5432 5422 5402
f 5469 5468 5432
f 5469 5432 5427
f 5412 5470 5408
f 5412 5408 4743
f 5436 5471 5452
f 5436 5452 5396
f 5422 5472 5412
f 5422 5412 4749
f 5473 5474 5469
f 5473 5469 5427
f 5445 5424 5446
f 5445 5446 5480
f 5475 5436 5401
f 5467 5466 5476
f 5408 5477 4742
f 5408 4742 4739
f 4742 5482 5481
f 5465 5484 5483
f 5465 5483 5443
f 5485 5434 5406
f 5406 5458 5485
f 5460 5486 5475
f 5478 5479 5492
f 5478 5492 5491
f 5473 5483 5493
f 5473 5493 5474
f 5490 5489 5494
f 5481 5482 5459
f 5494 5495 5490
f 5496 5498 5497
f 5489 5490 5499
f 5459 5482 5458
f 5434 5501 5500
f 5434 5500 5455
f 5490 5502 5499
f 5456 5504 5503
f 5456 5503 5457
f 5491 5492 5506
f 5491 5506 5505
f 5468 5507 5472
f 5468 5472 5422
f 5508 5494 5489
f 5485 5501 5434
f 5484 5493 5483
f 5509 5510 5468
f 5509 5468 5469
f 5489 5499 5508
f 5511 5495 5494
f 5511 5494 5516
f 5477 5512 5482
f 5455 5500 5523
f 5455 5523 5479
f 5472 5513 5470
f 5472 5470 5412
f 5496 5514 5498
f 5457 5503 5471
f 5457 5471 5486
f 5486 5471 5436
f 5482 5512 5458
f 5470 5515 5477
f 5470 5477 5408
f 5508 5516 5494
f 5517 5519 5518
f 5458 5512 5520
f 5458 5520 5485
f 5484 5522 5521
f 5484 5521 5493
f 5524 5526 5497
f 5524 5497 5525
f 5527 5517 5528
f 5526 5496 5497
f 5471 5529 5488
f 5471 5488 5452
f 5485 5520 5530
f 5485 5530 5501
f 5517 5518 5528
f 5531 5516 5508
f 5515 5520 5512
f 5515 5512 5477
f 5530 5532 5500
f 5530 5500 5501
f 5479 5523 5533
f 5479 5533 5492
f 5534 5511 5516
f 5535 5536 5524
f 5535 5524 5525
f 5507 5537 5513
f 5507 5513 5472
f 5492 5533 5538
f 5492 5538 5506
f 5531 5534 5516
f 5515 5539 5530
f 5515 5530 5520
f 5540 5541 5521
f 5540 5521 5522
f 5470 5513 5539
f 5470 5539 5515
f 5500 5532 5546
f 5500 5546 5523
f 5518 5542 5528
f 5488 5544 5543
f 5488 5543 5487
f 5545 5537 5507
f 5545 5507 5510
f 5539 5547 5532
f 5539 5532 5530
f 5504 5549 5548
f 5504 5548 5503
f 5503 5548 5529
f 5503 5529 5471
f 5513 5537 5547
f 5513 5547 5539
f 5510 5509 5541
f 5510 5541 5550
f 5547 5557 5546
f 5547 5546 5532
f 5551 5552 5536
f 5551 5536 5535
f 5540 5553 5550
f 5540 5550 5541
f 5523 5546 5554
f 5523 5554 5533
f 5537 5545 5557
f 5537 5557 5547
f 5529 5555 5544
f 5529 5544 5488
f 5533 5554 5556
f 5533 5556 5538
f 5559 5560 5543
f 5559 5543 5544
f 5551 5561 5552
f 5562 5545 5510
f 5562 5510 5550
f 5563 5562 5550
f 5563 5550 5553
f 5546 5557 5564
f 5546 5564 5554
f 5554 5564 5565
f 5554 5565 5556
f 5545 5562 5564
f 5545 5564 5557
f 5566 5568 5567
f 5548 5569 5555
f 5548 5555 5529
f 5549 5570 5569
f 5549 5569 5548
f 5560 5559 5568
f 5560 5568 5566
f 5565 5564 5562
f 5565 5562 5563
f 5571 5559 5544
f 5571 5544 5555
f 5572 5573 5576
f 5574 5575 5569
f 5574 5569 5570
f 5575 5571 5555
f 5575 5555 5569
f 5577 5568 5559
f 5577 5559 5571
f 5577 5581 5568
f 5572 5576 5580
f 5579 5578 5575
f 5579 5575 5574
f 5578 5577 5571
f 5578 5571 5575
f 5572 5580 5583
f 5581 5577 5582
f 5584 5582 5577
f 5584 5577 5578
f 5579 5585 5591
f 5572 5583 5586
f 5587 5572 5586
f 5587 5588 5572
f 5588 5589 5572
f 5584 5578 5591
f 5582 5584 5590
f 5592 4906 4905
f 5073 5593 5594
f 4905 5595 5594
f 4905 5594 5592
f 4778 4809 4795
f 5309 5597 5308
f 4856 5598 4844
f 4843 4856 4844
f 4877 5599 4876
f 4926 5600 4929
f 4926 4929 4928
f 4866 4906 5601
f 5309 4866 5601
f 4819 4856 4843
f 4819 4843 4818
f 5596 4866 5308
f 4906 4866 4832
f 5595 4905 4927
f 5595 4927 5392
f 4943 5602 4955
f 4943 4955 4942
f 4953 4935 4934
f 4953 5603 4935
f 4935 4951 4934
f 4944 4942 4951
f 4805 4911 4822
f 4805 4881 4911
f 4813 5604 4815
f 4795 4787 4778
f 4791 4809 4778
f 4790 4809 4791
f 5072 5073 4881
f 5072 4881 4880
f 5593 5592 5594
f 4900 4905 4832
f 4831 4809 4790
f 5003 4991 4980
f 5039 5057 4991
f 4964 4950 4885
f 4969 4992 4940
f 4966 4950 4964
f 5016 4988 4964
f 4982 5029 5017
f 4960 5016 4964
f 5004 4963 4948
f 4988 4966 4964
f 5065 5606 5624
f 5065 5624 5623
f 4810 4864 4847
f 4841 4864 4810
f 4841 4892 4891
f 5083 5064 5024
f 5258 5167 5264
f 5248 5241 5150
f 5467 5463 5464
f 5467 5476 5463
f 5466 5444 5437
f 5648 5650 5649
f 5649 5652 5651
f 5649 5650 5652
f 5648 5649 5653
f 5653 5655 5654
f 5653 5649 5655
f 5649 5651 5655
f 5648 5653 5656
f 5656 5658 5657
f 5656 5653 5658
f 5653 5654 5658
f 5648 5656 5659
f 5659 5656 5660
f 5656 5657 5660
f 5648 5659 5650
f 5652 5661 5651
f 5651 5662 5655
f 5655 5663 5654
f 5655 5662 5663
f 5662 5664 5663
f 5654 5665 5658
f 5658 5666 5657
f 5658 5665 5666
f 5665 5667 5666
f 5651 5661 5662
f 5662 5668 5664
f 5662 5661 5668
f 5654 5663 5665
f 5665 5669 5667
f 5665 5663 5669
f 5663 5664 5669
f 5666 5667 5670
f 5668 5671 5664
f 5664 5671 5669
f 5669 5672 5667
f 5669 5671 5672
f 5667 5672 5670
f 5673 5674 5679
f 5673 5679 5680
f 5675 5676 5677
f 5675 5677 5678
f 5679 5676 5675
f 5679 5675 5680
f 5688 5681 5682
f 5688 5682 5683
f 5684 5685 5686
f 5684 5686 5687
f 5687 5686 5688
f 5687 5688 5683
f 5689 5684 5687
f 5689 5687 5690
f 5690 5687 5683
f 5690 5683 5691
f 5683 5682 5691
f 5692 5694 5693
f 5692 5763 5694
f 5694 5695 5693
f 5696 5757 5697
f 5696 5697 5700
f 5696 5700 5699
f 5701 5703 5702
f 5704 5706 5705
f 5705 5706 5707
f 5708 5744 5709
f 5701 5702 5711
f 5702 5703 5761
f 5704 5705 5712
f 5705 5707 5759
f 5708 5714 5742
f 5708 5742 5744
f 5715 5717 5716
f 5718 5755 5719
f 5721 5723 5722
f 5715 5762 5717
f 5717 5724 5716
f 5718 5719 5721
f 5718 5721 5722
f 5742 5714 5743
f 5713 5725 5745
f 5713 5745 5710
f 5726 5748 5727
f 5746 5731 5747
f 5726 5731 5746
f 5726 5746 5748
f 5749 5728 5729
f 5749 5729 5730
f 5732 5734 5733
f 5732 5733 5735
f 5733 5734 5760
f 5736 5738 5737
f 5738 5739 5737
f 5736 5758 5738
f 5738 5740 5739
f 5700 5741 5699
f 5750 5756 5698
f 5750 5698 5751
f 5752 5754 5720
f 5752 5720 5753
f 5767 5764 5768
f 5769 5773 5770
f 5766 5765 5764
f 5771 5774 5773
f 5775 5776 5767
f 5770 5777 5769
f 5766 5778 5765
f 5779 5771 5772
f 5773 5774 5770
f 5765 5768 5764
f 5772 5771 5773
f 5780 5783 5782
f 5780 5782 5781
f 5808 5809 5785
f 5808 5785 5784
f 5780 5784 5785
f 5780 5785 5783
f 5786 5788 5787
f 5780 5781 5790
f 5780 5790 5789
f 5784 5780 5789
f 5784 5789 5791
f 5871 5788 5793
f 5871 5793 5795
f 5844 5792 5796
f 5794 5793 5788
f 5793 5799 5798
f 5793 5798 5795
f 5800 5801 5799
f 5800 5799 5793
f 5875 5871 5795
f 5875 5795 5802
f 5795 5798 5803
f 5795 5803 5802
f 5782 5804 5803
f 5782 5803 5798
f 5783 5805 5804
f 5783 5804 5782
f 5785 5806 5805
f 5785 5805 5783
f 5807 5809 5808
f 5838 5811 5810
f 5838 5810 5840
f 5814 5817 5816
f 5814 5816 5815
f 5818 5819 5824
f 5818 5824 5834
f 5814 5815 5819
f 5814 5819 5818
f 5820 5815 5816
f 5820 5816 5821
f 5822 5819 5815
f 5822 5815 5820
f 5823 5834 5824
f 5826 5876 5840
f 5826 5840 5810
f 5830 5811 5883
f 5814 5832 5831
f 5814 5831 5817
f 5818 5833 5832
f 5818 5832 5814
f 5836 5885 5838
f 5836 5838 5837
f 5837 5838 5840
f 5837 5840 5839
f 5821 5816 5839
f 5821 5839 5841
f 5843 5880 5835
f 5835 5887 5843
f 5846 5808 5847
f 5812 5829 5849
f 5812 5849 5848
f 5850 5852 5851
f 5850 5851 5868
f 5853 5852 5850
f 5853 5850 5854
f 5869 5855 5853
f 5869 5853 5854
f 5813 5857 5856
f 5813 5856 5825
f 5848 5857 5813
f 5848 5813 5812
f 5858 5867 5848
f 5858 5848 5849
f 5849 5860 5859
f 5849 5859 5858
f 5852 5862 5861
f 5853 5863 5862
f 5853 5862 5852
f 5853 5855 5864
f 5853 5864 5863
f 5856 5857 5866
f 5856 5866 5865
f 5867 5866 5857
f 5787 5788 5871
f 5787 5871 5870
f 5870 5854 5850
f 5870 5850 5787
f 5787 5850 5868
f 5787 5868 5786
f 5812 5830 5883
f 5812 5883 5829
f 5813 5872 5830
f 5813 5830 5812
f 5825 5873 5872
f 5825 5872 5813
f 5874 5869 5854
f 5874 5854 5870
f 5874 5870 5871
f 5874 5871 5875
f 5810 5872 5873
f 5810 5873 5826
f 5830 5872 5810
f 5830 5810 5811
f 5828 5835 5811
f 5811 5838 5828
f 5801 5790 5781
f 5801 5781 5799
f 5799 5781 5782
f 5799 5782 5798
f 5837 5817 5831
f 5837 5831 5836
f 5839 5816 5817
f 5839 5817 5837
f 5840 5876 5841
f 5840 5841 5839
f 5860 5849 5829
f 5860 5829 5877
f 5868 5851 5879
f 5868 5879 5878
f 5786 5868 5878
f 5881 5879 5851
f 5881 5851 5861
f 5881 5861 5882
f 5877 5829 5883
f 5794 5800 5793
f 5885 5828 5838
f 5885 5827 5828
f 5794 5797 5800
f 5886 5797 5794
f 5886 5794 5792
f 5807 5808 5846
f 5859 5888 5858
f 5852 5861 5851
f 5848 5867 5857
f 5889 5891 5890
f 5892 5894 5893
f 5895 5898 5897
f 5895 5897 5896
f 5899 5914 5900
f 5903 5895 5896
f 5904 5906 5905
f 5906 5904 5908
f 5906 5908 5907
f 5897 5912 5911
f 5911 5913 5900
f 5891 5917 5916
f 5891 5916 5890
f 5915 5914 5901
f 5915 5901 5902
f 5899 5901 5914
f 5899 5900 5918
f 5913 5918 5900
f 5911 5912 5913
f 5897 5898 5912
f 5889 5894 5892
f 5889 5892 5891
f 5893 5910 5909
f 5892 5893 5909
f 5907 5908 5910
f 5908 5909 5910
f 5767 5768 5775
f 5784 5791 5847
f 5784 5847 5808
f 5818 5834 5884
f 5818 5884 5833
f 5785 5809 5806
f 5824 5819 5822
f 4898 4965 4958
f 4999 5024 5025
f 4998 5021 5019
f 5046 5021 5032
f 4984 5088 5056
f 5091 5122 5141
f 5091 5141 5079
f 5106 5138 5143
f 5058 5033 5018
f 5079 5001 5002
f 4871 4961 4925
f 4915 4984 4973
f 5056 5036 4973
f 5429 5427 5432
f 5429 5437 5444
f 5429 5444 5423
f 5468 5510 5507
f 4876 4895 4877
f 4774 4782 4792
f 4745 4788 4762
f 5475 5486 5436
f 5608 5396 5619
f 5477 5482 4742
f 5302 5317 5338
f 5302 5338 5333
f 5353 5359 5376
f 5351 5349 5332
f 5431 5428 5419
f 5420 5431 5419
f 5435 5424 5445
f 4750 4733 4734
f 5608 4734 4733
f 4740 4742 4741
f 5393 5486 5460
f 4963 5037 4981
f 5081 5090 5057
f 5100 5061 5078
f 5225 5227 5243
f 5156 5227 5225
f 5117 5135 5116
f 5794 5788 5792
f 4855 4899 4840
f 5089 5133 5119
f 4958 4899 4898
f 4795 4809 5596
f 4778 4787 4771
f 5835 5828 5827
f 5835 5827 5845
f 5792 5842 5796
f 5835 5880 5883
f 5835 5883 5811
f 5835 5845 5887
f 5886 5792 5844
f 5786 5842 5792
f 5786 5792 5788
f 5568 5581 5567
f 5566 5567 5558
f 5579 5591 5578
f 4859 4848 4836
f 4800 4849 4807
f 5297 5332 5317
f 5333 5305 5302
f 5333 5344 5305
f 5303 5344 5336
f 5140 5067 5115
f 5140 5115 5139
f 4995 5010 5006
f 5390 5638 5637
f 5381 5383 5386
f 5283 5319 5318
f 5270 5283 5282
f 5264 5167 5168
f 5168 5083 5084
f 5337 5360 5361
f 5337 5361 5367
f 5367 5331 5337
f 5347 5318 5319
f 5168 5267 5266
f 5919 6591 5920
f 6796 5922 5947
f 6796 5947 6797
f 5923 5924 5925
f 5923 5925 5926
f 5927 5928 5930
f 5931 5932 5933
f 5931 5933 5934
f 5935 5936 5932
f 5935 5932 5937
f 5922 5938 5939
f 5922 5939 5940
f 5923 5936 5935
f 5941 5942 5944
f 5941 5944 6581
f 5943 5919 5920
f 5933 5932 5936
f 5944 5942 5948
f 5944 5948 5945
f 5936 5923 5926
f 5936 5926 5946
f 5949 5928 5927
f 5949 5927 5934
f 5950 5933 5936
f 5950 5936 5946
f 5951 5945 5971
f 5952 5968 5947
f 5952 5947 5922
f 5953 5954 5955
f 5953 5955 5956
f 5945 5948 5957
f 5954 5953 5958
f 5954 5958 5959
f 5977 5960 5951
f 5977 5951 5971
f 5955 5954 5961
f 5955 5961 5962
f 5940 5952 5922
f 5940 5939 5963
f 5940 5963 5964
f 5934 5933 5965
f 5934 5965 5949
f 5966 5961 5954
f 5966 5954 5959
f 5969 5956 5955
f 5969 5955 5970
f 5962 5961 5972
f 5962 5972 5973
f 5959 5958 5974
f 5959 5974 5975
f 5933 5976 5965
f 5978 5972 5961
f 5978 5961 5979
f 5955 5962 5970
f 5973 5972 5981
f 5973 5981 5982
f 5961 5966 5979
f 5964 5963 5984
f 5985 5981 5972
f 5985 5972 5978
f 5940 5986 5952
f 5982 5981 5987
f 5982 5987 5990
f 5988 5971 5957
f 5988 5957 5995
f 5962 5973 5989
f 5962 5989 5980
f 5991 5992 5993
f 5991 5993 6025
f 5994 5987 5981
f 5994 5981 5985
f 5960 5977 6029
f 5960 6029 5996
f 5964 5986 5940
f 5998 5977 5971
f 5998 5971 5988
f 5973 5982 5999
f 5973 5999 5989
f 6798 6000 6799
f 6001 6002 6003
f 5990 5987 6004
f 5990 6004 6024
f 6001 6005 6002
f 6003 6002 6006
f 6003 6006 6007
f 6008 5984 5996
f 5992 6009 6010
f 5992 6010 5993
f 6011 5990 6024
f 6012 6013 6014
f 5982 5990 6011
f 5982 6011 5999
f 5964 5984 6008
f 6015 6016 6017
f 6000 6798 6800
f 5957 5967 6018
f 5957 6018 5995
f 6015 6041 6016
f 6005 6006 6002
f 6019 5997 6020
f 6021 6004 5987
f 6021 5987 5994
f 6009 6022 6010
f 5998 5988 6023
f 6023 5988 6037
f 6017 6016 6059
f 6017 6059 6058
f 5997 6784 6020
f 6026 6027 6028
f 6030 5985 5978
f 6030 5978 6019
f 6041 6113 6059
f 6041 6059 6016
f 6031 6005 6032
f 6793 6011 6024
f 6793 6024 6033
f 6005 6031 6006
f 6034 5986 5964
f 6035 5998 6023
f 6035 6023 6046
f 6036 6024 6004
f 6038 6039 6040
f 6038 6040 6081
f 5996 6029 6080
f 5996 6080 6008
f 6042 5994 5985
f 6042 5985 6030
f 6027 6071 6072
f 6027 6072 6028
f 6028 6043 6026
f 6026 6043 6060
f 6034 5964 6008
f 6034 6008 6045
f 5977 5998 6029
f 6024 6047 6033
f 6010 6022 6048
f 6047 6036 6049
f 6022 6050 6051
f 6022 6051 6048
f 6052 6035 6053
f 6020 6784 6054
f 6055 6036 6004
f 6055 6004 6021
f 6056 6000 6800
f 6037 5995 6018
f 6037 6018 6057
f 6801 5986 6034
f 6801 6034 6061
f 6015 6062 6041
f 6026 6060 6063
f 6070 6064 6083
f 6050 6066 6067
f 6050 6067 6051
f 6068 6025 5993
f 6068 5993 6069
f 6086 6043 6087
f 6073 6021 5994
f 6073 5994 6042
f 6066 6074 6075
f 6066 6075 6067
f 6076 6046 6023
f 6076 6023 6077
f 6052 6053 6078
f 6052 6078 6079
f 6081 6082 6038
f 6084 6058 6059
f 6084 6059 6085
f 6077 6023 6037
f 6077 6037 6095
f 6086 6153 6060
f 6086 6060 6043
f 6072 6112 6087
f 6072 6087 6028
f 6029 6052 6079
f 6088 6019 6020
f 6065 6089 6083
f 6085 6059 6149
f 6090 6091 6092
f 6093 6020 6094
f 6096 6030 6019
f 6096 6019 6088
f 6070 6083 6100
f 6070 6100 6097
f 6098 6049 6036
f 6098 6036 6055
f 6099 6010 6115
f 6062 6158 6113
f 6062 6113 6041
f 6072 6071 6101
f 6072 6101 6102
f 6084 6085 6103
f 6084 6103 6133
f 6104 6042 6030
f 6104 6030 6096
f 6061 6034 6105
f 6061 6105 6106
f 6008 6080 6129
f 6008 6129 6045
f 6105 6034 6045
f 6105 6045 6107
f 6097 6100 6116
f 6097 6116 6108
f 6109 6055 6021
f 6109 6021 6073
f 6048 6110 6010
f 6048 6051 6111
f 6048 6111 6110
f 6108 6116 6114
f 6089 6100 6083
f 6116 6089 6117
f 6063 6060 6153
f 6063 6153 6173
f 6111 6051 6067
f 6111 6067 6127
f 6095 6037 6057
f 6095 6057 6118
f 6089 6116 6100
f 6080 6079 6119
f 6079 6078 6120
f 6079 6120 6121
f 6110 6115 6010
f 6088 6093 6115
f 6088 6115 6110
f 6096 6088 6110
f 6096 6110 6111
f 6124 6125 6126
f 6127 6067 6075
f 6127 6075 6128
f 6161 6103 6085
f 6161 6085 6149
f 6130 6131 6132
f 6135 6076 6077
f 6135 6077 6136
f 6137 6107 6045
f 6137 6045 6129
f 6138 6073 6042
f 6138 6042 6104
f 6123 6139 6140
f 6096 6111 6127
f 6096 6127 6104
f 6141 6142 6122
f 6162 6163 6102
f 6162 6102 6101
f 6140 6139 6132
f 6146 6087 6134
f 6130 6142 6143
f 6081 6144 6145
f 6081 6145 6082
f 6134 6087 6112
f 6112 6072 6102
f 6112 6102 6147
f 6148 6098 6055
f 6148 6055 6109
f 6095 6151 6077
f 6142 6139 6122
f 6142 6130 6139
f 6150 6802 6804
f 6150 6803 6802
f 6077 6151 6136
f 6152 6109 6073
f 6104 6127 6154
f 6104 6154 6138
f 6150 6804 6805
f 6080 6119 6155
f 6129 6167 6156
f 6129 6156 6137
f 6127 6128 6157
f 6127 6157 6154
f 6133 6103 6159
f 6133 6159 6160
f 6164 6119 6079
f 6164 6079 6121
f 6165 6135 6136
f 6129 6080 6155
f 6112 6147 6166
f 6134 6112 6166
f 6199 6147 6102
f 6199 6102 6163
f 6165 6168 6135
f 6151 6095 6118
f 6151 6118 6169
f 6150 6805 6806
f 6165 6136 6192
f 6170 6121 6120
f 6170 6120 6171
f 6159 6103 6172
f 6144 6174 6175
f 6144 6175 6145
f 6176 6154 6157
f 6109 6152 6148
f 6199 6166 6147
f 6177 6155 6119
f 6177 6119 6164
f 6178 6188 6146
f 6178 6146 6134
f 6179 6168 6165
f 6176 6157 6180
f 6176 6180 6181
f 6129 6155 6182
f 6183 6184 6185
f 6183 6185 6194
f 6134 6166 6178
f 6206 6183 6198
f 6186 6187 6207
f 6160 6159 6228
f 6160 6228 6229
f 6189 6190 6163
f 6189 6163 6162
f 6191 6179 6227
f 6165 6192 6179
f 6164 6121 6193
f 6187 6212 6207
f 6195 6186 6209
f 6196 6185 6184
f 6196 6184 6197
f 6121 6170 6193
f 6113 6200 6149
f 6129 6182 6201
f 6129 6201 6167
f 6172 6242 6228
f 6172 6228 6159
f 6202 6182 6155
f 6202 6155 6177
f 6176 6181 6203
f 6176 6203 6204
f 6171 6205 6170
f 6206 6198 6221
f 6153 6146 6188
f 6153 6188 6208
f 6199 6250 6166
f 6179 6192 6245
f 6177 6164 6210
f 6177 6210 6211
f 6191 6227 6214
f 6200 6113 6158
f 6200 6158 6215
f 6178 6166 6250
f 6178 6250 6277
f 6216 6210 6164
f 6216 6164 6193
f 6205 6214 6217
f 6218 6194 6185
f 6218 6185 6219
f 6195 6209 6220
f 6222 6196 6197
f 6222 6197 6223
f 6161 6149 6200
f 6161 6200 6224
f 6192 6151 6225
f 6198 6194 6218
f 6198 6218 6226
f 6214 6227 6249
f 6211 6210 6230
f 6211 6230 6231
f 6209 6207 6232
f 6214 6249 6217
f 6199 6163 6190
f 6199 6190 6233
f 6219 6185 6196
f 6234 6209 6232
f 6177 6211 6235
f 6177 6235 6202
f 6236 6193 6170
f 6212 6213 6237
f 6182 6202 6238
f 6182 6238 6201
f 6239 6230 6210
f 6239 6210 6216
f 6196 6222 6241
f 6217 6236 6170
f 6173 6153 6208
f 6173 6208 6243
f 6172 6161 6244
f 6232 6207 6240
f 6246 6221 6259
f 6216 6193 6236
f 6237 6213 6247
f 6235 6211 6231
f 6235 6231 6248
f 6277 6292 6188
f 6277 6188 6178
f 6217 6249 6266
f 6238 6202 6235
f 6238 6235 6251
f 6212 6237 6252
f 6253 6234 6232
f 6253 6232 6811
f 6221 6198 6226
f 6221 6226 6254
f 6240 6207 6212
f 6240 6212 6255
f 6239 6216 6256
f 6287 6218 6219
f 6287 6219 6257
f 6232 6240 6258
f 6232 6258 6811
f 6216 6236 6256
f 6293 6219 6196
f 6217 6266 6285
f 6217 6285 6236
f 6239 6256 6262
f 6014 6013 6263
f 6014 6263 6264
f 6226 6218 6287
f 6226 6287 6295
f 6251 6235 6248
f 6251 6248 6265
f 6267 6189 6268
f 6269 6227 6245
f 6258 6240 6270
f 6293 6196 6241
f 6293 6241 6304
f 6271 6272 6212
f 6219 6293 6257
f 6250 6199 6233
f 6250 6233 6273
f 6274 6275 6809
f 6242 6172 6276
f 6208 6188 6292
f 6208 6292 6315
f 6290 6256 6236
f 6290 6236 6285
f 6278 6245 6192
f 6278 6192 6225
f 6233 6190 6279
f 6233 6279 6280
f 6275 6274 6281
f 6190 6267 6279
f 6249 6227 6269
f 6249 6269 6282
f 6255 6212 6272
f 6259 6283 6246
f 6296 6262 6256
f 6296 6256 6290
f 6259 6221 6254
f 6259 6254 6284
f 6274 6809 6810
f 6254 6226 6295
f 6254 6295 6309
f 6255 6270 6240
f 6224 6200 6215
f 6224 6215 6286
f 6288 6249 6282
f 6289 6274 6810
f 6291 6269 6278
f 6294 6283 6259
f 6243 6208 6315
f 6243 6315 6297
f 6298 6285 6266
f 6298 6266 6288
f 6299 6300 5975
f 6299 5975 5974
f 6273 6233 6280
f 6273 6280 6301
f 6282 6269 6291
f 6282 6291 6302
f 6270 6255 6303
f 6270 6303 6813
f 6284 6254 6309
f 6284 6309 6322
f 6293 6304 6305
f 6293 6306 6257
f 6277 6250 6273
f 6277 6273 6307
f 6272 6333 6328
f 6272 6328 6255
f 6290 6285 6298
f 6290 6298 6308
f 6280 6279 6310
f 6280 6310 6301
f 6259 6284 6311
f 6259 6311 6294
f 6283 6294 6326
f 6312 6287 6257
f 6312 6257 6306
f 6313 6288 6282
f 6313 6282 6302
f 6244 6224 6314
f 6296 6290 6308
f 6296 6308 6316
f 6295 6287 6317
f 6295 6317 6318
f 6340 6306 6293
f 6340 6293 6305
f 6317 6287 6312
f 6317 6312 6319
f 6277 6321 6292
f 6320 6298 6288
f 6320 6288 6313
f 6305 6323 6324
f 6312 6306 6340
f 6312 6340 6350
f 6322 6363 6352
f 6322 6352 6284
f 6309 6295 6318
f 6309 6318 6325
f 6284 6352 6351
f 6284 6351 6311
f 6330 6308 6298
f 6330 6298 6320
f 6276 6244 6314
f 6276 6314 6332
f 6318 6317 6334
f 6318 6334 6335
f 6336 6316 6308
f 6336 6308 6330
f 6334 6317 6319
f 6334 6319 6337
f 6315 6292 6321
f 6315 6321 6338
f 6325 6318 6335
f 6325 6335 6339
f 6322 6309 6325
f 6322 6325 6341
f 6294 6311 6342
f 6294 6342 6331
f 6319 6312 6350
f 6319 6350 6388
f 6273 6343 6307
f 6340 6305 6324
f 6340 6324 6344
f 6324 6323 6345
f 6324 6345 6346
f 6301 6343 6273
f 6347 6814 6815
f 6307 6343 6400
f 6307 6400 6321
f 6348 6335 6334
f 6348 6334 6349
f 6325 6339 6353
f 6325 6353 6341
f 6354 6339 6335
f 6354 6335 6348
f 6347 6815 6816
f 6271 6355 6356
f 6311 6351 6364
f 6311 6364 6342
f 6353 6339 6354
f 6353 6354 6357
f 6349 6334 6337
f 6349 6337 6358
f 6359 6354 6348
f 6359 6348 6360
f 6341 6386 6363
f 6341 6363 6322
f 6343 6301 6310
f 6357 6354 6359
f 6357 6359 6361
f 6360 6348 6349
f 6360 6349 6362
f 6337 6319 6388
f 6337 6388 6408
f 6365 6366 6367
f 6368 6357 6361
f 6368 6361 6369
f 6365 6367 6370
f 6371 6353 6357
f 6371 6357 6368
f 6092 6091 6372
f 6092 6372 6373
f 6314 6224 6286
f 6314 6286 6374
f 6366 6375 6376
f 6329 6343 6310
f 6362 6349 6358
f 6362 6358 6377
f 6378 6351 6352
f 6378 6352 6379
f 6380 6341 6353
f 6380 6353 6371
f 6365 6375 6366
f 6816 6381 6347
f 6376 6375 6382
f 6817 6333 6272
f 6817 6272 6356
f 6379 6352 6363
f 6379 6363 6390
f 6383 6365 6370
f 6368 6369 6384
f 6368 6384 6385
f 6371 6368 6385
f 6371 6385 6387
f 6380 6399 6386
f 6380 6386 6341
f 6375 6389 6382
f 6338 6321 6400
f 6413 6344 6324
f 6413 6324 6346
f 6350 6340 6344
f 6350 6344 6391
f 6364 6351 6378
f 6364 6378 6392
f 6358 6337 6408
f 6358 6408 6421
f 6393 6375 6365
f 6393 6365 6394
f 6380 6371 6387
f 6380 6387 6395
f 6396 6365 6383
f 6394 6365 6396
f 6297 6315 6338
f 6297 6338 6397
f 6390 6363 6386
f 6390 6386 6398
f 6401 6373 6372
f 6401 6372 6402
f 6400 6343 6329
f 6377 6358 6421
f 6377 6421 6403
f 6381 6404 6347
f 6389 6375 6405
f 6406 6326 6331
f 6395 6416 6399
f 6395 6399 6380
f 6385 6384 6437
f 6385 6437 6438
f 6405 6375 6393
f 6405 6393 6407
f 6387 6385 6438
f 6387 6438 6440
f 6398 6386 6399
f 6398 6399 6409
f 6394 6396 6410
f 6396 6383 6411
f 6394 6410 6412
f 6332 6314 6374
f 6332 6374 6795
f 6414 6393 6394
f 6414 6394 6412
f 6391 6344 6415
f 6389 6405 6432
f 6395 6387 6440
f 6395 6440 6442
f 6388 6350 6391
f 6388 6391 6417
f 6418 6419 6420
f 6420 6423 6418
f 6409 6399 6416
f 6409 6416 6422
f 6424 6412 6410
f 6424 6410 6425
f 6442 6449 6416
f 6442 6416 6395
f 6406 6331 6426
f 6427 6419 6418
f 6414 6412 6424
f 6414 6424 6428
f 6338 6400 6429
f 6423 6430 6418
f 6407 6393 6414
f 6331 6342 6433
f 6331 6433 6426
f 6430 6434 6418
f 6435 6410 6396
f 6436 6397 6338
f 6356 6455 6818
f 6356 6818 6817
f 6408 6388 6417
f 6408 6417 6439
f 6422 6416 6449
f 6422 6449 6453
f 6441 6406 6426
f 6433 6342 6364
f 6433 6364 6445
f 6417 6391 6415
f 6417 6415 6443
f 6434 6444 6418
f 6435 6396 6411
f 6425 6410 6435
f 6425 6435 6447
f 6445 6364 6392
f 6445 6392 6448
f 6407 6414 6450
f 6444 6462 6418
f 6414 6428 6450
f 6451 6421 6408
f 6451 6408 6439
f 6456 6427 6418
f 6426 6472 6470
f 6426 6470 6441
f 6457 6403 6421
f 6457 6421 6451
f 6470 6458 6441
f 6459 6432 6405
f 6459 6405 6460
f 6439 6417 6443
f 6439 6443 6461
f 6443 6415 6431
f 6443 6431 6463
f 6438 6437 6464
f 6438 6464 6465
f 6407 6460 6405
f 6466 6440 6438
f 6466 6438 6465
f 6435 6411 6467
f 6468 6442 6440
f 6468 6440 6466
f 6469 6449 6442
f 6469 6442 6468
f 6458 6471 6507
f 6473 6453 6449
f 6473 6449 6469
f 6462 6474 6418
f 6454 6356 6452
f 6454 6452 6475
f 6476 6451 6439
f 6476 6439 6461
f 6477 6456 6418
f 6407 6450 6478
f 6472 6426 6433
f 6472 6433 6479
f 6480 6435 6467
f 6481 6445 6448
f 6481 6448 6482
f 6474 6492 6418
f 6483 6457 6451
f 6483 6451 6476
f 6479 6433 6445
f 6479 6445 6481
f 6460 6407 6478
f 6443 6463 6484
f 6443 6484 6461
f 6469 6485 6473
f 6486 6465 6464
f 6486 6464 6487
f 6447 6435 6480
f 6447 6480 6488
f 6459 6460 6489
f 6492 6503 6418
f 6491 6466 6465
f 6491 6465 6486
f 6490 6469 6468
f 6490 6468 6493
f 6494 6820 6819
f 6493 6468 6466
f 6493 6466 6491
f 6504 6477 6418
f 6495 6476 6461
f 6495 6461 6484
f 6469 6490 6485
f 6054 6496 6497
f 6498 6483 6476
f 6498 6476 6495
f 6499 6500 6501
f 6499 6501 6502
f 6489 6460 6478
f 6489 6478 6515
f 6494 6819 6821
f 6487 6516 6517
f 6487 6517 6486
f 6485 6490 6505
f 6530 6481 6482
f 6530 6482 6531
f 6485 6520 6522
f 6510 6499 6502
f 6510 6502 6511
f 6502 6501 6512
f 6502 6512 6527
f 6486 6517 6524
f 6486 6524 6491
f 6513 6504 6418
f 6503 6514 6418
f 6519 6479 6481
f 6519 6481 6530
f 6514 6513 6418
f 6452 6518 6475
f 6493 6491 6532
f 6521 6532 6533
f 6822 6494 6821
f 6525 6472 6479
f 6525 6479 6519
f 6502 6527 6534
f 6502 6534 6511
f 6508 6509 6528
f 6508 6528 6529
f 6505 6526 6537
f 6505 6537 6520
f 6530 6547 6519
f 6535 6506 6558
f 6535 6558 6559
f 6471 6536 6506
f 6538 6522 6520
f 6538 6520 6539
f 6531 6540 6541
f 6531 6541 6530
f 6510 6511 6542
f 6510 6542 6543
f 6526 6521 6533
f 6526 6533 6544
f 6540 6538 6539
f 6540 6539 6541
f 6523 6508 6529
f 6523 6529 6545
f 6527 6512 6546
f 6539 6537 6563
f 6527 6546 6534
f 6511 6534 6554
f 6511 6554 6542
f 6537 6526 6544
f 6537 6544 6551
f 6530 6541 6547
f 6529 6528 6552
f 6529 6552 6553
f 6506 6536 6549
f 6541 6539 6563
f 6541 6563 6564
f 6555 6519 6547
f 6549 6536 6548
f 6556 6557 6543
f 6556 6543 6542
f 6534 6546 6554
f 6545 6550 6523
f 6558 6506 6549
f 6558 6549 6560
f 6561 6554 6546
f 6545 6562 6550
f 6545 6529 6553
f 6545 6553 6562
f 6542 6554 6561
f 6542 6561 6556
f 6565 6560 6549
f 6565 6549 6555
f 6566 6563 6537
f 6566 6537 6551
f 6823 6825 6578
f 6564 6563 6567
f 6564 6567 6568
f 6824 6823 6578
f 6569 6555 6547
f 6569 6547 6570
f 6547 6564 6568
f 6547 6568 6570
f 6566 6567 6563
f 6555 6569 6571
f 6555 6571 6565
f 6126 6125 6572
f 6126 6572 6573
f 6827 6575 6828
f 6575 6829 6828
f 6578 6826 6832
f 6576 6570 6568
f 6576 6568 6577
f 6575 6835 6829
f 6830 6831 6579
f 6579 6833 6830
f 6831 6834 6579
f 6115 6580 6099
f 5924 5923 6582
f 5924 6582 6583
f 5921 6796 6584
f 6585 6586 6587
f 6585 6588 6586
f 5938 5921 6589
f 5923 5935 6590
f 5923 6590 6582
f 6588 6609 6602
f 6588 6602 6586
f 6601 6587 6586
f 6601 6586 6602
f 6592 6593 6594
f 6592 6594 6595
f 5931 5934 5927
f 5931 5927 6596
f 6588 6585 6597
f 6598 6585 6587
f 5919 6599 6591
f 5937 5932 5931
f 5937 5931 6600
f 6603 6604 6605
f 6606 6607 6608
f 6608 6619 6623
f 6598 6587 6601
f 6590 5935 5937
f 6590 5937 6610
f 6606 6608 6612
f 6613 6614 6611
f 6613 6611 6615
f 6609 6588 6597
f 6607 6606 6616
f 6582 6617 6618
f 6582 6618 6583
f 6619 6616 6626
f 6620 6617 6582
f 6620 6582 6590
f 6611 6617 6615
f 6645 6644 5941
f 6645 5941 6581
f 6593 6621 6622
f 6593 6622 6594
f 6617 6625 6618
f 6589 5921 6584
f 6589 6584 6624
f 6603 6605 6627
f 5930 5929 6628
f 5930 6628 6669
f 6598 6601 6629
f 6630 6614 6613
f 6630 6613 6631
f 6623 6612 6608
f 6634 6606 6612
f 6635 6636 6637
f 6609 6597 6638
f 6627 6605 6639
f 6640 6807 6808
f 6603 6627 6641
f 6621 6642 6643
f 6621 6643 6622
f 6584 6807 6640
f 6640 6808 6675
f 6640 6675 6676
f 6595 6594 6646
f 6595 6646 6647
f 6581 6674 6645
f 6649 6635 6637
f 6649 6637 6650
f 6651 6652 6630
f 6651 6630 6653
f 6654 6632 6655
f 6653 6630 6631
f 6642 6666 6667
f 6642 6667 6643
f 6620 6590 6610
f 6620 6610 6656
f 6657 6615 6620
f 6657 6620 6656
f 6600 5931 6596
f 6600 6596 6658
f 6624 6584 6640
f 6624 6640 6659
f 6610 5937 6600
f 6610 6600 6660
f 6661 6615 6657
f 6661 6657 6662
f 6633 6668 6634
f 6633 6634 6612
f 6663 6589 6624
f 6655 6664 6654
f 6596 5927 5930
f 6596 5930 6665
f 5930 6669 6670
f 6653 6631 6671
f 6653 6671 6672
f 6673 6594 6622
f 6594 6673 6646
f 6648 6663 6674
f 6666 6679 6680
f 6666 6680 6667
f 6661 6662 6681
f 6661 6681 6671
f 6678 6682 6677
f 6669 6647 6670
f 6682 6678 6683
f 6684 6685 6686
f 6677 6687 6678
f 6647 6646 6670
f 6622 6643 6688
f 6622 6688 6689
f 6678 6687 6690
f 6644 6645 6691
f 6644 6691 6692
f 6679 6693 6694
f 6679 6694 6680
f 6656 6610 6660
f 6656 6660 6695
f 6696 6677 6682
f 6673 6622 6689
f 6672 6671 6681
f 6697 6657 6656
f 6697 6656 6698
f 6677 6696 6687
f 6699 6704 6682
f 6699 6682 6683
f 6665 6670 6700
f 6643 6667 6711
f 6643 6711 6688
f 6660 6600 6658
f 6660 6658 6701
f 6684 6686 6702
f 6645 6674 6659
f 6645 6659 6691
f 6674 6624 6659
f 6670 6646 6700
f 6658 6596 6665
f 6658 6665 6703
f 6696 6682 6704
f 6705 6706 6707
f 6646 6673 6708
f 6646 6708 6700
f 6672 6681 6709
f 6672 6709 6710
f 6712 6713 6685
f 6712 6685 6714
f 6715 6716 6705
f 6714 6685 6684
f 6659 6640 6676
f 6659 6676 6717
f 6673 6689 6718
f 6673 6718 6708
f 6705 6716 6706
f 6719 6696 6704
f 6703 6665 6700
f 6703 6700 6708
f 6718 6689 6688
f 6718 6688 6720
f 6667 6680 6721
f 6667 6721 6711
f 6722 6704 6699
f 6723 6713 6712
f 6723 6712 6724
f 6695 6660 6701
f 6695 6701 6725
f 6680 6694 6726
f 6680 6726 6721
f 6719 6704 6722
f 6703 6708 6718
f 6703 6718 6727
f 6728 6710 6709
f 6728 6709 6729
f 6658 6703 6727
f 6658 6727 6701
f 6688 6711 6734
f 6688 6734 6720
f 6706 6716 6730
f 6676 6675 6731
f 6676 6731 6732
f 6733 6698 6695
f 6733 6695 6725
f 6727 6718 6720
f 6727 6720 6735
f 6692 6691 6736
f 6692 6736 6737
f 6691 6659 6717
f 6691 6717 6736
f 6701 6727 6735
f 6701 6735 6725
f 6729 6697 6698
f 6729 6698 6738
f 6735 6720 6734
f 6735 6734 6745
f 6739 6723 6724
f 6739 6724 6740
f 6728 6729 6738
f 6728 6738 6741
f 6711 6721 6742
f 6711 6742 6734
f 6725 6735 6745
f 6725 6745 6733
f 6717 6676 6732
f 6717 6732 6743
f 6721 6726 6744
f 6721 6744 6742
f 6747 6732 6731
f 6747 6731 6748
f 6739 6740 6749
f 6750 6738 6698
f 6750 6698 6733
f 6751 6741 6738
f 6751 6738 6750
f 6734 6742 6752
f 6734 6752 6745
f 6742 6744 6753
f 6742 6753 6752
f 6733 6745 6752
f 6733 6752 6750
f 6754 6755 6756
f 6736 6717 6743
f 6736 6743 6757
f 6737 6736 6757
f 6737 6757 6758
f 6748 6754 6756
f 6748 6756 6747
f 6753 6751 6750
f 6753 6750 6752
f 6759 6743 6732
f 6759 6732 6747
f 6760 6764 6761
f 6762 6758 6757
f 6762 6757 6763
f 6763 6757 6743
f 6763 6743 6759
f 6765 6759 6747
f 6765 6747 6756
f 6765 6756 6769
f 6760 6768 6764
f 6763 6766 6767
f 6763 6767 6762
f 6766 6763 6759
f 6766 6759 6765
f 6760 6771 6768
f 6769 6770 6765
f 6772 6766 6765
f 6772 6765 6770
f 6767 6779 6773
f 6760 6774 6771
f 6775 6774 6760
f 6775 6760 6776
f 6776 6760 6777
f 6772 6779 6766
f 6770 6778 6772
f 6780 6093 6094
f 6261 6782 6781
f 6782 6783 6093
f 6782 6093 6780
f 5966 5983 5997
f 6497 6496 6785
f 6044 6032 6786
f 6031 6032 6044
f 6065 6064 6787
f 6114 6117 6788
f 6114 6116 6117
f 6054 6789 6094
f 6497 6789 6054
f 6007 6006 6031
f 6007 6031 6044
f 6784 6496 6054
f 6094 6020 6054
f 6783 6580 6115
f 6783 6115 6093
f 6131 6143 6790
f 6131 6130 6143
f 6141 6122 6123
f 6141 6123 6791
f 6123 6122 6139
f 6132 6139 6130
f 5993 6010 6099
f 5993 6099 6069
f 6001 6003 6792
f 5983 5966 5975
f 5979 5966 5997
f 5978 5979 5997
f 6260 6068 6069
f 6260 6069 6261
f 6781 6782 6780
f 6088 6020 6093
f 6019 5978 5997
f 6191 6168 6179
f 6227 6179 6245
f 6152 6073 6138
f 6157 6128 6180
f 6154 6152 6138
f 6204 6152 6176
f 6170 6205 6217
f 6148 6152 6204
f 6192 6136 6151
f 6176 6152 6154
f 6253 6811 6812
f 6253 6812 6794
f 5998 6035 6052
f 6029 5998 6052
f 6029 6079 6080
f 6271 6212 6252
f 6446 6452 6355
f 6436 6338 6429
f 6655 6652 6651
f 6655 6651 6664
f 6654 6625 6632
f 6836 6837 6838
f 6837 6839 6840
f 6837 6840 6838
f 6836 6841 6837
f 6841 6842 6843
f 6841 6843 6837
f 6837 6843 6839
f 6836 6844 6841
f 6844 6845 6846
f 6844 6846 6841
f 6841 6846 6842
f 6836 6847 6844
f 6847 6848 6844
f 6844 6848 6845
f 6836 6838 6847
f 6840 6839 6849
f 6839 6843 6850
f 6843 6842 6851
f 6843 6851 6850
f 6850 6851 6852
f 6842 6846 6853
f 6846 6845 6854
f 6846 6854 6853
f 6853 6854 6855
f 6839 6850 6849
f 6850 6852 6856
f 6850 6856 6849
f 6842 6853 6851
f 6853 6855 6857
f 6853 6857 6851
f 6851 6857 6852
f 6854 6858 6855
f 6856 6852 6859
f 6852 6857 6859
f 6857 6855 6860
f 6857 6860 6859
f 6855 6858 6860
f 6861 6868 6867
f 6861 6867 6862
f 6863 6866 6865
f 6863 6865 6864
f 6867 6868 6863
f 6867 6863 6864
f 6876 6871 6870
f 6876 6870 6869
f 6872 6875 6874
f 6872 6874 6873
f 6875 6871 6876
f 6875 6876 6874
f 6877 6878 6875
f 6877 6875 6872
f 6878 6879 6871
f 6878 6871 6875
f 6871 6879 6870
f 6880 6881 6882
f 6880 6882 6951
f 6882 6881 6883
f 6884 6885 6945
f 6884 6887 6888
f 6884 6888 6885
f 6889 6890 6891
f 6892 6893 6894
f 6893 6895 6894
f 6896 6897 6932
f 6889 6899 6890
f 6890 6949 6891
f 6892 6900 6893
f 6893 6947 6895
f 6896 6932 6930
f 6896 6930 6902
f 6903 6904 6905
f 6906 6907 6943
f 6909 6910 6911
f 6903 6905 6950
f 6905 6904 6912
f 6906 6910 6909
f 6906 6909 6907
f 6930 6931 6902
f 6901 6898 6933
f 6901 6933 6913
f 6914 6915 6936
f 6934 6935 6919
f 6914 6936 6934
f 6914 6934 6919
f 6937 6918 6917
f 6937 6917 6916
f 6920 6921 6922
f 6920 6923 6921
f 6921 6948 6922
f 6924 6925 6926
f 6926 6925 6927
f 6924 6926 6946
f 6926 6927 6928
f 6888 6887 6929
f 6938 6939 6886
f 6938 6886 6944
f 6940 6941 6908
f 6940 6908 6942
f 6955 6956 6952
f 6957 6958 6961
f 6954 6952 6953
f 6959 6961 6962
f 6963 6955 6964
f 6958 6957 6965
f 6954 6953 6966
f 6967 6960 6959
f 6961 6958 6962
f 6953 6952 6956
f 6960 6961 6959
f 6968 6969 6970
f 6968 6970 6971
f 6973 6997 6996
f 6973 6996 6972
f 6968 6971 6973
f 6968 6973 6972
f 6974 6975 6976
f 6968 6977 6978
f 6968 6978 6969
f 6972 6979 6977
f 6972 6977 6968
f 6981 6976 7059
f 6981 7059 6983
f 7032 6984 6980
f 6982 6976 6981
f 6981 6983 6986
f 6981 6986 6987
f 6988 6981 6987
f 6988 6987 6989
f 6983 7059 7063
f 6983 7063 6990
f 6983 6990 6991
f 6983 6991 6986
f 6970 6986 6991
f 6970 6991 6992
f 6971 6970 6992
f 6971 6992 6993
f 6973 6971 6993
f 6973 6993 6994
f 6995 6996 6997
f 7026 7028 6998
f 7026 6998 6999
f 7002 7003 7004
f 7002 7004 7005
f 7006 7022 7012
f 7006 7012 7007
f 7002 7006 7007
f 7002 7007 7003
f 7008 7009 7004
f 7008 7004 7003
f 7010 7008 7003
f 7010 7003 7007
f 7011 7012 7022
f 7014 6998 7028
f 7014 7028 7064
f 7018 7071 6999
f 7002 7005 7019
f 7002 7019 7020
f 7006 7002 7020
f 7006 7020 7021
f 7024 7025 7026
f 7024 7026 7073
f 7025 7027 7028
f 7025 7028 7026
f 7009 7029 7027
f 7009 7027 7004
f 7031 7023 7068
f 7023 7031 7075
f 7034 7035 6996
f 7000 7036 7037
f 7000 7037 7017
f 7038 7056 7039
f 7038 7039 7040
f 7041 7042 7038
f 7041 7038 7040
f 7057 7042 7041
f 7057 7041 7043
f 7001 7013 7044
f 7001 7044 7045
f 7036 7000 7001
f 7036 7001 7045
f 7036 7055 7046
f 7036 7046 7037
f 7037 7046 7047
f 7037 7047 7048
f 7040 7049 7050
f 7041 7040 7050
f 7041 7050 7051
f 7041 7051 7052
f 7041 7052 7043
f 7044 7053 7054
f 7044 7054 7045
f 7055 7045 7054
f 6975 7058 7059
f 6975 7059 6976
f 7058 6975 7038
f 7058 7038 7042
f 6975 6974 7056
f 6975 7056 7038
f 7000 7017 7071
f 7000 7071 7018
f 7001 7000 7018
f 7001 7018 7060
f 7013 7001 7060
f 7013 7060 7061
f 7062 7058 7042
f 7062 7042 7057
f 7062 7063 7059
f 7062 7059 7058
f 6998 7014 7061
f 6998 7061 7060
f 7018 6999 6998
f 7018 6998 7060
f 7016 6999 7023
f 6999 7016 7026
f 6989 6987 6969
f 6989 6969 6978
f 6987 6986 6970
f 6987 6970 6969
f 7025 7024 7019
f 7025 7019 7005
f 7027 7025 7005
f 7027 7005 7004
f 7028 7027 7029
f 7028 7029 7064
f 7048 7065 7017
f 7048 7017 7037
f 7056 7066 7067
f 7056 7067 7039
f 6974 7066 7056
f 7069 7049 7039
f 7069 7039 7067
f 7069 7070 7049
f 7065 7071 7017
f 6982 6981 6988
f 7073 7026 7016
f 7073 7016 7015
f 6982 6988 6985
f 7074 6980 6982
f 7074 6982 6985
f 6995 7034 6996
f 7047 7046 7076
f 7040 7039 7049
f 7036 7045 7055
f 7077 7078 7079
f 7080 7081 7082
f 7083 7084 7085
f 7083 7085 7086
f 7087 7088 7102
f 7091 7084 7083
f 7092 7093 7094
f 7094 7095 7096
f 7094 7096 7092
f 7085 7099 7100
f 7099 7088 7101
f 7104 7105 7079
f 7104 7079 7078
f 7089 7102 7103
f 7089 7103 7090
f 7087 7102 7089
f 7087 7106 7088
f 7101 7088 7106
f 7099 7101 7100
f 7085 7100 7086
f 7077 7080 7082
f 7077 7079 7080
f 7081 7097 7098
f 7080 7097 7081
f 7095 7098 7096
f 7096 7098 7097
f 6955 6963 6956
f 7035 6979 6972
f 7035 6972 6996
f 7006 7021 7072
f 7006 7072 7022
f 6973 6994 6997
f 7012 7010 7007
f 6086 6146 6153
f 6187 6213 6212
f 6186 6207 6209
f 6234 6220 6209
f 6172 6244 6276
f 6329 6310 6279
f 6329 6279 6267
f 6294 6331 6326
f 6246 6206 6221
f 6267 6190 6189
f 6059 6113 6149
f 6103 6161 6172
f 6244 6161 6224
f 6617 6620 6615
f 6617 6611 6632
f 6617 6632 6625
f 6656 6695 6698
f 6064 6065 6083
f 5962 5980 5970
f 5933 5950 5976
f 6663 6624 6674
f 6796 6807 6584
f 6665 5930 6670
f 6526 6505 6490
f 6526 6490 6521
f 6541 6564 6547
f 6539 6520 6537
f 6619 6607 6616
f 6608 6607 6619
f 6623 6633 6612
f 5938 5922 5921
f 6796 5921 5922
f 5928 5929 5930
f 6581 6648 6674
f 6151 6169 6225
f 6269 6245 6278
f 6288 6266 6249
f 6413 6431 6415
f 6344 6413 6415
f 6305 6304 6323
f 6982 6980 6976
f 6043 6028 6087
f 6277 6307 6321
f 6146 6086 6087
f 5983 6784 5997
f 5966 5959 5975
f 7015 7016 7023
f 7015 7023 7033
f 6980 6984 7030
f 7023 6999 7071
f 7023 7071 7068
f 7023 7075 7033
f 7074 7032 6980
f 6974 6976 6980
f 6974 6980 7030
f 6756 6755 6769
f 6754 6746 6755
f 6767 6766 6779
f 6047 6024 6036
f 5988 5995 6037
f 6485 6505 6520
f 6521 6490 6493
f 6521 6493 6532
f 6491 6524 6532
f 6328 6327 6303
f 6328 6303 6255
f 6183 6194 6198
f 6578 6825 6826
f 6569 6574 6571
f 6471 6506 6507
f 6458 6470 6471
f 6452 6356 6355
f 6356 6272 6271
f 6549 6548 6525
f 6549 6525 6555
f 6555 6525 6519
f 6535 6507 6506
f 6356 6454 6455
f 4760 4769 4779
f 5957 5948 5967
f 4757 4783 4769
f 5971 5945 5957
f 7107 7108 7109
f 7107 7109 7110
f 7107 7110 7111
f 7107 7111 7112
f 7107 7112 7113
f 7107 7113 7114
f 7107 7114 7115
f 7107 7115 7116
f 7107 7116 7117
f 7107 7117 7118
f 7107 7118 7119
f 7107 7119 7120
f 7107 7120 7121
f 7107 7121 7122
f 7107 7122 7123
f 7107 7123 7108
f 7108 7124 7125
f 7108 7125 7109
f 7109 7125 7126
f 7109 7126 7110
f 7110 7126 7127
f 7110 7127 7111
f 7111 7127 7128
f 7111 7128 7112
f 7112 7128 7129
f 7112 7129 7113
f 7113 7129 7130
f 7113 7130 7114
f 7114 7130 7131
f 7114 7131 7115
f 7115 7131 7132
f 7115 7132 7116
f 7116 7132 7133
f 7116 7133 7117
f 7117 7133 7134
f 7117 7134 7118
f 7118 7134 7135
f 7118 7135 7119
f 7119 7135 7136
f 7119 7136 7120
f 7120 7136 7137
f 7120 7137 7121
f 7121 7137 7138
f 7121 7138 7122
f 7122 7138 7139
f 7122 7139 7123
f 7123 7139 7124
f 7123 7124 7108
f 7124 7140 7141
f 7124 7141 7125
f 7125 7141 7142
f 7125 7142 7126
f 7126 7142 7143
f 7126 7143 7127
f 7127 7143 7144
f 7127 7144 7128
f 7128 7144 7145
f 7128 7145 7129
f 7129 7145 7146
f 7129 7146 7130
f 7130 7146 7147
f 7130 7147 7131
f 7131 7147 7148
f 7131 7148 7132
f 7132 7148 7149
f 7132 7149 7133
f 7133 7149 7150
f 7133 7150 7134
f 7134 7150 7151
f 7134 7151 7135
f 7135 7151 7152
f 7135 7152 7136
f 7136 7152 7153
f 7136 7153 7137
f 7137 7153 7154
f 7137 7154 7138
f 7138 7154 7155
f 7138 7155 7139
f 7139 7155 7140
f 7139 7140 7124
f 7140 7156 7157
f 7140 7157 7141
f 7141 7157 7158
f 7141 7158 7142
f 7142 7158 7159
f 7142 7159 7143
f 7143 7159 7160
f 7143 7160 7144
f 7144 7160 7161
f 7144 7161 7145
f 7145 7161 7162
f 7145 7162 7146
f 7146 7162 7163
f 7146 7163 7147
f 7147 7163 7164
f 7147 7164 7148
f 7148 7164 7165
f 7148 7165 7149
f 7149 7165 7166
f 7149 7166 7150
f 7150 7166 7167
f 7150 7167 7151
f 7151 7167 7168
f 7151 7168 7152
f 7152 7168 7169
f 7152 7169 7153
f 7153 7169 7170
f 7153 7170 7154
f 7154 7170 7171
f 7154 7171 7155
f 7155 7171 7156
f 7155 7156 7140
f 7172 7174 7173
f 7172 7175 7174
f 7172 7176 7175
f 7172 7177 7176
f 7172 7178 7177
f 7172 7179 7178
f 7172 7180 7179
f 7172 7181 7180
f 7172 7182 7181
f 7172 7183 7182
f 7172 7184 7183
f 7172 7185 7184
f 7172 7186 7185
f 7172 7187 7186
f 7172 7188 7187
f 7172 7173 7188
f 7173 7174 7190
f 7173 7190 7189
f 7174 7175 7191
f 7174 7191 7190
f 7175 7176 7192
f 7175 7192 7191
f 7176 7177 7193
f 7176 7193 7192
f 7177 7178 7194
f 7177 7194 7193
f 7178 7179 7195
f 7178 7195 7194
f 7179 7180 7196
f 7179 7196 7195
f 7180 7181 7197
f 7180 7197 7196
f 7181 7182 7198
f 7181 7198 7197
f 7182 7183 7199
f 7182 7199 7198
f 7183 7184 7200
f 7183 7200 7199
f 7184 7185 7201
f 7184 7201 7200
f 7185 7186 7202
f 7185 7202 7201
f 7186 7187 7203
f 7186 7203 7202
f 7187 7188 7204
f 7187 7204 7203
f 7188 7173 7189
f 7188 7189 7204
f 7189 7190 7206
f 7189 7206 7205
f 7190 7191 7207
f 7190 7207 7206
f 7191 7192 7208
f 7191 7208 7207
f 7192 7193 7209
f 7192 7209 7208
f 7193 7194 7210
f 7193 7210 7209
f 7194 7195 7211
f 7194 7211 7210
f 7195 7196 7212
f 7195 7212 7211
f 7196 7197 7213
f 7196 7213 7212
f 7197 7198 7214
f 7197 7214 7213
f 7198 7199 7215
f 7198 7215 7214
f 7199 7200 7216
f 7199 7216 7215
f 7200 7201 7217
f 7200 7217 7216
f 7201 7202 7218
f 7201 7218 7217
f 7202 7203 7219
f 7202 7219 7218
f 7203 7204 7220
f 7203 7220 7219
f 7204 7189 7205
f 7204 7205 7220
f 7205 7206 7222
f 7205 7222 7221
f 7206 7207 7223
f 7206 7223 7222
f 7207 7208 7224
f 7207 7224 7223
f 7208 7209 7225
f 7208 7225 7224
f 7209 7210 7226
f 7209 7226 7225
f 7210 7211 7227
f 7210 7227 7226
f 7211 7212 7228
f 7211 7228 7227
f 7212 7213 7229
f 7212 7229 7228
f 7213 7214 7230
f 7213 7230 7229
f 7214 7215 7231
f 7214 7231 7230
f 7215 7216 7232
f 7215 7232 7231
f 7216 7217 7233
f 7216 7233 7232
f 7217 7218 7234
f 7217 7234 7233
f 7218 7219 7235
f 7218 7235 7234
f 7219 7220 7236
f 7219 7236 7235
f 7220 7205 7221
f 7220 7221 7236